Loading benchmark: /home/lasse/python-projects/raccoon/data/bgsage/money_benchmark/benchmark.json.gz
  14693 checker decisions from 500 games

Scoring raccoon: combined100_e1 (experiments/exp029-longrun/combined100/checkpoints/ep1.pt)...
  [combined100_e1] 500/14693 (2s, ~57s remaining)
  [combined100_e1] 1000/14693 (4s, ~52s remaining)
  [combined100_e1] 1500/14693 (6s, ~49s remaining)
  [combined100_e1] 2000/14693 (7s, ~47s remaining)
  [combined100_e1] 2500/14693 (9s, ~44s remaining)
  [combined100_e1] 3000/14693 (11s, ~42s remaining)
  [combined100_e1] 3500/14693 (13s, ~40s remaining)
  [combined100_e1] 4000/14693 (14s, ~38s remaining)
  [combined100_e1] 4500/14693 (16s, ~36s remaining)
  [combined100_e1] 5000/14693 (18s, ~35s remaining)
  [combined100_e1] 5500/14693 (19s, ~32s remaining)
  [combined100_e1] 6000/14693 (21s, ~31s remaining)
  [combined100_e1] 6500/14693 (23s, ~29s remaining)
  [combined100_e1] 7000/14693 (25s, ~27s remaining)
  [combined100_e1] 7500/14693 (26s, ~25s remaining)
  [combined100_e1] 8000/14693 (28s, ~24s remaining)
  [combined100_e1] 8500/14693 (30s, ~22s remaining)
  [combined100_e1] 9000/14693 (32s, ~20s remaining)
  [combined100_e1] 9500/14693 (34s, ~19s remaining)
  [combined100_e1] 10000/14693 (36s, ~17s remaining)
  [combined100_e1] 10500/14693 (37s, ~15s remaining)
  [combined100_e1] 11000/14693 (39s, ~13s remaining)
  [combined100_e1] 11500/14693 (41s, ~11s remaining)
  [combined100_e1] 12000/14693 (43s, ~10s remaining)
  [combined100_e1] 12500/14693 (44s, ~8s remaining)
  [combined100_e1] 13000/14693 (46s, ~6s remaining)
  [combined100_e1] 13500/14693 (48s, ~4s remaining)
  [combined100_e1] 14000/14693 (50s, ~2s remaining)
  [combined100_e1] 14500/14693 (51s, ~1s remaining)
  [combined100_e1] Done: 14693 decisions in 52.1s
  [combined100_e1] Saved per-decision errors: experiments/exp029-longrun/dumps/combined100_e1.npz


==========================================================================================
BGSage Money Benchmark - Checker-only, cubeless reference
Positions: 14693 checker decisions from 500 games
Reference: cubeless_equity (Sage 3P / 3T / Rollout)
Engines rank candidates by: cubeless equity
==========================================================================================

MOVE SELECTION (PR = mean error x 500, lower is better)

  Engine                               PR      N  Blndr   prace    race     atk   prime    anch
  --------------------------------------------------------------------------------------
  combined100_e1                     2.12  14693     80    1.00    2.57    1.94    2.25    2.43

  (N per plan)                                             1816    3120    4111    2453    3193

EVAL ACCURACY (R^2 / MSE on predicted vs reference cubeless equity)

  Engine                             R2(rollout)      MSE        N        R2(3T)      MSE        N        R2(3P)      MSE        N       R2(all)      MSE        N
  --------------------------------------------------------------------------------------------------------------
  combined100_e1                          0.9939   0.0036   149113        0.9884   0.0037    61917        0.9860   0.0039   116421        0.9914   0.0037   327451

Saving results to experiments/exp029-longrun/scratch/
  Saved: experiments/exp029-longrun/scratch/combined100_e1.json
  Saved: experiments/exp029-longrun/scratch/summary.json
Loading benchmark: /home/lasse/python-projects/raccoon/data/bgsage/money_benchmark/benchmark.json.gz
  14693 checker decisions from 500 games

Scoring raccoon: combined100_e2 (experiments/exp029-longrun/combined100/checkpoints/ep2.pt)...
  [combined100_e2] 500/14693 (2s, ~56s remaining)
  [combined100_e2] 1000/14693 (4s, ~52s remaining)
  [combined100_e2] 1500/14693 (6s, ~50s remaining)
  [combined100_e2] 2000/14693 (7s, ~48s remaining)
  [combined100_e2] 2500/14693 (9s, ~45s remaining)
  [combined100_e2] 3000/14693 (11s, ~44s remaining)
  [combined100_e2] 3500/14693 (13s, ~42s remaining)
  [combined100_e2] 4000/14693 (15s, ~40s remaining)
  [combined100_e2] 4500/14693 (17s, ~38s remaining)
  [combined100_e2] 5000/14693 (18s, ~36s remaining)
  [combined100_e2] 5500/14693 (20s, ~34s remaining)
  [combined100_e2] 6000/14693 (22s, ~32s remaining)
  [combined100_e2] 6500/14693 (24s, ~30s remaining)
  [combined100_e2] 7000/14693 (25s, ~28s remaining)
  [combined100_e2] 7500/14693 (27s, ~26s remaining)
  [combined100_e2] 8000/14693 (29s, ~25s remaining)
  [combined100_e2] 8500/14693 (31s, ~23s remaining)
  [combined100_e2] 9000/14693 (33s, ~21s remaining)
  [combined100_e2] 9500/14693 (35s, ~19s remaining)
  [combined100_e2] 10000/14693 (37s, ~17s remaining)
  [combined100_e2] 10500/14693 (39s, ~15s remaining)
  [combined100_e2] 11000/14693 (41s, ~14s remaining)
  [combined100_e2] 11500/14693 (42s, ~12s remaining)
  [combined100_e2] 12000/14693 (44s, ~10s remaining)
  [combined100_e2] 12500/14693 (46s, ~8s remaining)
  [combined100_e2] 13000/14693 (48s, ~6s remaining)
  [combined100_e2] 13500/14693 (50s, ~4s remaining)
  [combined100_e2] 14000/14693 (52s, ~3s remaining)
  [combined100_e2] 14500/14693 (53s, ~1s remaining)
  [combined100_e2] Done: 14693 decisions in 54.0s
  [combined100_e2] Saved per-decision errors: experiments/exp029-longrun/dumps/combined100_e2.npz


==========================================================================================
BGSage Money Benchmark - Checker-only, cubeless reference
Positions: 14693 checker decisions from 500 games
Reference: cubeless_equity (Sage 3P / 3T / Rollout)
Engines rank candidates by: cubeless equity
==========================================================================================

MOVE SELECTION (PR = mean error x 500, lower is better)

  Engine                               PR      N  Blndr   prace    race     atk   prime    anch
  --------------------------------------------------------------------------------------
  combined100_e2                     1.80  14693     55    0.82    2.12    1.70    1.84    2.15

  (N per plan)                                             1816    3120    4111    2453    3193

EVAL ACCURACY (R^2 / MSE on predicted vs reference cubeless equity)

  Engine                             R2(rollout)      MSE        N        R2(3T)      MSE        N        R2(3P)      MSE        N       R2(all)      MSE        N
  --------------------------------------------------------------------------------------------------------------
  combined100_e2                          0.9952   0.0029   149113        0.9910   0.0029    61917        0.9889   0.0031   116421        0.9933   0.0029   327451

Saving results to experiments/exp029-longrun/scratch/
  Saved: experiments/exp029-longrun/scratch/combined100_e2.json
  Saved: experiments/exp029-longrun/scratch/summary.json
Loading benchmark: /home/lasse/python-projects/raccoon/data/bgsage/money_benchmark/benchmark.json.gz
  14693 checker decisions from 500 games

Scoring raccoon: combined100_e3 (experiments/exp029-longrun/combined100/checkpoints/ep3.pt)...
  [combined100_e3] 500/14693 (2s, ~52s remaining)
  [combined100_e3] 1000/14693 (4s, ~49s remaining)
  [combined100_e3] 1500/14693 (5s, ~47s remaining)
  [combined100_e3] 2000/14693 (7s, ~45s remaining)
  [combined100_e3] 2500/14693 (9s, ~43s remaining)
  [combined100_e3] 3000/14693 (11s, ~41s remaining)
  [combined100_e3] 3500/14693 (12s, ~39s remaining)
  [combined100_e3] 4000/14693 (14s, ~37s remaining)
  [combined100_e3] 4500/14693 (16s, ~35s remaining)
  [combined100_e3] 5000/14693 (17s, ~34s remaining)
  [combined100_e3] 5500/14693 (19s, ~32s remaining)
  [combined100_e3] 6000/14693 (21s, ~30s remaining)
  [combined100_e3] 6500/14693 (22s, ~28s remaining)
  [combined100_e3] 7000/14693 (24s, ~26s remaining)
  [combined100_e3] 7500/14693 (26s, ~25s remaining)
  [combined100_e3] 8000/14693 (28s, ~23s remaining)
  [combined100_e3] 8500/14693 (30s, ~22s remaining)
  [combined100_e3] 9000/14693 (31s, ~20s remaining)
  [combined100_e3] 9500/14693 (33s, ~18s remaining)
  [combined100_e3] 10000/14693 (35s, ~16s remaining)
  [combined100_e3] 10500/14693 (37s, ~15s remaining)
  [combined100_e3] 11000/14693 (38s, ~13s remaining)
  [combined100_e3] 11500/14693 (40s, ~11s remaining)
  [combined100_e3] 12000/14693 (42s, ~9s remaining)
  [combined100_e3] 12500/14693 (43s, ~8s remaining)
  [combined100_e3] 13000/14693 (45s, ~6s remaining)
  [combined100_e3] 13500/14693 (47s, ~4s remaining)
  [combined100_e3] 14000/14693 (49s, ~2s remaining)
  [combined100_e3] 14500/14693 (50s, ~1s remaining)
  [combined100_e3] Done: 14693 decisions in 51.0s
  [combined100_e3] Saved per-decision errors: experiments/exp029-longrun/dumps/combined100_e3.npz


==========================================================================================
BGSage Money Benchmark - Checker-only, cubeless reference
Positions: 14693 checker decisions from 500 games
Reference: cubeless_equity (Sage 3P / 3T / Rollout)
Engines rank candidates by: cubeless equity
==========================================================================================

MOVE SELECTION (PR = mean error x 500, lower is better)

  Engine                               PR      N  Blndr   prace    race     atk   prime    anch
  --------------------------------------------------------------------------------------
  combined100_e3                     1.69  14693     56    0.91    1.86    1.63    1.92    1.88

  (N per plan)                                             1816    3120    4111    2453    3193

EVAL ACCURACY (R^2 / MSE on predicted vs reference cubeless equity)

  Engine                             R2(rollout)      MSE        N        R2(3T)      MSE        N        R2(3P)      MSE        N       R2(all)      MSE        N
  --------------------------------------------------------------------------------------------------------------
  combined100_e3                          0.9954   0.0027   149113        0.9912   0.0028    61917        0.9893   0.0030   116421        0.9935   0.0028   327451

Saving results to experiments/exp029-longrun/scratch/
  Saved: experiments/exp029-longrun/scratch/combined100_e3.json
  Saved: experiments/exp029-longrun/scratch/summary.json
Loading benchmark: /home/lasse/python-projects/raccoon/data/bgsage/money_benchmark/benchmark.json.gz
  14693 checker decisions from 500 games

Scoring raccoon: combined100_e4 (experiments/exp029-longrun/combined100/checkpoints/ep4.pt)...
  [combined100_e4] 500/14693 (2s, ~52s remaining)
  [combined100_e4] 1000/14693 (4s, ~48s remaining)
  [combined100_e4] 1500/14693 (5s, ~46s remaining)
  [combined100_e4] 2000/14693 (7s, ~44s remaining)
  [combined100_e4] 2500/14693 (9s, ~42s remaining)
  [combined100_e4] 3000/14693 (10s, ~40s remaining)
  [combined100_e4] 3500/14693 (12s, ~38s remaining)
  [combined100_e4] 4000/14693 (14s, ~37s remaining)
  [combined100_e4] 4500/14693 (15s, ~35s remaining)
  [combined100_e4] 5000/14693 (17s, ~33s remaining)
  [combined100_e4] 5500/14693 (19s, ~31s remaining)
  [combined100_e4] 6000/14693 (20s, ~29s remaining)
  [combined100_e4] 6500/14693 (22s, ~28s remaining)
  [combined100_e4] 7000/14693 (24s, ~26s remaining)
  [combined100_e4] 7500/14693 (26s, ~25s remaining)
  [combined100_e4] 8000/14693 (28s, ~23s remaining)
  [combined100_e4] 8500/14693 (29s, ~21s remaining)
  [combined100_e4] 9000/14693 (31s, ~20s remaining)
  [combined100_e4] 9500/14693 (33s, ~18s remaining)
  [combined100_e4] 10000/14693 (34s, ~16s remaining)
  [combined100_e4] 10500/14693 (36s, ~14s remaining)
  [combined100_e4] 11000/14693 (38s, ~13s remaining)
  [combined100_e4] 11500/14693 (39s, ~11s remaining)
  [combined100_e4] 12000/14693 (41s, ~9s remaining)
  [combined100_e4] 12500/14693 (43s, ~8s remaining)
  [combined100_e4] 13000/14693 (45s, ~6s remaining)
  [combined100_e4] 13500/14693 (46s, ~4s remaining)
  [combined100_e4] 14000/14693 (48s, ~2s remaining)
  [combined100_e4] 14500/14693 (50s, ~1s remaining)
  [combined100_e4] Done: 14693 decisions in 50.4s
  [combined100_e4] Saved per-decision errors: experiments/exp029-longrun/dumps/combined100_e4.npz


==========================================================================================
BGSage Money Benchmark - Checker-only, cubeless reference
Positions: 14693 checker decisions from 500 games
Reference: cubeless_equity (Sage 3P / 3T / Rollout)
Engines rank candidates by: cubeless equity
==========================================================================================

MOVE SELECTION (PR = mean error x 500, lower is better)

  Engine                               PR      N  Blndr   prace    race     atk   prime    anch
  --------------------------------------------------------------------------------------
  combined100_e4                     1.64  14693     55    0.88    1.86    1.54    1.76    1.92

  (N per plan)                                             1816    3120    4111    2453    3193

EVAL ACCURACY (R^2 / MSE on predicted vs reference cubeless equity)

  Engine                             R2(rollout)      MSE        N        R2(3T)      MSE        N        R2(3P)      MSE        N       R2(all)      MSE        N
  --------------------------------------------------------------------------------------------------------------
  combined100_e4                          0.9952   0.0029   149113        0.9909   0.0029    61917        0.9890   0.0030   116421        0.9932   0.0030   327451

Saving results to experiments/exp029-longrun/scratch/
  Saved: experiments/exp029-longrun/scratch/combined100_e4.json
  Saved: experiments/exp029-longrun/scratch/summary.json
Loading benchmark: /home/lasse/python-projects/raccoon/data/bgsage/money_benchmark/benchmark.json.gz
  14693 checker decisions from 500 games

Scoring raccoon: combined100_e5 (experiments/exp029-longrun/combined100/checkpoints/ep5.pt)...
  [combined100_e5] 500/14693 (2s, ~53s remaining)
  [combined100_e5] 1000/14693 (4s, ~49s remaining)
  [combined100_e5] 1500/14693 (5s, ~47s remaining)
  [combined100_e5] 2000/14693 (7s, ~45s remaining)
  [combined100_e5] 2500/14693 (9s, ~43s remaining)
  [combined100_e5] 3000/14693 (11s, ~41s remaining)
  [combined100_e5] 3500/14693 (12s, ~39s remaining)
  [combined100_e5] 4000/14693 (14s, ~37s remaining)
  [combined100_e5] 4500/14693 (16s, ~36s remaining)
  [combined100_e5] 5000/14693 (17s, ~34s remaining)
  [combined100_e5] 5500/14693 (19s, ~32s remaining)
  [combined100_e5] 6000/14693 (21s, ~30s remaining)
  [combined100_e5] 6500/14693 (22s, ~28s remaining)
  [combined100_e5] 7000/14693 (24s, ~26s remaining)
  [combined100_e5] 7500/14693 (26s, ~25s remaining)
  [combined100_e5] 8000/14693 (28s, ~23s remaining)
  [combined100_e5] 8500/14693 (30s, ~22s remaining)
  [combined100_e5] 9000/14693 (31s, ~20s remaining)
  [combined100_e5] 9500/14693 (33s, ~18s remaining)
  [combined100_e5] 10000/14693 (35s, ~16s remaining)
  [combined100_e5] 10500/14693 (37s, ~15s remaining)
  [combined100_e5] 11000/14693 (38s, ~13s remaining)
  [combined100_e5] 11500/14693 (40s, ~11s remaining)
  [combined100_e5] 12000/14693 (42s, ~9s remaining)
  [combined100_e5] 12500/14693 (44s, ~8s remaining)
  [combined100_e5] 13000/14693 (45s, ~6s remaining)
  [combined100_e5] 13500/14693 (47s, ~4s remaining)
  [combined100_e5] 14000/14693 (49s, ~2s remaining)
  [combined100_e5] 14500/14693 (50s, ~1s remaining)
  [combined100_e5] Done: 14693 decisions in 51.1s
  [combined100_e5] Saved per-decision errors: experiments/exp029-longrun/dumps/combined100_e5.npz


==========================================================================================
BGSage Money Benchmark - Checker-only, cubeless reference
Positions: 14693 checker decisions from 500 games
Reference: cubeless_equity (Sage 3P / 3T / Rollout)
Engines rank candidates by: cubeless equity
==========================================================================================

MOVE SELECTION (PR = mean error x 500, lower is better)

  Engine                               PR      N  Blndr   prace    race     atk   prime    anch
  --------------------------------------------------------------------------------------
  combined100_e5                     1.62  14693     50    0.78    1.82    1.61    1.78    1.79

  (N per plan)                                             1816    3120    4111    2453    3193

EVAL ACCURACY (R^2 / MSE on predicted vs reference cubeless equity)

  Engine                             R2(rollout)      MSE        N        R2(3T)      MSE        N        R2(3P)      MSE        N       R2(all)      MSE        N
  --------------------------------------------------------------------------------------------------------------
  combined100_e5                          0.9957   0.0025   149113        0.9915   0.0027    61917        0.9898   0.0028   116421        0.9939   0.0027   327451

Saving results to experiments/exp029-longrun/scratch/
  Saved: experiments/exp029-longrun/scratch/combined100_e5.json
  Saved: experiments/exp029-longrun/scratch/summary.json
Loading benchmark: /home/lasse/python-projects/raccoon/data/bgsage/money_benchmark/benchmark.json.gz
  14693 checker decisions from 500 games

Scoring raccoon: combined100_e6 (experiments/exp029-longrun/combined100/checkpoints/ep6.pt)...
  [combined100_e6] 500/14693 (2s, ~56s remaining)
  [combined100_e6] 1000/14693 (4s, ~52s remaining)
  [combined100_e6] 1500/14693 (6s, ~50s remaining)
  [combined100_e6] 2000/14693 (8s, ~48s remaining)
  [combined100_e6] 2500/14693 (9s, ~45s remaining)
  [combined100_e6] 3000/14693 (11s, ~44s remaining)
  [combined100_e6] 3500/14693 (13s, ~41s remaining)
  [combined100_e6] 4000/14693 (15s, ~39s remaining)
  [combined100_e6] 4500/14693 (17s, ~38s remaining)
  [combined100_e6] 5000/14693 (18s, ~36s remaining)
  [combined100_e6] 5500/14693 (20s, ~33s remaining)
  [combined100_e6] 6000/14693 (22s, ~32s remaining)
  [combined100_e6] 6500/14693 (24s, ~30s remaining)
  [combined100_e6] 7000/14693 (25s, ~28s remaining)
  [combined100_e6] 7500/14693 (27s, ~26s remaining)
  [combined100_e6] 8000/14693 (29s, ~25s remaining)
  [combined100_e6] 8500/14693 (31s, ~23s remaining)
  [combined100_e6] 9000/14693 (33s, ~21s remaining)
  [combined100_e6] 9500/14693 (35s, ~19s remaining)
  [combined100_e6] 10000/14693 (37s, ~17s remaining)
  [combined100_e6] 10500/14693 (39s, ~15s remaining)
  [combined100_e6] 11000/14693 (41s, ~14s remaining)
  [combined100_e6] 11500/14693 (42s, ~12s remaining)
  [combined100_e6] 12000/14693 (44s, ~10s remaining)
  [combined100_e6] 12500/14693 (46s, ~8s remaining)
  [combined100_e6] 13000/14693 (48s, ~6s remaining)
  [combined100_e6] 13500/14693 (50s, ~4s remaining)
  [combined100_e6] 14000/14693 (51s, ~3s remaining)
  [combined100_e6] 14500/14693 (53s, ~1s remaining)
  [combined100_e6] Done: 14693 decisions in 54.0s
  [combined100_e6] Saved per-decision errors: experiments/exp029-longrun/dumps/combined100_e6.npz


==========================================================================================
BGSage Money Benchmark - Checker-only, cubeless reference
Positions: 14693 checker decisions from 500 games
Reference: cubeless_equity (Sage 3P / 3T / Rollout)
Engines rank candidates by: cubeless equity
==========================================================================================

MOVE SELECTION (PR = mean error x 500, lower is better)

  Engine                               PR      N  Blndr   prace    race     atk   prime    anch
  --------------------------------------------------------------------------------------
  combined100_e6                     1.54  14693     48    0.77    1.85    1.40    1.61    1.79

  (N per plan)                                             1816    3120    4111    2453    3193

EVAL ACCURACY (R^2 / MSE on predicted vs reference cubeless equity)

  Engine                             R2(rollout)      MSE        N        R2(3T)      MSE        N        R2(3P)      MSE        N       R2(all)      MSE        N
  --------------------------------------------------------------------------------------------------------------
  combined100_e6                          0.9955   0.0027   149113        0.9910   0.0029    61917        0.9888   0.0031   116421        0.9934   0.0029   327451

Saving results to experiments/exp029-longrun/scratch/
  Saved: experiments/exp029-longrun/scratch/combined100_e6.json
  Saved: experiments/exp029-longrun/scratch/summary.json
Loading benchmark: /home/lasse/python-projects/raccoon/data/bgsage/money_benchmark/benchmark.json.gz
  14693 checker decisions from 500 games

Scoring raccoon: combined100_e7 (experiments/exp029-longrun/combined100/checkpoints/ep7.pt)...
  [combined100_e7] 500/14693 (2s, ~52s remaining)
  [combined100_e7] 1000/14693 (4s, ~49s remaining)
  [combined100_e7] 1500/14693 (5s, ~47s remaining)
  [combined100_e7] 2000/14693 (7s, ~45s remaining)
  [combined100_e7] 2500/14693 (9s, ~43s remaining)
  [combined100_e7] 3000/14693 (10s, ~41s remaining)
  [combined100_e7] 3500/14693 (12s, ~39s remaining)
  [combined100_e7] 4000/14693 (14s, ~37s remaining)
  [combined100_e7] 4500/14693 (15s, ~35s remaining)
  [combined100_e7] 5000/14693 (17s, ~33s remaining)
  [combined100_e7] 5500/14693 (19s, ~31s remaining)
  [combined100_e7] 6000/14693 (20s, ~29s remaining)
  [combined100_e7] 6500/14693 (22s, ~28s remaining)
  [combined100_e7] 7000/14693 (24s, ~26s remaining)
  [combined100_e7] 7500/14693 (26s, ~25s remaining)
  [combined100_e7] 8000/14693 (27s, ~23s remaining)
  [combined100_e7] 8500/14693 (29s, ~21s remaining)
  [combined100_e7] 9000/14693 (31s, ~20s remaining)
  [combined100_e7] 9500/14693 (33s, ~18s remaining)
  [combined100_e7] 10000/14693 (34s, ~16s remaining)
  [combined100_e7] 10500/14693 (36s, ~14s remaining)
  [combined100_e7] 11000/14693 (38s, ~13s remaining)
  [combined100_e7] 11500/14693 (40s, ~11s remaining)
  [combined100_e7] 12000/14693 (41s, ~9s remaining)
  [combined100_e7] 12500/14693 (43s, ~8s remaining)
  [combined100_e7] 13000/14693 (45s, ~6s remaining)
  [combined100_e7] 13500/14693 (46s, ~4s remaining)
  [combined100_e7] 14000/14693 (48s, ~2s remaining)
  [combined100_e7] 14500/14693 (50s, ~1s remaining)
  [combined100_e7] Done: 14693 decisions in 50.5s
  [combined100_e7] Saved per-decision errors: experiments/exp029-longrun/dumps/combined100_e7.npz


==========================================================================================
BGSage Money Benchmark - Checker-only, cubeless reference
Positions: 14693 checker decisions from 500 games
Reference: cubeless_equity (Sage 3P / 3T / Rollout)
Engines rank candidates by: cubeless equity
==========================================================================================

MOVE SELECTION (PR = mean error x 500, lower is better)

  Engine                               PR      N  Blndr   prace    race     atk   prime    anch
  --------------------------------------------------------------------------------------
  combined100_e7                     1.56  14693     54    0.82    1.83    1.43    1.76    1.75

  (N per plan)                                             1816    3120    4111    2453    3193

EVAL ACCURACY (R^2 / MSE on predicted vs reference cubeless equity)

  Engine                             R2(rollout)      MSE        N        R2(3T)      MSE        N        R2(3P)      MSE        N       R2(all)      MSE        N
  --------------------------------------------------------------------------------------------------------------
  combined100_e7                          0.9956   0.0026   149113        0.9915   0.0027    61917        0.9903   0.0027   116421        0.9939   0.0027   327451

Saving results to experiments/exp029-longrun/scratch/
  Saved: experiments/exp029-longrun/scratch/combined100_e7.json
  Saved: experiments/exp029-longrun/scratch/summary.json
Loading benchmark: /home/lasse/python-projects/raccoon/data/bgsage/money_benchmark/benchmark.json.gz
  14693 checker decisions from 500 games

Scoring raccoon: combined100_e8 (experiments/exp029-longrun/combined100/checkpoints/ep8.pt)...
  [combined100_e8] 500/14693 (2s, ~55s remaining)
  [combined100_e8] 1000/14693 (4s, ~51s remaining)
  [combined100_e8] 1500/14693 (6s, ~48s remaining)
  [combined100_e8] 2000/14693 (7s, ~46s remaining)
  [combined100_e8] 2500/14693 (9s, ~44s remaining)
  [combined100_e8] 3000/14693 (11s, ~42s remaining)
  [combined100_e8] 3500/14693 (13s, ~40s remaining)
  [combined100_e8] 4000/14693 (14s, ~38s remaining)
  [combined100_e8] 4500/14693 (16s, ~37s remaining)
  [combined100_e8] 5000/14693 (18s, ~35s remaining)
  [combined100_e8] 5500/14693 (20s, ~33s remaining)
  [combined100_e8] 6000/14693 (21s, ~31s remaining)
  [combined100_e8] 6500/14693 (23s, ~29s remaining)
  [combined100_e8] 7000/14693 (25s, ~27s remaining)
  [combined100_e8] 7500/14693 (27s, ~26s remaining)
  [combined100_e8] 8000/14693 (29s, ~24s remaining)
  [combined100_e8] 8500/14693 (30s, ~22s remaining)
  [combined100_e8] 9000/14693 (32s, ~21s remaining)
  [combined100_e8] 9500/14693 (34s, ~19s remaining)
  [combined100_e8] 10000/14693 (36s, ~17s remaining)
  [combined100_e8] 10500/14693 (38s, ~15s remaining)
  [combined100_e8] 11000/14693 (39s, ~13s remaining)
  [combined100_e8] 11500/14693 (41s, ~11s remaining)
  [combined100_e8] 12000/14693 (43s, ~10s remaining)
  [combined100_e8] 12500/14693 (45s, ~8s remaining)
  [combined100_e8] 13000/14693 (47s, ~6s remaining)
  [combined100_e8] 13500/14693 (48s, ~4s remaining)
  [combined100_e8] 14000/14693 (50s, ~2s remaining)
  [combined100_e8] 14500/14693 (52s, ~1s remaining)
  [combined100_e8] Done: 14693 decisions in 52.6s
  [combined100_e8] Saved per-decision errors: experiments/exp029-longrun/dumps/combined100_e8.npz


==========================================================================================
BGSage Money Benchmark - Checker-only, cubeless reference
Positions: 14693 checker decisions from 500 games
Reference: cubeless_equity (Sage 3P / 3T / Rollout)
Engines rank candidates by: cubeless equity
==========================================================================================

MOVE SELECTION (PR = mean error x 500, lower is better)

  Engine                               PR      N  Blndr   prace    race     atk   prime    anch
  --------------------------------------------------------------------------------------
  combined100_e8                     1.52  14693     44    0.59    1.82    1.44    1.60    1.79

  (N per plan)                                             1816    3120    4111    2453    3193

EVAL ACCURACY (R^2 / MSE on predicted vs reference cubeless equity)

  Engine                             R2(rollout)      MSE        N        R2(3T)      MSE        N        R2(3P)      MSE        N       R2(all)      MSE        N
  --------------------------------------------------------------------------------------------------------------
  combined100_e8                          0.9957   0.0025   149113        0.9917   0.0027    61917        0.9904   0.0026   116421        0.9940   0.0026   327451

Saving results to experiments/exp029-longrun/scratch/
  Saved: experiments/exp029-longrun/scratch/combined100_e8.json
  Saved: experiments/exp029-longrun/scratch/summary.json
Loading benchmark: /home/lasse/python-projects/raccoon/data/bgsage/money_benchmark/benchmark.json.gz
  14693 checker decisions from 500 games

Scoring raccoon: combined100_e9 (experiments/exp029-longrun/combined100/checkpoints/ep9.pt)...
  [combined100_e9] 500/14693 (2s, ~52s remaining)
  [combined100_e9] 1000/14693 (4s, ~48s remaining)
  [combined100_e9] 1500/14693 (5s, ~46s remaining)
  [combined100_e9] 2000/14693 (7s, ~44s remaining)
  [combined100_e9] 2500/14693 (9s, ~42s remaining)
  [combined100_e9] 3000/14693 (10s, ~40s remaining)
  [combined100_e9] 3500/14693 (12s, ~39s remaining)
  [combined100_e9] 4000/14693 (14s, ~37s remaining)
  [combined100_e9] 4500/14693 (15s, ~35s remaining)
  [combined100_e9] 5000/14693 (17s, ~33s remaining)
  [combined100_e9] 5500/14693 (19s, ~31s remaining)
  [combined100_e9] 6000/14693 (20s, ~29s remaining)
  [combined100_e9] 6500/14693 (22s, ~28s remaining)
  [combined100_e9] 7000/14693 (24s, ~26s remaining)
  [combined100_e9] 7500/14693 (25s, ~24s remaining)
  [combined100_e9] 8000/14693 (27s, ~23s remaining)
  [combined100_e9] 8500/14693 (29s, ~21s remaining)
  [combined100_e9] 9000/14693 (31s, ~20s remaining)
  [combined100_e9] 9500/14693 (33s, ~18s remaining)
  [combined100_e9] 10000/14693 (34s, ~16s remaining)
  [combined100_e9] 10500/14693 (36s, ~14s remaining)
  [combined100_e9] 11000/14693 (38s, ~13s remaining)
  [combined100_e9] 11500/14693 (39s, ~11s remaining)
  [combined100_e9] 12000/14693 (41s, ~9s remaining)
  [combined100_e9] 12500/14693 (43s, ~8s remaining)
  [combined100_e9] 13000/14693 (45s, ~6s remaining)
  [combined100_e9] 13500/14693 (46s, ~4s remaining)
  [combined100_e9] 14000/14693 (48s, ~2s remaining)
  [combined100_e9] 14500/14693 (50s, ~1s remaining)
  [combined100_e9] Done: 14693 decisions in 50.4s
  [combined100_e9] Saved per-decision errors: experiments/exp029-longrun/dumps/combined100_e9.npz


==========================================================================================
BGSage Money Benchmark - Checker-only, cubeless reference
Positions: 14693 checker decisions from 500 games
Reference: cubeless_equity (Sage 3P / 3T / Rollout)
Engines rank candidates by: cubeless equity
==========================================================================================

MOVE SELECTION (PR = mean error x 500, lower is better)

  Engine                               PR      N  Blndr   prace    race     atk   prime    anch
  --------------------------------------------------------------------------------------
  combined100_e9                     1.51  14693     41    0.76    1.86    1.35    1.63    1.70

  (N per plan)                                             1816    3120    4111    2453    3193

EVAL ACCURACY (R^2 / MSE on predicted vs reference cubeless equity)

  Engine                             R2(rollout)      MSE        N        R2(3T)      MSE        N        R2(3P)      MSE        N       R2(all)      MSE        N
  --------------------------------------------------------------------------------------------------------------
  combined100_e9                          0.9962   0.0023   149113        0.9925   0.0024    61917        0.9920   0.0022   116421        0.9947   0.0023   327451

Saving results to experiments/exp029-longrun/scratch/
  Saved: experiments/exp029-longrun/scratch/combined100_e9.json
  Saved: experiments/exp029-longrun/scratch/summary.json
Loading benchmark: /home/lasse/python-projects/raccoon/data/bgsage/money_benchmark/benchmark.json.gz
  14693 checker decisions from 500 games

Scoring raccoon: combined100_e10 (experiments/exp029-longrun/combined100/checkpoints/ep10.pt)...
  [combined100_e10] 500/14693 (2s, ~52s remaining)
  [combined100_e10] 1000/14693 (4s, ~49s remaining)
  [combined100_e10] 1500/14693 (5s, ~46s remaining)
  [combined100_e10] 2000/14693 (7s, ~44s remaining)
  [combined100_e10] 2500/14693 (9s, ~42s remaining)
  [combined100_e10] 3000/14693 (10s, ~41s remaining)
  [combined100_e10] 3500/14693 (12s, ~39s remaining)
  [combined100_e10] 4000/14693 (14s, ~37s remaining)
  [combined100_e10] 4500/14693 (15s, ~35s remaining)
  [combined100_e10] 5000/14693 (17s, ~33s remaining)
  [combined100_e10] 5500/14693 (19s, ~31s remaining)
  [combined100_e10] 6000/14693 (20s, ~30s remaining)
  [combined100_e10] 6500/14693 (22s, ~28s remaining)
  [combined100_e10] 7000/14693 (24s, ~26s remaining)
  [combined100_e10] 7500/14693 (26s, ~25s remaining)
  [combined100_e10] 8000/14693 (27s, ~23s remaining)
  [combined100_e10] 8500/14693 (29s, ~21s remaining)
  [combined100_e10] 9000/14693 (31s, ~20s remaining)
  [combined100_e10] 9500/14693 (33s, ~18s remaining)
  [combined100_e10] 10000/14693 (34s, ~16s remaining)
  [combined100_e10] 10500/14693 (36s, ~14s remaining)
  [combined100_e10] 11000/14693 (38s, ~13s remaining)
  [combined100_e10] 11500/14693 (39s, ~11s remaining)
  [combined100_e10] 12000/14693 (41s, ~9s remaining)
  [combined100_e10] 12500/14693 (43s, ~8s remaining)
  [combined100_e10] 13000/14693 (45s, ~6s remaining)
  [combined100_e10] 13500/14693 (46s, ~4s remaining)
  [combined100_e10] 14000/14693 (48s, ~2s remaining)
  [combined100_e10] 14500/14693 (50s, ~1s remaining)
  [combined100_e10] Done: 14693 decisions in 50.4s
  [combined100_e10] Saved per-decision errors: experiments/exp029-longrun/dumps/combined100_e10.npz


==========================================================================================
BGSage Money Benchmark - Checker-only, cubeless reference
Positions: 14693 checker decisions from 500 games
Reference: cubeless_equity (Sage 3P / 3T / Rollout)
Engines rank candidates by: cubeless equity
==========================================================================================

MOVE SELECTION (PR = mean error x 500, lower is better)

  Engine                               PR      N  Blndr   prace    race     atk   prime    anch
  --------------------------------------------------------------------------------------
  combined100_e10                    1.46  14693     41    0.72    1.70    1.31    1.60    1.75

  (N per plan)                                             1816    3120    4111    2453    3193

EVAL ACCURACY (R^2 / MSE on predicted vs reference cubeless equity)

  Engine                             R2(rollout)      MSE        N        R2(3T)      MSE        N        R2(3P)      MSE        N       R2(all)      MSE        N
  --------------------------------------------------------------------------------------------------------------
  combined100_e10                         0.9959   0.0025   149113        0.9919   0.0026    61917        0.9911   0.0025   116421        0.9943   0.0025   327451

Saving results to experiments/exp029-longrun/scratch/
  Saved: experiments/exp029-longrun/scratch/combined100_e10.json
  Saved: experiments/exp029-longrun/scratch/summary.json
Loading benchmark: /home/lasse/python-projects/raccoon/data/bgsage/money_benchmark/benchmark.json.gz
  14693 checker decisions from 500 games

Scoring raccoon: combined100_e11 (experiments/exp029-longrun/combined100/checkpoints/ep11.pt)...
  [combined100_e11] 500/14693 (2s, ~56s remaining)
  [combined100_e11] 1000/14693 (4s, ~53s remaining)
  [combined100_e11] 1500/14693 (6s, ~51s remaining)
  [combined100_e11] 2000/14693 (8s, ~48s remaining)
  [combined100_e11] 2500/14693 (9s, ~46s remaining)
  [combined100_e11] 3000/14693 (11s, ~44s remaining)
  [combined100_e11] 3500/14693 (13s, ~42s remaining)
  [combined100_e11] 4000/14693 (15s, ~40s remaining)
  [combined100_e11] 4500/14693 (17s, ~38s remaining)
  [combined100_e11] 5000/14693 (19s, ~36s remaining)
  [combined100_e11] 5500/14693 (20s, ~34s remaining)
  [combined100_e11] 6000/14693 (22s, ~32s remaining)
  [combined100_e11] 6500/14693 (24s, ~30s remaining)
  [combined100_e11] 7000/14693 (26s, ~28s remaining)
  [combined100_e11] 7500/14693 (28s, ~27s remaining)
  [combined100_e11] 8000/14693 (30s, ~25s remaining)
  [combined100_e11] 8500/14693 (32s, ~23s remaining)
  [combined100_e11] 9000/14693 (34s, ~21s remaining)
  [combined100_e11] 9500/14693 (35s, ~19s remaining)
  [combined100_e11] 10000/14693 (37s, ~17s remaining)
  [combined100_e11] 10500/14693 (39s, ~16s remaining)
  [combined100_e11] 11000/14693 (41s, ~14s remaining)
  [combined100_e11] 11500/14693 (43s, ~12s remaining)
  [combined100_e11] 12000/14693 (44s, ~10s remaining)
  [combined100_e11] 12500/14693 (46s, ~8s remaining)
  [combined100_e11] 13000/14693 (48s, ~6s remaining)
  [combined100_e11] 13500/14693 (50s, ~4s remaining)
  [combined100_e11] 14000/14693 (52s, ~3s remaining)
  [combined100_e11] 14500/14693 (54s, ~1s remaining)
  [combined100_e11] Done: 14693 decisions in 54.3s
  [combined100_e11] Saved per-decision errors: experiments/exp029-longrun/dumps/combined100_e11.npz


==========================================================================================
BGSage Money Benchmark - Checker-only, cubeless reference
Positions: 14693 checker decisions from 500 games
Reference: cubeless_equity (Sage 3P / 3T / Rollout)
Engines rank candidates by: cubeless equity
==========================================================================================

MOVE SELECTION (PR = mean error x 500, lower is better)

  Engine                               PR      N  Blndr   prace    race     atk   prime    anch
  --------------------------------------------------------------------------------------
  combined100_e11                    1.47  14693     46    0.65    1.76    1.40    1.57    1.66

  (N per plan)                                             1816    3120    4111    2453    3193

EVAL ACCURACY (R^2 / MSE on predicted vs reference cubeless equity)

  Engine                             R2(rollout)      MSE        N        R2(3T)      MSE        N        R2(3P)      MSE        N       R2(all)      MSE        N
  --------------------------------------------------------------------------------------------------------------
  combined100_e11                         0.9959   0.0025   149113        0.9921   0.0025    61917        0.9918   0.0023   116421        0.9945   0.0024   327451

Saving results to experiments/exp029-longrun/scratch/
  Saved: experiments/exp029-longrun/scratch/combined100_e11.json
  Saved: experiments/exp029-longrun/scratch/summary.json
Loading benchmark: /home/lasse/python-projects/raccoon/data/bgsage/money_benchmark/benchmark.json.gz
  14693 checker decisions from 500 games

Scoring raccoon: combined100_e12 (experiments/exp029-longrun/combined100/checkpoints/ep12.pt)...
  [combined100_e12] 500/14693 (2s, ~55s remaining)
  [combined100_e12] 1000/14693 (4s, ~51s remaining)
  [combined100_e12] 1500/14693 (6s, ~49s remaining)
  [combined100_e12] 2000/14693 (7s, ~47s remaining)
  [combined100_e12] 2500/14693 (9s, ~45s remaining)
  [combined100_e12] 3000/14693 (11s, ~43s remaining)
  [combined100_e12] 3500/14693 (13s, ~41s remaining)
  [combined100_e12] 4000/14693 (15s, ~39s remaining)
  [combined100_e12] 4500/14693 (16s, ~37s remaining)
  [combined100_e12] 5000/14693 (18s, ~35s remaining)
  [combined100_e12] 5500/14693 (20s, ~33s remaining)
  [combined100_e12] 6000/14693 (22s, ~31s remaining)
  [combined100_e12] 6500/14693 (23s, ~29s remaining)
  [combined100_e12] 7000/14693 (25s, ~28s remaining)
  [combined100_e12] 7500/14693 (27s, ~26s remaining)
  [combined100_e12] 8000/14693 (29s, ~24s remaining)
  [combined100_e12] 8500/14693 (31s, ~23s remaining)
  [combined100_e12] 9000/14693 (33s, ~21s remaining)
  [combined100_e12] 9500/14693 (35s, ~19s remaining)
  [combined100_e12] 10000/14693 (37s, ~17s remaining)
  [combined100_e12] 10500/14693 (38s, ~15s remaining)
  [combined100_e12] 11000/14693 (40s, ~14s remaining)
  [combined100_e12] 11500/14693 (42s, ~12s remaining)
  [combined100_e12] 12000/14693 (44s, ~10s remaining)
  [combined100_e12] 12500/14693 (46s, ~8s remaining)
  [combined100_e12] 13000/14693 (47s, ~6s remaining)
  [combined100_e12] 13500/14693 (49s, ~4s remaining)
  [combined100_e12] 14000/14693 (51s, ~3s remaining)
  [combined100_e12] 14500/14693 (53s, ~1s remaining)
  [combined100_e12] Done: 14693 decisions in 53.6s
  [combined100_e12] Saved per-decision errors: experiments/exp029-longrun/dumps/combined100_e12.npz


==========================================================================================
BGSage Money Benchmark - Checker-only, cubeless reference
Positions: 14693 checker decisions from 500 games
Reference: cubeless_equity (Sage 3P / 3T / Rollout)
Engines rank candidates by: cubeless equity
==========================================================================================

MOVE SELECTION (PR = mean error x 500, lower is better)

  Engine                               PR      N  Blndr   prace    race     atk   prime    anch
  --------------------------------------------------------------------------------------
  combined100_e12                    1.46  14693     47    0.70    1.71    1.28    1.74    1.66

  (N per plan)                                             1816    3120    4111    2453    3193

EVAL ACCURACY (R^2 / MSE on predicted vs reference cubeless equity)

  Engine                             R2(rollout)      MSE        N        R2(3T)      MSE        N        R2(3P)      MSE        N       R2(all)      MSE        N
  --------------------------------------------------------------------------------------------------------------
  combined100_e12                         0.9957   0.0026   149113        0.9919   0.0026    61917        0.9918   0.0023   116421        0.9943   0.0025   327451

Saving results to experiments/exp029-longrun/scratch/
  Saved: experiments/exp029-longrun/scratch/combined100_e12.json
  Saved: experiments/exp029-longrun/scratch/summary.json
Loading benchmark: /home/lasse/python-projects/raccoon/data/bgsage/money_benchmark/benchmark.json.gz
  14693 checker decisions from 500 games

Scoring raccoon: combined100_e13 (experiments/exp029-longrun/combined100/checkpoints/ep13.pt)...
  [combined100_e13] 500/14693 (2s, ~54s remaining)
  [combined100_e13] 1000/14693 (4s, ~50s remaining)
  [combined100_e13] 1500/14693 (5s, ~48s remaining)
  [combined100_e13] 2000/14693 (7s, ~46s remaining)
  [combined100_e13] 2500/14693 (9s, ~44s remaining)
  [combined100_e13] 3000/14693 (11s, ~42s remaining)
  [combined100_e13] 3500/14693 (13s, ~40s remaining)
  [combined100_e13] 4000/14693 (14s, ~38s remaining)
  [combined100_e13] 4500/14693 (16s, ~36s remaining)
  [combined100_e13] 5000/14693 (18s, ~35s remaining)
  [combined100_e13] 5500/14693 (19s, ~33s remaining)
  [combined100_e13] 6000/14693 (21s, ~31s remaining)
  [combined100_e13] 6500/14693 (23s, ~29s remaining)
  [combined100_e13] 7000/14693 (25s, ~27s remaining)
  [combined100_e13] 7500/14693 (27s, ~26s remaining)
  [combined100_e13] 8000/14693 (29s, ~24s remaining)
  [combined100_e13] 8500/14693 (30s, ~22s remaining)
  [combined100_e13] 9000/14693 (32s, ~20s remaining)
  [combined100_e13] 9500/14693 (34s, ~19s remaining)
  [combined100_e13] 10000/14693 (36s, ~17s remaining)
  [combined100_e13] 10500/14693 (38s, ~15s remaining)
  [combined100_e13] 11000/14693 (39s, ~13s remaining)
  [combined100_e13] 11500/14693 (41s, ~11s remaining)
  [combined100_e13] 12000/14693 (43s, ~10s remaining)
  [combined100_e13] 12500/14693 (45s, ~8s remaining)
  [combined100_e13] 13000/14693 (46s, ~6s remaining)
  [combined100_e13] 13500/14693 (48s, ~4s remaining)
  [combined100_e13] 14000/14693 (50s, ~2s remaining)
  [combined100_e13] 14500/14693 (52s, ~1s remaining)
  [combined100_e13] Done: 14693 decisions in 52.5s
  [combined100_e13] Saved per-decision errors: experiments/exp029-longrun/dumps/combined100_e13.npz


==========================================================================================
BGSage Money Benchmark - Checker-only, cubeless reference
Positions: 14693 checker decisions from 500 games
Reference: cubeless_equity (Sage 3P / 3T / Rollout)
Engines rank candidates by: cubeless equity
==========================================================================================

MOVE SELECTION (PR = mean error x 500, lower is better)

  Engine                               PR      N  Blndr   prace    race     atk   prime    anch
  --------------------------------------------------------------------------------------
  combined100_e13                    1.41  14693     36    0.71    1.66    1.18    1.56    1.73

  (N per plan)                                             1816    3120    4111    2453    3193

EVAL ACCURACY (R^2 / MSE on predicted vs reference cubeless equity)

  Engine                             R2(rollout)      MSE        N        R2(3T)      MSE        N        R2(3P)      MSE        N       R2(all)      MSE        N
  --------------------------------------------------------------------------------------------------------------
  combined100_e13                         0.9960   0.0024   149113        0.9923   0.0025    61917        0.9917   0.0023   116421        0.9946   0.0024   327451

Saving results to experiments/exp029-longrun/scratch/
  Saved: experiments/exp029-longrun/scratch/combined100_e13.json
  Saved: experiments/exp029-longrun/scratch/summary.json
Loading benchmark: /home/lasse/python-projects/raccoon/data/bgsage/money_benchmark/benchmark.json.gz
  14693 checker decisions from 500 games

Scoring raccoon: combined100_e14 (experiments/exp029-longrun/combined100/checkpoints/ep14.pt)...
  [combined100_e14] 500/14693 (2s, ~52s remaining)
  [combined100_e14] 1000/14693 (4s, ~49s remaining)
  [combined100_e14] 1500/14693 (5s, ~47s remaining)
  [combined100_e14] 2000/14693 (7s, ~44s remaining)
  [combined100_e14] 2500/14693 (9s, ~43s remaining)
  [combined100_e14] 3000/14693 (10s, ~41s remaining)
  [combined100_e14] 3500/14693 (12s, ~39s remaining)
  [combined100_e14] 4000/14693 (14s, ~37s remaining)
  [combined100_e14] 4500/14693 (16s, ~35s remaining)
  [combined100_e14] 5000/14693 (17s, ~33s remaining)
  [combined100_e14] 5500/14693 (19s, ~31s remaining)
  [combined100_e14] 6000/14693 (20s, ~30s remaining)
  [combined100_e14] 6500/14693 (22s, ~28s remaining)
  [combined100_e14] 7000/14693 (24s, ~26s remaining)
  [combined100_e14] 7500/14693 (26s, ~25s remaining)
  [combined100_e14] 8000/14693 (28s, ~23s remaining)
  [combined100_e14] 8500/14693 (29s, ~21s remaining)
  [combined100_e14] 9000/14693 (31s, ~20s remaining)
  [combined100_e14] 9500/14693 (33s, ~18s remaining)
  [combined100_e14] 10000/14693 (34s, ~16s remaining)
  [combined100_e14] 10500/14693 (36s, ~14s remaining)
  [combined100_e14] 11000/14693 (38s, ~13s remaining)
  [combined100_e14] 11500/14693 (40s, ~11s remaining)
  [combined100_e14] 12000/14693 (41s, ~9s remaining)
  [combined100_e14] 12500/14693 (43s, ~8s remaining)
  [combined100_e14] 13000/14693 (45s, ~6s remaining)
  [combined100_e14] 13500/14693 (46s, ~4s remaining)
  [combined100_e14] 14000/14693 (48s, ~2s remaining)
  [combined100_e14] 14500/14693 (50s, ~1s remaining)
  [combined100_e14] Done: 14693 decisions in 50.5s
  [combined100_e14] Saved per-decision errors: experiments/exp029-longrun/dumps/combined100_e14.npz


==========================================================================================
BGSage Money Benchmark - Checker-only, cubeless reference
Positions: 14693 checker decisions from 500 games
Reference: cubeless_equity (Sage 3P / 3T / Rollout)
Engines rank candidates by: cubeless equity
==========================================================================================

MOVE SELECTION (PR = mean error x 500, lower is better)

  Engine                               PR      N  Blndr   prace    race     atk   prime    anch
  --------------------------------------------------------------------------------------
  combined100_e14                    1.43  14693     41    0.71    1.67    1.28    1.58    1.67

  (N per plan)                                             1816    3120    4111    2453    3193

EVAL ACCURACY (R^2 / MSE on predicted vs reference cubeless equity)

  Engine                             R2(rollout)      MSE        N        R2(3T)      MSE        N        R2(3P)      MSE        N       R2(all)      MSE        N
  --------------------------------------------------------------------------------------------------------------
  combined100_e14                         0.9960   0.0024   149113        0.9924   0.0024    61917        0.9923   0.0021   116421        0.9947   0.0023   327451

Saving results to experiments/exp029-longrun/scratch/
  Saved: experiments/exp029-longrun/scratch/combined100_e14.json
  Saved: experiments/exp029-longrun/scratch/summary.json
Loading benchmark: /home/lasse/python-projects/raccoon/data/bgsage/money_benchmark/benchmark.json.gz
  14693 checker decisions from 500 games

Scoring raccoon: combined100_e15 (experiments/exp029-longrun/combined100/checkpoints/ep15.pt)...
  [combined100_e15] 500/14693 (2s, ~52s remaining)
  [combined100_e15] 1000/14693 (4s, ~48s remaining)
  [combined100_e15] 1500/14693 (5s, ~47s remaining)
  [combined100_e15] 2000/14693 (7s, ~45s remaining)
  [combined100_e15] 2500/14693 (9s, ~44s remaining)
  [combined100_e15] 3000/14693 (11s, ~42s remaining)
  [combined100_e15] 3500/14693 (12s, ~39s remaining)
  [combined100_e15] 4000/14693 (14s, ~38s remaining)
  [combined100_e15] 4500/14693 (16s, ~36s remaining)
  [combined100_e15] 5000/14693 (17s, ~34s remaining)
  [combined100_e15] 5500/14693 (19s, ~32s remaining)
  [combined100_e15] 6000/14693 (21s, ~30s remaining)
  [combined100_e15] 6500/14693 (22s, ~28s remaining)
  [combined100_e15] 7000/14693 (24s, ~26s remaining)
  [combined100_e15] 7500/14693 (26s, ~25s remaining)
  [combined100_e15] 8000/14693 (28s, ~23s remaining)
  [combined100_e15] 8500/14693 (29s, ~21s remaining)
  [combined100_e15] 9000/14693 (31s, ~20s remaining)
  [combined100_e15] 9500/14693 (33s, ~18s remaining)
  [combined100_e15] 10000/14693 (35s, ~16s remaining)
  [combined100_e15] 10500/14693 (36s, ~15s remaining)
  [combined100_e15] 11000/14693 (38s, ~13s remaining)
  [combined100_e15] 11500/14693 (40s, ~11s remaining)
  [combined100_e15] 12000/14693 (41s, ~9s remaining)
  [combined100_e15] 12500/14693 (43s, ~8s remaining)
  [combined100_e15] 13000/14693 (45s, ~6s remaining)
  [combined100_e15] 13500/14693 (47s, ~4s remaining)
  [combined100_e15] 14000/14693 (48s, ~2s remaining)
  [combined100_e15] 14500/14693 (50s, ~1s remaining)
  [combined100_e15] Done: 14693 decisions in 50.7s
  [combined100_e15] Saved per-decision errors: experiments/exp029-longrun/dumps/combined100_e15.npz


==========================================================================================
BGSage Money Benchmark - Checker-only, cubeless reference
Positions: 14693 checker decisions from 500 games
Reference: cubeless_equity (Sage 3P / 3T / Rollout)
Engines rank candidates by: cubeless equity
==========================================================================================

MOVE SELECTION (PR = mean error x 500, lower is better)

  Engine                               PR      N  Blndr   prace    race     atk   prime    anch
  --------------------------------------------------------------------------------------
  combined100_e15                    1.42  14693     43    0.65    1.61    1.34    1.58    1.67

  (N per plan)                                             1816    3120    4111    2453    3193

EVAL ACCURACY (R^2 / MSE on predicted vs reference cubeless equity)

  Engine                             R2(rollout)      MSE        N        R2(3T)      MSE        N        R2(3P)      MSE        N       R2(all)      MSE        N
  --------------------------------------------------------------------------------------------------------------
  combined100_e15                         0.9959   0.0025   149113        0.9922   0.0025    61917        0.9919   0.0022   116421        0.9945   0.0024   327451

Saving results to experiments/exp029-longrun/scratch/
  Saved: experiments/exp029-longrun/scratch/combined100_e15.json
  Saved: experiments/exp029-longrun/scratch/summary.json
Loading benchmark: /home/lasse/python-projects/raccoon/data/bgsage/money_benchmark/benchmark.json.gz
  14693 checker decisions from 500 games

Scoring raccoon: combined100_e16 (experiments/exp029-longrun/combined100/checkpoints/ep16.pt)...
  [combined100_e16] 500/14693 (2s, ~53s remaining)
  [combined100_e16] 1000/14693 (4s, ~49s remaining)
  [combined100_e16] 1500/14693 (5s, ~47s remaining)
  [combined100_e16] 2000/14693 (7s, ~45s remaining)
  [combined100_e16] 2500/14693 (9s, ~43s remaining)
  [combined100_e16] 3000/14693 (11s, ~41s remaining)
  [combined100_e16] 3500/14693 (12s, ~39s remaining)
  [combined100_e16] 4000/14693 (14s, ~38s remaining)
  [combined100_e16] 4500/14693 (16s, ~36s remaining)
  [combined100_e16] 5000/14693 (18s, ~34s remaining)
  [combined100_e16] 5500/14693 (19s, ~32s remaining)
  [combined100_e16] 6000/14693 (21s, ~30s remaining)
  [combined100_e16] 6500/14693 (22s, ~28s remaining)
  [combined100_e16] 7000/14693 (24s, ~27s remaining)
  [combined100_e16] 7500/14693 (26s, ~25s remaining)
  [combined100_e16] 8000/14693 (28s, ~23s remaining)
  [combined100_e16] 8500/14693 (30s, ~22s remaining)
  [combined100_e16] 9000/14693 (32s, ~20s remaining)
  [combined100_e16] 9500/14693 (33s, ~18s remaining)
  [combined100_e16] 10000/14693 (35s, ~16s remaining)
  [combined100_e16] 10500/14693 (37s, ~15s remaining)
  [combined100_e16] 11000/14693 (39s, ~13s remaining)
  [combined100_e16] 11500/14693 (40s, ~11s remaining)
  [combined100_e16] 12000/14693 (42s, ~9s remaining)
  [combined100_e16] 12500/14693 (44s, ~8s remaining)
  [combined100_e16] 13000/14693 (45s, ~6s remaining)
  [combined100_e16] 13500/14693 (47s, ~4s remaining)
  [combined100_e16] 14000/14693 (49s, ~2s remaining)
  [combined100_e16] 14500/14693 (51s, ~1s remaining)
  [combined100_e16] Done: 14693 decisions in 51.4s
  [combined100_e16] Saved per-decision errors: experiments/exp029-longrun/dumps/combined100_e16.npz


==========================================================================================
BGSage Money Benchmark - Checker-only, cubeless reference
Positions: 14693 checker decisions from 500 games
Reference: cubeless_equity (Sage 3P / 3T / Rollout)
Engines rank candidates by: cubeless equity
==========================================================================================

MOVE SELECTION (PR = mean error x 500, lower is better)

  Engine                               PR      N  Blndr   prace    race     atk   prime    anch
  --------------------------------------------------------------------------------------
  combined100_e16                    1.40  14693     43    0.60    1.55    1.33    1.53    1.72

  (N per plan)                                             1816    3120    4111    2453    3193

EVAL ACCURACY (R^2 / MSE on predicted vs reference cubeless equity)

  Engine                             R2(rollout)      MSE        N        R2(3T)      MSE        N        R2(3P)      MSE        N       R2(all)      MSE        N
  --------------------------------------------------------------------------------------------------------------
  combined100_e16                         0.9959   0.0025   149113        0.9922   0.0025    61917        0.9918   0.0023   116421        0.9945   0.0024   327451

Saving results to experiments/exp029-longrun/scratch/
  Saved: experiments/exp029-longrun/scratch/combined100_e16.json
  Saved: experiments/exp029-longrun/scratch/summary.json
Loading benchmark: /home/lasse/python-projects/raccoon/data/bgsage/money_benchmark/benchmark.json.gz
  14693 checker decisions from 500 games

Scoring raccoon: combined100_e17 (experiments/exp029-longrun/combined100/checkpoints/ep17.pt)...
  [combined100_e17] 500/14693 (2s, ~54s remaining)
  [combined100_e17] 1000/14693 (4s, ~50s remaining)
  [combined100_e17] 1500/14693 (5s, ~48s remaining)
  [combined100_e17] 2000/14693 (7s, ~46s remaining)
  [combined100_e17] 2500/14693 (9s, ~43s remaining)
  [combined100_e17] 3000/14693 (11s, ~42s remaining)
  [combined100_e17] 3500/14693 (12s, ~40s remaining)
  [combined100_e17] 4000/14693 (14s, ~38s remaining)
  [combined100_e17] 4500/14693 (16s, ~36s remaining)
  [combined100_e17] 5000/14693 (18s, ~34s remaining)
  [combined100_e17] 5500/14693 (19s, ~32s remaining)
  [combined100_e17] 6000/14693 (21s, ~30s remaining)
  [combined100_e17] 6500/14693 (23s, ~28s remaining)
  [combined100_e17] 7000/14693 (24s, ~27s remaining)
  [combined100_e17] 7500/14693 (26s, ~25s remaining)
  [combined100_e17] 8000/14693 (28s, ~24s remaining)
  [combined100_e17] 8500/14693 (30s, ~22s remaining)
  [combined100_e17] 9000/14693 (32s, ~20s remaining)
  [combined100_e17] 9500/14693 (33s, ~18s remaining)
  [combined100_e17] 10000/14693 (35s, ~17s remaining)
  [combined100_e17] 10500/14693 (37s, ~15s remaining)
  [combined100_e17] 11000/14693 (39s, ~13s remaining)
  [combined100_e17] 11500/14693 (40s, ~11s remaining)
  [combined100_e17] 12000/14693 (42s, ~9s remaining)
  [combined100_e17] 12500/14693 (44s, ~8s remaining)
  [combined100_e17] 13000/14693 (46s, ~6s remaining)
  [combined100_e17] 13500/14693 (47s, ~4s remaining)
  [combined100_e17] 14000/14693 (49s, ~2s remaining)
  [combined100_e17] 14500/14693 (51s, ~1s remaining)
  [combined100_e17] Done: 14693 decisions in 51.5s
  [combined100_e17] Saved per-decision errors: experiments/exp029-longrun/dumps/combined100_e17.npz


==========================================================================================
BGSage Money Benchmark - Checker-only, cubeless reference
Positions: 14693 checker decisions from 500 games
Reference: cubeless_equity (Sage 3P / 3T / Rollout)
Engines rank candidates by: cubeless equity
==========================================================================================

MOVE SELECTION (PR = mean error x 500, lower is better)

  Engine                               PR      N  Blndr   prace    race     atk   prime    anch
  --------------------------------------------------------------------------------------
  combined100_e17                    1.43  14693     43    0.56    1.71    1.33    1.55    1.70

  (N per plan)                                             1816    3120    4111    2453    3193

EVAL ACCURACY (R^2 / MSE on predicted vs reference cubeless equity)

  Engine                             R2(rollout)      MSE        N        R2(3T)      MSE        N        R2(3P)      MSE        N       R2(all)      MSE        N
  --------------------------------------------------------------------------------------------------------------
  combined100_e17                         0.9957   0.0026   149113        0.9913   0.0028    61917        0.9902   0.0027   116421        0.9939   0.0027   327451

Saving results to experiments/exp029-longrun/scratch/
  Saved: experiments/exp029-longrun/scratch/combined100_e17.json
  Saved: experiments/exp029-longrun/scratch/summary.json
Loading benchmark: /home/lasse/python-projects/raccoon/data/bgsage/money_benchmark/benchmark.json.gz
  14693 checker decisions from 500 games

Scoring raccoon: combined100_e18 (experiments/exp029-longrun/combined100/checkpoints/ep18.pt)...
  [combined100_e18] 500/14693 (2s, ~54s remaining)
  [combined100_e18] 1000/14693 (4s, ~51s remaining)
  [combined100_e18] 1500/14693 (6s, ~48s remaining)
  [combined100_e18] 2000/14693 (7s, ~46s remaining)
  [combined100_e18] 2500/14693 (9s, ~44s remaining)
  [combined100_e18] 3000/14693 (11s, ~42s remaining)
  [combined100_e18] 3500/14693 (13s, ~40s remaining)
  [combined100_e18] 4000/14693 (14s, ~38s remaining)
  [combined100_e18] 4500/14693 (16s, ~37s remaining)
  [combined100_e18] 5000/14693 (18s, ~35s remaining)
  [combined100_e18] 5500/14693 (20s, ~33s remaining)
  [combined100_e18] 6000/14693 (21s, ~31s remaining)
  [combined100_e18] 6500/14693 (23s, ~29s remaining)
  [combined100_e18] 7000/14693 (25s, ~27s remaining)
  [combined100_e18] 7500/14693 (27s, ~26s remaining)
  [combined100_e18] 8000/14693 (29s, ~24s remaining)
  [combined100_e18] 8500/14693 (30s, ~22s remaining)
  [combined100_e18] 9000/14693 (32s, ~21s remaining)
  [combined100_e18] 9500/14693 (34s, ~19s remaining)
  [combined100_e18] 10000/14693 (36s, ~17s remaining)
  [combined100_e18] 10500/14693 (38s, ~15s remaining)
  [combined100_e18] 11000/14693 (39s, ~13s remaining)
  [combined100_e18] 11500/14693 (41s, ~11s remaining)
  [combined100_e18] 12000/14693 (43s, ~10s remaining)
  [combined100_e18] 12500/14693 (45s, ~8s remaining)
  [combined100_e18] 13000/14693 (47s, ~6s remaining)
  [combined100_e18] 13500/14693 (48s, ~4s remaining)
  [combined100_e18] 14000/14693 (50s, ~2s remaining)
  [combined100_e18] 14500/14693 (52s, ~1s remaining)
  [combined100_e18] Done: 14693 decisions in 52.6s
  [combined100_e18] Saved per-decision errors: experiments/exp029-longrun/dumps/combined100_e18.npz


==========================================================================================
BGSage Money Benchmark - Checker-only, cubeless reference
Positions: 14693 checker decisions from 500 games
Reference: cubeless_equity (Sage 3P / 3T / Rollout)
Engines rank candidates by: cubeless equity
==========================================================================================

MOVE SELECTION (PR = mean error x 500, lower is better)

  Engine                               PR      N  Blndr   prace    race     atk   prime    anch
  --------------------------------------------------------------------------------------
  combined100_e18                    1.40  14693     39    0.63    1.58    1.27    1.67    1.62

  (N per plan)                                             1816    3120    4111    2453    3193

EVAL ACCURACY (R^2 / MSE on predicted vs reference cubeless equity)

  Engine                             R2(rollout)      MSE        N        R2(3T)      MSE        N        R2(3P)      MSE        N       R2(all)      MSE        N
  --------------------------------------------------------------------------------------------------------------
  combined100_e18                         0.9962   0.0023   149113        0.9926   0.0024    61917        0.9924   0.0021   116421        0.9949   0.0022   327451

Saving results to experiments/exp029-longrun/scratch/
  Saved: experiments/exp029-longrun/scratch/combined100_e18.json
  Saved: experiments/exp029-longrun/scratch/summary.json
Loading benchmark: /home/lasse/python-projects/raccoon/data/bgsage/money_benchmark/benchmark.json.gz
  14693 checker decisions from 500 games

Scoring raccoon: combined100_e19 (experiments/exp029-longrun/combined100/checkpoints/ep19.pt)...
  [combined100_e19] 500/14693 (2s, ~54s remaining)
  [combined100_e19] 1000/14693 (4s, ~50s remaining)
  [combined100_e19] 1500/14693 (5s, ~48s remaining)
  [combined100_e19] 2000/14693 (7s, ~46s remaining)
  [combined100_e19] 2500/14693 (9s, ~44s remaining)
  [combined100_e19] 3000/14693 (11s, ~42s remaining)
  [combined100_e19] 3500/14693 (13s, ~40s remaining)
  [combined100_e19] 4000/14693 (14s, ~38s remaining)
  [combined100_e19] 4500/14693 (16s, ~36s remaining)
  [combined100_e19] 5000/14693 (18s, ~35s remaining)
  [combined100_e19] 5500/14693 (19s, ~33s remaining)
  [combined100_e19] 6000/14693 (21s, ~31s remaining)
  [combined100_e19] 6500/14693 (23s, ~29s remaining)
  [combined100_e19] 7000/14693 (25s, ~27s remaining)
  [combined100_e19] 7500/14693 (27s, ~26s remaining)
  [combined100_e19] 8000/14693 (29s, ~24s remaining)
  [combined100_e19] 8500/14693 (30s, ~22s remaining)
  [combined100_e19] 9000/14693 (32s, ~20s remaining)
  [combined100_e19] 9500/14693 (34s, ~19s remaining)
  [combined100_e19] 10000/14693 (36s, ~17s remaining)
  [combined100_e19] 10500/14693 (38s, ~15s remaining)
  [combined100_e19] 11000/14693 (39s, ~13s remaining)
  [combined100_e19] 11500/14693 (41s, ~11s remaining)
  [combined100_e19] 12000/14693 (43s, ~10s remaining)
  [combined100_e19] 12500/14693 (45s, ~8s remaining)
  [combined100_e19] 13000/14693 (46s, ~6s remaining)
  [combined100_e19] 13500/14693 (48s, ~4s remaining)
  [combined100_e19] 14000/14693 (50s, ~2s remaining)
  [combined100_e19] 14500/14693 (52s, ~1s remaining)
  [combined100_e19] Done: 14693 decisions in 52.4s
  [combined100_e19] Saved per-decision errors: experiments/exp029-longrun/dumps/combined100_e19.npz


==========================================================================================
BGSage Money Benchmark - Checker-only, cubeless reference
Positions: 14693 checker decisions from 500 games
Reference: cubeless_equity (Sage 3P / 3T / Rollout)
Engines rank candidates by: cubeless equity
==========================================================================================

MOVE SELECTION (PR = mean error x 500, lower is better)

  Engine                               PR      N  Blndr   prace    race     atk   prime    anch
  --------------------------------------------------------------------------------------
  combined100_e19                    1.37  14693     42    0.57    1.56    1.23    1.61    1.62

  (N per plan)                                             1816    3120    4111    2453    3193

EVAL ACCURACY (R^2 / MSE on predicted vs reference cubeless equity)

  Engine                             R2(rollout)      MSE        N        R2(3T)      MSE        N        R2(3P)      MSE        N       R2(all)      MSE        N
  --------------------------------------------------------------------------------------------------------------
  combined100_e19                         0.9962   0.0023   149113        0.9927   0.0023    61917        0.9919   0.0022   116421        0.9948   0.0023   327451

Saving results to experiments/exp029-longrun/scratch/
  Saved: experiments/exp029-longrun/scratch/combined100_e19.json
  Saved: experiments/exp029-longrun/scratch/summary.json
Loading benchmark: /home/lasse/python-projects/raccoon/data/bgsage/money_benchmark/benchmark.json.gz
  14693 checker decisions from 500 games

Scoring raccoon: combined100_e20 (experiments/exp029-longrun/combined100/checkpoints/ep20.pt)...
  [combined100_e20] 500/14693 (2s, ~52s remaining)
  [combined100_e20] 1000/14693 (4s, ~48s remaining)
  [combined100_e20] 1500/14693 (5s, ~46s remaining)
  [combined100_e20] 2000/14693 (7s, ~44s remaining)
  [combined100_e20] 2500/14693 (9s, ~42s remaining)
  [combined100_e20] 3000/14693 (10s, ~41s remaining)
  [combined100_e20] 3500/14693 (12s, ~39s remaining)
  [combined100_e20] 4000/14693 (14s, ~37s remaining)
  [combined100_e20] 4500/14693 (15s, ~35s remaining)
  [combined100_e20] 5000/14693 (17s, ~33s remaining)
  [combined100_e20] 5500/14693 (19s, ~31s remaining)
  [combined100_e20] 6000/14693 (20s, ~29s remaining)
  [combined100_e20] 6500/14693 (22s, ~28s remaining)
  [combined100_e20] 7000/14693 (24s, ~26s remaining)
  [combined100_e20] 7500/14693 (26s, ~25s remaining)
  [combined100_e20] 8000/14693 (28s, ~23s remaining)
  [combined100_e20] 8500/14693 (29s, ~21s remaining)
  [combined100_e20] 9000/14693 (31s, ~20s remaining)
  [combined100_e20] 9500/14693 (33s, ~18s remaining)
  [combined100_e20] 10000/14693 (35s, ~16s remaining)
  [combined100_e20] 10500/14693 (36s, ~14s remaining)
  [combined100_e20] 11000/14693 (38s, ~13s remaining)
  [combined100_e20] 11500/14693 (40s, ~11s remaining)
  [combined100_e20] 12000/14693 (41s, ~9s remaining)
  [combined100_e20] 12500/14693 (43s, ~8s remaining)
  [combined100_e20] 13000/14693 (45s, ~6s remaining)
  [combined100_e20] 13500/14693 (47s, ~4s remaining)
  [combined100_e20] 14000/14693 (48s, ~2s remaining)
  [combined100_e20] 14500/14693 (50s, ~1s remaining)
  [combined100_e20] Done: 14693 decisions in 50.6s
  [combined100_e20] Saved per-decision errors: experiments/exp029-longrun/dumps/combined100_e20.npz


==========================================================================================
BGSage Money Benchmark - Checker-only, cubeless reference
Positions: 14693 checker decisions from 500 games
Reference: cubeless_equity (Sage 3P / 3T / Rollout)
Engines rank candidates by: cubeless equity
==========================================================================================

MOVE SELECTION (PR = mean error x 500, lower is better)

  Engine                               PR      N  Blndr   prace    race     atk   prime    anch
  --------------------------------------------------------------------------------------
  combined100_e20                    1.37  14693     42    0.57    1.57    1.25    1.60    1.63

  (N per plan)                                             1816    3120    4111    2453    3193

EVAL ACCURACY (R^2 / MSE on predicted vs reference cubeless equity)

  Engine                             R2(rollout)      MSE        N        R2(3T)      MSE        N        R2(3P)      MSE        N       R2(all)      MSE        N
  --------------------------------------------------------------------------------------------------------------
  combined100_e20                         0.9960   0.0024   149113        0.9924   0.0024    61917        0.9921   0.0022   116421        0.9946   0.0023   327451

Saving results to experiments/exp029-longrun/scratch/
  Saved: experiments/exp029-longrun/scratch/combined100_e20.json
  Saved: experiments/exp029-longrun/scratch/summary.json
Loading benchmark: /home/lasse/python-projects/raccoon/data/bgsage/money_benchmark/benchmark.json.gz
  14693 checker decisions from 500 games

Scoring raccoon: combined100_e21 (experiments/exp029-longrun/combined100/checkpoints/ep21.pt)...
  [combined100_e21] 500/14693 (2s, ~52s remaining)
  [combined100_e21] 1000/14693 (4s, ~48s remaining)
  [combined100_e21] 1500/14693 (5s, ~46s remaining)
  [combined100_e21] 2000/14693 (7s, ~44s remaining)
  [combined100_e21] 2500/14693 (9s, ~42s remaining)
  [combined100_e21] 3000/14693 (10s, ~40s remaining)
  [combined100_e21] 3500/14693 (12s, ~39s remaining)
  [combined100_e21] 4000/14693 (14s, ~37s remaining)
  [combined100_e21] 4500/14693 (15s, ~35s remaining)
  [combined100_e21] 5000/14693 (17s, ~33s remaining)
  [combined100_e21] 5500/14693 (19s, ~31s remaining)
  [combined100_e21] 6000/14693 (20s, ~29s remaining)
  [combined100_e21] 6500/14693 (22s, ~28s remaining)
  [combined100_e21] 7000/14693 (24s, ~26s remaining)
  [combined100_e21] 7500/14693 (26s, ~24s remaining)
  [combined100_e21] 8000/14693 (27s, ~23s remaining)
  [combined100_e21] 8500/14693 (29s, ~21s remaining)
  [combined100_e21] 9000/14693 (31s, ~20s remaining)
  [combined100_e21] 9500/14693 (33s, ~18s remaining)
  [combined100_e21] 10000/14693 (34s, ~16s remaining)
  [combined100_e21] 10500/14693 (36s, ~14s remaining)
  [combined100_e21] 11000/14693 (38s, ~13s remaining)
  [combined100_e21] 11500/14693 (39s, ~11s remaining)
  [combined100_e21] 12000/14693 (41s, ~9s remaining)
  [combined100_e21] 12500/14693 (43s, ~8s remaining)
  [combined100_e21] 13000/14693 (45s, ~6s remaining)
  [combined100_e21] 13500/14693 (46s, ~4s remaining)
  [combined100_e21] 14000/14693 (48s, ~2s remaining)
  [combined100_e21] 14500/14693 (50s, ~1s remaining)
  [combined100_e21] Done: 14693 decisions in 50.3s
  [combined100_e21] Saved per-decision errors: experiments/exp029-longrun/dumps/combined100_e21.npz


==========================================================================================
BGSage Money Benchmark - Checker-only, cubeless reference
Positions: 14693 checker decisions from 500 games
Reference: cubeless_equity (Sage 3P / 3T / Rollout)
Engines rank candidates by: cubeless equity
==========================================================================================

MOVE SELECTION (PR = mean error x 500, lower is better)

  Engine                               PR      N  Blndr   prace    race     atk   prime    anch
  --------------------------------------------------------------------------------------
  combined100_e21                    1.43  14693     44    0.72    1.65    1.33    1.54    1.69

  (N per plan)                                             1816    3120    4111    2453    3193

EVAL ACCURACY (R^2 / MSE on predicted vs reference cubeless equity)

  Engine                             R2(rollout)      MSE        N        R2(3T)      MSE        N        R2(3P)      MSE        N       R2(all)      MSE        N
  --------------------------------------------------------------------------------------------------------------
  combined100_e21                         0.9962   0.0023   149113        0.9925   0.0024    61917        0.9924   0.0021   116421        0.9949   0.0022   327451

Saving results to experiments/exp029-longrun/scratch/
  Saved: experiments/exp029-longrun/scratch/combined100_e21.json
  Saved: experiments/exp029-longrun/scratch/summary.json
Loading benchmark: /home/lasse/python-projects/raccoon/data/bgsage/money_benchmark/benchmark.json.gz
  14693 checker decisions from 500 games

Scoring raccoon: combined100_e22 (experiments/exp029-longrun/combined100/checkpoints/ep22.pt)...
  [combined100_e22] 500/14693 (2s, ~52s remaining)
  [combined100_e22] 1000/14693 (4s, ~49s remaining)
  [combined100_e22] 1500/14693 (5s, ~47s remaining)
  [combined100_e22] 2000/14693 (7s, ~45s remaining)
  [combined100_e22] 2500/14693 (9s, ~43s remaining)
  [combined100_e22] 3000/14693 (10s, ~41s remaining)
  [combined100_e22] 3500/14693 (12s, ~39s remaining)
  [combined100_e22] 4000/14693 (14s, ~37s remaining)
  [combined100_e22] 4500/14693 (16s, ~35s remaining)
  [combined100_e22] 5000/14693 (17s, ~34s remaining)
  [combined100_e22] 5500/14693 (19s, ~31s remaining)
  [combined100_e22] 6000/14693 (20s, ~30s remaining)
  [combined100_e22] 6500/14693 (22s, ~28s remaining)
  [combined100_e22] 7000/14693 (24s, ~26s remaining)
  [combined100_e22] 7500/14693 (26s, ~25s remaining)
  [combined100_e22] 8000/14693 (28s, ~23s remaining)
  [combined100_e22] 8500/14693 (29s, ~21s remaining)
  [combined100_e22] 9000/14693 (31s, ~20s remaining)
  [combined100_e22] 9500/14693 (33s, ~18s remaining)
  [combined100_e22] 10000/14693 (35s, ~16s remaining)
  [combined100_e22] 10500/14693 (36s, ~14s remaining)
  [combined100_e22] 11000/14693 (38s, ~13s remaining)
  [combined100_e22] 11500/14693 (40s, ~11s remaining)
  [combined100_e22] 12000/14693 (41s, ~9s remaining)
  [combined100_e22] 12500/14693 (43s, ~8s remaining)
  [combined100_e22] 13000/14693 (45s, ~6s remaining)
  [combined100_e22] 13500/14693 (47s, ~4s remaining)
  [combined100_e22] 14000/14693 (48s, ~2s remaining)
  [combined100_e22] 14500/14693 (50s, ~1s remaining)
  [combined100_e22] Done: 14693 decisions in 50.7s
  [combined100_e22] Saved per-decision errors: experiments/exp029-longrun/dumps/combined100_e22.npz


==========================================================================================
BGSage Money Benchmark - Checker-only, cubeless reference
Positions: 14693 checker decisions from 500 games
Reference: cubeless_equity (Sage 3P / 3T / Rollout)
Engines rank candidates by: cubeless equity
==========================================================================================

MOVE SELECTION (PR = mean error x 500, lower is better)

  Engine                               PR      N  Blndr   prace    race     atk   prime    anch
  --------------------------------------------------------------------------------------
  combined100_e22                    1.40  14693     43    0.62    1.59    1.25    1.54    1.76

  (N per plan)                                             1816    3120    4111    2453    3193

EVAL ACCURACY (R^2 / MSE on predicted vs reference cubeless equity)

  Engine                             R2(rollout)      MSE        N        R2(3T)      MSE        N        R2(3P)      MSE        N       R2(all)      MSE        N
  --------------------------------------------------------------------------------------------------------------
  combined100_e22                         0.9958   0.0025   149113        0.9914   0.0027    61917        0.9902   0.0027   116421        0.9940   0.0026   327451

Saving results to experiments/exp029-longrun/scratch/
  Saved: experiments/exp029-longrun/scratch/combined100_e22.json
  Saved: experiments/exp029-longrun/scratch/summary.json
Loading benchmark: /home/lasse/python-projects/raccoon/data/bgsage/money_benchmark/benchmark.json.gz
  14693 checker decisions from 500 games

Scoring raccoon: combined100_e23 (experiments/exp029-longrun/combined100/checkpoints/ep23.pt)...
  [combined100_e23] 500/14693 (2s, ~53s remaining)
  [combined100_e23] 1000/14693 (4s, ~49s remaining)
  [combined100_e23] 1500/14693 (5s, ~47s remaining)
  [combined100_e23] 2000/14693 (7s, ~45s remaining)
  [combined100_e23] 2500/14693 (9s, ~43s remaining)
  [combined100_e23] 3000/14693 (11s, ~41s remaining)
  [combined100_e23] 3500/14693 (12s, ~39s remaining)
  [combined100_e23] 4000/14693 (14s, ~37s remaining)
  [combined100_e23] 4500/14693 (16s, ~36s remaining)
  [combined100_e23] 5000/14693 (17s, ~34s remaining)
  [combined100_e23] 5500/14693 (19s, ~32s remaining)
  [combined100_e23] 6000/14693 (21s, ~30s remaining)
  [combined100_e23] 6500/14693 (22s, ~28s remaining)
  [combined100_e23] 7000/14693 (24s, ~26s remaining)
  [combined100_e23] 7500/14693 (26s, ~25s remaining)
  [combined100_e23] 8000/14693 (28s, ~23s remaining)
  [combined100_e23] 8500/14693 (30s, ~22s remaining)
  [combined100_e23] 9000/14693 (31s, ~20s remaining)
  [combined100_e23] 9500/14693 (33s, ~18s remaining)
  [combined100_e23] 10000/14693 (35s, ~16s remaining)
  [combined100_e23] 10500/14693 (37s, ~15s remaining)
  [combined100_e23] 11000/14693 (38s, ~13s remaining)
  [combined100_e23] 11500/14693 (40s, ~11s remaining)
  [combined100_e23] 12000/14693 (42s, ~9s remaining)
  [combined100_e23] 12500/14693 (44s, ~8s remaining)
  [combined100_e23] 13000/14693 (45s, ~6s remaining)
  [combined100_e23] 13500/14693 (47s, ~4s remaining)
  [combined100_e23] 14000/14693 (49s, ~2s remaining)
  [combined100_e23] 14500/14693 (50s, ~1s remaining)
  [combined100_e23] Done: 14693 decisions in 51.1s
  [combined100_e23] Saved per-decision errors: experiments/exp029-longrun/dumps/combined100_e23.npz


==========================================================================================
BGSage Money Benchmark - Checker-only, cubeless reference
Positions: 14693 checker decisions from 500 games
Reference: cubeless_equity (Sage 3P / 3T / Rollout)
Engines rank candidates by: cubeless equity
==========================================================================================

MOVE SELECTION (PR = mean error x 500, lower is better)

  Engine                               PR      N  Blndr   prace    race     atk   prime    anch
  --------------------------------------------------------------------------------------
  combined100_e23                    1.42  14693     43    0.64    1.63    1.32    1.58    1.68

  (N per plan)                                             1816    3120    4111    2453    3193

EVAL ACCURACY (R^2 / MSE on predicted vs reference cubeless equity)

  Engine                             R2(rollout)      MSE        N        R2(3T)      MSE        N        R2(3P)      MSE        N       R2(all)      MSE        N
  --------------------------------------------------------------------------------------------------------------
  combined100_e23                         0.9956   0.0026   149113        0.9918   0.0026    61917        0.9913   0.0024   116421        0.9941   0.0026   327451

Saving results to experiments/exp029-longrun/scratch/
  Saved: experiments/exp029-longrun/scratch/combined100_e23.json
  Saved: experiments/exp029-longrun/scratch/summary.json
Loading benchmark: /home/lasse/python-projects/raccoon/data/bgsage/money_benchmark/benchmark.json.gz
  14693 checker decisions from 500 games

Scoring raccoon: combined100_e24 (experiments/exp029-longrun/combined100/checkpoints/ep24.pt)...
  [combined100_e24] 500/14693 (2s, ~52s remaining)
  [combined100_e24] 1000/14693 (4s, ~48s remaining)
  [combined100_e24] 1500/14693 (5s, ~46s remaining)
  [combined100_e24] 2000/14693 (7s, ~44s remaining)
  [combined100_e24] 2500/14693 (9s, ~42s remaining)
  [combined100_e24] 3000/14693 (10s, ~41s remaining)
  [combined100_e24] 3500/14693 (12s, ~39s remaining)
  [combined100_e24] 4000/14693 (14s, ~37s remaining)
  [combined100_e24] 4500/14693 (15s, ~35s remaining)
  [combined100_e24] 5000/14693 (17s, ~33s remaining)
  [combined100_e24] 5500/14693 (19s, ~31s remaining)
  [combined100_e24] 6000/14693 (20s, ~29s remaining)
  [combined100_e24] 6500/14693 (22s, ~28s remaining)
  [combined100_e24] 7000/14693 (24s, ~26s remaining)
  [combined100_e24] 7500/14693 (26s, ~25s remaining)
  [combined100_e24] 8000/14693 (27s, ~23s remaining)
  [combined100_e24] 8500/14693 (29s, ~21s remaining)
  [combined100_e24] 9000/14693 (31s, ~20s remaining)
  [combined100_e24] 9500/14693 (33s, ~18s remaining)
  [combined100_e24] 10000/14693 (34s, ~16s remaining)
  [combined100_e24] 10500/14693 (36s, ~14s remaining)
  [combined100_e24] 11000/14693 (38s, ~13s remaining)
  [combined100_e24] 11500/14693 (39s, ~11s remaining)
  [combined100_e24] 12000/14693 (41s, ~9s remaining)
  [combined100_e24] 12500/14693 (43s, ~8s remaining)
  [combined100_e24] 13000/14693 (45s, ~6s remaining)
  [combined100_e24] 13500/14693 (46s, ~4s remaining)
  [combined100_e24] 14000/14693 (48s, ~2s remaining)
  [combined100_e24] 14500/14693 (50s, ~1s remaining)
  [combined100_e24] Done: 14693 decisions in 50.4s
  [combined100_e24] Saved per-decision errors: experiments/exp029-longrun/dumps/combined100_e24.npz


==========================================================================================
BGSage Money Benchmark - Checker-only, cubeless reference
Positions: 14693 checker decisions from 500 games
Reference: cubeless_equity (Sage 3P / 3T / Rollout)
Engines rank candidates by: cubeless equity
==========================================================================================

MOVE SELECTION (PR = mean error x 500, lower is better)

  Engine                               PR      N  Blndr   prace    race     atk   prime    anch
  --------------------------------------------------------------------------------------
  combined100_e24                    1.36  14693     39    0.58    1.57    1.24    1.55    1.64

  (N per plan)                                             1816    3120    4111    2453    3193

EVAL ACCURACY (R^2 / MSE on predicted vs reference cubeless equity)

  Engine                             R2(rollout)      MSE        N        R2(3T)      MSE        N        R2(3P)      MSE        N       R2(all)      MSE        N
  --------------------------------------------------------------------------------------------------------------
  combined100_e24                         0.9961   0.0024   149113        0.9925   0.0024    61917        0.9924   0.0021   116421        0.9948   0.0023   327451

Saving results to experiments/exp029-longrun/scratch/
  Saved: experiments/exp029-longrun/scratch/combined100_e24.json
  Saved: experiments/exp029-longrun/scratch/summary.json
Loading benchmark: /home/lasse/python-projects/raccoon/data/bgsage/money_benchmark/benchmark.json.gz
  14693 checker decisions from 500 games

Scoring raccoon: combined100_e25 (experiments/exp029-longrun/combined100/checkpoints/ep25.pt)...
  [combined100_e25] 500/14693 (2s, ~54s remaining)
  [combined100_e25] 1000/14693 (4s, ~50s remaining)
  [combined100_e25] 1500/14693 (5s, ~48s remaining)
  [combined100_e25] 2000/14693 (7s, ~46s remaining)
  [combined100_e25] 2500/14693 (9s, ~44s remaining)
  [combined100_e25] 3000/14693 (11s, ~42s remaining)
  [combined100_e25] 3500/14693 (13s, ~40s remaining)
  [combined100_e25] 4000/14693 (14s, ~38s remaining)
  [combined100_e25] 4500/14693 (16s, ~36s remaining)
  [combined100_e25] 5000/14693 (18s, ~35s remaining)
  [combined100_e25] 5500/14693 (19s, ~33s remaining)
  [combined100_e25] 6000/14693 (21s, ~31s remaining)
  [combined100_e25] 6500/14693 (23s, ~29s remaining)
  [combined100_e25] 7000/14693 (25s, ~27s remaining)
  [combined100_e25] 7500/14693 (27s, ~26s remaining)
  [combined100_e25] 8000/14693 (29s, ~24s remaining)
  [combined100_e25] 8500/14693 (30s, ~22s remaining)
  [combined100_e25] 9000/14693 (32s, ~20s remaining)
  [combined100_e25] 9500/14693 (34s, ~19s remaining)
  [combined100_e25] 10000/14693 (36s, ~17s remaining)
  [combined100_e25] 10500/14693 (38s, ~15s remaining)
  [combined100_e25] 11000/14693 (39s, ~13s remaining)
  [combined100_e25] 11500/14693 (41s, ~11s remaining)
  [combined100_e25] 12000/14693 (43s, ~10s remaining)
  [combined100_e25] 12500/14693 (45s, ~8s remaining)
  [combined100_e25] 13000/14693 (46s, ~6s remaining)
  [combined100_e25] 13500/14693 (48s, ~4s remaining)
  [combined100_e25] 14000/14693 (50s, ~2s remaining)
  [combined100_e25] 14500/14693 (52s, ~1s remaining)
  [combined100_e25] Done: 14693 decisions in 52.5s
  [combined100_e25] Saved per-decision errors: experiments/exp029-longrun/dumps/combined100_e25.npz


==========================================================================================
BGSage Money Benchmark - Checker-only, cubeless reference
Positions: 14693 checker decisions from 500 games
Reference: cubeless_equity (Sage 3P / 3T / Rollout)
Engines rank candidates by: cubeless equity
==========================================================================================

MOVE SELECTION (PR = mean error x 500, lower is better)

  Engine                               PR      N  Blndr   prace    race     atk   prime    anch
  --------------------------------------------------------------------------------------
  combined100_e25                    1.40  14693     40    0.54    1.61    1.31    1.65    1.61

  (N per plan)                                             1816    3120    4111    2453    3193

EVAL ACCURACY (R^2 / MSE on predicted vs reference cubeless equity)

  Engine                             R2(rollout)      MSE        N        R2(3T)      MSE        N        R2(3P)      MSE        N       R2(all)      MSE        N
  --------------------------------------------------------------------------------------------------------------
  combined100_e25                         0.9963   0.0022   149113        0.9927   0.0023    61917        0.9924   0.0021   116421        0.9949   0.0022   327451

Saving results to experiments/exp029-longrun/scratch/
  Saved: experiments/exp029-longrun/scratch/combined100_e25.json
  Saved: experiments/exp029-longrun/scratch/summary.json
Loading benchmark: /home/lasse/python-projects/raccoon/data/bgsage/money_benchmark/benchmark.json.gz
  14693 checker decisions from 500 games

Scoring raccoon: combined100_e26 (experiments/exp029-longrun/combined100/checkpoints/ep26.pt)...
  [combined100_e26] 500/14693 (2s, ~52s remaining)
  [combined100_e26] 1000/14693 (4s, ~48s remaining)
  [combined100_e26] 1500/14693 (5s, ~46s remaining)
  [combined100_e26] 2000/14693 (7s, ~44s remaining)
  [combined100_e26] 2500/14693 (9s, ~42s remaining)
  [combined100_e26] 3000/14693 (10s, ~41s remaining)
  [combined100_e26] 3500/14693 (12s, ~39s remaining)
  [combined100_e26] 4000/14693 (14s, ~37s remaining)
  [combined100_e26] 4500/14693 (15s, ~35s remaining)
  [combined100_e26] 5000/14693 (17s, ~33s remaining)
  [combined100_e26] 5500/14693 (19s, ~31s remaining)
  [combined100_e26] 6000/14693 (20s, ~29s remaining)
  [combined100_e26] 6500/14693 (22s, ~28s remaining)
  [combined100_e26] 7000/14693 (24s, ~26s remaining)
  [combined100_e26] 7500/14693 (26s, ~25s remaining)
  [combined100_e26] 8000/14693 (27s, ~23s remaining)
  [combined100_e26] 8500/14693 (29s, ~21s remaining)
  [combined100_e26] 9000/14693 (31s, ~20s remaining)
  [combined100_e26] 9500/14693 (33s, ~18s remaining)
  [combined100_e26] 10000/14693 (34s, ~16s remaining)
  [combined100_e26] 10500/14693 (36s, ~14s remaining)
  [combined100_e26] 11000/14693 (38s, ~13s remaining)
  [combined100_e26] 11500/14693 (39s, ~11s remaining)
  [combined100_e26] 12000/14693 (41s, ~9s remaining)
  [combined100_e26] 12500/14693 (43s, ~8s remaining)
  [combined100_e26] 13000/14693 (45s, ~6s remaining)
  [combined100_e26] 13500/14693 (46s, ~4s remaining)
  [combined100_e26] 14000/14693 (48s, ~2s remaining)
  [combined100_e26] 14500/14693 (50s, ~1s remaining)
  [combined100_e26] Done: 14693 decisions in 50.4s
  [combined100_e26] Saved per-decision errors: experiments/exp029-longrun/dumps/combined100_e26.npz


==========================================================================================
BGSage Money Benchmark - Checker-only, cubeless reference
Positions: 14693 checker decisions from 500 games
Reference: cubeless_equity (Sage 3P / 3T / Rollout)
Engines rank candidates by: cubeless equity
==========================================================================================

MOVE SELECTION (PR = mean error x 500, lower is better)

  Engine                               PR      N  Blndr   prace    race     atk   prime    anch
  --------------------------------------------------------------------------------------
  combined100_e26                    1.32  14693     33    0.55    1.51    1.17    1.56    1.59

  (N per plan)                                             1816    3120    4111    2453    3193

EVAL ACCURACY (R^2 / MSE on predicted vs reference cubeless equity)

  Engine                             R2(rollout)      MSE        N        R2(3T)      MSE        N        R2(3P)      MSE        N       R2(all)      MSE        N
  --------------------------------------------------------------------------------------------------------------
  combined100_e26                         0.9962   0.0023   149113        0.9926   0.0023    61917        0.9930   0.0019   116421        0.9950   0.0022   327451

Saving results to experiments/exp029-longrun/scratch/
  Saved: experiments/exp029-longrun/scratch/combined100_e26.json
  Saved: experiments/exp029-longrun/scratch/summary.json
Loading benchmark: /home/lasse/python-projects/raccoon/data/bgsage/money_benchmark/benchmark.json.gz
  14693 checker decisions from 500 games

Scoring raccoon: combined100_e27 (experiments/exp029-longrun/combined100/checkpoints/ep27.pt)...
  [combined100_e27] 500/14693 (2s, ~56s remaining)
  [combined100_e27] 1000/14693 (4s, ~52s remaining)
  [combined100_e27] 1500/14693 (6s, ~49s remaining)
  [combined100_e27] 2000/14693 (7s, ~47s remaining)
  [combined100_e27] 2500/14693 (9s, ~45s remaining)
  [combined100_e27] 3000/14693 (11s, ~43s remaining)
  [combined100_e27] 3500/14693 (13s, ~41s remaining)
  [combined100_e27] 4000/14693 (15s, ~39s remaining)
  [combined100_e27] 4500/14693 (16s, ~37s remaining)
  [combined100_e27] 5000/14693 (18s, ~35s remaining)
  [combined100_e27] 5500/14693 (20s, ~33s remaining)
  [combined100_e27] 6000/14693 (22s, ~31s remaining)
  [combined100_e27] 6500/14693 (23s, ~29s remaining)
  [combined100_e27] 7000/14693 (25s, ~28s remaining)
  [combined100_e27] 7500/14693 (27s, ~26s remaining)
  [combined100_e27] 8000/14693 (29s, ~24s remaining)
  [combined100_e27] 8500/14693 (31s, ~22s remaining)
  [combined100_e27] 9000/14693 (33s, ~21s remaining)
  [combined100_e27] 9500/14693 (35s, ~19s remaining)
  [combined100_e27] 10000/14693 (36s, ~17s remaining)
  [combined100_e27] 10500/14693 (38s, ~15s remaining)
  [combined100_e27] 11000/14693 (40s, ~13s remaining)
  [combined100_e27] 11500/14693 (42s, ~12s remaining)
  [combined100_e27] 12000/14693 (44s, ~10s remaining)
  [combined100_e27] 12500/14693 (45s, ~8s remaining)
  [combined100_e27] 13000/14693 (47s, ~6s remaining)
  [combined100_e27] 13500/14693 (49s, ~4s remaining)
  [combined100_e27] 14000/14693 (51s, ~3s remaining)
  [combined100_e27] 14500/14693 (53s, ~1s remaining)
  [combined100_e27] Done: 14693 decisions in 53.3s
  [combined100_e27] Saved per-decision errors: experiments/exp029-longrun/dumps/combined100_e27.npz


==========================================================================================
BGSage Money Benchmark - Checker-only, cubeless reference
Positions: 14693 checker decisions from 500 games
Reference: cubeless_equity (Sage 3P / 3T / Rollout)
Engines rank candidates by: cubeless equity
==========================================================================================

MOVE SELECTION (PR = mean error x 500, lower is better)

  Engine                               PR      N  Blndr   prace    race     atk   prime    anch
  --------------------------------------------------------------------------------------
  combined100_e27                    1.34  14693     35    0.62    1.49    1.22    1.58    1.57

  (N per plan)                                             1816    3120    4111    2453    3193

EVAL ACCURACY (R^2 / MSE on predicted vs reference cubeless equity)

  Engine                             R2(rollout)      MSE        N        R2(3T)      MSE        N        R2(3P)      MSE        N       R2(all)      MSE        N
  --------------------------------------------------------------------------------------------------------------
  combined100_e27                         0.9961   0.0023   149113        0.9928   0.0023    61917        0.9925   0.0021   116421        0.9949   0.0022   327451

Saving results to experiments/exp029-longrun/scratch/
  Saved: experiments/exp029-longrun/scratch/combined100_e27.json
  Saved: experiments/exp029-longrun/scratch/summary.json
Loading benchmark: /home/lasse/python-projects/raccoon/data/bgsage/money_benchmark/benchmark.json.gz
  14693 checker decisions from 500 games

Scoring raccoon: combined100_e28 (experiments/exp029-longrun/combined100/checkpoints/ep28.pt)...
  [combined100_e28] 500/14693 (2s, ~53s remaining)
  [combined100_e28] 1000/14693 (4s, ~49s remaining)
  [combined100_e28] 1500/14693 (5s, ~47s remaining)
  [combined100_e28] 2000/14693 (7s, ~45s remaining)
  [combined100_e28] 2500/14693 (9s, ~43s remaining)
  [combined100_e28] 3000/14693 (11s, ~41s remaining)
  [combined100_e28] 3500/14693 (12s, ~39s remaining)
  [combined100_e28] 4000/14693 (14s, ~38s remaining)
  [combined100_e28] 4500/14693 (16s, ~36s remaining)
  [combined100_e28] 5000/14693 (18s, ~34s remaining)
  [combined100_e28] 5500/14693 (19s, ~32s remaining)
  [combined100_e28] 6000/14693 (21s, ~30s remaining)
  [combined100_e28] 6500/14693 (22s, ~28s remaining)
  [combined100_e28] 7000/14693 (24s, ~27s remaining)
  [combined100_e28] 7500/14693 (26s, ~25s remaining)
  [combined100_e28] 8000/14693 (28s, ~23s remaining)
  [combined100_e28] 8500/14693 (30s, ~22s remaining)
  [combined100_e28] 9000/14693 (32s, ~20s remaining)
  [combined100_e28] 9500/14693 (33s, ~18s remaining)
  [combined100_e28] 10000/14693 (35s, ~16s remaining)
  [combined100_e28] 10500/14693 (37s, ~15s remaining)
  [combined100_e28] 11000/14693 (39s, ~13s remaining)
  [combined100_e28] 11500/14693 (40s, ~11s remaining)
  [combined100_e28] 12000/14693 (42s, ~9s remaining)
  [combined100_e28] 12500/14693 (44s, ~8s remaining)
  [combined100_e28] 13000/14693 (46s, ~6s remaining)
  [combined100_e28] 13500/14693 (47s, ~4s remaining)
  [combined100_e28] 14000/14693 (49s, ~2s remaining)
  [combined100_e28] 14500/14693 (51s, ~1s remaining)
  [combined100_e28] Done: 14693 decisions in 51.5s
  [combined100_e28] Saved per-decision errors: experiments/exp029-longrun/dumps/combined100_e28.npz


==========================================================================================
BGSage Money Benchmark - Checker-only, cubeless reference
Positions: 14693 checker decisions from 500 games
Reference: cubeless_equity (Sage 3P / 3T / Rollout)
Engines rank candidates by: cubeless equity
==========================================================================================

MOVE SELECTION (PR = mean error x 500, lower is better)

  Engine                               PR      N  Blndr   prace    race     atk   prime    anch
  --------------------------------------------------------------------------------------
  combined100_e28                    1.38  14693     39    0.64    1.51    1.29    1.55    1.65

  (N per plan)                                             1816    3120    4111    2453    3193

EVAL ACCURACY (R^2 / MSE on predicted vs reference cubeless equity)

  Engine                             R2(rollout)      MSE        N        R2(3T)      MSE        N        R2(3P)      MSE        N       R2(all)      MSE        N
  --------------------------------------------------------------------------------------------------------------
  combined100_e28                         0.9960   0.0024   149113        0.9927   0.0023    61917        0.9925   0.0021   116421        0.9948   0.0023   327451

Saving results to experiments/exp029-longrun/scratch/
  Saved: experiments/exp029-longrun/scratch/combined100_e28.json
  Saved: experiments/exp029-longrun/scratch/summary.json
Loading benchmark: /home/lasse/python-projects/raccoon/data/bgsage/money_benchmark/benchmark.json.gz
  14693 checker decisions from 500 games

Scoring raccoon: combined100_e29 (experiments/exp029-longrun/combined100/checkpoints/ep29.pt)...
  [combined100_e29] 500/14693 (2s, ~53s remaining)
  [combined100_e29] 1000/14693 (4s, ~49s remaining)
  [combined100_e29] 1500/14693 (5s, ~47s remaining)
  [combined100_e29] 2000/14693 (7s, ~45s remaining)
  [combined100_e29] 2500/14693 (9s, ~43s remaining)
  [combined100_e29] 3000/14693 (11s, ~41s remaining)
  [combined100_e29] 3500/14693 (12s, ~39s remaining)
  [combined100_e29] 4000/14693 (14s, ~37s remaining)
  [combined100_e29] 4500/14693 (16s, ~35s remaining)
  [combined100_e29] 5000/14693 (17s, ~34s remaining)
  [combined100_e29] 5500/14693 (19s, ~32s remaining)
  [combined100_e29] 6000/14693 (21s, ~30s remaining)
  [combined100_e29] 6500/14693 (22s, ~28s remaining)
  [combined100_e29] 7000/14693 (24s, ~26s remaining)
  [combined100_e29] 7500/14693 (26s, ~25s remaining)
  [combined100_e29] 8000/14693 (28s, ~23s remaining)
  [combined100_e29] 8500/14693 (30s, ~22s remaining)
  [combined100_e29] 9000/14693 (31s, ~20s remaining)
  [combined100_e29] 9500/14693 (33s, ~18s remaining)
  [combined100_e29] 10000/14693 (35s, ~16s remaining)
  [combined100_e29] 10500/14693 (37s, ~15s remaining)
  [combined100_e29] 11000/14693 (38s, ~13s remaining)
  [combined100_e29] 11500/14693 (40s, ~11s remaining)
  [combined100_e29] 12000/14693 (42s, ~9s remaining)
  [combined100_e29] 12500/14693 (43s, ~8s remaining)
  [combined100_e29] 13000/14693 (45s, ~6s remaining)
  [combined100_e29] 13500/14693 (47s, ~4s remaining)
  [combined100_e29] 14000/14693 (49s, ~2s remaining)
  [combined100_e29] 14500/14693 (50s, ~1s remaining)
  [combined100_e29] Done: 14693 decisions in 51.0s
  [combined100_e29] Saved per-decision errors: experiments/exp029-longrun/dumps/combined100_e29.npz


==========================================================================================
BGSage Money Benchmark - Checker-only, cubeless reference
Positions: 14693 checker decisions from 500 games
Reference: cubeless_equity (Sage 3P / 3T / Rollout)
Engines rank candidates by: cubeless equity
==========================================================================================

MOVE SELECTION (PR = mean error x 500, lower is better)

  Engine                               PR      N  Blndr   prace    race     atk   prime    anch
  --------------------------------------------------------------------------------------
  combined100_e29                    1.36  14693     36    0.53    1.63    1.17    1.56    1.67

  (N per plan)                                             1816    3120    4111    2453    3193

EVAL ACCURACY (R^2 / MSE on predicted vs reference cubeless equity)

  Engine                             R2(rollout)      MSE        N        R2(3T)      MSE        N        R2(3P)      MSE        N       R2(all)      MSE        N
  --------------------------------------------------------------------------------------------------------------
  combined100_e29                         0.9962   0.0023   149113        0.9928   0.0023    61917        0.9926   0.0020   116421        0.9950   0.0022   327451

Saving results to experiments/exp029-longrun/scratch/
  Saved: experiments/exp029-longrun/scratch/combined100_e29.json
  Saved: experiments/exp029-longrun/scratch/summary.json
Loading benchmark: /home/lasse/python-projects/raccoon/data/bgsage/money_benchmark/benchmark.json.gz
  14693 checker decisions from 500 games

Scoring raccoon: combined100_e30 (experiments/exp029-longrun/combined100/checkpoints/ep30.pt)...
  [combined100_e30] 500/14693 (2s, ~60s remaining)
  [combined100_e30] 1000/14693 (4s, ~56s remaining)
  [combined100_e30] 1500/14693 (6s, ~54s remaining)
  [combined100_e30] 2000/14693 (8s, ~51s remaining)
  [combined100_e30] 2500/14693 (10s, ~49s remaining)
  [combined100_e30] 3000/14693 (12s, ~47s remaining)
  [combined100_e30] 3500/14693 (14s, ~45s remaining)
  [combined100_e30] 4000/14693 (16s, ~43s remaining)
  [combined100_e30] 4500/14693 (18s, ~41s remaining)
  [combined100_e30] 5000/14693 (20s, ~39s remaining)
  [combined100_e30] 5500/14693 (22s, ~36s remaining)
  [combined100_e30] 6000/14693 (24s, ~34s remaining)
  [combined100_e30] 6500/14693 (26s, ~32s remaining)
  [combined100_e30] 7000/14693 (28s, ~30s remaining)
  [combined100_e30] 7500/14693 (30s, ~29s remaining)
  [combined100_e30] 8000/14693 (32s, ~27s remaining)
  [combined100_e30] 8500/14693 (34s, ~25s remaining)
  [combined100_e30] 9000/14693 (36s, ~23s remaining)
  [combined100_e30] 9500/14693 (38s, ~21s remaining)
  [combined100_e30] 10000/14693 (40s, ~19s remaining)
  [combined100_e30] 10500/14693 (42s, ~17s remaining)
  [combined100_e30] 11000/14693 (44s, ~15s remaining)
  [combined100_e30] 11500/14693 (46s, ~13s remaining)
  [combined100_e30] 12000/14693 (48s, ~11s remaining)
  [combined100_e30] 12500/14693 (50s, ~9s remaining)
  [combined100_e30] 13000/14693 (52s, ~7s remaining)
  [combined100_e30] 13500/14693 (54s, ~5s remaining)
  [combined100_e30] 14000/14693 (56s, ~3s remaining)
  [combined100_e30] 14500/14693 (58s, ~1s remaining)
  [combined100_e30] Done: 14693 decisions in 58.6s
  [combined100_e30] Saved per-decision errors: experiments/exp029-longrun/dumps/combined100_e30.npz


==========================================================================================
BGSage Money Benchmark - Checker-only, cubeless reference
Positions: 14693 checker decisions from 500 games
Reference: cubeless_equity (Sage 3P / 3T / Rollout)
Engines rank candidates by: cubeless equity
==========================================================================================

MOVE SELECTION (PR = mean error x 500, lower is better)

  Engine                               PR      N  Blndr   prace    race     atk   prime    anch
  --------------------------------------------------------------------------------------
  combined100_e30                    1.36  14693     41    0.58    1.55    1.21    1.60    1.62

  (N per plan)                                             1816    3120    4111    2453    3193

EVAL ACCURACY (R^2 / MSE on predicted vs reference cubeless equity)

  Engine                             R2(rollout)      MSE        N        R2(3T)      MSE        N        R2(3P)      MSE        N       R2(all)      MSE        N
  --------------------------------------------------------------------------------------------------------------
  combined100_e30                         0.9962   0.0023   149113        0.9929   0.0023    61917        0.9926   0.0020   116421        0.9950   0.0022   327451

Saving results to experiments/exp029-longrun/scratch/
  Saved: experiments/exp029-longrun/scratch/combined100_e30.json
  Saved: experiments/exp029-longrun/scratch/summary.json
Loading benchmark: /home/lasse/python-projects/raccoon/data/bgsage/money_benchmark/benchmark.json.gz
  14693 checker decisions from 500 games

Scoring raccoon: combined100_e31 (experiments/exp029-longrun/combined100/checkpoints/ep31.pt)...
  [combined100_e31] 500/14693 (2s, ~53s remaining)
  [combined100_e31] 1000/14693 (4s, ~49s remaining)
  [combined100_e31] 1500/14693 (5s, ~47s remaining)
  [combined100_e31] 2000/14693 (7s, ~45s remaining)
  [combined100_e31] 2500/14693 (9s, ~43s remaining)
  [combined100_e31] 3000/14693 (11s, ~42s remaining)
  [combined100_e31] 3500/14693 (13s, ~40s remaining)
  [combined100_e31] 4000/14693 (14s, ~38s remaining)
  [combined100_e31] 4500/14693 (16s, ~36s remaining)
  [combined100_e31] 5000/14693 (18s, ~35s remaining)
  [combined100_e31] 5500/14693 (19s, ~32s remaining)
  [combined100_e31] 6000/14693 (21s, ~31s remaining)
  [combined100_e31] 6500/14693 (23s, ~29s remaining)
  [combined100_e31] 7000/14693 (25s, ~27s remaining)
  [combined100_e31] 7500/14693 (26s, ~25s remaining)
  [combined100_e31] 8000/14693 (28s, ~24s remaining)
  [combined100_e31] 8500/14693 (30s, ~22s remaining)
  [combined100_e31] 9000/14693 (32s, ~20s remaining)
  [combined100_e31] 9500/14693 (34s, ~18s remaining)
  [combined100_e31] 10000/14693 (36s, ~17s remaining)
  [combined100_e31] 10500/14693 (37s, ~15s remaining)
  [combined100_e31] 11000/14693 (39s, ~13s remaining)
  [combined100_e31] 11500/14693 (41s, ~11s remaining)
  [combined100_e31] 12000/14693 (42s, ~10s remaining)
  [combined100_e31] 12500/14693 (44s, ~8s remaining)
  [combined100_e31] 13000/14693 (46s, ~6s remaining)
  [combined100_e31] 13500/14693 (48s, ~4s remaining)
  [combined100_e31] 14000/14693 (50s, ~2s remaining)
  [combined100_e31] 14500/14693 (51s, ~1s remaining)
  [combined100_e31] Done: 14693 decisions in 51.9s
  [combined100_e31] Saved per-decision errors: experiments/exp029-longrun/dumps/combined100_e31.npz


==========================================================================================
BGSage Money Benchmark - Checker-only, cubeless reference
Positions: 14693 checker decisions from 500 games
Reference: cubeless_equity (Sage 3P / 3T / Rollout)
Engines rank candidates by: cubeless equity
==========================================================================================

MOVE SELECTION (PR = mean error x 500, lower is better)

  Engine                               PR      N  Blndr   prace    race     atk   prime    anch
  --------------------------------------------------------------------------------------
  combined100_e31                    1.40  14693     39    0.63    1.63    1.22    1.63    1.67

  (N per plan)                                             1816    3120    4111    2453    3193

EVAL ACCURACY (R^2 / MSE on predicted vs reference cubeless equity)

  Engine                             R2(rollout)      MSE        N        R2(3T)      MSE        N        R2(3P)      MSE        N       R2(all)      MSE        N
  --------------------------------------------------------------------------------------------------------------
  combined100_e31                         0.9961   0.0024   149113        0.9926   0.0023    61917        0.9925   0.0021   116421        0.9948   0.0023   327451

Saving results to experiments/exp029-longrun/scratch/
  Saved: experiments/exp029-longrun/scratch/combined100_e31.json
  Saved: experiments/exp029-longrun/scratch/summary.json
Loading benchmark: /home/lasse/python-projects/raccoon/data/bgsage/money_benchmark/benchmark.json.gz
  14693 checker decisions from 500 games

Scoring raccoon: combined100_e32 (experiments/exp029-longrun/combined100/checkpoints/ep32.pt)...
  [combined100_e32] 500/14693 (2s, ~52s remaining)
  [combined100_e32] 1000/14693 (4s, ~48s remaining)
  [combined100_e32] 1500/14693 (5s, ~46s remaining)
  [combined100_e32] 2000/14693 (7s, ~44s remaining)
  [combined100_e32] 2500/14693 (9s, ~42s remaining)
  [combined100_e32] 3000/14693 (10s, ~41s remaining)
  [combined100_e32] 3500/14693 (12s, ~39s remaining)
  [combined100_e32] 4000/14693 (14s, ~37s remaining)
  [combined100_e32] 4500/14693 (15s, ~35s remaining)
  [combined100_e32] 5000/14693 (17s, ~33s remaining)
  [combined100_e32] 5500/14693 (19s, ~31s remaining)
  [combined100_e32] 6000/14693 (20s, ~29s remaining)
  [combined100_e32] 6500/14693 (22s, ~28s remaining)
  [combined100_e32] 7000/14693 (24s, ~26s remaining)
  [combined100_e32] 7500/14693 (26s, ~25s remaining)
  [combined100_e32] 8000/14693 (27s, ~23s remaining)
  [combined100_e32] 8500/14693 (29s, ~21s remaining)
  [combined100_e32] 9000/14693 (31s, ~20s remaining)
  [combined100_e32] 9500/14693 (33s, ~18s remaining)
  [combined100_e32] 10000/14693 (34s, ~16s remaining)
  [combined100_e32] 10500/14693 (36s, ~14s remaining)
  [combined100_e32] 11000/14693 (38s, ~13s remaining)
  [combined100_e32] 11500/14693 (39s, ~11s remaining)
  [combined100_e32] 12000/14693 (41s, ~9s remaining)
  [combined100_e32] 12500/14693 (43s, ~8s remaining)
  [combined100_e32] 13000/14693 (45s, ~6s remaining)
  [combined100_e32] 13500/14693 (46s, ~4s remaining)
  [combined100_e32] 14000/14693 (48s, ~2s remaining)
  [combined100_e32] 14500/14693 (50s, ~1s remaining)
  [combined100_e32] Done: 14693 decisions in 50.4s
  [combined100_e32] Saved per-decision errors: experiments/exp029-longrun/dumps/combined100_e32.npz


==========================================================================================
BGSage Money Benchmark - Checker-only, cubeless reference
Positions: 14693 checker decisions from 500 games
Reference: cubeless_equity (Sage 3P / 3T / Rollout)
Engines rank candidates by: cubeless equity
==========================================================================================

MOVE SELECTION (PR = mean error x 500, lower is better)

  Engine                               PR      N  Blndr   prace    race     atk   prime    anch
  --------------------------------------------------------------------------------------
  combined100_e32                    1.32  14693     35    0.64    1.43    1.21    1.51    1.60

  (N per plan)                                             1816    3120    4111    2453    3193

EVAL ACCURACY (R^2 / MSE on predicted vs reference cubeless equity)

  Engine                             R2(rollout)      MSE        N        R2(3T)      MSE        N        R2(3P)      MSE        N       R2(all)      MSE        N
  --------------------------------------------------------------------------------------------------------------
  combined100_e32                         0.9963   0.0022   149113        0.9931   0.0022    61917        0.9929   0.0020   116421        0.9951   0.0021   327451

Saving results to experiments/exp029-longrun/scratch/
  Saved: experiments/exp029-longrun/scratch/combined100_e32.json
  Saved: experiments/exp029-longrun/scratch/summary.json
Loading benchmark: /home/lasse/python-projects/raccoon/data/bgsage/money_benchmark/benchmark.json.gz
  14693 checker decisions from 500 games

Scoring raccoon: combined100_e33 (experiments/exp029-longrun/combined100/checkpoints/ep33.pt)...
  [combined100_e33] 500/14693 (2s, ~54s remaining)
  [combined100_e33] 1000/14693 (4s, ~50s remaining)
  [combined100_e33] 1500/14693 (5s, ~48s remaining)
  [combined100_e33] 2000/14693 (7s, ~46s remaining)
  [combined100_e33] 2500/14693 (9s, ~44s remaining)
  [combined100_e33] 3000/14693 (11s, ~42s remaining)
  [combined100_e33] 3500/14693 (12s, ~40s remaining)
  [combined100_e33] 4000/14693 (14s, ~38s remaining)
  [combined100_e33] 4500/14693 (16s, ~36s remaining)
  [combined100_e33] 5000/14693 (18s, ~34s remaining)
  [combined100_e33] 5500/14693 (19s, ~32s remaining)
  [combined100_e33] 6000/14693 (21s, ~30s remaining)
  [combined100_e33] 6500/14693 (23s, ~29s remaining)
  [combined100_e33] 7000/14693 (24s, ~27s remaining)
  [combined100_e33] 7500/14693 (26s, ~25s remaining)
  [combined100_e33] 8000/14693 (28s, ~24s remaining)
  [combined100_e33] 8500/14693 (30s, ~22s remaining)
  [combined100_e33] 9000/14693 (32s, ~20s remaining)
  [combined100_e33] 9500/14693 (34s, ~18s remaining)
  [combined100_e33] 10000/14693 (35s, ~17s remaining)
  [combined100_e33] 10500/14693 (37s, ~15s remaining)
  [combined100_e33] 11000/14693 (39s, ~13s remaining)
  [combined100_e33] 11500/14693 (41s, ~11s remaining)
  [combined100_e33] 12000/14693 (42s, ~10s remaining)
  [combined100_e33] 12500/14693 (44s, ~8s remaining)
  [combined100_e33] 13000/14693 (46s, ~6s remaining)
  [combined100_e33] 13500/14693 (48s, ~4s remaining)
  [combined100_e33] 14000/14693 (49s, ~2s remaining)
  [combined100_e33] 14500/14693 (51s, ~1s remaining)
  [combined100_e33] Done: 14693 decisions in 51.9s
  [combined100_e33] Saved per-decision errors: experiments/exp029-longrun/dumps/combined100_e33.npz


==========================================================================================
BGSage Money Benchmark - Checker-only, cubeless reference
Positions: 14693 checker decisions from 500 games
Reference: cubeless_equity (Sage 3P / 3T / Rollout)
Engines rank candidates by: cubeless equity
==========================================================================================

MOVE SELECTION (PR = mean error x 500, lower is better)

  Engine                               PR      N  Blndr   prace    race     atk   prime    anch
  --------------------------------------------------------------------------------------
  combined100_e33                    1.34  14693     36    0.60    1.52    1.25    1.42    1.62

  (N per plan)                                             1816    3120    4111    2453    3193

EVAL ACCURACY (R^2 / MSE on predicted vs reference cubeless equity)

  Engine                             R2(rollout)      MSE        N        R2(3T)      MSE        N        R2(3P)      MSE        N       R2(all)      MSE        N
  --------------------------------------------------------------------------------------------------------------
  combined100_e33                         0.9964   0.0021   149113        0.9932   0.0022    61917        0.9930   0.0019   116421        0.9953   0.0021   327451

Saving results to experiments/exp029-longrun/scratch/
  Saved: experiments/exp029-longrun/scratch/combined100_e33.json
  Saved: experiments/exp029-longrun/scratch/summary.json
Loading benchmark: /home/lasse/python-projects/raccoon/data/bgsage/money_benchmark/benchmark.json.gz
  14693 checker decisions from 500 games

Scoring raccoon: combined100_e34 (experiments/exp029-longrun/combined100/checkpoints/ep34.pt)...
  [combined100_e34] 500/14693 (2s, ~54s remaining)
  [combined100_e34] 1000/14693 (4s, ~50s remaining)
  [combined100_e34] 1500/14693 (6s, ~48s remaining)
  [combined100_e34] 2000/14693 (7s, ~46s remaining)
  [combined100_e34] 2500/14693 (9s, ~44s remaining)
  [combined100_e34] 3000/14693 (11s, ~42s remaining)
  [combined100_e34] 3500/14693 (13s, ~40s remaining)
  [combined100_e34] 4000/14693 (14s, ~38s remaining)
  [combined100_e34] 4500/14693 (16s, ~37s remaining)
  [combined100_e34] 5000/14693 (18s, ~35s remaining)
  [combined100_e34] 5500/14693 (20s, ~33s remaining)
  [combined100_e34] 6000/14693 (21s, ~31s remaining)
  [combined100_e34] 6500/14693 (23s, ~29s remaining)
  [combined100_e34] 7000/14693 (25s, ~27s remaining)
  [combined100_e34] 7500/14693 (27s, ~26s remaining)
  [combined100_e34] 8000/14693 (29s, ~24s remaining)
  [combined100_e34] 8500/14693 (30s, ~22s remaining)
  [combined100_e34] 9000/14693 (32s, ~20s remaining)
  [combined100_e34] 9500/14693 (34s, ~19s remaining)
  [combined100_e34] 10000/14693 (36s, ~17s remaining)
  [combined100_e34] 10500/14693 (38s, ~15s remaining)
  [combined100_e34] 11000/14693 (39s, ~13s remaining)
  [combined100_e34] 11500/14693 (41s, ~11s remaining)
  [combined100_e34] 12000/14693 (43s, ~10s remaining)
  [combined100_e34] 12500/14693 (45s, ~8s remaining)
  [combined100_e34] 13000/14693 (47s, ~6s remaining)
  [combined100_e34] 13500/14693 (48s, ~4s remaining)
  [combined100_e34] 14000/14693 (50s, ~2s remaining)
  [combined100_e34] 14500/14693 (52s, ~1s remaining)
  [combined100_e34] Done: 14693 decisions in 52.6s
  [combined100_e34] Saved per-decision errors: experiments/exp029-longrun/dumps/combined100_e34.npz


==========================================================================================
BGSage Money Benchmark - Checker-only, cubeless reference
Positions: 14693 checker decisions from 500 games
Reference: cubeless_equity (Sage 3P / 3T / Rollout)
Engines rank candidates by: cubeless equity
==========================================================================================

MOVE SELECTION (PR = mean error x 500, lower is better)

  Engine                               PR      N  Blndr   prace    race     atk   prime    anch
  --------------------------------------------------------------------------------------
  combined100_e34                    1.35  14693     39    0.59    1.54    1.19    1.54    1.65

  (N per plan)                                             1816    3120    4111    2453    3193

EVAL ACCURACY (R^2 / MSE on predicted vs reference cubeless equity)

  Engine                             R2(rollout)      MSE        N        R2(3T)      MSE        N        R2(3P)      MSE        N       R2(all)      MSE        N
  --------------------------------------------------------------------------------------------------------------
  combined100_e34                         0.9961   0.0024   149113        0.9926   0.0024    61917        0.9924   0.0021   116421        0.9948   0.0023   327451

Saving results to experiments/exp029-longrun/scratch/
  Saved: experiments/exp029-longrun/scratch/combined100_e34.json
  Saved: experiments/exp029-longrun/scratch/summary.json
Loading benchmark: /home/lasse/python-projects/raccoon/data/bgsage/money_benchmark/benchmark.json.gz
  14693 checker decisions from 500 games

Scoring raccoon: combined100_e35 (experiments/exp029-longrun/combined100/checkpoints/ep35.pt)...
  [combined100_e35] 500/14693 (2s, ~52s remaining)
  [combined100_e35] 1000/14693 (4s, ~48s remaining)
  [combined100_e35] 1500/14693 (5s, ~46s remaining)
  [combined100_e35] 2000/14693 (7s, ~44s remaining)
  [combined100_e35] 2500/14693 (9s, ~42s remaining)
  [combined100_e35] 3000/14693 (10s, ~40s remaining)
  [combined100_e35] 3500/14693 (12s, ~38s remaining)
  [combined100_e35] 4000/14693 (14s, ~37s remaining)
  [combined100_e35] 4500/14693 (15s, ~35s remaining)
  [combined100_e35] 5000/14693 (17s, ~33s remaining)
  [combined100_e35] 5500/14693 (19s, ~31s remaining)
  [combined100_e35] 6000/14693 (20s, ~29s remaining)
  [combined100_e35] 6500/14693 (22s, ~28s remaining)
  [combined100_e35] 7000/14693 (24s, ~26s remaining)
  [combined100_e35] 7500/14693 (25s, ~24s remaining)
  [combined100_e35] 8000/14693 (27s, ~23s remaining)
  [combined100_e35] 8500/14693 (29s, ~21s remaining)
  [combined100_e35] 9000/14693 (31s, ~20s remaining)
  [combined100_e35] 9500/14693 (33s, ~18s remaining)
  [combined100_e35] 10000/14693 (34s, ~16s remaining)
  [combined100_e35] 10500/14693 (36s, ~14s remaining)
  [combined100_e35] 11000/14693 (38s, ~13s remaining)
  [combined100_e35] 11500/14693 (39s, ~11s remaining)
  [combined100_e35] 12000/14693 (41s, ~9s remaining)
  [combined100_e35] 12500/14693 (43s, ~7s remaining)
  [combined100_e35] 13000/14693 (44s, ~6s remaining)
  [combined100_e35] 13500/14693 (46s, ~4s remaining)
  [combined100_e35] 14000/14693 (48s, ~2s remaining)
  [combined100_e35] 14500/14693 (49s, ~1s remaining)
  [combined100_e35] Done: 14693 decisions in 50.1s
  [combined100_e35] Saved per-decision errors: experiments/exp029-longrun/dumps/combined100_e35.npz


==========================================================================================
BGSage Money Benchmark - Checker-only, cubeless reference
Positions: 14693 checker decisions from 500 games
Reference: cubeless_equity (Sage 3P / 3T / Rollout)
Engines rank candidates by: cubeless equity
==========================================================================================

MOVE SELECTION (PR = mean error x 500, lower is better)

  Engine                               PR      N  Blndr   prace    race     atk   prime    anch
  --------------------------------------------------------------------------------------
  combined100_e35                    1.37  14693     42    0.61    1.52    1.22    1.51    1.73

  (N per plan)                                             1816    3120    4111    2453    3193

EVAL ACCURACY (R^2 / MSE on predicted vs reference cubeless equity)

  Engine                             R2(rollout)      MSE        N        R2(3T)      MSE        N        R2(3P)      MSE        N       R2(all)      MSE        N
  --------------------------------------------------------------------------------------------------------------
  combined100_e35                         0.9963   0.0022   149113        0.9931   0.0022    61917        0.9930   0.0019   116421        0.9951   0.0021   327451

Saving results to experiments/exp029-longrun/scratch/
  Saved: experiments/exp029-longrun/scratch/combined100_e35.json
  Saved: experiments/exp029-longrun/scratch/summary.json
Loading benchmark: /home/lasse/python-projects/raccoon/data/bgsage/money_benchmark/benchmark.json.gz
  14693 checker decisions from 500 games

Scoring raccoon: combined100_e36 (experiments/exp029-longrun/combined100/checkpoints/ep36.pt)...
  [combined100_e36] 500/14693 (2s, ~56s remaining)
  [combined100_e36] 1000/14693 (4s, ~52s remaining)
  [combined100_e36] 1500/14693 (6s, ~49s remaining)
  [combined100_e36] 2000/14693 (7s, ~47s remaining)
  [combined100_e36] 2500/14693 (9s, ~45s remaining)
  [combined100_e36] 3000/14693 (11s, ~43s remaining)
  [combined100_e36] 3500/14693 (13s, ~41s remaining)
  [combined100_e36] 4000/14693 (15s, ~39s remaining)
  [combined100_e36] 4500/14693 (16s, ~37s remaining)
  [combined100_e36] 5000/14693 (18s, ~35s remaining)
  [combined100_e36] 5500/14693 (20s, ~33s remaining)
  [combined100_e36] 6000/14693 (21s, ~31s remaining)
  [combined100_e36] 6500/14693 (23s, ~29s remaining)
  [combined100_e36] 7000/14693 (25s, ~28s remaining)
  [combined100_e36] 7500/14693 (27s, ~26s remaining)
  [combined100_e36] 8000/14693 (29s, ~24s remaining)
  [combined100_e36] 8500/14693 (31s, ~22s remaining)
  [combined100_e36] 9000/14693 (33s, ~21s remaining)
  [combined100_e36] 9500/14693 (35s, ~19s remaining)
  [combined100_e36] 10000/14693 (37s, ~17s remaining)
  [combined100_e36] 10500/14693 (38s, ~15s remaining)
  [combined100_e36] 11000/14693 (40s, ~14s remaining)
  [combined100_e36] 11500/14693 (42s, ~12s remaining)
  [combined100_e36] 12000/14693 (44s, ~10s remaining)
  [combined100_e36] 12500/14693 (46s, ~8s remaining)
  [combined100_e36] 13000/14693 (47s, ~6s remaining)
  [combined100_e36] 13500/14693 (49s, ~4s remaining)
  [combined100_e36] 14000/14693 (51s, ~3s remaining)
  [combined100_e36] 14500/14693 (53s, ~1s remaining)
  [combined100_e36] Done: 14693 decisions in 53.5s
  [combined100_e36] Saved per-decision errors: experiments/exp029-longrun/dumps/combined100_e36.npz


==========================================================================================
BGSage Money Benchmark - Checker-only, cubeless reference
Positions: 14693 checker decisions from 500 games
Reference: cubeless_equity (Sage 3P / 3T / Rollout)
Engines rank candidates by: cubeless equity
==========================================================================================

MOVE SELECTION (PR = mean error x 500, lower is better)

  Engine                               PR      N  Blndr   prace    race     atk   prime    anch
  --------------------------------------------------------------------------------------
  combined100_e36                    1.38  14693     44    0.56    1.63    1.23    1.54    1.66

  (N per plan)                                             1816    3120    4111    2453    3193

EVAL ACCURACY (R^2 / MSE on predicted vs reference cubeless equity)

  Engine                             R2(rollout)      MSE        N        R2(3T)      MSE        N        R2(3P)      MSE        N       R2(all)      MSE        N
  --------------------------------------------------------------------------------------------------------------
  combined100_e36                         0.9965   0.0021   149113        0.9931   0.0022    61917        0.9931   0.0019   116421        0.9953   0.0020   327451

Saving results to experiments/exp029-longrun/scratch/
  Saved: experiments/exp029-longrun/scratch/combined100_e36.json
  Saved: experiments/exp029-longrun/scratch/summary.json
Loading benchmark: /home/lasse/python-projects/raccoon/data/bgsage/money_benchmark/benchmark.json.gz
  14693 checker decisions from 500 games

Scoring raccoon: combined100_e37 (experiments/exp029-longrun/combined100/checkpoints/ep37.pt)...
  [combined100_e37] 500/14693 (2s, ~53s remaining)
  [combined100_e37] 1000/14693 (4s, ~49s remaining)
  [combined100_e37] 1500/14693 (5s, ~47s remaining)
  [combined100_e37] 2000/14693 (7s, ~45s remaining)
  [combined100_e37] 2500/14693 (9s, ~43s remaining)
  [combined100_e37] 3000/14693 (11s, ~42s remaining)
  [combined100_e37] 3500/14693 (12s, ~40s remaining)
  [combined100_e37] 4000/14693 (14s, ~38s remaining)
  [combined100_e37] 4500/14693 (16s, ~36s remaining)
  [combined100_e37] 5000/14693 (18s, ~34s remaining)
  [combined100_e37] 5500/14693 (19s, ~32s remaining)
  [combined100_e37] 6000/14693 (21s, ~30s remaining)
  [combined100_e37] 6500/14693 (22s, ~28s remaining)
  [combined100_e37] 7000/14693 (24s, ~27s remaining)
  [combined100_e37] 7500/14693 (26s, ~25s remaining)
  [combined100_e37] 8000/14693 (28s, ~23s remaining)
  [combined100_e37] 8500/14693 (30s, ~22s remaining)
  [combined100_e37] 9000/14693 (32s, ~20s remaining)
  [combined100_e37] 9500/14693 (33s, ~18s remaining)
  [combined100_e37] 10000/14693 (35s, ~16s remaining)
  [combined100_e37] 10500/14693 (37s, ~15s remaining)
  [combined100_e37] 11000/14693 (39s, ~13s remaining)
  [combined100_e37] 11500/14693 (40s, ~11s remaining)
  [combined100_e37] 12000/14693 (42s, ~9s remaining)
  [combined100_e37] 12500/14693 (44s, ~8s remaining)
  [combined100_e37] 13000/14693 (46s, ~6s remaining)
  [combined100_e37] 13500/14693 (47s, ~4s remaining)
  [combined100_e37] 14000/14693 (49s, ~2s remaining)
  [combined100_e37] 14500/14693 (51s, ~1s remaining)
  [combined100_e37] Done: 14693 decisions in 51.4s
  [combined100_e37] Saved per-decision errors: experiments/exp029-longrun/dumps/combined100_e37.npz


==========================================================================================
BGSage Money Benchmark - Checker-only, cubeless reference
Positions: 14693 checker decisions from 500 games
Reference: cubeless_equity (Sage 3P / 3T / Rollout)
Engines rank candidates by: cubeless equity
==========================================================================================

MOVE SELECTION (PR = mean error x 500, lower is better)

  Engine                               PR      N  Blndr   prace    race     atk   prime    anch
  --------------------------------------------------------------------------------------
  combined100_e37                    1.32  14693     35    0.56    1.55    1.19    1.51    1.57

  (N per plan)                                             1816    3120    4111    2453    3193

EVAL ACCURACY (R^2 / MSE on predicted vs reference cubeless equity)

  Engine                             R2(rollout)      MSE        N        R2(3T)      MSE        N        R2(3P)      MSE        N       R2(all)      MSE        N
  --------------------------------------------------------------------------------------------------------------
  combined100_e37                         0.9963   0.0022   149113        0.9929   0.0022    61917        0.9929   0.0019   116421        0.9951   0.0021   327451

Saving results to experiments/exp029-longrun/scratch/
  Saved: experiments/exp029-longrun/scratch/combined100_e37.json
  Saved: experiments/exp029-longrun/scratch/summary.json
Loading benchmark: /home/lasse/python-projects/raccoon/data/bgsage/money_benchmark/benchmark.json.gz
  14693 checker decisions from 500 games

Scoring raccoon: combined100_e38 (experiments/exp029-longrun/combined100/checkpoints/ep38.pt)...
  [combined100_e38] 500/14693 (2s, ~53s remaining)
  [combined100_e38] 1000/14693 (4s, ~49s remaining)
  [combined100_e38] 1500/14693 (5s, ~47s remaining)
  [combined100_e38] 2000/14693 (7s, ~45s remaining)
  [combined100_e38] 2500/14693 (9s, ~43s remaining)
  [combined100_e38] 3000/14693 (11s, ~42s remaining)
  [combined100_e38] 3500/14693 (12s, ~40s remaining)
  [combined100_e38] 4000/14693 (14s, ~38s remaining)
  [combined100_e38] 4500/14693 (16s, ~36s remaining)
  [combined100_e38] 5000/14693 (18s, ~34s remaining)
  [combined100_e38] 5500/14693 (19s, ~32s remaining)
  [combined100_e38] 6000/14693 (21s, ~30s remaining)
  [combined100_e38] 6500/14693 (22s, ~28s remaining)
  [combined100_e38] 7000/14693 (24s, ~27s remaining)
  [combined100_e38] 7500/14693 (26s, ~25s remaining)
  [combined100_e38] 8000/14693 (28s, ~23s remaining)
  [combined100_e38] 8500/14693 (30s, ~22s remaining)
  [combined100_e38] 9000/14693 (32s, ~20s remaining)
  [combined100_e38] 9500/14693 (33s, ~18s remaining)
  [combined100_e38] 10000/14693 (35s, ~17s remaining)
  [combined100_e38] 10500/14693 (37s, ~15s remaining)
  [combined100_e38] 11000/14693 (39s, ~13s remaining)
  [combined100_e38] 11500/14693 (40s, ~11s remaining)
  [combined100_e38] 12000/14693 (42s, ~9s remaining)
  [combined100_e38] 12500/14693 (44s, ~8s remaining)
  [combined100_e38] 13000/14693 (46s, ~6s remaining)
  [combined100_e38] 13500/14693 (47s, ~4s remaining)
  [combined100_e38] 14000/14693 (49s, ~2s remaining)
  [combined100_e38] 14500/14693 (51s, ~1s remaining)
  [combined100_e38] Done: 14693 decisions in 51.6s
  [combined100_e38] Saved per-decision errors: experiments/exp029-longrun/dumps/combined100_e38.npz


==========================================================================================
BGSage Money Benchmark - Checker-only, cubeless reference
Positions: 14693 checker decisions from 500 games
Reference: cubeless_equity (Sage 3P / 3T / Rollout)
Engines rank candidates by: cubeless equity
==========================================================================================

MOVE SELECTION (PR = mean error x 500, lower is better)

  Engine                               PR      N  Blndr   prace    race     atk   prime    anch
  --------------------------------------------------------------------------------------
  combined100_e38                    1.34  14693     36    0.53    1.59    1.20    1.54    1.58

  (N per plan)                                             1816    3120    4111    2453    3193

EVAL ACCURACY (R^2 / MSE on predicted vs reference cubeless equity)

  Engine                             R2(rollout)      MSE        N        R2(3T)      MSE        N        R2(3P)      MSE        N       R2(all)      MSE        N
  --------------------------------------------------------------------------------------------------------------
  combined100_e38                         0.9960   0.0024   149113        0.9924   0.0024    61917        0.9919   0.0022   116421        0.9946   0.0023   327451

Saving results to experiments/exp029-longrun/scratch/
  Saved: experiments/exp029-longrun/scratch/combined100_e38.json
  Saved: experiments/exp029-longrun/scratch/summary.json
Loading benchmark: /home/lasse/python-projects/raccoon/data/bgsage/money_benchmark/benchmark.json.gz
  14693 checker decisions from 500 games

Scoring raccoon: combined100_e39 (experiments/exp029-longrun/combined100/checkpoints/ep39.pt)...
  [combined100_e39] 500/14693 (2s, ~56s remaining)
  [combined100_e39] 1000/14693 (4s, ~52s remaining)
  [combined100_e39] 1500/14693 (6s, ~50s remaining)
  [combined100_e39] 2000/14693 (7s, ~47s remaining)
  [combined100_e39] 2500/14693 (9s, ~45s remaining)
  [combined100_e39] 3000/14693 (11s, ~43s remaining)
  [combined100_e39] 3500/14693 (13s, ~41s remaining)
  [combined100_e39] 4000/14693 (15s, ~39s remaining)
  [combined100_e39] 4500/14693 (16s, ~37s remaining)
  [combined100_e39] 5000/14693 (18s, ~35s remaining)
  [combined100_e39] 5500/14693 (20s, ~33s remaining)
  [combined100_e39] 6000/14693 (22s, ~31s remaining)
  [combined100_e39] 6500/14693 (23s, ~30s remaining)
  [combined100_e39] 7000/14693 (25s, ~28s remaining)
  [combined100_e39] 7500/14693 (27s, ~26s remaining)
  [combined100_e39] 8000/14693 (29s, ~25s remaining)
  [combined100_e39] 8500/14693 (31s, ~23s remaining)
  [combined100_e39] 9000/14693 (33s, ~21s remaining)
  [combined100_e39] 9500/14693 (35s, ~19s remaining)
  [combined100_e39] 10000/14693 (37s, ~17s remaining)
  [combined100_e39] 10500/14693 (39s, ~15s remaining)
  [combined100_e39] 11000/14693 (40s, ~14s remaining)
  [combined100_e39] 11500/14693 (42s, ~12s remaining)
  [combined100_e39] 12000/14693 (44s, ~10s remaining)
  [combined100_e39] 12500/14693 (46s, ~8s remaining)
  [combined100_e39] 13000/14693 (48s, ~6s remaining)
  [combined100_e39] 13500/14693 (50s, ~4s remaining)
  [combined100_e39] 14000/14693 (52s, ~3s remaining)
  [combined100_e39] 14500/14693 (53s, ~1s remaining)
  [combined100_e39] Done: 14693 decisions in 54.0s
  [combined100_e39] Saved per-decision errors: experiments/exp029-longrun/dumps/combined100_e39.npz


==========================================================================================
BGSage Money Benchmark - Checker-only, cubeless reference
Positions: 14693 checker decisions from 500 games
Reference: cubeless_equity (Sage 3P / 3T / Rollout)
Engines rank candidates by: cubeless equity
==========================================================================================

MOVE SELECTION (PR = mean error x 500, lower is better)

  Engine                               PR      N  Blndr   prace    race     atk   prime    anch
  --------------------------------------------------------------------------------------
  combined100_e39                    1.35  14693     35    0.51    1.56    1.21    1.52    1.69

  (N per plan)                                             1816    3120    4111    2453    3193

EVAL ACCURACY (R^2 / MSE on predicted vs reference cubeless equity)

  Engine                             R2(rollout)      MSE        N        R2(3T)      MSE        N        R2(3P)      MSE        N       R2(all)      MSE        N
  --------------------------------------------------------------------------------------------------------------
  combined100_e39                         0.9961   0.0024   149113        0.9927   0.0023    61917        0.9924   0.0021   116421        0.9948   0.0023   327451

Saving results to experiments/exp029-longrun/scratch/
  Saved: experiments/exp029-longrun/scratch/combined100_e39.json
  Saved: experiments/exp029-longrun/scratch/summary.json
Loading benchmark: /home/lasse/python-projects/raccoon/data/bgsage/money_benchmark/benchmark.json.gz
  14693 checker decisions from 500 games

Scoring raccoon: combined100_e40 (experiments/exp029-longrun/combined100/checkpoints/ep40.pt)...
  [combined100_e40] 500/14693 (2s, ~56s remaining)
  [combined100_e40] 1000/14693 (4s, ~52s remaining)
  [combined100_e40] 1500/14693 (6s, ~49s remaining)
  [combined100_e40] 2000/14693 (7s, ~46s remaining)
  [combined100_e40] 2500/14693 (9s, ~44s remaining)
  [combined100_e40] 3000/14693 (11s, ~42s remaining)
  [combined100_e40] 3500/14693 (12s, ~40s remaining)
  [combined100_e40] 4000/14693 (14s, ~38s remaining)
  [combined100_e40] 4500/14693 (16s, ~36s remaining)
  [combined100_e40] 5000/14693 (18s, ~34s remaining)
  [combined100_e40] 5500/14693 (19s, ~32s remaining)
  [combined100_e40] 6000/14693 (21s, ~30s remaining)
  [combined100_e40] 6500/14693 (22s, ~28s remaining)
  [combined100_e40] 7000/14693 (24s, ~27s remaining)
  [combined100_e40] 7500/14693 (26s, ~25s remaining)
  [combined100_e40] 8000/14693 (28s, ~23s remaining)
  [combined100_e40] 8500/14693 (30s, ~22s remaining)
  [combined100_e40] 9000/14693 (32s, ~20s remaining)
  [combined100_e40] 9500/14693 (33s, ~18s remaining)
  [combined100_e40] 10000/14693 (35s, ~16s remaining)
  [combined100_e40] 10500/14693 (37s, ~15s remaining)
  [combined100_e40] 11000/14693 (38s, ~13s remaining)
  [combined100_e40] 11500/14693 (40s, ~11s remaining)
  [combined100_e40] 12000/14693 (42s, ~9s remaining)
  [combined100_e40] 12500/14693 (44s, ~8s remaining)
  [combined100_e40] 13000/14693 (45s, ~6s remaining)
  [combined100_e40] 13500/14693 (47s, ~4s remaining)
  [combined100_e40] 14000/14693 (49s, ~2s remaining)
  [combined100_e40] 14500/14693 (50s, ~1s remaining)
  [combined100_e40] Done: 14693 decisions in 51.1s
  [combined100_e40] Saved per-decision errors: experiments/exp029-longrun/dumps/combined100_e40.npz


==========================================================================================
BGSage Money Benchmark - Checker-only, cubeless reference
Positions: 14693 checker decisions from 500 games
Reference: cubeless_equity (Sage 3P / 3T / Rollout)
Engines rank candidates by: cubeless equity
==========================================================================================

MOVE SELECTION (PR = mean error x 500, lower is better)

  Engine                               PR      N  Blndr   prace    race     atk   prime    anch
  --------------------------------------------------------------------------------------
  combined100_e40                    1.33  14693     39    0.49    1.64    1.19    1.32    1.72

  (N per plan)                                             1816    3120    4111    2453    3193

EVAL ACCURACY (R^2 / MSE on predicted vs reference cubeless equity)

  Engine                             R2(rollout)      MSE        N        R2(3T)      MSE        N        R2(3P)      MSE        N       R2(all)      MSE        N
  --------------------------------------------------------------------------------------------------------------
  combined100_e40                         0.9962   0.0023   149113        0.9928   0.0023    61917        0.9928   0.0020   116421        0.9950   0.0022   327451

Saving results to experiments/exp029-longrun/scratch/
  Saved: experiments/exp029-longrun/scratch/combined100_e40.json
  Saved: experiments/exp029-longrun/scratch/summary.json
Loading benchmark: /home/lasse/python-projects/raccoon/data/bgsage/money_benchmark/benchmark.json.gz
  14693 checker decisions from 500 games

Scoring raccoon: combined100_e41 (experiments/exp029-longrun/combined100/checkpoints/ep41.pt)...
  [combined100_e41] 500/14693 (2s, ~52s remaining)
  [combined100_e41] 1000/14693 (4s, ~48s remaining)
  [combined100_e41] 1500/14693 (5s, ~46s remaining)
  [combined100_e41] 2000/14693 (7s, ~44s remaining)
  [combined100_e41] 2500/14693 (9s, ~42s remaining)
  [combined100_e41] 3000/14693 (10s, ~41s remaining)
  [combined100_e41] 3500/14693 (12s, ~39s remaining)
  [combined100_e41] 4000/14693 (14s, ~37s remaining)
  [combined100_e41] 4500/14693 (15s, ~35s remaining)
  [combined100_e41] 5000/14693 (17s, ~33s remaining)
  [combined100_e41] 5500/14693 (19s, ~31s remaining)
  [combined100_e41] 6000/14693 (21s, ~30s remaining)
  [combined100_e41] 6500/14693 (22s, ~28s remaining)
  [combined100_e41] 7000/14693 (24s, ~26s remaining)
  [combined100_e41] 7500/14693 (26s, ~25s remaining)
  [combined100_e41] 8000/14693 (28s, ~23s remaining)
  [combined100_e41] 8500/14693 (29s, ~21s remaining)
  [combined100_e41] 9000/14693 (31s, ~20s remaining)
  [combined100_e41] 9500/14693 (33s, ~18s remaining)
  [combined100_e41] 10000/14693 (35s, ~16s remaining)
  [combined100_e41] 10500/14693 (36s, ~15s remaining)
  [combined100_e41] 11000/14693 (38s, ~13s remaining)
  [combined100_e41] 11500/14693 (40s, ~11s remaining)
  [combined100_e41] 12000/14693 (41s, ~9s remaining)
  [combined100_e41] 12500/14693 (43s, ~8s remaining)
  [combined100_e41] 13000/14693 (45s, ~6s remaining)
  [combined100_e41] 13500/14693 (47s, ~4s remaining)
  [combined100_e41] 14000/14693 (48s, ~2s remaining)
  [combined100_e41] 14500/14693 (50s, ~1s remaining)
  [combined100_e41] Done: 14693 decisions in 50.7s
  [combined100_e41] Saved per-decision errors: experiments/exp029-longrun/dumps/combined100_e41.npz


==========================================================================================
BGSage Money Benchmark - Checker-only, cubeless reference
Positions: 14693 checker decisions from 500 games
Reference: cubeless_equity (Sage 3P / 3T / Rollout)
Engines rank candidates by: cubeless equity
==========================================================================================

MOVE SELECTION (PR = mean error x 500, lower is better)

  Engine                               PR      N  Blndr   prace    race     atk   prime    anch
  --------------------------------------------------------------------------------------
  combined100_e41                    1.35  14693     38    0.57    1.49    1.19    1.58    1.68

  (N per plan)                                             1816    3120    4111    2453    3193

EVAL ACCURACY (R^2 / MSE on predicted vs reference cubeless equity)

  Engine                             R2(rollout)      MSE        N        R2(3T)      MSE        N        R2(3P)      MSE        N       R2(all)      MSE        N
  --------------------------------------------------------------------------------------------------------------
  combined100_e41                         0.9962   0.0023   149113        0.9927   0.0023    61917        0.9924   0.0021   116421        0.9949   0.0022   327451

Saving results to experiments/exp029-longrun/scratch/
  Saved: experiments/exp029-longrun/scratch/combined100_e41.json
  Saved: experiments/exp029-longrun/scratch/summary.json
Loading benchmark: /home/lasse/python-projects/raccoon/data/bgsage/money_benchmark/benchmark.json.gz
  14693 checker decisions from 500 games

Scoring raccoon: combined100_e42 (experiments/exp029-longrun/combined100/checkpoints/ep42.pt)...
  [combined100_e42] 500/14693 (2s, ~52s remaining)
  [combined100_e42] 1000/14693 (4s, ~48s remaining)
  [combined100_e42] 1500/14693 (5s, ~46s remaining)
  [combined100_e42] 2000/14693 (7s, ~44s remaining)
  [combined100_e42] 2500/14693 (9s, ~42s remaining)
  [combined100_e42] 3000/14693 (10s, ~41s remaining)
  [combined100_e42] 3500/14693 (12s, ~39s remaining)
  [combined100_e42] 4000/14693 (14s, ~37s remaining)
  [combined100_e42] 4500/14693 (15s, ~35s remaining)
  [combined100_e42] 5000/14693 (17s, ~33s remaining)
  [combined100_e42] 5500/14693 (19s, ~31s remaining)
  [combined100_e42] 6000/14693 (20s, ~29s remaining)
  [combined100_e42] 6500/14693 (22s, ~28s remaining)
  [combined100_e42] 7000/14693 (24s, ~26s remaining)
  [combined100_e42] 7500/14693 (26s, ~25s remaining)
  [combined100_e42] 8000/14693 (27s, ~23s remaining)
  [combined100_e42] 8500/14693 (29s, ~21s remaining)
  [combined100_e42] 9000/14693 (31s, ~20s remaining)
  [combined100_e42] 9500/14693 (33s, ~18s remaining)
  [combined100_e42] 10000/14693 (34s, ~16s remaining)
  [combined100_e42] 10500/14693 (36s, ~14s remaining)
  [combined100_e42] 11000/14693 (38s, ~13s remaining)
  [combined100_e42] 11500/14693 (39s, ~11s remaining)
  [combined100_e42] 12000/14693 (41s, ~9s remaining)
  [combined100_e42] 12500/14693 (43s, ~8s remaining)
  [combined100_e42] 13000/14693 (45s, ~6s remaining)
  [combined100_e42] 13500/14693 (46s, ~4s remaining)
  [combined100_e42] 14000/14693 (48s, ~2s remaining)
  [combined100_e42] 14500/14693 (50s, ~1s remaining)
  [combined100_e42] Done: 14693 decisions in 50.5s
  [combined100_e42] Saved per-decision errors: experiments/exp029-longrun/dumps/combined100_e42.npz


==========================================================================================
BGSage Money Benchmark - Checker-only, cubeless reference
Positions: 14693 checker decisions from 500 games
Reference: cubeless_equity (Sage 3P / 3T / Rollout)
Engines rank candidates by: cubeless equity
==========================================================================================

MOVE SELECTION (PR = mean error x 500, lower is better)

  Engine                               PR      N  Blndr   prace    race     atk   prime    anch
  --------------------------------------------------------------------------------------
  combined100_e42                    1.35  14693     45    0.54    1.60    1.23    1.49    1.64

  (N per plan)                                             1816    3120    4111    2453    3193

EVAL ACCURACY (R^2 / MSE on predicted vs reference cubeless equity)

  Engine                             R2(rollout)      MSE        N        R2(3T)      MSE        N        R2(3P)      MSE        N       R2(all)      MSE        N
  --------------------------------------------------------------------------------------------------------------
  combined100_e42                         0.9964   0.0022   149113        0.9931   0.0022    61917        0.9930   0.0019   116421        0.9952   0.0021   327451

Saving results to experiments/exp029-longrun/scratch/
  Saved: experiments/exp029-longrun/scratch/combined100_e42.json
  Saved: experiments/exp029-longrun/scratch/summary.json
Loading benchmark: /home/lasse/python-projects/raccoon/data/bgsage/money_benchmark/benchmark.json.gz
  14693 checker decisions from 500 games

Scoring raccoon: combined100_e43 (experiments/exp029-longrun/combined100/checkpoints/ep43.pt)...
  [combined100_e43] 500/14693 (2s, ~53s remaining)
  [combined100_e43] 1000/14693 (4s, ~49s remaining)
  [combined100_e43] 1500/14693 (5s, ~47s remaining)
  [combined100_e43] 2000/14693 (7s, ~45s remaining)
  [combined100_e43] 2500/14693 (9s, ~43s remaining)
  [combined100_e43] 3000/14693 (11s, ~41s remaining)
  [combined100_e43] 3500/14693 (12s, ~39s remaining)
  [combined100_e43] 4000/14693 (14s, ~37s remaining)
  [combined100_e43] 4500/14693 (16s, ~35s remaining)
  [combined100_e43] 5000/14693 (17s, ~34s remaining)
  [combined100_e43] 5500/14693 (19s, ~32s remaining)
  [combined100_e43] 6000/14693 (21s, ~30s remaining)
  [combined100_e43] 6500/14693 (22s, ~28s remaining)
  [combined100_e43] 7000/14693 (24s, ~26s remaining)
  [combined100_e43] 7500/14693 (26s, ~25s remaining)
  [combined100_e43] 8000/14693 (28s, ~23s remaining)
  [combined100_e43] 8500/14693 (29s, ~21s remaining)
  [combined100_e43] 9000/14693 (31s, ~20s remaining)
  [combined100_e43] 9500/14693 (33s, ~18s remaining)
  [combined100_e43] 10000/14693 (35s, ~16s remaining)
  [combined100_e43] 10500/14693 (36s, ~15s remaining)
  [combined100_e43] 11000/14693 (38s, ~13s remaining)
  [combined100_e43] 11500/14693 (40s, ~11s remaining)
  [combined100_e43] 12000/14693 (42s, ~9s remaining)
  [combined100_e43] 12500/14693 (43s, ~8s remaining)
  [combined100_e43] 13000/14693 (45s, ~6s remaining)
  [combined100_e43] 13500/14693 (47s, ~4s remaining)
  [combined100_e43] 14000/14693 (49s, ~2s remaining)
  [combined100_e43] 14500/14693 (50s, ~1s remaining)
  [combined100_e43] Done: 14693 decisions in 50.9s
  [combined100_e43] Saved per-decision errors: experiments/exp029-longrun/dumps/combined100_e43.npz


==========================================================================================
BGSage Money Benchmark - Checker-only, cubeless reference
Positions: 14693 checker decisions from 500 games
Reference: cubeless_equity (Sage 3P / 3T / Rollout)
Engines rank candidates by: cubeless equity
==========================================================================================

MOVE SELECTION (PR = mean error x 500, lower is better)

  Engine                               PR      N  Blndr   prace    race     atk   prime    anch
  --------------------------------------------------------------------------------------
  combined100_e43                    1.38  14693     37    0.54    1.56    1.22    1.60    1.70

  (N per plan)                                             1816    3120    4111    2453    3193

EVAL ACCURACY (R^2 / MSE on predicted vs reference cubeless equity)

  Engine                             R2(rollout)      MSE        N        R2(3T)      MSE        N        R2(3P)      MSE        N       R2(all)      MSE        N
  --------------------------------------------------------------------------------------------------------------
  combined100_e43                         0.9965   0.0021   149113        0.9932   0.0022    61917        0.9933   0.0019   116421        0.9953   0.0020   327451

Saving results to experiments/exp029-longrun/scratch/
  Saved: experiments/exp029-longrun/scratch/combined100_e43.json
  Saved: experiments/exp029-longrun/scratch/summary.json
Loading benchmark: /home/lasse/python-projects/raccoon/data/bgsage/money_benchmark/benchmark.json.gz
  14693 checker decisions from 500 games

Scoring raccoon: combined100_e44 (experiments/exp029-longrun/combined100/checkpoints/ep44.pt)...
  [combined100_e44] 500/14693 (2s, ~53s remaining)
  [combined100_e44] 1000/14693 (4s, ~49s remaining)
  [combined100_e44] 1500/14693 (5s, ~47s remaining)
  [combined100_e44] 2000/14693 (7s, ~45s remaining)
  [combined100_e44] 2500/14693 (9s, ~43s remaining)
  [combined100_e44] 3000/14693 (11s, ~41s remaining)
  [combined100_e44] 3500/14693 (12s, ~39s remaining)
  [combined100_e44] 4000/14693 (14s, ~37s remaining)
  [combined100_e44] 4500/14693 (16s, ~36s remaining)
  [combined100_e44] 5000/14693 (17s, ~34s remaining)
  [combined100_e44] 5500/14693 (19s, ~32s remaining)
  [combined100_e44] 6000/14693 (21s, ~30s remaining)
  [combined100_e44] 6500/14693 (22s, ~28s remaining)
  [combined100_e44] 7000/14693 (24s, ~26s remaining)
  [combined100_e44] 7500/14693 (26s, ~25s remaining)
  [combined100_e44] 8000/14693 (28s, ~23s remaining)
  [combined100_e44] 8500/14693 (30s, ~22s remaining)
  [combined100_e44] 9000/14693 (32s, ~20s remaining)
  [combined100_e44] 9500/14693 (33s, ~18s remaining)
  [combined100_e44] 10000/14693 (35s, ~16s remaining)
  [combined100_e44] 10500/14693 (37s, ~15s remaining)
  [combined100_e44] 11000/14693 (38s, ~13s remaining)
  [combined100_e44] 11500/14693 (40s, ~11s remaining)
  [combined100_e44] 12000/14693 (42s, ~9s remaining)
  [combined100_e44] 12500/14693 (44s, ~8s remaining)
  [combined100_e44] 13000/14693 (45s, ~6s remaining)
  [combined100_e44] 13500/14693 (47s, ~4s remaining)
  [combined100_e44] 14000/14693 (49s, ~2s remaining)
  [combined100_e44] 14500/14693 (51s, ~1s remaining)
  [combined100_e44] Done: 14693 decisions in 51.2s
  [combined100_e44] Saved per-decision errors: experiments/exp029-longrun/dumps/combined100_e44.npz


==========================================================================================
BGSage Money Benchmark - Checker-only, cubeless reference
Positions: 14693 checker decisions from 500 games
Reference: cubeless_equity (Sage 3P / 3T / Rollout)
Engines rank candidates by: cubeless equity
==========================================================================================

MOVE SELECTION (PR = mean error x 500, lower is better)

  Engine                               PR      N  Blndr   prace    race     atk   prime    anch
  --------------------------------------------------------------------------------------
  combined100_e44                    1.34  14693     40    0.52    1.56    1.21    1.48    1.63

  (N per plan)                                             1816    3120    4111    2453    3193

EVAL ACCURACY (R^2 / MSE on predicted vs reference cubeless equity)

  Engine                             R2(rollout)      MSE        N        R2(3T)      MSE        N        R2(3P)      MSE        N       R2(all)      MSE        N
  --------------------------------------------------------------------------------------------------------------
  combined100_e44                         0.9963   0.0022   149113        0.9932   0.0022    61917        0.9931   0.0019   116421        0.9951   0.0021   327451

Saving results to experiments/exp029-longrun/scratch/
  Saved: experiments/exp029-longrun/scratch/combined100_e44.json
  Saved: experiments/exp029-longrun/scratch/summary.json
Loading benchmark: /home/lasse/python-projects/raccoon/data/bgsage/money_benchmark/benchmark.json.gz
  14693 checker decisions from 500 games

Scoring raccoon: combined100_e45 (experiments/exp029-longrun/combined100/checkpoints/ep45.pt)...
  [combined100_e45] 500/14693 (2s, ~52s remaining)
  [combined100_e45] 1000/14693 (4s, ~48s remaining)
  [combined100_e45] 1500/14693 (5s, ~46s remaining)
  [combined100_e45] 2000/14693 (7s, ~44s remaining)
  [combined100_e45] 2500/14693 (9s, ~42s remaining)
  [combined100_e45] 3000/14693 (10s, ~41s remaining)
  [combined100_e45] 3500/14693 (12s, ~39s remaining)
  [combined100_e45] 4000/14693 (14s, ~37s remaining)
  [combined100_e45] 4500/14693 (15s, ~35s remaining)
  [combined100_e45] 5000/14693 (17s, ~33s remaining)
  [combined100_e45] 5500/14693 (19s, ~31s remaining)
  [combined100_e45] 6000/14693 (20s, ~29s remaining)
  [combined100_e45] 6500/14693 (22s, ~28s remaining)
  [combined100_e45] 7000/14693 (24s, ~26s remaining)
  [combined100_e45] 7500/14693 (26s, ~25s remaining)
  [combined100_e45] 8000/14693 (27s, ~23s remaining)
  [combined100_e45] 8500/14693 (29s, ~21s remaining)
  [combined100_e45] 9000/14693 (31s, ~20s remaining)
  [combined100_e45] 9500/14693 (33s, ~18s remaining)
  [combined100_e45] 10000/14693 (34s, ~16s remaining)
  [combined100_e45] 10500/14693 (36s, ~14s remaining)
  [combined100_e45] 11000/14693 (38s, ~13s remaining)
  [combined100_e45] 11500/14693 (39s, ~11s remaining)
  [combined100_e45] 12000/14693 (41s, ~9s remaining)
  [combined100_e45] 12500/14693 (43s, ~8s remaining)
  [combined100_e45] 13000/14693 (45s, ~6s remaining)
  [combined100_e45] 13500/14693 (46s, ~4s remaining)
  [combined100_e45] 14000/14693 (48s, ~2s remaining)
  [combined100_e45] 14500/14693 (50s, ~1s remaining)
  [combined100_e45] Done: 14693 decisions in 50.4s
  [combined100_e45] Saved per-decision errors: experiments/exp029-longrun/dumps/combined100_e45.npz


==========================================================================================
BGSage Money Benchmark - Checker-only, cubeless reference
Positions: 14693 checker decisions from 500 games
Reference: cubeless_equity (Sage 3P / 3T / Rollout)
Engines rank candidates by: cubeless equity
==========================================================================================

MOVE SELECTION (PR = mean error x 500, lower is better)

  Engine                               PR      N  Blndr   prace    race     atk   prime    anch
  --------------------------------------------------------------------------------------
  combined100_e45                    1.36  14693     42    0.57    1.61    1.23    1.42    1.68

  (N per plan)                                             1816    3120    4111    2453    3193

EVAL ACCURACY (R^2 / MSE on predicted vs reference cubeless equity)

  Engine                             R2(rollout)      MSE        N        R2(3T)      MSE        N        R2(3P)      MSE        N       R2(all)      MSE        N
  --------------------------------------------------------------------------------------------------------------
  combined100_e45                         0.9963   0.0022   149113        0.9930   0.0022    61917        0.9928   0.0020   116421        0.9951   0.0021   327451

Saving results to experiments/exp029-longrun/scratch/
  Saved: experiments/exp029-longrun/scratch/combined100_e45.json
  Saved: experiments/exp029-longrun/scratch/summary.json
Loading benchmark: /home/lasse/python-projects/raccoon/data/bgsage/money_benchmark/benchmark.json.gz
  14693 checker decisions from 500 games

Scoring raccoon: combined100_e46 (experiments/exp029-longrun/combined100/checkpoints/ep46.pt)...
  [combined100_e46] 500/14693 (2s, ~54s remaining)
  [combined100_e46] 1000/14693 (4s, ~50s remaining)
  [combined100_e46] 1500/14693 (5s, ~48s remaining)
  [combined100_e46] 2000/14693 (7s, ~46s remaining)
  [combined100_e46] 2500/14693 (9s, ~44s remaining)
  [combined100_e46] 3000/14693 (11s, ~42s remaining)
  [combined100_e46] 3500/14693 (13s, ~40s remaining)
  [combined100_e46] 4000/14693 (14s, ~38s remaining)
  [combined100_e46] 4500/14693 (16s, ~37s remaining)
  [combined100_e46] 5000/14693 (18s, ~35s remaining)
  [combined100_e46] 5500/14693 (20s, ~33s remaining)
  [combined100_e46] 6000/14693 (21s, ~31s remaining)
  [combined100_e46] 6500/14693 (23s, ~29s remaining)
  [combined100_e46] 7000/14693 (25s, ~27s remaining)
  [combined100_e46] 7500/14693 (27s, ~26s remaining)
  [combined100_e46] 8000/14693 (29s, ~24s remaining)
  [combined100_e46] 8500/14693 (31s, ~22s remaining)
  [combined100_e46] 9000/14693 (32s, ~21s remaining)
  [combined100_e46] 9500/14693 (34s, ~19s remaining)
  [combined100_e46] 10000/14693 (36s, ~17s remaining)
  [combined100_e46] 10500/14693 (38s, ~15s remaining)
  [combined100_e46] 11000/14693 (40s, ~13s remaining)
  [combined100_e46] 11500/14693 (41s, ~11s remaining)
  [combined100_e46] 12000/14693 (43s, ~10s remaining)
  [combined100_e46] 12500/14693 (45s, ~8s remaining)
  [combined100_e46] 13000/14693 (47s, ~6s remaining)
  [combined100_e46] 13500/14693 (48s, ~4s remaining)
  [combined100_e46] 14000/14693 (50s, ~2s remaining)
  [combined100_e46] 14500/14693 (52s, ~1s remaining)
  [combined100_e46] Done: 14693 decisions in 52.7s
  [combined100_e46] Saved per-decision errors: experiments/exp029-longrun/dumps/combined100_e46.npz


==========================================================================================
BGSage Money Benchmark - Checker-only, cubeless reference
Positions: 14693 checker decisions from 500 games
Reference: cubeless_equity (Sage 3P / 3T / Rollout)
Engines rank candidates by: cubeless equity
==========================================================================================

MOVE SELECTION (PR = mean error x 500, lower is better)

  Engine                               PR      N  Blndr   prace    race     atk   prime    anch
  --------------------------------------------------------------------------------------
  combined100_e46                    1.34  14693     40    0.58    1.53    1.23    1.44    1.66

  (N per plan)                                             1816    3120    4111    2453    3193

EVAL ACCURACY (R^2 / MSE on predicted vs reference cubeless equity)

  Engine                             R2(rollout)      MSE        N        R2(3T)      MSE        N        R2(3P)      MSE        N       R2(all)      MSE        N
  --------------------------------------------------------------------------------------------------------------
  combined100_e46                         0.9963   0.0022   149113        0.9930   0.0022    61917        0.9931   0.0019   116421        0.9951   0.0021   327451

Saving results to experiments/exp029-longrun/scratch/
  Saved: experiments/exp029-longrun/scratch/combined100_e46.json
  Saved: experiments/exp029-longrun/scratch/summary.json
Loading benchmark: /home/lasse/python-projects/raccoon/data/bgsage/money_benchmark/benchmark.json.gz
  14693 checker decisions from 500 games

Scoring raccoon: combined100_e47 (experiments/exp029-longrun/combined100/checkpoints/ep47.pt)...
  [combined100_e47] 500/14693 (2s, ~53s remaining)
  [combined100_e47] 1000/14693 (4s, ~50s remaining)
  [combined100_e47] 1500/14693 (5s, ~48s remaining)
  [combined100_e47] 2000/14693 (7s, ~46s remaining)
  [combined100_e47] 2500/14693 (9s, ~44s remaining)
  [combined100_e47] 3000/14693 (11s, ~42s remaining)
  [combined100_e47] 3500/14693 (12s, ~40s remaining)
  [combined100_e47] 4000/14693 (14s, ~38s remaining)
  [combined100_e47] 4500/14693 (16s, ~36s remaining)
  [combined100_e47] 5000/14693 (18s, ~34s remaining)
  [combined100_e47] 5500/14693 (19s, ~32s remaining)
  [combined100_e47] 6000/14693 (21s, ~30s remaining)
  [combined100_e47] 6500/14693 (23s, ~29s remaining)
  [combined100_e47] 7000/14693 (25s, ~27s remaining)
  [combined100_e47] 7500/14693 (27s, ~25s remaining)
  [combined100_e47] 8000/14693 (28s, ~24s remaining)
  [combined100_e47] 8500/14693 (30s, ~22s remaining)
  [combined100_e47] 9000/14693 (32s, ~20s remaining)
  [combined100_e47] 9500/14693 (34s, ~19s remaining)
  [combined100_e47] 10000/14693 (36s, ~17s remaining)
  [combined100_e47] 10500/14693 (37s, ~15s remaining)
  [combined100_e47] 11000/14693 (39s, ~13s remaining)
  [combined100_e47] 11500/14693 (41s, ~11s remaining)
  [combined100_e47] 12000/14693 (43s, ~10s remaining)
  [combined100_e47] 12500/14693 (44s, ~8s remaining)
  [combined100_e47] 13000/14693 (46s, ~6s remaining)
  [combined100_e47] 13500/14693 (48s, ~4s remaining)
  [combined100_e47] 14000/14693 (50s, ~2s remaining)
  [combined100_e47] 14500/14693 (51s, ~1s remaining)
  [combined100_e47] Done: 14693 decisions in 52.0s
  [combined100_e47] Saved per-decision errors: experiments/exp029-longrun/dumps/combined100_e47.npz


==========================================================================================
BGSage Money Benchmark - Checker-only, cubeless reference
Positions: 14693 checker decisions from 500 games
Reference: cubeless_equity (Sage 3P / 3T / Rollout)
Engines rank candidates by: cubeless equity
==========================================================================================

MOVE SELECTION (PR = mean error x 500, lower is better)

  Engine                               PR      N  Blndr   prace    race     atk   prime    anch
  --------------------------------------------------------------------------------------
  combined100_e47                    1.31  14693     32    0.51    1.49    1.16    1.48    1.65

  (N per plan)                                             1816    3120    4111    2453    3193

EVAL ACCURACY (R^2 / MSE on predicted vs reference cubeless equity)

  Engine                             R2(rollout)      MSE        N        R2(3T)      MSE        N        R2(3P)      MSE        N       R2(all)      MSE        N
  --------------------------------------------------------------------------------------------------------------
  combined100_e47                         0.9962   0.0023   149113        0.9925   0.0024    61917        0.9920   0.0022   116421        0.9948   0.0023   327451

Saving results to experiments/exp029-longrun/scratch/
  Saved: experiments/exp029-longrun/scratch/combined100_e47.json
  Saved: experiments/exp029-longrun/scratch/summary.json
Loading benchmark: /home/lasse/python-projects/raccoon/data/bgsage/money_benchmark/benchmark.json.gz
  14693 checker decisions from 500 games

Scoring raccoon: combined100_e48 (experiments/exp029-longrun/combined100/checkpoints/ep48.pt)...
  [combined100_e48] 500/14693 (2s, ~53s remaining)
  [combined100_e48] 1000/14693 (4s, ~49s remaining)
  [combined100_e48] 1500/14693 (5s, ~47s remaining)
  [combined100_e48] 2000/14693 (7s, ~45s remaining)
  [combined100_e48] 2500/14693 (9s, ~43s remaining)
  [combined100_e48] 3000/14693 (11s, ~41s remaining)
  [combined100_e48] 3500/14693 (12s, ~39s remaining)
  [combined100_e48] 4000/14693 (14s, ~37s remaining)
  [combined100_e48] 4500/14693 (16s, ~36s remaining)
  [combined100_e48] 5000/14693 (17s, ~34s remaining)
  [combined100_e48] 5500/14693 (19s, ~32s remaining)
  [combined100_e48] 6000/14693 (21s, ~30s remaining)
  [combined100_e48] 6500/14693 (22s, ~28s remaining)
  [combined100_e48] 7000/14693 (24s, ~27s remaining)
  [combined100_e48] 7500/14693 (26s, ~25s remaining)
  [combined100_e48] 8000/14693 (28s, ~23s remaining)
  [combined100_e48] 8500/14693 (30s, ~22s remaining)
  [combined100_e48] 9000/14693 (32s, ~20s remaining)
  [combined100_e48] 9500/14693 (33s, ~18s remaining)
  [combined100_e48] 10000/14693 (35s, ~16s remaining)
  [combined100_e48] 10500/14693 (37s, ~15s remaining)
  [combined100_e48] 11000/14693 (38s, ~13s remaining)
  [combined100_e48] 11500/14693 (40s, ~11s remaining)
  [combined100_e48] 12000/14693 (42s, ~9s remaining)
  [combined100_e48] 12500/14693 (44s, ~8s remaining)
  [combined100_e48] 13000/14693 (45s, ~6s remaining)
  [combined100_e48] 13500/14693 (47s, ~4s remaining)
  [combined100_e48] 14000/14693 (49s, ~2s remaining)
  [combined100_e48] 14500/14693 (51s, ~1s remaining)
  [combined100_e48] Done: 14693 decisions in 51.2s
  [combined100_e48] Saved per-decision errors: experiments/exp029-longrun/dumps/combined100_e48.npz


==========================================================================================
BGSage Money Benchmark - Checker-only, cubeless reference
Positions: 14693 checker decisions from 500 games
Reference: cubeless_equity (Sage 3P / 3T / Rollout)
Engines rank candidates by: cubeless equity
==========================================================================================

MOVE SELECTION (PR = mean error x 500, lower is better)

  Engine                               PR      N  Blndr   prace    race     atk   prime    anch
  --------------------------------------------------------------------------------------
  combined100_e48                    1.32  14693     33    0.56    1.49    1.24    1.45    1.61

  (N per plan)                                             1816    3120    4111    2453    3193

EVAL ACCURACY (R^2 / MSE on predicted vs reference cubeless equity)

  Engine                             R2(rollout)      MSE        N        R2(3T)      MSE        N        R2(3P)      MSE        N       R2(all)      MSE        N
  --------------------------------------------------------------------------------------------------------------
  combined100_e48                         0.9962   0.0023   149113        0.9930   0.0022    61917        0.9930   0.0019   116421        0.9951   0.0022   327451

Saving results to experiments/exp029-longrun/scratch/
  Saved: experiments/exp029-longrun/scratch/combined100_e48.json
  Saved: experiments/exp029-longrun/scratch/summary.json
Loading benchmark: /home/lasse/python-projects/raccoon/data/bgsage/money_benchmark/benchmark.json.gz
  14693 checker decisions from 500 games

Scoring raccoon: combined100_e49 (experiments/exp029-longrun/combined100/checkpoints/ep49.pt)...
  [combined100_e49] 500/14693 (2s, ~53s remaining)
  [combined100_e49] 1000/14693 (4s, ~50s remaining)
  [combined100_e49] 1500/14693 (5s, ~48s remaining)
  [combined100_e49] 2000/14693 (7s, ~46s remaining)
  [combined100_e49] 2500/14693 (9s, ~44s remaining)
  [combined100_e49] 3000/14693 (11s, ~42s remaining)
  [combined100_e49] 3500/14693 (12s, ~40s remaining)
  [combined100_e49] 4000/14693 (14s, ~38s remaining)
  [combined100_e49] 4500/14693 (16s, ~36s remaining)
  [combined100_e49] 5000/14693 (18s, ~34s remaining)
  [combined100_e49] 5500/14693 (19s, ~32s remaining)
  [combined100_e49] 6000/14693 (21s, ~30s remaining)
  [combined100_e49] 6500/14693 (23s, ~28s remaining)
  [combined100_e49] 7000/14693 (24s, ~27s remaining)
  [combined100_e49] 7500/14693 (26s, ~25s remaining)
  [combined100_e49] 8000/14693 (28s, ~24s remaining)
  [combined100_e49] 8500/14693 (30s, ~22s remaining)
  [combined100_e49] 9000/14693 (32s, ~20s remaining)
  [combined100_e49] 9500/14693 (34s, ~18s remaining)
  [combined100_e49] 10000/14693 (35s, ~17s remaining)
  [combined100_e49] 10500/14693 (37s, ~15s remaining)
  [combined100_e49] 11000/14693 (39s, ~13s remaining)
  [combined100_e49] 11500/14693 (40s, ~11s remaining)
  [combined100_e49] 12000/14693 (42s, ~9s remaining)
  [combined100_e49] 12500/14693 (44s, ~8s remaining)
  [combined100_e49] 13000/14693 (46s, ~6s remaining)
  [combined100_e49] 13500/14693 (47s, ~4s remaining)
  [combined100_e49] 14000/14693 (49s, ~2s remaining)
  [combined100_e49] 14500/14693 (51s, ~1s remaining)
  [combined100_e49] Done: 14693 decisions in 51.6s
  [combined100_e49] Saved per-decision errors: experiments/exp029-longrun/dumps/combined100_e49.npz


==========================================================================================
BGSage Money Benchmark - Checker-only, cubeless reference
Positions: 14693 checker decisions from 500 games
Reference: cubeless_equity (Sage 3P / 3T / Rollout)
Engines rank candidates by: cubeless equity
==========================================================================================

MOVE SELECTION (PR = mean error x 500, lower is better)

  Engine                               PR      N  Blndr   prace    race     atk   prime    anch
  --------------------------------------------------------------------------------------
  combined100_e49                    1.29  14693     31    0.54    1.47    1.20    1.44    1.56

  (N per plan)                                             1816    3120    4111    2453    3193

EVAL ACCURACY (R^2 / MSE on predicted vs reference cubeless equity)

  Engine                             R2(rollout)      MSE        N        R2(3T)      MSE        N        R2(3P)      MSE        N       R2(all)      MSE        N
  --------------------------------------------------------------------------------------------------------------
  combined100_e49                         0.9963   0.0022   149113        0.9929   0.0023    61917        0.9927   0.0020   116421        0.9951   0.0021   327451

Saving results to experiments/exp029-longrun/scratch/
  Saved: experiments/exp029-longrun/scratch/combined100_e49.json
  Saved: experiments/exp029-longrun/scratch/summary.json
Loading benchmark: /home/lasse/python-projects/raccoon/data/bgsage/money_benchmark/benchmark.json.gz
  14693 checker decisions from 500 games

Scoring raccoon: combined100_e50 (experiments/exp029-longrun/combined100/checkpoints/ep50.pt)...
  [combined100_e50] 500/14693 (2s, ~54s remaining)
  [combined100_e50] 1000/14693 (4s, ~50s remaining)
  [combined100_e50] 1500/14693 (5s, ~48s remaining)
  [combined100_e50] 2000/14693 (7s, ~46s remaining)
  [combined100_e50] 2500/14693 (9s, ~44s remaining)
  [combined100_e50] 3000/14693 (11s, ~42s remaining)
  [combined100_e50] 3500/14693 (12s, ~40s remaining)
  [combined100_e50] 4000/14693 (14s, ~38s remaining)
  [combined100_e50] 4500/14693 (16s, ~36s remaining)
  [combined100_e50] 5000/14693 (18s, ~34s remaining)
  [combined100_e50] 5500/14693 (19s, ~32s remaining)
  [combined100_e50] 6000/14693 (21s, ~30s remaining)
  [combined100_e50] 6500/14693 (23s, ~28s remaining)
  [combined100_e50] 7000/14693 (24s, ~27s remaining)
  [combined100_e50] 7500/14693 (26s, ~25s remaining)
  [combined100_e50] 8000/14693 (28s, ~24s remaining)
  [combined100_e50] 8500/14693 (30s, ~22s remaining)
  [combined100_e50] 9000/14693 (32s, ~20s remaining)
  [combined100_e50] 9500/14693 (34s, ~18s remaining)
  [combined100_e50] 10000/14693 (35s, ~17s remaining)
  [combined100_e50] 10500/14693 (37s, ~15s remaining)
  [combined100_e50] 11000/14693 (39s, ~13s remaining)
  [combined100_e50] 11500/14693 (41s, ~11s remaining)
  [combined100_e50] 12000/14693 (42s, ~9s remaining)
  [combined100_e50] 12500/14693 (44s, ~8s remaining)
  [combined100_e50] 13000/14693 (46s, ~6s remaining)
  [combined100_e50] 13500/14693 (48s, ~4s remaining)
  [combined100_e50] 14000/14693 (49s, ~2s remaining)
  [combined100_e50] 14500/14693 (51s, ~1s remaining)
  [combined100_e50] Done: 14693 decisions in 51.8s
  [combined100_e50] Saved per-decision errors: experiments/exp029-longrun/dumps/combined100_e50.npz


==========================================================================================
BGSage Money Benchmark - Checker-only, cubeless reference
Positions: 14693 checker decisions from 500 games
Reference: cubeless_equity (Sage 3P / 3T / Rollout)
Engines rank candidates by: cubeless equity
==========================================================================================

MOVE SELECTION (PR = mean error x 500, lower is better)

  Engine                               PR      N  Blndr   prace    race     atk   prime    anch
  --------------------------------------------------------------------------------------
  combined100_e50                    1.33  14693     37    0.51    1.66    1.20    1.46    1.56

  (N per plan)                                             1816    3120    4111    2453    3193

EVAL ACCURACY (R^2 / MSE on predicted vs reference cubeless equity)

  Engine                             R2(rollout)      MSE        N        R2(3T)      MSE        N        R2(3P)      MSE        N       R2(all)      MSE        N
  --------------------------------------------------------------------------------------------------------------
  combined100_e50                         0.9959   0.0025   149113        0.9925   0.0024    61917        0.9921   0.0022   116421        0.9946   0.0023   327451

Saving results to experiments/exp029-longrun/scratch/
  Saved: experiments/exp029-longrun/scratch/combined100_e50.json
  Saved: experiments/exp029-longrun/scratch/summary.json
Loading benchmark: /home/lasse/python-projects/raccoon/data/bgsage/money_benchmark/benchmark.json.gz
  14693 checker decisions from 500 games

Scoring raccoon: combined100_e51 (experiments/exp029-longrun/combined100/checkpoints/ep51.pt)...
  [combined100_e51] 500/14693 (2s, ~52s remaining)
  [combined100_e51] 1000/14693 (4s, ~49s remaining)
  [combined100_e51] 1500/14693 (5s, ~47s remaining)
  [combined100_e51] 2000/14693 (7s, ~45s remaining)
  [combined100_e51] 2500/14693 (9s, ~43s remaining)
  [combined100_e51] 3000/14693 (10s, ~41s remaining)
  [combined100_e51] 3500/14693 (12s, ~39s remaining)
  [combined100_e51] 4000/14693 (14s, ~37s remaining)
  [combined100_e51] 4500/14693 (16s, ~35s remaining)
  [combined100_e51] 5000/14693 (17s, ~33s remaining)
  [combined100_e51] 5500/14693 (19s, ~31s remaining)
  [combined100_e51] 6000/14693 (20s, ~30s remaining)
  [combined100_e51] 6500/14693 (22s, ~28s remaining)
  [combined100_e51] 7000/14693 (24s, ~26s remaining)
  [combined100_e51] 7500/14693 (26s, ~25s remaining)
  [combined100_e51] 8000/14693 (28s, ~23s remaining)
  [combined100_e51] 8500/14693 (29s, ~21s remaining)
  [combined100_e51] 9000/14693 (31s, ~20s remaining)
  [combined100_e51] 9500/14693 (33s, ~18s remaining)
  [combined100_e51] 10000/14693 (34s, ~16s remaining)
  [combined100_e51] 10500/14693 (36s, ~14s remaining)
  [combined100_e51] 11000/14693 (38s, ~13s remaining)
  [combined100_e51] 11500/14693 (40s, ~11s remaining)
  [combined100_e51] 12000/14693 (41s, ~9s remaining)
  [combined100_e51] 12500/14693 (43s, ~8s remaining)
  [combined100_e51] 13000/14693 (45s, ~6s remaining)
  [combined100_e51] 13500/14693 (47s, ~4s remaining)
  [combined100_e51] 14000/14693 (48s, ~2s remaining)
  [combined100_e51] 14500/14693 (50s, ~1s remaining)
  [combined100_e51] Done: 14693 decisions in 50.6s
  [combined100_e51] Saved per-decision errors: experiments/exp029-longrun/dumps/combined100_e51.npz


==========================================================================================
BGSage Money Benchmark - Checker-only, cubeless reference
Positions: 14693 checker decisions from 500 games
Reference: cubeless_equity (Sage 3P / 3T / Rollout)
Engines rank candidates by: cubeless equity
==========================================================================================

MOVE SELECTION (PR = mean error x 500, lower is better)

  Engine                               PR      N  Blndr   prace    race     atk   prime    anch
  --------------------------------------------------------------------------------------
  combined100_e51                    1.32  14693     36    0.47    1.56    1.21    1.42    1.65

  (N per plan)                                             1816    3120    4111    2453    3193

EVAL ACCURACY (R^2 / MSE on predicted vs reference cubeless equity)

  Engine                             R2(rollout)      MSE        N        R2(3T)      MSE        N        R2(3P)      MSE        N       R2(all)      MSE        N
  --------------------------------------------------------------------------------------------------------------
  combined100_e51                         0.9966   0.0021   149113        0.9933   0.0021    61917        0.9934   0.0018   116421        0.9954   0.0020   327451

Saving results to experiments/exp029-longrun/scratch/
  Saved: experiments/exp029-longrun/scratch/combined100_e51.json
  Saved: experiments/exp029-longrun/scratch/summary.json
Loading benchmark: /home/lasse/python-projects/raccoon/data/bgsage/money_benchmark/benchmark.json.gz
  14693 checker decisions from 500 games

Scoring raccoon: combined100_e52 (experiments/exp029-longrun/combined100/checkpoints/ep52.pt)...
  [combined100_e52] 500/14693 (2s, ~52s remaining)
  [combined100_e52] 1000/14693 (4s, ~49s remaining)
  [combined100_e52] 1500/14693 (5s, ~47s remaining)
  [combined100_e52] 2000/14693 (7s, ~45s remaining)
  [combined100_e52] 2500/14693 (9s, ~43s remaining)
  [combined100_e52] 3000/14693 (11s, ~41s remaining)
  [combined100_e52] 3500/14693 (12s, ~39s remaining)
  [combined100_e52] 4000/14693 (14s, ~37s remaining)
  [combined100_e52] 4500/14693 (16s, ~36s remaining)
  [combined100_e52] 5000/14693 (17s, ~34s remaining)
  [combined100_e52] 5500/14693 (19s, ~32s remaining)
  [combined100_e52] 6000/14693 (21s, ~30s remaining)
  [combined100_e52] 6500/14693 (22s, ~28s remaining)
  [combined100_e52] 7000/14693 (24s, ~26s remaining)
  [combined100_e52] 7500/14693 (26s, ~25s remaining)
  [combined100_e52] 8000/14693 (28s, ~23s remaining)
  [combined100_e52] 8500/14693 (30s, ~22s remaining)
  [combined100_e52] 9000/14693 (31s, ~20s remaining)
  [combined100_e52] 9500/14693 (33s, ~18s remaining)
  [combined100_e52] 10000/14693 (35s, ~16s remaining)
  [combined100_e52] 10500/14693 (37s, ~15s remaining)
  [combined100_e52] 11000/14693 (38s, ~13s remaining)
  [combined100_e52] 11500/14693 (40s, ~11s remaining)
  [combined100_e52] 12000/14693 (42s, ~9s remaining)
  [combined100_e52] 12500/14693 (44s, ~8s remaining)
  [combined100_e52] 13000/14693 (45s, ~6s remaining)
  [combined100_e52] 13500/14693 (47s, ~4s remaining)
  [combined100_e52] 14000/14693 (49s, ~2s remaining)
  [combined100_e52] 14500/14693 (51s, ~1s remaining)
  [combined100_e52] Done: 14693 decisions in 51.3s
  [combined100_e52] Saved per-decision errors: experiments/exp029-longrun/dumps/combined100_e52.npz


==========================================================================================
BGSage Money Benchmark - Checker-only, cubeless reference
Positions: 14693 checker decisions from 500 games
Reference: cubeless_equity (Sage 3P / 3T / Rollout)
Engines rank candidates by: cubeless equity
==========================================================================================

MOVE SELECTION (PR = mean error x 500, lower is better)

  Engine                               PR      N  Blndr   prace    race     atk   prime    anch
  --------------------------------------------------------------------------------------
  combined100_e52                    1.34  14693     34    0.47    1.61    1.19    1.51    1.60

  (N per plan)                                             1816    3120    4111    2453    3193

EVAL ACCURACY (R^2 / MSE on predicted vs reference cubeless equity)

  Engine                             R2(rollout)      MSE        N        R2(3T)      MSE        N        R2(3P)      MSE        N       R2(all)      MSE        N
  --------------------------------------------------------------------------------------------------------------
  combined100_e52                         0.9965   0.0021   149113        0.9933   0.0021    61917        0.9935   0.0018   116421        0.9954   0.0020   327451

Saving results to experiments/exp029-longrun/scratch/
  Saved: experiments/exp029-longrun/scratch/combined100_e52.json
  Saved: experiments/exp029-longrun/scratch/summary.json
Loading benchmark: /home/lasse/python-projects/raccoon/data/bgsage/money_benchmark/benchmark.json.gz
  14693 checker decisions from 500 games

Scoring raccoon: combined100_e53 (experiments/exp029-longrun/combined100/checkpoints/ep53.pt)...
  [combined100_e53] 500/14693 (2s, ~52s remaining)
  [combined100_e53] 1000/14693 (4s, ~49s remaining)
  [combined100_e53] 1500/14693 (5s, ~47s remaining)
  [combined100_e53] 2000/14693 (7s, ~45s remaining)
  [combined100_e53] 2500/14693 (9s, ~43s remaining)
  [combined100_e53] 3000/14693 (10s, ~41s remaining)
  [combined100_e53] 3500/14693 (12s, ~39s remaining)
  [combined100_e53] 4000/14693 (14s, ~37s remaining)
  [combined100_e53] 4500/14693 (16s, ~35s remaining)
  [combined100_e53] 5000/14693 (17s, ~34s remaining)
  [combined100_e53] 5500/14693 (19s, ~31s remaining)
  [combined100_e53] 6000/14693 (20s, ~30s remaining)
  [combined100_e53] 6500/14693 (22s, ~28s remaining)
  [combined100_e53] 7000/14693 (24s, ~26s remaining)
  [combined100_e53] 7500/14693 (26s, ~25s remaining)
  [combined100_e53] 8000/14693 (28s, ~23s remaining)
  [combined100_e53] 8500/14693 (29s, ~21s remaining)
  [combined100_e53] 9000/14693 (31s, ~20s remaining)
  [combined100_e53] 9500/14693 (33s, ~18s remaining)
  [combined100_e53] 10000/14693 (35s, ~16s remaining)
  [combined100_e53] 10500/14693 (36s, ~14s remaining)
  [combined100_e53] 11000/14693 (38s, ~13s remaining)
  [combined100_e53] 11500/14693 (40s, ~11s remaining)
  [combined100_e53] 12000/14693 (41s, ~9s remaining)
  [combined100_e53] 12500/14693 (43s, ~8s remaining)
  [combined100_e53] 13000/14693 (45s, ~6s remaining)
  [combined100_e53] 13500/14693 (47s, ~4s remaining)
  [combined100_e53] 14000/14693 (48s, ~2s remaining)
  [combined100_e53] 14500/14693 (50s, ~1s remaining)
  [combined100_e53] Done: 14693 decisions in 50.7s
  [combined100_e53] Saved per-decision errors: experiments/exp029-longrun/dumps/combined100_e53.npz


==========================================================================================
BGSage Money Benchmark - Checker-only, cubeless reference
Positions: 14693 checker decisions from 500 games
Reference: cubeless_equity (Sage 3P / 3T / Rollout)
Engines rank candidates by: cubeless equity
==========================================================================================

MOVE SELECTION (PR = mean error x 500, lower is better)

  Engine                               PR      N  Blndr   prace    race     atk   prime    anch
  --------------------------------------------------------------------------------------
  combined100_e53                    1.30  14693     29    0.48    1.52    1.23    1.43    1.54

  (N per plan)                                             1816    3120    4111    2453    3193

EVAL ACCURACY (R^2 / MSE on predicted vs reference cubeless equity)

  Engine                             R2(rollout)      MSE        N        R2(3T)      MSE        N        R2(3P)      MSE        N       R2(all)      MSE        N
  --------------------------------------------------------------------------------------------------------------
  combined100_e53                         0.9963   0.0022   149113        0.9932   0.0022    61917        0.9932   0.0019   116421        0.9952   0.0021   327451

Saving results to experiments/exp029-longrun/scratch/
  Saved: experiments/exp029-longrun/scratch/combined100_e53.json
  Saved: experiments/exp029-longrun/scratch/summary.json
Loading benchmark: /home/lasse/python-projects/raccoon/data/bgsage/money_benchmark/benchmark.json.gz
  14693 checker decisions from 500 games

Scoring raccoon: combined100_e54 (experiments/exp029-longrun/combined100/checkpoints/ep54.pt)...
  [combined100_e54] 500/14693 (2s, ~54s remaining)
  [combined100_e54] 1000/14693 (4s, ~51s remaining)
  [combined100_e54] 1500/14693 (6s, ~48s remaining)
  [combined100_e54] 2000/14693 (7s, ~46s remaining)
  [combined100_e54] 2500/14693 (9s, ~44s remaining)
  [combined100_e54] 3000/14693 (11s, ~42s remaining)
  [combined100_e54] 3500/14693 (13s, ~40s remaining)
  [combined100_e54] 4000/14693 (14s, ~38s remaining)
  [combined100_e54] 4500/14693 (16s, ~37s remaining)
  [combined100_e54] 5000/14693 (18s, ~35s remaining)
  [combined100_e54] 5500/14693 (20s, ~33s remaining)
  [combined100_e54] 6000/14693 (21s, ~31s remaining)
  [combined100_e54] 6500/14693 (23s, ~29s remaining)
  [combined100_e54] 7000/14693 (25s, ~27s remaining)
  [combined100_e54] 7500/14693 (27s, ~26s remaining)
  [combined100_e54] 8000/14693 (29s, ~24s remaining)
  [combined100_e54] 8500/14693 (30s, ~22s remaining)
  [combined100_e54] 9000/14693 (32s, ~21s remaining)
  [combined100_e54] 9500/14693 (34s, ~19s remaining)
  [combined100_e54] 10000/14693 (36s, ~17s remaining)
  [combined100_e54] 10500/14693 (38s, ~15s remaining)
  [combined100_e54] 11000/14693 (39s, ~13s remaining)
  [combined100_e54] 11500/14693 (41s, ~11s remaining)
  [combined100_e54] 12000/14693 (43s, ~10s remaining)
  [combined100_e54] 12500/14693 (45s, ~8s remaining)
  [combined100_e54] 13000/14693 (47s, ~6s remaining)
  [combined100_e54] 13500/14693 (48s, ~4s remaining)
  [combined100_e54] 14000/14693 (50s, ~2s remaining)
  [combined100_e54] 14500/14693 (52s, ~1s remaining)
  [combined100_e54] Done: 14693 decisions in 52.6s
  [combined100_e54] Saved per-decision errors: experiments/exp029-longrun/dumps/combined100_e54.npz


==========================================================================================
BGSage Money Benchmark - Checker-only, cubeless reference
Positions: 14693 checker decisions from 500 games
Reference: cubeless_equity (Sage 3P / 3T / Rollout)
Engines rank candidates by: cubeless equity
==========================================================================================

MOVE SELECTION (PR = mean error x 500, lower is better)

  Engine                               PR      N  Blndr   prace    race     atk   prime    anch
  --------------------------------------------------------------------------------------
  combined100_e54                    1.30  14693     31    0.49    1.49    1.22    1.33    1.64

  (N per plan)                                             1816    3120    4111    2453    3193

EVAL ACCURACY (R^2 / MSE on predicted vs reference cubeless equity)

  Engine                             R2(rollout)      MSE        N        R2(3T)      MSE        N        R2(3P)      MSE        N       R2(all)      MSE        N
  --------------------------------------------------------------------------------------------------------------
  combined100_e54                         0.9964   0.0021   149113        0.9930   0.0022    61917        0.9927   0.0020   116421        0.9951   0.0021   327451

Saving results to experiments/exp029-longrun/scratch/
  Saved: experiments/exp029-longrun/scratch/combined100_e54.json
  Saved: experiments/exp029-longrun/scratch/summary.json
Loading benchmark: /home/lasse/python-projects/raccoon/data/bgsage/money_benchmark/benchmark.json.gz
  14693 checker decisions from 500 games

Scoring raccoon: combined100_e55 (experiments/exp029-longrun/combined100/checkpoints/ep55.pt)...
  [combined100_e55] 500/14693 (2s, ~54s remaining)
  [combined100_e55] 1000/14693 (4s, ~50s remaining)
  [combined100_e55] 1500/14693 (5s, ~48s remaining)
  [combined100_e55] 2000/14693 (7s, ~46s remaining)
  [combined100_e55] 2500/14693 (9s, ~44s remaining)
  [combined100_e55] 3000/14693 (11s, ~42s remaining)
  [combined100_e55] 3500/14693 (13s, ~40s remaining)
  [combined100_e55] 4000/14693 (14s, ~38s remaining)
  [combined100_e55] 4500/14693 (16s, ~36s remaining)
  [combined100_e55] 5000/14693 (18s, ~35s remaining)
  [combined100_e55] 5500/14693 (19s, ~33s remaining)
  [combined100_e55] 6000/14693 (21s, ~31s remaining)
  [combined100_e55] 6500/14693 (23s, ~29s remaining)
  [combined100_e55] 7000/14693 (25s, ~27s remaining)
  [combined100_e55] 7500/14693 (27s, ~26s remaining)
  [combined100_e55] 8000/14693 (29s, ~24s remaining)
  [combined100_e55] 8500/14693 (30s, ~22s remaining)
  [combined100_e55] 9000/14693 (32s, ~20s remaining)
  [combined100_e55] 9500/14693 (34s, ~19s remaining)
  [combined100_e55] 10000/14693 (36s, ~17s remaining)
  [combined100_e55] 10500/14693 (38s, ~15s remaining)
  [combined100_e55] 11000/14693 (39s, ~13s remaining)
  [combined100_e55] 11500/14693 (41s, ~11s remaining)
  [combined100_e55] 12000/14693 (43s, ~10s remaining)
  [combined100_e55] 12500/14693 (45s, ~8s remaining)
  [combined100_e55] 13000/14693 (46s, ~6s remaining)
  [combined100_e55] 13500/14693 (48s, ~4s remaining)
  [combined100_e55] 14000/14693 (50s, ~2s remaining)
  [combined100_e55] 14500/14693 (52s, ~1s remaining)
  [combined100_e55] Done: 14693 decisions in 52.4s
  [combined100_e55] Saved per-decision errors: experiments/exp029-longrun/dumps/combined100_e55.npz


==========================================================================================
BGSage Money Benchmark - Checker-only, cubeless reference
Positions: 14693 checker decisions from 500 games
Reference: cubeless_equity (Sage 3P / 3T / Rollout)
Engines rank candidates by: cubeless equity
==========================================================================================

MOVE SELECTION (PR = mean error x 500, lower is better)

  Engine                               PR      N  Blndr   prace    race     atk   prime    anch
  --------------------------------------------------------------------------------------
  combined100_e55                    1.29  14693     37    0.47    1.54    1.18    1.47    1.51

  (N per plan)                                             1816    3120    4111    2453    3193

EVAL ACCURACY (R^2 / MSE on predicted vs reference cubeless equity)

  Engine                             R2(rollout)      MSE        N        R2(3T)      MSE        N        R2(3P)      MSE        N       R2(all)      MSE        N
  --------------------------------------------------------------------------------------------------------------
  combined100_e55                         0.9964   0.0021   149113        0.9933   0.0021    61917        0.9933   0.0018   116421        0.9953   0.0020   327451

Saving results to experiments/exp029-longrun/scratch/
  Saved: experiments/exp029-longrun/scratch/combined100_e55.json
  Saved: experiments/exp029-longrun/scratch/summary.json
Loading benchmark: /home/lasse/python-projects/raccoon/data/bgsage/money_benchmark/benchmark.json.gz
  14693 checker decisions from 500 games

Scoring raccoon: combined100_e56 (experiments/exp029-longrun/combined100/checkpoints/ep56.pt)...
  [combined100_e56] 500/14693 (2s, ~53s remaining)
  [combined100_e56] 1000/14693 (4s, ~49s remaining)
  [combined100_e56] 1500/14693 (5s, ~47s remaining)
  [combined100_e56] 2000/14693 (7s, ~45s remaining)
  [combined100_e56] 2500/14693 (9s, ~43s remaining)
  [combined100_e56] 3000/14693 (11s, ~41s remaining)
  [combined100_e56] 3500/14693 (12s, ~39s remaining)
  [combined100_e56] 4000/14693 (14s, ~37s remaining)
  [combined100_e56] 4500/14693 (16s, ~36s remaining)
  [combined100_e56] 5000/14693 (17s, ~34s remaining)
  [combined100_e56] 5500/14693 (19s, ~32s remaining)
  [combined100_e56] 6000/14693 (21s, ~30s remaining)
  [combined100_e56] 6500/14693 (22s, ~28s remaining)
  [combined100_e56] 7000/14693 (24s, ~27s remaining)
  [combined100_e56] 7500/14693 (26s, ~25s remaining)
  [combined100_e56] 8000/14693 (28s, ~23s remaining)
  [combined100_e56] 8500/14693 (30s, ~22s remaining)
  [combined100_e56] 9000/14693 (32s, ~20s remaining)
  [combined100_e56] 9500/14693 (33s, ~18s remaining)
  [combined100_e56] 10000/14693 (35s, ~16s remaining)
  [combined100_e56] 10500/14693 (37s, ~15s remaining)
  [combined100_e56] 11000/14693 (39s, ~13s remaining)
  [combined100_e56] 11500/14693 (40s, ~11s remaining)
  [combined100_e56] 12000/14693 (42s, ~9s remaining)
  [combined100_e56] 12500/14693 (44s, ~8s remaining)
  [combined100_e56] 13000/14693 (45s, ~6s remaining)
  [combined100_e56] 13500/14693 (47s, ~4s remaining)
  [combined100_e56] 14000/14693 (49s, ~2s remaining)
  [combined100_e56] 14500/14693 (51s, ~1s remaining)
  [combined100_e56] Done: 14693 decisions in 51.3s
  [combined100_e56] Saved per-decision errors: experiments/exp029-longrun/dumps/combined100_e56.npz


==========================================================================================
BGSage Money Benchmark - Checker-only, cubeless reference
Positions: 14693 checker decisions from 500 games
Reference: cubeless_equity (Sage 3P / 3T / Rollout)
Engines rank candidates by: cubeless equity
==========================================================================================

MOVE SELECTION (PR = mean error x 500, lower is better)

  Engine                               PR      N  Blndr   prace    race     atk   prime    anch
  --------------------------------------------------------------------------------------
  combined100_e56                    1.33  14693     34    0.51    1.54    1.18    1.49    1.63

  (N per plan)                                             1816    3120    4111    2453    3193

EVAL ACCURACY (R^2 / MSE on predicted vs reference cubeless equity)

  Engine                             R2(rollout)      MSE        N        R2(3T)      MSE        N        R2(3P)      MSE        N       R2(all)      MSE        N
  --------------------------------------------------------------------------------------------------------------
  combined100_e56                         0.9963   0.0022   149113        0.9929   0.0023    61917        0.9928   0.0020   116421        0.9951   0.0021   327451

Saving results to experiments/exp029-longrun/scratch/
  Saved: experiments/exp029-longrun/scratch/combined100_e56.json
  Saved: experiments/exp029-longrun/scratch/summary.json
Loading benchmark: /home/lasse/python-projects/raccoon/data/bgsage/money_benchmark/benchmark.json.gz
  14693 checker decisions from 500 games

Scoring raccoon: combined100_e57 (experiments/exp029-longrun/combined100/checkpoints/ep57.pt)...
  [combined100_e57] 500/14693 (2s, ~52s remaining)
  [combined100_e57] 1000/14693 (4s, ~49s remaining)
  [combined100_e57] 1500/14693 (5s, ~47s remaining)
  [combined100_e57] 2000/14693 (7s, ~45s remaining)
  [combined100_e57] 2500/14693 (9s, ~43s remaining)
  [combined100_e57] 3000/14693 (11s, ~41s remaining)
  [combined100_e57] 3500/14693 (12s, ~39s remaining)
  [combined100_e57] 4000/14693 (14s, ~37s remaining)
  [combined100_e57] 4500/14693 (16s, ~35s remaining)
  [combined100_e57] 5000/14693 (17s, ~34s remaining)
  [combined100_e57] 5500/14693 (19s, ~32s remaining)
  [combined100_e57] 6000/14693 (21s, ~30s remaining)
  [combined100_e57] 6500/14693 (22s, ~28s remaining)
  [combined100_e57] 7000/14693 (24s, ~26s remaining)
  [combined100_e57] 7500/14693 (26s, ~25s remaining)
  [combined100_e57] 8000/14693 (28s, ~23s remaining)
  [combined100_e57] 8500/14693 (29s, ~21s remaining)
  [combined100_e57] 9000/14693 (31s, ~20s remaining)
  [combined100_e57] 9500/14693 (33s, ~18s remaining)
  [combined100_e57] 10000/14693 (35s, ~16s remaining)
  [combined100_e57] 10500/14693 (36s, ~15s remaining)
  [combined100_e57] 11000/14693 (38s, ~13s remaining)
  [combined100_e57] 11500/14693 (40s, ~11s remaining)
  [combined100_e57] 12000/14693 (42s, ~9s remaining)
  [combined100_e57] 12500/14693 (43s, ~8s remaining)
  [combined100_e57] 13000/14693 (45s, ~6s remaining)
  [combined100_e57] 13500/14693 (47s, ~4s remaining)
  [combined100_e57] 14000/14693 (49s, ~2s remaining)
  [combined100_e57] 14500/14693 (50s, ~1s remaining)
  [combined100_e57] Done: 14693 decisions in 50.9s
  [combined100_e57] Saved per-decision errors: experiments/exp029-longrun/dumps/combined100_e57.npz


==========================================================================================
BGSage Money Benchmark - Checker-only, cubeless reference
Positions: 14693 checker decisions from 500 games
Reference: cubeless_equity (Sage 3P / 3T / Rollout)
Engines rank candidates by: cubeless equity
==========================================================================================

MOVE SELECTION (PR = mean error x 500, lower is better)

  Engine                               PR      N  Blndr   prace    race     atk   prime    anch
  --------------------------------------------------------------------------------------
  combined100_e57                    1.31  14693     34    0.52    1.61    1.19    1.43    1.54

  (N per plan)                                             1816    3120    4111    2453    3193

EVAL ACCURACY (R^2 / MSE on predicted vs reference cubeless equity)

  Engine                             R2(rollout)      MSE        N        R2(3T)      MSE        N        R2(3P)      MSE        N       R2(all)      MSE        N
  --------------------------------------------------------------------------------------------------------------
  combined100_e57                         0.9966   0.0021   149113        0.9934   0.0021    61917        0.9936   0.0018   116421        0.9955   0.0020   327451

Saving results to experiments/exp029-longrun/scratch/
  Saved: experiments/exp029-longrun/scratch/combined100_e57.json
  Saved: experiments/exp029-longrun/scratch/summary.json
Loading benchmark: /home/lasse/python-projects/raccoon/data/bgsage/money_benchmark/benchmark.json.gz
  14693 checker decisions from 500 games

Scoring raccoon: combined100_e58 (experiments/exp029-longrun/combined100/checkpoints/ep58.pt)...
  [combined100_e58] 500/14693 (2s, ~52s remaining)
  [combined100_e58] 1000/14693 (4s, ~48s remaining)
  [combined100_e58] 1500/14693 (5s, ~46s remaining)
  [combined100_e58] 2000/14693 (7s, ~44s remaining)
  [combined100_e58] 2500/14693 (9s, ~43s remaining)
  [combined100_e58] 3000/14693 (11s, ~41s remaining)
  [combined100_e58] 3500/14693 (12s, ~39s remaining)
  [combined100_e58] 4000/14693 (14s, ~37s remaining)
  [combined100_e58] 4500/14693 (16s, ~35s remaining)
  [combined100_e58] 5000/14693 (17s, ~34s remaining)
  [combined100_e58] 5500/14693 (19s, ~32s remaining)
  [combined100_e58] 6000/14693 (21s, ~30s remaining)
  [combined100_e58] 6500/14693 (22s, ~28s remaining)
  [combined100_e58] 7000/14693 (24s, ~26s remaining)
  [combined100_e58] 7500/14693 (26s, ~25s remaining)
  [combined100_e58] 8000/14693 (28s, ~23s remaining)
  [combined100_e58] 8500/14693 (29s, ~21s remaining)
  [combined100_e58] 9000/14693 (31s, ~20s remaining)
  [combined100_e58] 9500/14693 (33s, ~18s remaining)
  [combined100_e58] 10000/14693 (35s, ~16s remaining)
  [combined100_e58] 10500/14693 (36s, ~14s remaining)
  [combined100_e58] 11000/14693 (38s, ~13s remaining)
  [combined100_e58] 11500/14693 (40s, ~11s remaining)
  [combined100_e58] 12000/14693 (41s, ~9s remaining)
  [combined100_e58] 12500/14693 (43s, ~8s remaining)
  [combined100_e58] 13000/14693 (45s, ~6s remaining)
  [combined100_e58] 13500/14693 (46s, ~4s remaining)
  [combined100_e58] 14000/14693 (48s, ~2s remaining)
  [combined100_e58] 14500/14693 (50s, ~1s remaining)
  [combined100_e58] Done: 14693 decisions in 50.5s
  [combined100_e58] Saved per-decision errors: experiments/exp029-longrun/dumps/combined100_e58.npz


==========================================================================================
BGSage Money Benchmark - Checker-only, cubeless reference
Positions: 14693 checker decisions from 500 games
Reference: cubeless_equity (Sage 3P / 3T / Rollout)
Engines rank candidates by: cubeless equity
==========================================================================================

MOVE SELECTION (PR = mean error x 500, lower is better)

  Engine                               PR      N  Blndr   prace    race     atk   prime    anch
  --------------------------------------------------------------------------------------
  combined100_e58                    1.30  14693     32    0.52    1.51    1.21    1.37    1.59

  (N per plan)                                             1816    3120    4111    2453    3193

EVAL ACCURACY (R^2 / MSE on predicted vs reference cubeless equity)

  Engine                             R2(rollout)      MSE        N        R2(3T)      MSE        N        R2(3P)      MSE        N       R2(all)      MSE        N
  --------------------------------------------------------------------------------------------------------------
  combined100_e58                         0.9960   0.0024   149113        0.9927   0.0023    61917        0.9929   0.0020   116421        0.9949   0.0022   327451

Saving results to experiments/exp029-longrun/scratch/
  Saved: experiments/exp029-longrun/scratch/combined100_e58.json
  Saved: experiments/exp029-longrun/scratch/summary.json
Loading benchmark: /home/lasse/python-projects/raccoon/data/bgsage/money_benchmark/benchmark.json.gz
  14693 checker decisions from 500 games

Scoring raccoon: combined100_e59 (experiments/exp029-longrun/combined100/checkpoints/ep59.pt)...
  [combined100_e59] 500/14693 (2s, ~56s remaining)
  [combined100_e59] 1000/14693 (4s, ~52s remaining)
  [combined100_e59] 1500/14693 (6s, ~50s remaining)
  [combined100_e59] 2000/14693 (8s, ~48s remaining)
  [combined100_e59] 2500/14693 (9s, ~46s remaining)
  [combined100_e59] 3000/14693 (11s, ~44s remaining)
  [combined100_e59] 3500/14693 (13s, ~42s remaining)
  [combined100_e59] 4000/14693 (15s, ~40s remaining)
  [combined100_e59] 4500/14693 (17s, ~38s remaining)
  [combined100_e59] 5000/14693 (18s, ~36s remaining)
  [combined100_e59] 5500/14693 (20s, ~34s remaining)
  [combined100_e59] 6000/14693 (22s, ~32s remaining)
  [combined100_e59] 6500/14693 (24s, ~30s remaining)
  [combined100_e59] 7000/14693 (25s, ~28s remaining)
  [combined100_e59] 7500/14693 (27s, ~26s remaining)
  [combined100_e59] 8000/14693 (29s, ~25s remaining)
  [combined100_e59] 8500/14693 (31s, ~23s remaining)
  [combined100_e59] 9000/14693 (33s, ~21s remaining)
  [combined100_e59] 9500/14693 (35s, ~19s remaining)
  [combined100_e59] 10000/14693 (37s, ~17s remaining)
  [combined100_e59] 10500/14693 (39s, ~15s remaining)
  [combined100_e59] 11000/14693 (41s, ~14s remaining)
  [combined100_e59] 11500/14693 (42s, ~12s remaining)
  [combined100_e59] 12000/14693 (44s, ~10s remaining)
  [combined100_e59] 12500/14693 (46s, ~8s remaining)
  [combined100_e59] 13000/14693 (48s, ~6s remaining)
  [combined100_e59] 13500/14693 (50s, ~4s remaining)
  [combined100_e59] 14000/14693 (51s, ~3s remaining)
  [combined100_e59] 14500/14693 (53s, ~1s remaining)
  [combined100_e59] Done: 14693 decisions in 54.0s
  [combined100_e59] Saved per-decision errors: experiments/exp029-longrun/dumps/combined100_e59.npz


==========================================================================================
BGSage Money Benchmark - Checker-only, cubeless reference
Positions: 14693 checker decisions from 500 games
Reference: cubeless_equity (Sage 3P / 3T / Rollout)
Engines rank candidates by: cubeless equity
==========================================================================================

MOVE SELECTION (PR = mean error x 500, lower is better)

  Engine                               PR      N  Blndr   prace    race     atk   prime    anch
  --------------------------------------------------------------------------------------
  combined100_e59                    1.29  14693     33    0.52    1.51    1.20    1.40    1.57

  (N per plan)                                             1816    3120    4111    2453    3193

EVAL ACCURACY (R^2 / MSE on predicted vs reference cubeless equity)

  Engine                             R2(rollout)      MSE        N        R2(3T)      MSE        N        R2(3P)      MSE        N       R2(all)      MSE        N
  --------------------------------------------------------------------------------------------------------------
  combined100_e59                         0.9963   0.0022   149113        0.9929   0.0023    61917        0.9927   0.0020   116421        0.9950   0.0022   327451

Saving results to experiments/exp029-longrun/scratch/
  Saved: experiments/exp029-longrun/scratch/combined100_e59.json
  Saved: experiments/exp029-longrun/scratch/summary.json
Loading benchmark: /home/lasse/python-projects/raccoon/data/bgsage/money_benchmark/benchmark.json.gz
  14693 checker decisions from 500 games

Scoring raccoon: combined100_e60 (experiments/exp029-longrun/combined100/checkpoints/ep60.pt)...
  [combined100_e60] 500/14693 (2s, ~54s remaining)
  [combined100_e60] 1000/14693 (4s, ~51s remaining)
  [combined100_e60] 1500/14693 (6s, ~49s remaining)
  [combined100_e60] 2000/14693 (7s, ~46s remaining)
  [combined100_e60] 2500/14693 (9s, ~44s remaining)
  [combined100_e60] 3000/14693 (11s, ~43s remaining)
  [combined100_e60] 3500/14693 (13s, ~40s remaining)
  [combined100_e60] 4000/14693 (14s, ~39s remaining)
  [combined100_e60] 4500/14693 (16s, ~37s remaining)
  [combined100_e60] 5000/14693 (18s, ~35s remaining)
  [combined100_e60] 5500/14693 (20s, ~33s remaining)
  [combined100_e60] 6000/14693 (21s, ~31s remaining)
  [combined100_e60] 6500/14693 (23s, ~29s remaining)
  [combined100_e60] 7000/14693 (25s, ~27s remaining)
  [combined100_e60] 7500/14693 (27s, ~26s remaining)
  [combined100_e60] 8000/14693 (29s, ~24s remaining)
  [combined100_e60] 8500/14693 (31s, ~22s remaining)
  [combined100_e60] 9000/14693 (32s, ~21s remaining)
  [combined100_e60] 9500/14693 (34s, ~19s remaining)
  [combined100_e60] 10000/14693 (36s, ~17s remaining)
  [combined100_e60] 10500/14693 (38s, ~15s remaining)
  [combined100_e60] 11000/14693 (40s, ~13s remaining)
  [combined100_e60] 11500/14693 (41s, ~11s remaining)
  [combined100_e60] 12000/14693 (43s, ~10s remaining)
  [combined100_e60] 12500/14693 (45s, ~8s remaining)
  [combined100_e60] 13000/14693 (47s, ~6s remaining)
  [combined100_e60] 13500/14693 (48s, ~4s remaining)
  [combined100_e60] 14000/14693 (50s, ~2s remaining)
  [combined100_e60] 14500/14693 (52s, ~1s remaining)
  [combined100_e60] Done: 14693 decisions in 52.7s
  [combined100_e60] Saved per-decision errors: experiments/exp029-longrun/dumps/combined100_e60.npz


==========================================================================================
BGSage Money Benchmark - Checker-only, cubeless reference
Positions: 14693 checker decisions from 500 games
Reference: cubeless_equity (Sage 3P / 3T / Rollout)
Engines rank candidates by: cubeless equity
==========================================================================================

MOVE SELECTION (PR = mean error x 500, lower is better)

  Engine                               PR      N  Blndr   prace    race     atk   prime    anch
  --------------------------------------------------------------------------------------
  combined100_e60                    1.31  14693     32    0.53    1.59    1.14    1.45    1.58

  (N per plan)                                             1816    3120    4111    2453    3193

EVAL ACCURACY (R^2 / MSE on predicted vs reference cubeless equity)

  Engine                             R2(rollout)      MSE        N        R2(3T)      MSE        N        R2(3P)      MSE        N       R2(all)      MSE        N
  --------------------------------------------------------------------------------------------------------------
  combined100_e60                         0.9962   0.0023   149113        0.9929   0.0023    61917        0.9928   0.0020   116421        0.9950   0.0022   327451

Saving results to experiments/exp029-longrun/scratch/
  Saved: experiments/exp029-longrun/scratch/combined100_e60.json
  Saved: experiments/exp029-longrun/scratch/summary.json
Loading benchmark: /home/lasse/python-projects/raccoon/data/bgsage/money_benchmark/benchmark.json.gz
  14693 checker decisions from 500 games

Scoring raccoon: combined100_e61 (experiments/exp029-longrun/combined100/checkpoints/ep61.pt)...
  [combined100_e61] 500/14693 (2s, ~54s remaining)
  [combined100_e61] 1000/14693 (4s, ~50s remaining)
  [combined100_e61] 1500/14693 (5s, ~48s remaining)
  [combined100_e61] 2000/14693 (7s, ~46s remaining)
  [combined100_e61] 2500/14693 (9s, ~44s remaining)
  [combined100_e61] 3000/14693 (11s, ~42s remaining)
  [combined100_e61] 3500/14693 (13s, ~40s remaining)
  [combined100_e61] 4000/14693 (14s, ~38s remaining)
  [combined100_e61] 4500/14693 (16s, ~36s remaining)
  [combined100_e61] 5000/14693 (18s, ~34s remaining)
  [combined100_e61] 5500/14693 (19s, ~32s remaining)
  [combined100_e61] 6000/14693 (21s, ~30s remaining)
  [combined100_e61] 6500/14693 (23s, ~29s remaining)
  [combined100_e61] 7000/14693 (25s, ~27s remaining)
  [combined100_e61] 7500/14693 (26s, ~25s remaining)
  [combined100_e61] 8000/14693 (28s, ~24s remaining)
  [combined100_e61] 8500/14693 (30s, ~22s remaining)
  [combined100_e61] 9000/14693 (32s, ~20s remaining)
  [combined100_e61] 9500/14693 (34s, ~19s remaining)
  [combined100_e61] 10000/14693 (36s, ~17s remaining)
  [combined100_e61] 10500/14693 (37s, ~15s remaining)
  [combined100_e61] 11000/14693 (39s, ~13s remaining)
  [combined100_e61] 11500/14693 (41s, ~11s remaining)
  [combined100_e61] 12000/14693 (43s, ~10s remaining)
  [combined100_e61] 12500/14693 (44s, ~8s remaining)
  [combined100_e61] 13000/14693 (46s, ~6s remaining)
  [combined100_e61] 13500/14693 (48s, ~4s remaining)
  [combined100_e61] 14000/14693 (50s, ~2s remaining)
  [combined100_e61] 14500/14693 (51s, ~1s remaining)
  [combined100_e61] Done: 14693 decisions in 52.1s
  [combined100_e61] Saved per-decision errors: experiments/exp029-longrun/dumps/combined100_e61.npz


==========================================================================================
BGSage Money Benchmark - Checker-only, cubeless reference
Positions: 14693 checker decisions from 500 games
Reference: cubeless_equity (Sage 3P / 3T / Rollout)
Engines rank candidates by: cubeless equity
==========================================================================================

MOVE SELECTION (PR = mean error x 500, lower is better)

  Engine                               PR      N  Blndr   prace    race     atk   prime    anch
  --------------------------------------------------------------------------------------
  combined100_e61                    1.31  14693     34    0.57    1.54    1.20    1.33    1.63

  (N per plan)                                             1816    3120    4111    2453    3193

EVAL ACCURACY (R^2 / MSE on predicted vs reference cubeless equity)

  Engine                             R2(rollout)      MSE        N        R2(3T)      MSE        N        R2(3P)      MSE        N       R2(all)      MSE        N
  --------------------------------------------------------------------------------------------------------------
  combined100_e61                         0.9964   0.0022   149113        0.9931   0.0022    61917        0.9932   0.0019   116421        0.9953   0.0021   327451

Saving results to experiments/exp029-longrun/scratch/
  Saved: experiments/exp029-longrun/scratch/combined100_e61.json
  Saved: experiments/exp029-longrun/scratch/summary.json
Loading benchmark: /home/lasse/python-projects/raccoon/data/bgsage/money_benchmark/benchmark.json.gz
  14693 checker decisions from 500 games

Scoring raccoon: combined100_e62 (experiments/exp029-longrun/combined100/checkpoints/ep62.pt)...
  [combined100_e62] 500/14693 (2s, ~52s remaining)
  [combined100_e62] 1000/14693 (4s, ~48s remaining)
  [combined100_e62] 1500/14693 (5s, ~46s remaining)
  [combined100_e62] 2000/14693 (7s, ~44s remaining)
  [combined100_e62] 2500/14693 (9s, ~42s remaining)
  [combined100_e62] 3000/14693 (10s, ~41s remaining)
  [combined100_e62] 3500/14693 (12s, ~39s remaining)
  [combined100_e62] 4000/14693 (14s, ~37s remaining)
  [combined100_e62] 4500/14693 (15s, ~35s remaining)
  [combined100_e62] 5000/14693 (17s, ~33s remaining)
  [combined100_e62] 5500/14693 (19s, ~31s remaining)
  [combined100_e62] 6000/14693 (20s, ~29s remaining)
  [combined100_e62] 6500/14693 (22s, ~28s remaining)
  [combined100_e62] 7000/14693 (24s, ~26s remaining)
  [combined100_e62] 7500/14693 (26s, ~25s remaining)
  [combined100_e62] 8000/14693 (27s, ~23s remaining)
  [combined100_e62] 8500/14693 (29s, ~21s remaining)
  [combined100_e62] 9000/14693 (31s, ~20s remaining)
  [combined100_e62] 9500/14693 (33s, ~18s remaining)
  [combined100_e62] 10000/14693 (34s, ~16s remaining)
  [combined100_e62] 10500/14693 (36s, ~14s remaining)
  [combined100_e62] 11000/14693 (38s, ~13s remaining)
  [combined100_e62] 11500/14693 (39s, ~11s remaining)
  [combined100_e62] 12000/14693 (41s, ~9s remaining)
  [combined100_e62] 12500/14693 (43s, ~8s remaining)
  [combined100_e62] 13000/14693 (45s, ~6s remaining)
  [combined100_e62] 13500/14693 (46s, ~4s remaining)
  [combined100_e62] 14000/14693 (48s, ~2s remaining)
  [combined100_e62] 14500/14693 (50s, ~1s remaining)
  [combined100_e62] Done: 14693 decisions in 50.4s
  [combined100_e62] Saved per-decision errors: experiments/exp029-longrun/dumps/combined100_e62.npz


==========================================================================================
BGSage Money Benchmark - Checker-only, cubeless reference
Positions: 14693 checker decisions from 500 games
Reference: cubeless_equity (Sage 3P / 3T / Rollout)
Engines rank candidates by: cubeless equity
==========================================================================================

MOVE SELECTION (PR = mean error x 500, lower is better)

  Engine                               PR      N  Blndr   prace    race     atk   prime    anch
  --------------------------------------------------------------------------------------
  combined100_e62                    1.31  14693     29    0.50    1.55    1.19    1.43    1.59

  (N per plan)                                             1816    3120    4111    2453    3193

EVAL ACCURACY (R^2 / MSE on predicted vs reference cubeless equity)

  Engine                             R2(rollout)      MSE        N        R2(3T)      MSE        N        R2(3P)      MSE        N       R2(all)      MSE        N
  --------------------------------------------------------------------------------------------------------------
  combined100_e62                         0.9963   0.0022   149113        0.9933   0.0021    61917        0.9934   0.0018   116421        0.9953   0.0021   327451

Saving results to experiments/exp029-longrun/scratch/
  Saved: experiments/exp029-longrun/scratch/combined100_e62.json
  Saved: experiments/exp029-longrun/scratch/summary.json
Loading benchmark: /home/lasse/python-projects/raccoon/data/bgsage/money_benchmark/benchmark.json.gz
  14693 checker decisions from 500 games

Scoring raccoon: combined100_e63 (experiments/exp029-longrun/combined100/checkpoints/ep63.pt)...
  [combined100_e63] 500/14693 (2s, ~54s remaining)
  [combined100_e63] 1000/14693 (4s, ~51s remaining)
  [combined100_e63] 1500/14693 (6s, ~49s remaining)
  [combined100_e63] 2000/14693 (7s, ~46s remaining)
  [combined100_e63] 2500/14693 (9s, ~44s remaining)
  [combined100_e63] 3000/14693 (11s, ~42s remaining)
  [combined100_e63] 3500/14693 (13s, ~40s remaining)
  [combined100_e63] 4000/14693 (14s, ~39s remaining)
  [combined100_e63] 4500/14693 (16s, ~37s remaining)
  [combined100_e63] 5000/14693 (18s, ~35s remaining)
  [combined100_e63] 5500/14693 (20s, ~33s remaining)
  [combined100_e63] 6000/14693 (21s, ~31s remaining)
  [combined100_e63] 6500/14693 (23s, ~29s remaining)
  [combined100_e63] 7000/14693 (25s, ~27s remaining)
  [combined100_e63] 7500/14693 (27s, ~26s remaining)
  [combined100_e63] 8000/14693 (29s, ~24s remaining)
  [combined100_e63] 8500/14693 (31s, ~22s remaining)
  [combined100_e63] 9000/14693 (33s, ~21s remaining)
  [combined100_e63] 9500/14693 (34s, ~19s remaining)
  [combined100_e63] 10000/14693 (36s, ~17s remaining)
  [combined100_e63] 10500/14693 (38s, ~15s remaining)
  [combined100_e63] 11000/14693 (40s, ~13s remaining)
  [combined100_e63] 11500/14693 (41s, ~12s remaining)
  [combined100_e63] 12000/14693 (43s, ~10s remaining)
  [combined100_e63] 12500/14693 (45s, ~8s remaining)
  [combined100_e63] 13000/14693 (47s, ~6s remaining)
  [combined100_e63] 13500/14693 (49s, ~4s remaining)
  [combined100_e63] 14000/14693 (51s, ~3s remaining)
  [combined100_e63] 14500/14693 (52s, ~1s remaining)
  [combined100_e63] Done: 14693 decisions in 52.9s
  [combined100_e63] Saved per-decision errors: experiments/exp029-longrun/dumps/combined100_e63.npz


==========================================================================================
BGSage Money Benchmark - Checker-only, cubeless reference
Positions: 14693 checker decisions from 500 games
Reference: cubeless_equity (Sage 3P / 3T / Rollout)
Engines rank candidates by: cubeless equity
==========================================================================================

MOVE SELECTION (PR = mean error x 500, lower is better)

  Engine                               PR      N  Blndr   prace    race     atk   prime    anch
  --------------------------------------------------------------------------------------
  combined100_e63                    1.30  14693     34    0.51    1.53    1.20    1.44    1.55

  (N per plan)                                             1816    3120    4111    2453    3193

EVAL ACCURACY (R^2 / MSE on predicted vs reference cubeless equity)

  Engine                             R2(rollout)      MSE        N        R2(3T)      MSE        N        R2(3P)      MSE        N       R2(all)      MSE        N
  --------------------------------------------------------------------------------------------------------------
  combined100_e63                         0.9964   0.0022   149113        0.9931   0.0022    61917        0.9933   0.0018   116421        0.9953   0.0021   327451

Saving results to experiments/exp029-longrun/scratch/
  Saved: experiments/exp029-longrun/scratch/combined100_e63.json
  Saved: experiments/exp029-longrun/scratch/summary.json
Loading benchmark: /home/lasse/python-projects/raccoon/data/bgsage/money_benchmark/benchmark.json.gz
  14693 checker decisions from 500 games

Scoring raccoon: combined100_e64 (experiments/exp029-longrun/combined100/checkpoints/ep64.pt)...
  [combined100_e64] 500/14693 (2s, ~53s remaining)
  [combined100_e64] 1000/14693 (4s, ~50s remaining)
  [combined100_e64] 1500/14693 (5s, ~48s remaining)
  [combined100_e64] 2000/14693 (7s, ~45s remaining)
  [combined100_e64] 2500/14693 (9s, ~43s remaining)
  [combined100_e64] 3000/14693 (11s, ~41s remaining)
  [combined100_e64] 3500/14693 (12s, ~39s remaining)
  [combined100_e64] 4000/14693 (14s, ~38s remaining)
  [combined100_e64] 4500/14693 (16s, ~36s remaining)
  [combined100_e64] 5000/14693 (18s, ~34s remaining)
  [combined100_e64] 5500/14693 (19s, ~32s remaining)
  [combined100_e64] 6000/14693 (21s, ~30s remaining)
  [combined100_e64] 6500/14693 (22s, ~28s remaining)
  [combined100_e64] 7000/14693 (24s, ~27s remaining)
  [combined100_e64] 7500/14693 (26s, ~25s remaining)
  [combined100_e64] 8000/14693 (28s, ~23s remaining)
  [combined100_e64] 8500/14693 (30s, ~22s remaining)
  [combined100_e64] 9000/14693 (32s, ~20s remaining)
  [combined100_e64] 9500/14693 (33s, ~18s remaining)
  [combined100_e64] 10000/14693 (35s, ~16s remaining)
  [combined100_e64] 10500/14693 (37s, ~15s remaining)
  [combined100_e64] 11000/14693 (39s, ~13s remaining)
  [combined100_e64] 11500/14693 (40s, ~11s remaining)
  [combined100_e64] 12000/14693 (42s, ~9s remaining)
  [combined100_e64] 12500/14693 (44s, ~8s remaining)
  [combined100_e64] 13000/14693 (45s, ~6s remaining)
  [combined100_e64] 13500/14693 (47s, ~4s remaining)
  [combined100_e64] 14000/14693 (49s, ~2s remaining)
  [combined100_e64] 14500/14693 (51s, ~1s remaining)
  [combined100_e64] Done: 14693 decisions in 51.4s
  [combined100_e64] Saved per-decision errors: experiments/exp029-longrun/dumps/combined100_e64.npz


==========================================================================================
BGSage Money Benchmark - Checker-only, cubeless reference
Positions: 14693 checker decisions from 500 games
Reference: cubeless_equity (Sage 3P / 3T / Rollout)
Engines rank candidates by: cubeless equity
==========================================================================================

MOVE SELECTION (PR = mean error x 500, lower is better)

  Engine                               PR      N  Blndr   prace    race     atk   prime    anch
  --------------------------------------------------------------------------------------
  combined100_e64                    1.31  14693     36    0.47    1.56    1.21    1.45    1.57

  (N per plan)                                             1816    3120    4111    2453    3193

EVAL ACCURACY (R^2 / MSE on predicted vs reference cubeless equity)

  Engine                             R2(rollout)      MSE        N        R2(3T)      MSE        N        R2(3P)      MSE        N       R2(all)      MSE        N
  --------------------------------------------------------------------------------------------------------------
  combined100_e64                         0.9965   0.0021   149113        0.9933   0.0021    61917        0.9936   0.0018   116421        0.9954   0.0020   327451

Saving results to experiments/exp029-longrun/scratch/
  Saved: experiments/exp029-longrun/scratch/combined100_e64.json
  Saved: experiments/exp029-longrun/scratch/summary.json
Loading benchmark: /home/lasse/python-projects/raccoon/data/bgsage/money_benchmark/benchmark.json.gz
  14693 checker decisions from 500 games

Scoring raccoon: combined100_e65 (experiments/exp029-longrun/combined100/checkpoints/ep65.pt)...
  [combined100_e65] 500/14693 (2s, ~53s remaining)
  [combined100_e65] 1000/14693 (4s, ~50s remaining)
  [combined100_e65] 1500/14693 (5s, ~47s remaining)
  [combined100_e65] 2000/14693 (7s, ~45s remaining)
  [combined100_e65] 2500/14693 (9s, ~43s remaining)
  [combined100_e65] 3000/14693 (11s, ~41s remaining)
  [combined100_e65] 3500/14693 (12s, ~39s remaining)
  [combined100_e65] 4000/14693 (14s, ~38s remaining)
  [combined100_e65] 4500/14693 (16s, ~36s remaining)
  [combined100_e65] 5000/14693 (18s, ~34s remaining)
  [combined100_e65] 5500/14693 (19s, ~32s remaining)
  [combined100_e65] 6000/14693 (21s, ~30s remaining)
  [combined100_e65] 6500/14693 (22s, ~28s remaining)
  [combined100_e65] 7000/14693 (24s, ~27s remaining)
  [combined100_e65] 7500/14693 (26s, ~25s remaining)
  [combined100_e65] 8000/14693 (28s, ~23s remaining)
  [combined100_e65] 8500/14693 (30s, ~22s remaining)
  [combined100_e65] 9000/14693 (32s, ~20s remaining)
  [combined100_e65] 9500/14693 (33s, ~18s remaining)
  [combined100_e65] 10000/14693 (35s, ~17s remaining)
  [combined100_e65] 10500/14693 (37s, ~15s remaining)
  [combined100_e65] 11000/14693 (39s, ~13s remaining)
  [combined100_e65] 11500/14693 (40s, ~11s remaining)
  [combined100_e65] 12000/14693 (42s, ~9s remaining)
  [combined100_e65] 12500/14693 (44s, ~8s remaining)
  [combined100_e65] 13000/14693 (46s, ~6s remaining)
  [combined100_e65] 13500/14693 (47s, ~4s remaining)
  [combined100_e65] 14000/14693 (49s, ~2s remaining)
  [combined100_e65] 14500/14693 (51s, ~1s remaining)
  [combined100_e65] Done: 14693 decisions in 51.6s
  [combined100_e65] Saved per-decision errors: experiments/exp029-longrun/dumps/combined100_e65.npz


==========================================================================================
BGSage Money Benchmark - Checker-only, cubeless reference
Positions: 14693 checker decisions from 500 games
Reference: cubeless_equity (Sage 3P / 3T / Rollout)
Engines rank candidates by: cubeless equity
==========================================================================================

MOVE SELECTION (PR = mean error x 500, lower is better)

  Engine                               PR      N  Blndr   prace    race     atk   prime    anch
  --------------------------------------------------------------------------------------
  combined100_e65                    1.29  14693     32    0.48    1.59    1.20    1.38    1.52

  (N per plan)                                             1816    3120    4111    2453    3193

EVAL ACCURACY (R^2 / MSE on predicted vs reference cubeless equity)

  Engine                             R2(rollout)      MSE        N        R2(3T)      MSE        N        R2(3P)      MSE        N       R2(all)      MSE        N
  --------------------------------------------------------------------------------------------------------------
  combined100_e65                         0.9963   0.0022   149113        0.9929   0.0023    61917        0.9929   0.0020   116421        0.9951   0.0021   327451

Saving results to experiments/exp029-longrun/scratch/
  Saved: experiments/exp029-longrun/scratch/combined100_e65.json
  Saved: experiments/exp029-longrun/scratch/summary.json
Loading benchmark: /home/lasse/python-projects/raccoon/data/bgsage/money_benchmark/benchmark.json.gz
  14693 checker decisions from 500 games

Scoring raccoon: combined100_e66 (experiments/exp029-longrun/combined100/checkpoints/ep66.pt)...
  [combined100_e66] 500/14693 (2s, ~54s remaining)
  [combined100_e66] 1000/14693 (4s, ~50s remaining)
  [combined100_e66] 1500/14693 (5s, ~48s remaining)
  [combined100_e66] 2000/14693 (7s, ~46s remaining)
  [combined100_e66] 2500/14693 (9s, ~44s remaining)
  [combined100_e66] 3000/14693 (11s, ~42s remaining)
  [combined100_e66] 3500/14693 (13s, ~40s remaining)
  [combined100_e66] 4000/14693 (14s, ~38s remaining)
  [combined100_e66] 4500/14693 (16s, ~36s remaining)
  [combined100_e66] 5000/14693 (18s, ~34s remaining)
  [combined100_e66] 5500/14693 (19s, ~32s remaining)
  [combined100_e66] 6000/14693 (21s, ~30s remaining)
  [combined100_e66] 6500/14693 (23s, ~29s remaining)
  [combined100_e66] 7000/14693 (25s, ~27s remaining)
  [combined100_e66] 7500/14693 (26s, ~25s remaining)
  [combined100_e66] 8000/14693 (28s, ~24s remaining)
  [combined100_e66] 8500/14693 (30s, ~22s remaining)
  [combined100_e66] 9000/14693 (32s, ~20s remaining)
  [combined100_e66] 9500/14693 (34s, ~19s remaining)
  [combined100_e66] 10000/14693 (36s, ~17s remaining)
  [combined100_e66] 10500/14693 (37s, ~15s remaining)
  [combined100_e66] 11000/14693 (39s, ~13s remaining)
  [combined100_e66] 11500/14693 (41s, ~11s remaining)
  [combined100_e66] 12000/14693 (43s, ~10s remaining)
  [combined100_e66] 12500/14693 (44s, ~8s remaining)
  [combined100_e66] 13000/14693 (46s, ~6s remaining)
  [combined100_e66] 13500/14693 (48s, ~4s remaining)
  [combined100_e66] 14000/14693 (50s, ~2s remaining)
  [combined100_e66] 14500/14693 (52s, ~1s remaining)
  [combined100_e66] Done: 14693 decisions in 52.2s
  [combined100_e66] Saved per-decision errors: experiments/exp029-longrun/dumps/combined100_e66.npz


==========================================================================================
BGSage Money Benchmark - Checker-only, cubeless reference
Positions: 14693 checker decisions from 500 games
Reference: cubeless_equity (Sage 3P / 3T / Rollout)
Engines rank candidates by: cubeless equity
==========================================================================================

MOVE SELECTION (PR = mean error x 500, lower is better)

  Engine                               PR      N  Blndr   prace    race     atk   prime    anch
  --------------------------------------------------------------------------------------
  combined100_e66                    1.27  14693     31    0.47    1.49    1.21    1.38    1.49

  (N per plan)                                             1816    3120    4111    2453    3193

EVAL ACCURACY (R^2 / MSE on predicted vs reference cubeless equity)

  Engine                             R2(rollout)      MSE        N        R2(3T)      MSE        N        R2(3P)      MSE        N       R2(all)      MSE        N
  --------------------------------------------------------------------------------------------------------------
  combined100_e66                         0.9965   0.0021   149113        0.9932   0.0022    61917        0.9932   0.0019   116421        0.9953   0.0020   327451

Saving results to experiments/exp029-longrun/scratch/
  Saved: experiments/exp029-longrun/scratch/combined100_e66.json
  Saved: experiments/exp029-longrun/scratch/summary.json
Loading benchmark: /home/lasse/python-projects/raccoon/data/bgsage/money_benchmark/benchmark.json.gz
  14693 checker decisions from 500 games

Scoring raccoon: combined100_e67 (experiments/exp029-longrun/combined100/checkpoints/ep67.pt)...
  [combined100_e67] 500/14693 (2s, ~53s remaining)
  [combined100_e67] 1000/14693 (4s, ~49s remaining)
  [combined100_e67] 1500/14693 (5s, ~47s remaining)
  [combined100_e67] 2000/14693 (7s, ~45s remaining)
  [combined100_e67] 2500/14693 (9s, ~43s remaining)
  [combined100_e67] 3000/14693 (11s, ~41s remaining)
  [combined100_e67] 3500/14693 (12s, ~39s remaining)
  [combined100_e67] 4000/14693 (14s, ~37s remaining)
  [combined100_e67] 4500/14693 (16s, ~36s remaining)
  [combined100_e67] 5000/14693 (17s, ~34s remaining)
  [combined100_e67] 5500/14693 (19s, ~32s remaining)
  [combined100_e67] 6000/14693 (21s, ~30s remaining)
  [combined100_e67] 6500/14693 (22s, ~28s remaining)
  [combined100_e67] 7000/14693 (24s, ~27s remaining)
  [combined100_e67] 7500/14693 (26s, ~25s remaining)
  [combined100_e67] 8000/14693 (28s, ~23s remaining)
  [combined100_e67] 8500/14693 (30s, ~22s remaining)
  [combined100_e67] 9000/14693 (32s, ~20s remaining)
  [combined100_e67] 9500/14693 (33s, ~18s remaining)
  [combined100_e67] 10000/14693 (35s, ~16s remaining)
  [combined100_e67] 10500/14693 (37s, ~15s remaining)
  [combined100_e67] 11000/14693 (39s, ~13s remaining)
  [combined100_e67] 11500/14693 (40s, ~11s remaining)
  [combined100_e67] 12000/14693 (42s, ~9s remaining)
  [combined100_e67] 12500/14693 (44s, ~8s remaining)
  [combined100_e67] 13000/14693 (45s, ~6s remaining)
  [combined100_e67] 13500/14693 (47s, ~4s remaining)
  [combined100_e67] 14000/14693 (49s, ~2s remaining)
  [combined100_e67] 14500/14693 (51s, ~1s remaining)
  [combined100_e67] Done: 14693 decisions in 51.3s
  [combined100_e67] Saved per-decision errors: experiments/exp029-longrun/dumps/combined100_e67.npz


==========================================================================================
BGSage Money Benchmark - Checker-only, cubeless reference
Positions: 14693 checker decisions from 500 games
Reference: cubeless_equity (Sage 3P / 3T / Rollout)
Engines rank candidates by: cubeless equity
==========================================================================================

MOVE SELECTION (PR = mean error x 500, lower is better)

  Engine                               PR      N  Blndr   prace    race     atk   prime    anch
  --------------------------------------------------------------------------------------
  combined100_e67                    1.29  14693     32    0.49    1.48    1.19    1.43    1.59

  (N per plan)                                             1816    3120    4111    2453    3193

EVAL ACCURACY (R^2 / MSE on predicted vs reference cubeless equity)

  Engine                             R2(rollout)      MSE        N        R2(3T)      MSE        N        R2(3P)      MSE        N       R2(all)      MSE        N
  --------------------------------------------------------------------------------------------------------------
  combined100_e67                         0.9964   0.0022   149113        0.9933   0.0021    61917        0.9936   0.0018   116421        0.9954   0.0020   327451

Saving results to experiments/exp029-longrun/scratch/
  Saved: experiments/exp029-longrun/scratch/combined100_e67.json
  Saved: experiments/exp029-longrun/scratch/summary.json
Loading benchmark: /home/lasse/python-projects/raccoon/data/bgsage/money_benchmark/benchmark.json.gz
  14693 checker decisions from 500 games

Scoring raccoon: combined100_e68 (experiments/exp029-longrun/combined100/checkpoints/ep68.pt)...
  [combined100_e68] 500/14693 (2s, ~52s remaining)
  [combined100_e68] 1000/14693 (4s, ~49s remaining)
  [combined100_e68] 1500/14693 (5s, ~47s remaining)
  [combined100_e68] 2000/14693 (7s, ~45s remaining)
  [combined100_e68] 2500/14693 (9s, ~43s remaining)
  [combined100_e68] 3000/14693 (10s, ~41s remaining)
  [combined100_e68] 3500/14693 (12s, ~39s remaining)
  [combined100_e68] 4000/14693 (14s, ~37s remaining)
  [combined100_e68] 4500/14693 (16s, ~35s remaining)
  [combined100_e68] 5000/14693 (17s, ~33s remaining)
  [combined100_e68] 5500/14693 (19s, ~31s remaining)
  [combined100_e68] 6000/14693 (20s, ~30s remaining)
  [combined100_e68] 6500/14693 (22s, ~28s remaining)
  [combined100_e68] 7000/14693 (24s, ~26s remaining)
  [combined100_e68] 7500/14693 (26s, ~25s remaining)
  [combined100_e68] 8000/14693 (28s, ~23s remaining)
  [combined100_e68] 8500/14693 (29s, ~21s remaining)
  [combined100_e68] 9000/14693 (31s, ~20s remaining)
  [combined100_e68] 9500/14693 (33s, ~18s remaining)
  [combined100_e68] 10000/14693 (34s, ~16s remaining)
  [combined100_e68] 10500/14693 (36s, ~14s remaining)
  [combined100_e68] 11000/14693 (38s, ~13s remaining)
  [combined100_e68] 11500/14693 (40s, ~11s remaining)
  [combined100_e68] 12000/14693 (41s, ~9s remaining)
  [combined100_e68] 12500/14693 (43s, ~8s remaining)
  [combined100_e68] 13000/14693 (45s, ~6s remaining)
  [combined100_e68] 13500/14693 (46s, ~4s remaining)
  [combined100_e68] 14000/14693 (48s, ~2s remaining)
  [combined100_e68] 14500/14693 (50s, ~1s remaining)
  [combined100_e68] Done: 14693 decisions in 50.8s
  [combined100_e68] Saved per-decision errors: experiments/exp029-longrun/dumps/combined100_e68.npz


==========================================================================================
BGSage Money Benchmark - Checker-only, cubeless reference
Positions: 14693 checker decisions from 500 games
Reference: cubeless_equity (Sage 3P / 3T / Rollout)
Engines rank candidates by: cubeless equity
==========================================================================================

MOVE SELECTION (PR = mean error x 500, lower is better)

  Engine                               PR      N  Blndr   prace    race     atk   prime    anch
  --------------------------------------------------------------------------------------
  combined100_e68                    1.30  14693     31    0.52    1.50    1.19    1.50    1.53

  (N per plan)                                             1816    3120    4111    2453    3193

EVAL ACCURACY (R^2 / MSE on predicted vs reference cubeless equity)

  Engine                             R2(rollout)      MSE        N        R2(3T)      MSE        N        R2(3P)      MSE        N       R2(all)      MSE        N
  --------------------------------------------------------------------------------------------------------------
  combined100_e68                         0.9963   0.0022   149113        0.9932   0.0022    61917        0.9934   0.0018   116421        0.9953   0.0021   327451

Saving results to experiments/exp029-longrun/scratch/
  Saved: experiments/exp029-longrun/scratch/combined100_e68.json
  Saved: experiments/exp029-longrun/scratch/summary.json
Loading benchmark: /home/lasse/python-projects/raccoon/data/bgsage/money_benchmark/benchmark.json.gz
  14693 checker decisions from 500 games

Scoring raccoon: combined100_e69 (experiments/exp029-longrun/combined100/checkpoints/ep69.pt)...
  [combined100_e69] 500/14693 (2s, ~53s remaining)
  [combined100_e69] 1000/14693 (4s, ~49s remaining)
  [combined100_e69] 1500/14693 (5s, ~47s remaining)
  [combined100_e69] 2000/14693 (7s, ~45s remaining)
  [combined100_e69] 2500/14693 (9s, ~43s remaining)
  [combined100_e69] 3000/14693 (11s, ~41s remaining)
  [combined100_e69] 3500/14693 (12s, ~40s remaining)
  [combined100_e69] 4000/14693 (14s, ~38s remaining)
  [combined100_e69] 4500/14693 (16s, ~36s remaining)
  [combined100_e69] 5000/14693 (18s, ~34s remaining)
  [combined100_e69] 5500/14693 (19s, ~32s remaining)
  [combined100_e69] 6000/14693 (21s, ~30s remaining)
  [combined100_e69] 6500/14693 (22s, ~28s remaining)
  [combined100_e69] 7000/14693 (24s, ~27s remaining)
  [combined100_e69] 7500/14693 (26s, ~25s remaining)
  [combined100_e69] 8000/14693 (28s, ~23s remaining)
  [combined100_e69] 8500/14693 (30s, ~22s remaining)
  [combined100_e69] 9000/14693 (32s, ~20s remaining)
  [combined100_e69] 9500/14693 (33s, ~18s remaining)
  [combined100_e69] 10000/14693 (35s, ~16s remaining)
  [combined100_e69] 10500/14693 (37s, ~15s remaining)
  [combined100_e69] 11000/14693 (39s, ~13s remaining)
  [combined100_e69] 11500/14693 (40s, ~11s remaining)
  [combined100_e69] 12000/14693 (42s, ~9s remaining)
  [combined100_e69] 12500/14693 (44s, ~8s remaining)
  [combined100_e69] 13000/14693 (46s, ~6s remaining)
  [combined100_e69] 13500/14693 (47s, ~4s remaining)
  [combined100_e69] 14000/14693 (49s, ~2s remaining)
  [combined100_e69] 14500/14693 (51s, ~1s remaining)
  [combined100_e69] Done: 14693 decisions in 51.5s
  [combined100_e69] Saved per-decision errors: experiments/exp029-longrun/dumps/combined100_e69.npz


==========================================================================================
BGSage Money Benchmark - Checker-only, cubeless reference
Positions: 14693 checker decisions from 500 games
Reference: cubeless_equity (Sage 3P / 3T / Rollout)
Engines rank candidates by: cubeless equity
==========================================================================================

MOVE SELECTION (PR = mean error x 500, lower is better)

  Engine                               PR      N  Blndr   prace    race     atk   prime    anch
  --------------------------------------------------------------------------------------
  combined100_e69                    1.28  14693     32    0.49    1.52    1.20    1.38    1.53

  (N per plan)                                             1816    3120    4111    2453    3193

EVAL ACCURACY (R^2 / MSE on predicted vs reference cubeless equity)

  Engine                             R2(rollout)      MSE        N        R2(3T)      MSE        N        R2(3P)      MSE        N       R2(all)      MSE        N
  --------------------------------------------------------------------------------------------------------------
  combined100_e69                         0.9964   0.0022   149113        0.9932   0.0022    61917        0.9932   0.0019   116421        0.9952   0.0021   327451

Saving results to experiments/exp029-longrun/scratch/
  Saved: experiments/exp029-longrun/scratch/combined100_e69.json
  Saved: experiments/exp029-longrun/scratch/summary.json
Loading benchmark: /home/lasse/python-projects/raccoon/data/bgsage/money_benchmark/benchmark.json.gz
  14693 checker decisions from 500 games

Scoring raccoon: combined100_e70 (experiments/exp029-longrun/combined100/checkpoints/ep70.pt)...
  [combined100_e70] 500/14693 (2s, ~54s remaining)
  [combined100_e70] 1000/14693 (4s, ~51s remaining)
  [combined100_e70] 1500/14693 (6s, ~48s remaining)
  [combined100_e70] 2000/14693 (7s, ~46s remaining)
  [combined100_e70] 2500/14693 (9s, ~44s remaining)
  [combined100_e70] 3000/14693 (11s, ~42s remaining)
  [combined100_e70] 3500/14693 (13s, ~40s remaining)
  [combined100_e70] 4000/14693 (14s, ~38s remaining)
  [combined100_e70] 4500/14693 (16s, ~37s remaining)
  [combined100_e70] 5000/14693 (18s, ~35s remaining)
  [combined100_e70] 5500/14693 (20s, ~33s remaining)
  [combined100_e70] 6000/14693 (21s, ~31s remaining)
  [combined100_e70] 6500/14693 (23s, ~29s remaining)
  [combined100_e70] 7000/14693 (25s, ~27s remaining)
  [combined100_e70] 7500/14693 (27s, ~26s remaining)
  [combined100_e70] 8000/14693 (29s, ~24s remaining)
  [combined100_e70] 8500/14693 (30s, ~22s remaining)
  [combined100_e70] 9000/14693 (32s, ~21s remaining)
  [combined100_e70] 9500/14693 (34s, ~19s remaining)
  [combined100_e70] 10000/14693 (36s, ~17s remaining)
  [combined100_e70] 10500/14693 (38s, ~15s remaining)
  [combined100_e70] 11000/14693 (40s, ~13s remaining)
  [combined100_e70] 11500/14693 (41s, ~11s remaining)
  [combined100_e70] 12000/14693 (43s, ~10s remaining)
  [combined100_e70] 12500/14693 (45s, ~8s remaining)
  [combined100_e70] 13000/14693 (47s, ~6s remaining)
  [combined100_e70] 13500/14693 (48s, ~4s remaining)
  [combined100_e70] 14000/14693 (50s, ~2s remaining)
  [combined100_e70] 14500/14693 (52s, ~1s remaining)
  [combined100_e70] Done: 14693 decisions in 52.7s
  [combined100_e70] Saved per-decision errors: experiments/exp029-longrun/dumps/combined100_e70.npz


==========================================================================================
BGSage Money Benchmark - Checker-only, cubeless reference
Positions: 14693 checker decisions from 500 games
Reference: cubeless_equity (Sage 3P / 3T / Rollout)
Engines rank candidates by: cubeless equity
==========================================================================================

MOVE SELECTION (PR = mean error x 500, lower is better)

  Engine                               PR      N  Blndr   prace    race     atk   prime    anch
  --------------------------------------------------------------------------------------
  combined100_e70                    1.29  14693     34    0.50    1.51    1.17    1.46    1.56

  (N per plan)                                             1816    3120    4111    2453    3193

EVAL ACCURACY (R^2 / MSE on predicted vs reference cubeless equity)

  Engine                             R2(rollout)      MSE        N        R2(3T)      MSE        N        R2(3P)      MSE        N       R2(all)      MSE        N
  --------------------------------------------------------------------------------------------------------------
  combined100_e70                         0.9963   0.0022   149113        0.9929   0.0023    61917        0.9931   0.0019   116421        0.9951   0.0021   327451

Saving results to experiments/exp029-longrun/scratch/
  Saved: experiments/exp029-longrun/scratch/combined100_e70.json
  Saved: experiments/exp029-longrun/scratch/summary.json
Loading benchmark: /home/lasse/python-projects/raccoon/data/bgsage/money_benchmark/benchmark.json.gz
  14693 checker decisions from 500 games

Scoring raccoon: combined100_e71 (experiments/exp029-longrun/combined100/checkpoints/ep71.pt)...
  [combined100_e71] 500/14693 (2s, ~55s remaining)
  [combined100_e71] 1000/14693 (4s, ~51s remaining)
  [combined100_e71] 1500/14693 (6s, ~49s remaining)
  [combined100_e71] 2000/14693 (7s, ~47s remaining)
  [combined100_e71] 2500/14693 (9s, ~45s remaining)
  [combined100_e71] 3000/14693 (11s, ~43s remaining)
  [combined100_e71] 3500/14693 (13s, ~41s remaining)
  [combined100_e71] 4000/14693 (15s, ~39s remaining)
  [combined100_e71] 4500/14693 (16s, ~37s remaining)
  [combined100_e71] 5000/14693 (18s, ~35s remaining)
  [combined100_e71] 5500/14693 (20s, ~33s remaining)
  [combined100_e71] 6000/14693 (22s, ~31s remaining)
  [combined100_e71] 6500/14693 (23s, ~29s remaining)
  [combined100_e71] 7000/14693 (25s, ~28s remaining)
  [combined100_e71] 7500/14693 (27s, ~26s remaining)
  [combined100_e71] 8000/14693 (29s, ~24s remaining)
  [combined100_e71] 8500/14693 (31s, ~23s remaining)
  [combined100_e71] 9000/14693 (33s, ~21s remaining)
  [combined100_e71] 9500/14693 (35s, ~19s remaining)
  [combined100_e71] 10000/14693 (37s, ~17s remaining)
  [combined100_e71] 10500/14693 (38s, ~15s remaining)
  [combined100_e71] 11000/14693 (40s, ~13s remaining)
  [combined100_e71] 11500/14693 (42s, ~12s remaining)
  [combined100_e71] 12000/14693 (44s, ~10s remaining)
  [combined100_e71] 12500/14693 (46s, ~8s remaining)
  [combined100_e71] 13000/14693 (47s, ~6s remaining)
  [combined100_e71] 13500/14693 (49s, ~4s remaining)
  [combined100_e71] 14000/14693 (51s, ~3s remaining)
  [combined100_e71] 14500/14693 (53s, ~1s remaining)
  [combined100_e71] Done: 14693 decisions in 53.5s
  [combined100_e71] Saved per-decision errors: experiments/exp029-longrun/dumps/combined100_e71.npz


==========================================================================================
BGSage Money Benchmark - Checker-only, cubeless reference
Positions: 14693 checker decisions from 500 games
Reference: cubeless_equity (Sage 3P / 3T / Rollout)
Engines rank candidates by: cubeless equity
==========================================================================================

MOVE SELECTION (PR = mean error x 500, lower is better)

  Engine                               PR      N  Blndr   prace    race     atk   prime    anch
  --------------------------------------------------------------------------------------
  combined100_e71                    1.30  14693     33    0.54    1.46    1.26    1.44    1.53

  (N per plan)                                             1816    3120    4111    2453    3193

EVAL ACCURACY (R^2 / MSE on predicted vs reference cubeless equity)

  Engine                             R2(rollout)      MSE        N        R2(3T)      MSE        N        R2(3P)      MSE        N       R2(all)      MSE        N
  --------------------------------------------------------------------------------------------------------------
  combined100_e71                         0.9964   0.0022   149113        0.9931   0.0022    61917        0.9933   0.0018   116421        0.9953   0.0021   327451

Saving results to experiments/exp029-longrun/scratch/
  Saved: experiments/exp029-longrun/scratch/combined100_e71.json
  Saved: experiments/exp029-longrun/scratch/summary.json
Loading benchmark: /home/lasse/python-projects/raccoon/data/bgsage/money_benchmark/benchmark.json.gz
  14693 checker decisions from 500 games

Scoring raccoon: combined100_e72 (experiments/exp029-longrun/combined100/checkpoints/ep72.pt)...
  [combined100_e72] 500/14693 (2s, ~53s remaining)
  [combined100_e72] 1000/14693 (4s, ~49s remaining)
  [combined100_e72] 1500/14693 (5s, ~47s remaining)
  [combined100_e72] 2000/14693 (7s, ~45s remaining)
  [combined100_e72] 2500/14693 (9s, ~43s remaining)
  [combined100_e72] 3000/14693 (11s, ~41s remaining)
  [combined100_e72] 3500/14693 (12s, ~39s remaining)
  [combined100_e72] 4000/14693 (14s, ~37s remaining)
  [combined100_e72] 4500/14693 (16s, ~36s remaining)
  [combined100_e72] 5000/14693 (17s, ~34s remaining)
  [combined100_e72] 5500/14693 (19s, ~32s remaining)
  [combined100_e72] 6000/14693 (21s, ~30s remaining)
  [combined100_e72] 6500/14693 (22s, ~28s remaining)
  [combined100_e72] 7000/14693 (24s, ~27s remaining)
  [combined100_e72] 7500/14693 (26s, ~25s remaining)
  [combined100_e72] 8000/14693 (28s, ~23s remaining)
  [combined100_e72] 8500/14693 (30s, ~22s remaining)
  [combined100_e72] 9000/14693 (32s, ~20s remaining)
  [combined100_e72] 9500/14693 (33s, ~18s remaining)
  [combined100_e72] 10000/14693 (35s, ~16s remaining)
  [combined100_e72] 10500/14693 (37s, ~15s remaining)
  [combined100_e72] 11000/14693 (38s, ~13s remaining)
  [combined100_e72] 11500/14693 (40s, ~11s remaining)
  [combined100_e72] 12000/14693 (42s, ~9s remaining)
  [combined100_e72] 12500/14693 (44s, ~8s remaining)
  [combined100_e72] 13000/14693 (45s, ~6s remaining)
  [combined100_e72] 13500/14693 (47s, ~4s remaining)
  [combined100_e72] 14000/14693 (49s, ~2s remaining)
  [combined100_e72] 14500/14693 (51s, ~1s remaining)
  [combined100_e72] Done: 14693 decisions in 51.3s
  [combined100_e72] Saved per-decision errors: experiments/exp029-longrun/dumps/combined100_e72.npz


==========================================================================================
BGSage Money Benchmark - Checker-only, cubeless reference
Positions: 14693 checker decisions from 500 games
Reference: cubeless_equity (Sage 3P / 3T / Rollout)
Engines rank candidates by: cubeless equity
==========================================================================================

MOVE SELECTION (PR = mean error x 500, lower is better)

  Engine                               PR      N  Blndr   prace    race     atk   prime    anch
  --------------------------------------------------------------------------------------
  combined100_e72                    1.29  14693     30    0.52    1.49    1.19    1.46    1.54

  (N per plan)                                             1816    3120    4111    2453    3193

EVAL ACCURACY (R^2 / MSE on predicted vs reference cubeless equity)

  Engine                             R2(rollout)      MSE        N        R2(3T)      MSE        N        R2(3P)      MSE        N       R2(all)      MSE        N
  --------------------------------------------------------------------------------------------------------------
  combined100_e72                         0.9964   0.0022   149113        0.9932   0.0022    61917        0.9933   0.0019   116421        0.9953   0.0021   327451

Saving results to experiments/exp029-longrun/scratch/
  Saved: experiments/exp029-longrun/scratch/combined100_e72.json
  Saved: experiments/exp029-longrun/scratch/summary.json
Loading benchmark: /home/lasse/python-projects/raccoon/data/bgsage/money_benchmark/benchmark.json.gz
  14693 checker decisions from 500 games

Scoring raccoon: combined100_e73 (experiments/exp029-longrun/combined100/checkpoints/ep73.pt)...
  [combined100_e73] 500/14693 (2s, ~55s remaining)
  [combined100_e73] 1000/14693 (4s, ~51s remaining)
  [combined100_e73] 1500/14693 (6s, ~49s remaining)
  [combined100_e73] 2000/14693 (7s, ~46s remaining)
  [combined100_e73] 2500/14693 (9s, ~44s remaining)
  [combined100_e73] 3000/14693 (11s, ~43s remaining)
  [combined100_e73] 3500/14693 (13s, ~41s remaining)
  [combined100_e73] 4000/14693 (14s, ~39s remaining)
  [combined100_e73] 4500/14693 (16s, ~37s remaining)
  [combined100_e73] 5000/14693 (18s, ~35s remaining)
  [combined100_e73] 5500/14693 (20s, ~33s remaining)
  [combined100_e73] 6000/14693 (21s, ~31s remaining)
  [combined100_e73] 6500/14693 (23s, ~29s remaining)
  [combined100_e73] 7000/14693 (25s, ~27s remaining)
  [combined100_e73] 7500/14693 (27s, ~26s remaining)
  [combined100_e73] 8000/14693 (29s, ~24s remaining)
  [combined100_e73] 8500/14693 (31s, ~22s remaining)
  [combined100_e73] 9000/14693 (33s, ~21s remaining)
  [combined100_e73] 9500/14693 (34s, ~19s remaining)
  [combined100_e73] 10000/14693 (36s, ~17s remaining)
  [combined100_e73] 10500/14693 (38s, ~15s remaining)
  [combined100_e73] 11000/14693 (40s, ~13s remaining)
  [combined100_e73] 11500/14693 (41s, ~11s remaining)
  [combined100_e73] 12000/14693 (43s, ~10s remaining)
  [combined100_e73] 12500/14693 (45s, ~8s remaining)
  [combined100_e73] 13000/14693 (47s, ~6s remaining)
  [combined100_e73] 13500/14693 (49s, ~4s remaining)
  [combined100_e73] 14000/14693 (50s, ~2s remaining)
  [combined100_e73] 14500/14693 (52s, ~1s remaining)
  [combined100_e73] Done: 14693 decisions in 52.8s
  [combined100_e73] Saved per-decision errors: experiments/exp029-longrun/dumps/combined100_e73.npz


==========================================================================================
BGSage Money Benchmark - Checker-only, cubeless reference
Positions: 14693 checker decisions from 500 games
Reference: cubeless_equity (Sage 3P / 3T / Rollout)
Engines rank candidates by: cubeless equity
==========================================================================================

MOVE SELECTION (PR = mean error x 500, lower is better)

  Engine                               PR      N  Blndr   prace    race     atk   prime    anch
  --------------------------------------------------------------------------------------
  combined100_e73                    1.29  14693     31    0.46    1.50    1.21    1.44    1.57

  (N per plan)                                             1816    3120    4111    2453    3193

EVAL ACCURACY (R^2 / MSE on predicted vs reference cubeless equity)

  Engine                             R2(rollout)      MSE        N        R2(3T)      MSE        N        R2(3P)      MSE        N       R2(all)      MSE        N
  --------------------------------------------------------------------------------------------------------------
  combined100_e73                         0.9964   0.0022   149113        0.9932   0.0022    61917        0.9934   0.0018   116421        0.9953   0.0020   327451

Saving results to experiments/exp029-longrun/scratch/
  Saved: experiments/exp029-longrun/scratch/combined100_e73.json
  Saved: experiments/exp029-longrun/scratch/summary.json
Loading benchmark: /home/lasse/python-projects/raccoon/data/bgsage/money_benchmark/benchmark.json.gz
  14693 checker decisions from 500 games

Scoring raccoon: combined100_e74 (experiments/exp029-longrun/combined100/checkpoints/ep74.pt)...
  [combined100_e74] 500/14693 (2s, ~52s remaining)
  [combined100_e74] 1000/14693 (4s, ~48s remaining)
  [combined100_e74] 1500/14693 (5s, ~47s remaining)
  [combined100_e74] 2000/14693 (7s, ~44s remaining)
  [combined100_e74] 2500/14693 (9s, ~42s remaining)
  [combined100_e74] 3000/14693 (11s, ~41s remaining)
  [combined100_e74] 3500/14693 (12s, ~39s remaining)
  [combined100_e74] 4000/14693 (14s, ~38s remaining)
  [combined100_e74] 4500/14693 (16s, ~36s remaining)
  [combined100_e74] 5000/14693 (17s, ~34s remaining)
  [combined100_e74] 5500/14693 (19s, ~32s remaining)
  [combined100_e74] 6000/14693 (21s, ~30s remaining)
  [combined100_e74] 6500/14693 (22s, ~28s remaining)
  [combined100_e74] 7000/14693 (24s, ~26s remaining)
  [combined100_e74] 7500/14693 (26s, ~25s remaining)
  [combined100_e74] 8000/14693 (28s, ~23s remaining)
  [combined100_e74] 8500/14693 (30s, ~22s remaining)
  [combined100_e74] 9000/14693 (31s, ~20s remaining)
  [combined100_e74] 9500/14693 (33s, ~18s remaining)
  [combined100_e74] 10000/14693 (35s, ~16s remaining)
  [combined100_e74] 10500/14693 (36s, ~15s remaining)
  [combined100_e74] 11000/14693 (38s, ~13s remaining)
  [combined100_e74] 11500/14693 (40s, ~11s remaining)
  [combined100_e74] 12000/14693 (42s, ~9s remaining)
  [combined100_e74] 12500/14693 (43s, ~8s remaining)
  [combined100_e74] 13000/14693 (45s, ~6s remaining)
  [combined100_e74] 13500/14693 (47s, ~4s remaining)
  [combined100_e74] 14000/14693 (48s, ~2s remaining)
  [combined100_e74] 14500/14693 (50s, ~1s remaining)
  [combined100_e74] Done: 14693 decisions in 50.8s
  [combined100_e74] Saved per-decision errors: experiments/exp029-longrun/dumps/combined100_e74.npz


==========================================================================================
BGSage Money Benchmark - Checker-only, cubeless reference
Positions: 14693 checker decisions from 500 games
Reference: cubeless_equity (Sage 3P / 3T / Rollout)
Engines rank candidates by: cubeless equity
==========================================================================================

MOVE SELECTION (PR = mean error x 500, lower is better)

  Engine                               PR      N  Blndr   prace    race     atk   prime    anch
  --------------------------------------------------------------------------------------
  combined100_e74                    1.30  14693     36    0.46    1.53    1.21    1.44    1.55

  (N per plan)                                             1816    3120    4111    2453    3193

EVAL ACCURACY (R^2 / MSE on predicted vs reference cubeless equity)

  Engine                             R2(rollout)      MSE        N        R2(3T)      MSE        N        R2(3P)      MSE        N       R2(all)      MSE        N
  --------------------------------------------------------------------------------------------------------------
  combined100_e74                         0.9963   0.0022   149113        0.9929   0.0022    61917        0.9930   0.0019   116421        0.9951   0.0021   327451

Saving results to experiments/exp029-longrun/scratch/
  Saved: experiments/exp029-longrun/scratch/combined100_e74.json
  Saved: experiments/exp029-longrun/scratch/summary.json
Loading benchmark: /home/lasse/python-projects/raccoon/data/bgsage/money_benchmark/benchmark.json.gz
  14693 checker decisions from 500 games

Scoring raccoon: combined100_e75 (experiments/exp029-longrun/combined100/checkpoints/ep75.pt)...
  [combined100_e75] 500/14693 (2s, ~53s remaining)
  [combined100_e75] 1000/14693 (4s, ~49s remaining)
  [combined100_e75] 1500/14693 (5s, ~47s remaining)
  [combined100_e75] 2000/14693 (7s, ~45s remaining)
  [combined100_e75] 2500/14693 (9s, ~43s remaining)
  [combined100_e75] 3000/14693 (10s, ~41s remaining)
  [combined100_e75] 3500/14693 (12s, ~39s remaining)
  [combined100_e75] 4000/14693 (14s, ~37s remaining)
  [combined100_e75] 4500/14693 (16s, ~35s remaining)
  [combined100_e75] 5000/14693 (17s, ~33s remaining)
  [combined100_e75] 5500/14693 (19s, ~31s remaining)
  [combined100_e75] 6000/14693 (20s, ~30s remaining)
  [combined100_e75] 6500/14693 (22s, ~28s remaining)
  [combined100_e75] 7000/14693 (24s, ~26s remaining)
  [combined100_e75] 7500/14693 (26s, ~25s remaining)
  [combined100_e75] 8000/14693 (28s, ~23s remaining)
  [combined100_e75] 8500/14693 (29s, ~21s remaining)
  [combined100_e75] 9000/14693 (31s, ~20s remaining)
  [combined100_e75] 9500/14693 (33s, ~18s remaining)
  [combined100_e75] 10000/14693 (35s, ~16s remaining)
  [combined100_e75] 10500/14693 (36s, ~14s remaining)
  [combined100_e75] 11000/14693 (38s, ~13s remaining)
  [combined100_e75] 11500/14693 (40s, ~11s remaining)
  [combined100_e75] 12000/14693 (41s, ~9s remaining)
  [combined100_e75] 12500/14693 (43s, ~8s remaining)
  [combined100_e75] 13000/14693 (45s, ~6s remaining)
  [combined100_e75] 13500/14693 (47s, ~4s remaining)
  [combined100_e75] 14000/14693 (48s, ~2s remaining)
  [combined100_e75] 14500/14693 (50s, ~1s remaining)
  [combined100_e75] Done: 14693 decisions in 50.7s
  [combined100_e75] Saved per-decision errors: experiments/exp029-longrun/dumps/combined100_e75.npz


==========================================================================================
BGSage Money Benchmark - Checker-only, cubeless reference
Positions: 14693 checker decisions from 500 games
Reference: cubeless_equity (Sage 3P / 3T / Rollout)
Engines rank candidates by: cubeless equity
==========================================================================================

MOVE SELECTION (PR = mean error x 500, lower is better)

  Engine                               PR      N  Blndr   prace    race     atk   prime    anch
  --------------------------------------------------------------------------------------
  combined100_e75                    1.30  14693     31    0.46    1.50    1.24    1.48    1.51

  (N per plan)                                             1816    3120    4111    2453    3193

EVAL ACCURACY (R^2 / MSE on predicted vs reference cubeless equity)

  Engine                             R2(rollout)      MSE        N        R2(3T)      MSE        N        R2(3P)      MSE        N       R2(all)      MSE        N
  --------------------------------------------------------------------------------------------------------------
  combined100_e75                         0.9964   0.0021   149113        0.9933   0.0021    61917        0.9934   0.0018   116421        0.9954   0.0020   327451

Saving results to experiments/exp029-longrun/scratch/
  Saved: experiments/exp029-longrun/scratch/combined100_e75.json
  Saved: experiments/exp029-longrun/scratch/summary.json
Loading benchmark: /home/lasse/python-projects/raccoon/data/bgsage/money_benchmark/benchmark.json.gz
  14693 checker decisions from 500 games

Scoring raccoon: combined100_e76 (experiments/exp029-longrun/combined100/checkpoints/ep76.pt)...
  [combined100_e76] 500/14693 (2s, ~52s remaining)
  [combined100_e76] 1000/14693 (4s, ~49s remaining)
  [combined100_e76] 1500/14693 (5s, ~47s remaining)
  [combined100_e76] 2000/14693 (7s, ~45s remaining)
  [combined100_e76] 2500/14693 (9s, ~43s remaining)
  [combined100_e76] 3000/14693 (10s, ~41s remaining)
  [combined100_e76] 3500/14693 (12s, ~39s remaining)
  [combined100_e76] 4000/14693 (14s, ~37s remaining)
  [combined100_e76] 4500/14693 (16s, ~35s remaining)
  [combined100_e76] 5000/14693 (17s, ~34s remaining)
  [combined100_e76] 5500/14693 (19s, ~31s remaining)
  [combined100_e76] 6000/14693 (20s, ~30s remaining)
  [combined100_e76] 6500/14693 (22s, ~28s remaining)
  [combined100_e76] 7000/14693 (24s, ~26s remaining)
  [combined100_e76] 7500/14693 (26s, ~25s remaining)
  [combined100_e76] 8000/14693 (28s, ~23s remaining)
  [combined100_e76] 8500/14693 (29s, ~21s remaining)
  [combined100_e76] 9000/14693 (31s, ~20s remaining)
  [combined100_e76] 9500/14693 (33s, ~18s remaining)
  [combined100_e76] 10000/14693 (35s, ~16s remaining)
  [combined100_e76] 10500/14693 (36s, ~15s remaining)
  [combined100_e76] 11000/14693 (38s, ~13s remaining)
  [combined100_e76] 11500/14693 (40s, ~11s remaining)
  [combined100_e76] 12000/14693 (41s, ~9s remaining)
  [combined100_e76] 12500/14693 (43s, ~8s remaining)
  [combined100_e76] 13000/14693 (45s, ~6s remaining)
  [combined100_e76] 13500/14693 (47s, ~4s remaining)
  [combined100_e76] 14000/14693 (48s, ~2s remaining)
  [combined100_e76] 14500/14693 (50s, ~1s remaining)
  [combined100_e76] Done: 14693 decisions in 50.7s
  [combined100_e76] Saved per-decision errors: experiments/exp029-longrun/dumps/combined100_e76.npz


==========================================================================================
BGSage Money Benchmark - Checker-only, cubeless reference
Positions: 14693 checker decisions from 500 games
Reference: cubeless_equity (Sage 3P / 3T / Rollout)
Engines rank candidates by: cubeless equity
==========================================================================================

MOVE SELECTION (PR = mean error x 500, lower is better)

  Engine                               PR      N  Blndr   prace    race     atk   prime    anch
  --------------------------------------------------------------------------------------
  combined100_e76                    1.29  14693     31    0.51    1.54    1.18    1.39    1.56

  (N per plan)                                             1816    3120    4111    2453    3193

EVAL ACCURACY (R^2 / MSE on predicted vs reference cubeless equity)

  Engine                             R2(rollout)      MSE        N        R2(3T)      MSE        N        R2(3P)      MSE        N       R2(all)      MSE        N
  --------------------------------------------------------------------------------------------------------------
  combined100_e76                         0.9965   0.0021   149113        0.9932   0.0022    61917        0.9935   0.0018   116421        0.9954   0.0020   327451

Saving results to experiments/exp029-longrun/scratch/
  Saved: experiments/exp029-longrun/scratch/combined100_e76.json
  Saved: experiments/exp029-longrun/scratch/summary.json
Loading benchmark: /home/lasse/python-projects/raccoon/data/bgsage/money_benchmark/benchmark.json.gz
  14693 checker decisions from 500 games

Scoring raccoon: combined100_e77 (experiments/exp029-longrun/combined100/checkpoints/ep77.pt)...
  [combined100_e77] 500/14693 (2s, ~55s remaining)
  [combined100_e77] 1000/14693 (4s, ~51s remaining)
  [combined100_e77] 1500/14693 (6s, ~49s remaining)
  [combined100_e77] 2000/14693 (7s, ~47s remaining)
  [combined100_e77] 2500/14693 (9s, ~45s remaining)
  [combined100_e77] 3000/14693 (11s, ~43s remaining)
  [combined100_e77] 3500/14693 (13s, ~41s remaining)
  [combined100_e77] 4000/14693 (15s, ~39s remaining)
  [combined100_e77] 4500/14693 (16s, ~37s remaining)
  [combined100_e77] 5000/14693 (18s, ~35s remaining)
  [combined100_e77] 5500/14693 (20s, ~33s remaining)
  [combined100_e77] 6000/14693 (22s, ~31s remaining)
  [combined100_e77] 6500/14693 (23s, ~29s remaining)
  [combined100_e77] 7000/14693 (25s, ~28s remaining)
  [combined100_e77] 7500/14693 (27s, ~26s remaining)
  [combined100_e77] 8000/14693 (29s, ~24s remaining)
  [combined100_e77] 8500/14693 (31s, ~23s remaining)
  [combined100_e77] 9000/14693 (33s, ~21s remaining)
  [combined100_e77] 9500/14693 (35s, ~19s remaining)
  [combined100_e77] 10000/14693 (36s, ~17s remaining)
  [combined100_e77] 10500/14693 (38s, ~15s remaining)
  [combined100_e77] 11000/14693 (40s, ~13s remaining)
  [combined100_e77] 11500/14693 (42s, ~12s remaining)
  [combined100_e77] 12000/14693 (44s, ~10s remaining)
  [combined100_e77] 12500/14693 (45s, ~8s remaining)
  [combined100_e77] 13000/14693 (47s, ~6s remaining)
  [combined100_e77] 13500/14693 (49s, ~4s remaining)
  [combined100_e77] 14000/14693 (51s, ~3s remaining)
  [combined100_e77] 14500/14693 (53s, ~1s remaining)
  [combined100_e77] Done: 14693 decisions in 53.3s
  [combined100_e77] Saved per-decision errors: experiments/exp029-longrun/dumps/combined100_e77.npz


==========================================================================================
BGSage Money Benchmark - Checker-only, cubeless reference
Positions: 14693 checker decisions from 500 games
Reference: cubeless_equity (Sage 3P / 3T / Rollout)
Engines rank candidates by: cubeless equity
==========================================================================================

MOVE SELECTION (PR = mean error x 500, lower is better)

  Engine                               PR      N  Blndr   prace    race     atk   prime    anch
  --------------------------------------------------------------------------------------
  combined100_e77                    1.30  14693     36    0.47    1.54    1.21    1.40    1.57

  (N per plan)                                             1816    3120    4111    2453    3193

EVAL ACCURACY (R^2 / MSE on predicted vs reference cubeless equity)

  Engine                             R2(rollout)      MSE        N        R2(3T)      MSE        N        R2(3P)      MSE        N       R2(all)      MSE        N
  --------------------------------------------------------------------------------------------------------------
  combined100_e77                         0.9963   0.0022   149113        0.9930   0.0022    61917        0.9931   0.0019   116421        0.9952   0.0021   327451

Saving results to experiments/exp029-longrun/scratch/
  Saved: experiments/exp029-longrun/scratch/combined100_e77.json
  Saved: experiments/exp029-longrun/scratch/summary.json
Loading benchmark: /home/lasse/python-projects/raccoon/data/bgsage/money_benchmark/benchmark.json.gz
  14693 checker decisions from 500 games

Scoring raccoon: combined100_e78 (experiments/exp029-longrun/combined100/checkpoints/ep78.pt)...
  [combined100_e78] 500/14693 (2s, ~53s remaining)
  [combined100_e78] 1000/14693 (4s, ~49s remaining)
  [combined100_e78] 1500/14693 (5s, ~47s remaining)
  [combined100_e78] 2000/14693 (7s, ~44s remaining)
  [combined100_e78] 2500/14693 (9s, ~42s remaining)
  [combined100_e78] 3000/14693 (10s, ~41s remaining)
  [combined100_e78] 3500/14693 (12s, ~39s remaining)
  [combined100_e78] 4000/14693 (14s, ~37s remaining)
  [combined100_e78] 4500/14693 (15s, ~35s remaining)
  [combined100_e78] 5000/14693 (17s, ~33s remaining)
  [combined100_e78] 5500/14693 (19s, ~31s remaining)
  [combined100_e78] 6000/14693 (20s, ~30s remaining)
  [combined100_e78] 6500/14693 (22s, ~28s remaining)
  [combined100_e78] 7000/14693 (24s, ~26s remaining)
  [combined100_e78] 7500/14693 (26s, ~25s remaining)
  [combined100_e78] 8000/14693 (27s, ~23s remaining)
  [combined100_e78] 8500/14693 (29s, ~21s remaining)
  [combined100_e78] 9000/14693 (31s, ~20s remaining)
  [combined100_e78] 9500/14693 (33s, ~18s remaining)
  [combined100_e78] 10000/14693 (34s, ~16s remaining)
  [combined100_e78] 10500/14693 (36s, ~14s remaining)
  [combined100_e78] 11000/14693 (38s, ~13s remaining)
  [combined100_e78] 11500/14693 (40s, ~11s remaining)
  [combined100_e78] 12000/14693 (41s, ~9s remaining)
  [combined100_e78] 12500/14693 (43s, ~8s remaining)
  [combined100_e78] 13000/14693 (45s, ~6s remaining)
  [combined100_e78] 13500/14693 (46s, ~4s remaining)
  [combined100_e78] 14000/14693 (48s, ~2s remaining)
  [combined100_e78] 14500/14693 (50s, ~1s remaining)
  [combined100_e78] Done: 14693 decisions in 50.5s
  [combined100_e78] Saved per-decision errors: experiments/exp029-longrun/dumps/combined100_e78.npz


==========================================================================================
BGSage Money Benchmark - Checker-only, cubeless reference
Positions: 14693 checker decisions from 500 games
Reference: cubeless_equity (Sage 3P / 3T / Rollout)
Engines rank candidates by: cubeless equity
==========================================================================================

MOVE SELECTION (PR = mean error x 500, lower is better)

  Engine                               PR      N  Blndr   prace    race     atk   prime    anch
  --------------------------------------------------------------------------------------
  combined100_e78                    1.27  14693     31    0.49    1.47    1.21    1.38    1.50

  (N per plan)                                             1816    3120    4111    2453    3193

EVAL ACCURACY (R^2 / MSE on predicted vs reference cubeless equity)

  Engine                             R2(rollout)      MSE        N        R2(3T)      MSE        N        R2(3P)      MSE        N       R2(all)      MSE        N
  --------------------------------------------------------------------------------------------------------------
  combined100_e78                         0.9964   0.0021   149113        0.9932   0.0022    61917        0.9934   0.0018   116421        0.9953   0.0020   327451

Saving results to experiments/exp029-longrun/scratch/
  Saved: experiments/exp029-longrun/scratch/combined100_e78.json
  Saved: experiments/exp029-longrun/scratch/summary.json
Loading benchmark: /home/lasse/python-projects/raccoon/data/bgsage/money_benchmark/benchmark.json.gz
  14693 checker decisions from 500 games

Scoring raccoon: combined100_e79 (experiments/exp029-longrun/combined100/checkpoints/ep79.pt)...
  [combined100_e79] 500/14693 (2s, ~53s remaining)
  [combined100_e79] 1000/14693 (4s, ~50s remaining)
  [combined100_e79] 1500/14693 (5s, ~48s remaining)
  [combined100_e79] 2000/14693 (7s, ~46s remaining)
  [combined100_e79] 2500/14693 (9s, ~44s remaining)
  [combined100_e79] 3000/14693 (11s, ~42s remaining)
  [combined100_e79] 3500/14693 (12s, ~40s remaining)
  [combined100_e79] 4000/14693 (14s, ~38s remaining)
  [combined100_e79] 4500/14693 (16s, ~36s remaining)
  [combined100_e79] 5000/14693 (18s, ~34s remaining)
  [combined100_e79] 5500/14693 (19s, ~32s remaining)
  [combined100_e79] 6000/14693 (21s, ~30s remaining)
  [combined100_e79] 6500/14693 (23s, ~28s remaining)
  [combined100_e79] 7000/14693 (24s, ~27s remaining)
  [combined100_e79] 7500/14693 (26s, ~25s remaining)
  [combined100_e79] 8000/14693 (28s, ~24s remaining)
  [combined100_e79] 8500/14693 (30s, ~22s remaining)
  [combined100_e79] 9000/14693 (32s, ~20s remaining)
  [combined100_e79] 9500/14693 (34s, ~18s remaining)
  [combined100_e79] 10000/14693 (35s, ~17s remaining)
  [combined100_e79] 10500/14693 (37s, ~15s remaining)
  [combined100_e79] 11000/14693 (39s, ~13s remaining)
  [combined100_e79] 11500/14693 (41s, ~11s remaining)
  [combined100_e79] 12000/14693 (42s, ~10s remaining)
  [combined100_e79] 12500/14693 (44s, ~8s remaining)
  [combined100_e79] 13000/14693 (46s, ~6s remaining)
  [combined100_e79] 13500/14693 (48s, ~4s remaining)
  [combined100_e79] 14000/14693 (50s, ~2s remaining)
  [combined100_e79] 14500/14693 (51s, ~1s remaining)
  [combined100_e79] Done: 14693 decisions in 51.9s
  [combined100_e79] Saved per-decision errors: experiments/exp029-longrun/dumps/combined100_e79.npz


==========================================================================================
BGSage Money Benchmark - Checker-only, cubeless reference
Positions: 14693 checker decisions from 500 games
Reference: cubeless_equity (Sage 3P / 3T / Rollout)
Engines rank candidates by: cubeless equity
==========================================================================================

MOVE SELECTION (PR = mean error x 500, lower is better)

  Engine                               PR      N  Blndr   prace    race     atk   prime    anch
  --------------------------------------------------------------------------------------
  combined100_e79                    1.31  14693     35    0.50    1.56    1.23    1.45    1.52

  (N per plan)                                             1816    3120    4111    2453    3193

EVAL ACCURACY (R^2 / MSE on predicted vs reference cubeless equity)

  Engine                             R2(rollout)      MSE        N        R2(3T)      MSE        N        R2(3P)      MSE        N       R2(all)      MSE        N
  --------------------------------------------------------------------------------------------------------------
  combined100_e79                         0.9963   0.0022   149113        0.9931   0.0022    61917        0.9933   0.0018   116421        0.9952   0.0021   327451

Saving results to experiments/exp029-longrun/scratch/
  Saved: experiments/exp029-longrun/scratch/combined100_e79.json
  Saved: experiments/exp029-longrun/scratch/summary.json
Loading benchmark: /home/lasse/python-projects/raccoon/data/bgsage/money_benchmark/benchmark.json.gz
  14693 checker decisions from 500 games

Scoring raccoon: combined100_e80 (experiments/exp029-longrun/combined100/checkpoints/ep80.pt)...
  [combined100_e80] 500/14693 (2s, ~55s remaining)
  [combined100_e80] 1000/14693 (4s, ~51s remaining)
  [combined100_e80] 1500/14693 (6s, ~49s remaining)
  [combined100_e80] 2000/14693 (7s, ~47s remaining)
  [combined100_e80] 2500/14693 (9s, ~45s remaining)
  [combined100_e80] 3000/14693 (11s, ~43s remaining)
  [combined100_e80] 3500/14693 (13s, ~41s remaining)
  [combined100_e80] 4000/14693 (15s, ~39s remaining)
  [combined100_e80] 4500/14693 (16s, ~37s remaining)
  [combined100_e80] 5000/14693 (18s, ~35s remaining)
  [combined100_e80] 5500/14693 (20s, ~33s remaining)
  [combined100_e80] 6000/14693 (22s, ~31s remaining)
  [combined100_e80] 6500/14693 (23s, ~29s remaining)
  [combined100_e80] 7000/14693 (25s, ~28s remaining)
  [combined100_e80] 7500/14693 (27s, ~26s remaining)
  [combined100_e80] 8000/14693 (29s, ~24s remaining)
  [combined100_e80] 8500/14693 (31s, ~23s remaining)
  [combined100_e80] 9000/14693 (33s, ~21s remaining)
  [combined100_e80] 9500/14693 (35s, ~19s remaining)
  [combined100_e80] 10000/14693 (36s, ~17s remaining)
  [combined100_e80] 10500/14693 (38s, ~15s remaining)
  [combined100_e80] 11000/14693 (40s, ~13s remaining)
  [combined100_e80] 11500/14693 (42s, ~12s remaining)
  [combined100_e80] 12000/14693 (44s, ~10s remaining)
  [combined100_e80] 12500/14693 (46s, ~8s remaining)
  [combined100_e80] 13000/14693 (47s, ~6s remaining)
  [combined100_e80] 13500/14693 (49s, ~4s remaining)
  [combined100_e80] 14000/14693 (51s, ~3s remaining)
  [combined100_e80] 14500/14693 (53s, ~1s remaining)
  [combined100_e80] Done: 14693 decisions in 53.4s
  [combined100_e80] Saved per-decision errors: experiments/exp029-longrun/dumps/combined100_e80.npz


==========================================================================================
BGSage Money Benchmark - Checker-only, cubeless reference
Positions: 14693 checker decisions from 500 games
Reference: cubeless_equity (Sage 3P / 3T / Rollout)
Engines rank candidates by: cubeless equity
==========================================================================================

MOVE SELECTION (PR = mean error x 500, lower is better)

  Engine                               PR      N  Blndr   prace    race     atk   prime    anch
  --------------------------------------------------------------------------------------
  combined100_e80                    1.29  14693     32    0.52    1.48    1.18    1.47    1.55

  (N per plan)                                             1816    3120    4111    2453    3193

EVAL ACCURACY (R^2 / MSE on predicted vs reference cubeless equity)

  Engine                             R2(rollout)      MSE        N        R2(3T)      MSE        N        R2(3P)      MSE        N       R2(all)      MSE        N
  --------------------------------------------------------------------------------------------------------------
  combined100_e80                         0.9964   0.0022   149113        0.9931   0.0022    61917        0.9932   0.0019   116421        0.9952   0.0021   327451

Saving results to experiments/exp029-longrun/scratch/
  Saved: experiments/exp029-longrun/scratch/combined100_e80.json
  Saved: experiments/exp029-longrun/scratch/summary.json
Loading benchmark: /home/lasse/python-projects/raccoon/data/bgsage/money_benchmark/benchmark.json.gz
  14693 checker decisions from 500 games

Scoring raccoon: combined100_e81 (experiments/exp029-longrun/combined100/checkpoints/ep81.pt)...
  [combined100_e81] 500/14693 (2s, ~53s remaining)
  [combined100_e81] 1000/14693 (4s, ~49s remaining)
  [combined100_e81] 1500/14693 (5s, ~47s remaining)
  [combined100_e81] 2000/14693 (7s, ~45s remaining)
  [combined100_e81] 2500/14693 (9s, ~43s remaining)
  [combined100_e81] 3000/14693 (11s, ~41s remaining)
  [combined100_e81] 3500/14693 (12s, ~39s remaining)
  [combined100_e81] 4000/14693 (14s, ~38s remaining)
  [combined100_e81] 4500/14693 (16s, ~36s remaining)
  [combined100_e81] 5000/14693 (18s, ~34s remaining)
  [combined100_e81] 5500/14693 (19s, ~32s remaining)
  [combined100_e81] 6000/14693 (21s, ~30s remaining)
  [combined100_e81] 6500/14693 (22s, ~28s remaining)
  [combined100_e81] 7000/14693 (24s, ~27s remaining)
  [combined100_e81] 7500/14693 (26s, ~25s remaining)
  [combined100_e81] 8000/14693 (28s, ~23s remaining)
  [combined100_e81] 8500/14693 (30s, ~22s remaining)
  [combined100_e81] 9000/14693 (32s, ~20s remaining)
  [combined100_e81] 9500/14693 (33s, ~18s remaining)
  [combined100_e81] 10000/14693 (35s, ~17s remaining)
  [combined100_e81] 10500/14693 (37s, ~15s remaining)
  [combined100_e81] 11000/14693 (39s, ~13s remaining)
  [combined100_e81] 11500/14693 (40s, ~11s remaining)
  [combined100_e81] 12000/14693 (42s, ~9s remaining)
  [combined100_e81] 12500/14693 (44s, ~8s remaining)
  [combined100_e81] 13000/14693 (46s, ~6s remaining)
  [combined100_e81] 13500/14693 (47s, ~4s remaining)
  [combined100_e81] 14000/14693 (49s, ~2s remaining)
  [combined100_e81] 14500/14693 (51s, ~1s remaining)
  [combined100_e81] Done: 14693 decisions in 51.5s
  [combined100_e81] Saved per-decision errors: experiments/exp029-longrun/dumps/combined100_e81.npz


==========================================================================================
BGSage Money Benchmark - Checker-only, cubeless reference
Positions: 14693 checker decisions from 500 games
Reference: cubeless_equity (Sage 3P / 3T / Rollout)
Engines rank candidates by: cubeless equity
==========================================================================================

MOVE SELECTION (PR = mean error x 500, lower is better)

  Engine                               PR      N  Blndr   prace    race     atk   prime    anch
  --------------------------------------------------------------------------------------
  combined100_e81                    1.28  14693     32    0.46    1.52    1.20    1.39    1.55

  (N per plan)                                             1816    3120    4111    2453    3193

EVAL ACCURACY (R^2 / MSE on predicted vs reference cubeless equity)

  Engine                             R2(rollout)      MSE        N        R2(3T)      MSE        N        R2(3P)      MSE        N       R2(all)      MSE        N
  --------------------------------------------------------------------------------------------------------------
  combined100_e81                         0.9964   0.0022   149113        0.9930   0.0022    61917        0.9931   0.0019   116421        0.9952   0.0021   327451

Saving results to experiments/exp029-longrun/scratch/
  Saved: experiments/exp029-longrun/scratch/combined100_e81.json
  Saved: experiments/exp029-longrun/scratch/summary.json
Loading benchmark: /home/lasse/python-projects/raccoon/data/bgsage/money_benchmark/benchmark.json.gz
  14693 checker decisions from 500 games

Scoring raccoon: combined100_e82 (experiments/exp029-longrun/combined100/checkpoints/ep82.pt)...
  [combined100_e82] 500/14693 (2s, ~52s remaining)
  [combined100_e82] 1000/14693 (4s, ~49s remaining)
  [combined100_e82] 1500/14693 (5s, ~47s remaining)
  [combined100_e82] 2000/14693 (7s, ~45s remaining)
  [combined100_e82] 2500/14693 (9s, ~43s remaining)
  [combined100_e82] 3000/14693 (10s, ~41s remaining)
  [combined100_e82] 3500/14693 (12s, ~39s remaining)
  [combined100_e82] 4000/14693 (14s, ~37s remaining)
  [combined100_e82] 4500/14693 (16s, ~35s remaining)
  [combined100_e82] 5000/14693 (17s, ~34s remaining)
  [combined100_e82] 5500/14693 (19s, ~32s remaining)
  [combined100_e82] 6000/14693 (20s, ~30s remaining)
  [combined100_e82] 6500/14693 (22s, ~28s remaining)
  [combined100_e82] 7000/14693 (24s, ~26s remaining)
  [combined100_e82] 7500/14693 (26s, ~25s remaining)
  [combined100_e82] 8000/14693 (28s, ~23s remaining)
  [combined100_e82] 8500/14693 (29s, ~21s remaining)
  [combined100_e82] 9000/14693 (31s, ~20s remaining)
  [combined100_e82] 9500/14693 (33s, ~18s remaining)
  [combined100_e82] 10000/14693 (35s, ~16s remaining)
  [combined100_e82] 10500/14693 (36s, ~15s remaining)
  [combined100_e82] 11000/14693 (38s, ~13s remaining)
  [combined100_e82] 11500/14693 (40s, ~11s remaining)
  [combined100_e82] 12000/14693 (41s, ~9s remaining)
  [combined100_e82] 12500/14693 (43s, ~8s remaining)
  [combined100_e82] 13000/14693 (45s, ~6s remaining)
  [combined100_e82] 13500/14693 (47s, ~4s remaining)
  [combined100_e82] 14000/14693 (49s, ~2s remaining)
  [combined100_e82] 14500/14693 (50s, ~1s remaining)
  [combined100_e82] Done: 14693 decisions in 51.0s
  [combined100_e82] Saved per-decision errors: experiments/exp029-longrun/dumps/combined100_e82.npz


==========================================================================================
BGSage Money Benchmark - Checker-only, cubeless reference
Positions: 14693 checker decisions from 500 games
Reference: cubeless_equity (Sage 3P / 3T / Rollout)
Engines rank candidates by: cubeless equity
==========================================================================================

MOVE SELECTION (PR = mean error x 500, lower is better)

  Engine                               PR      N  Blndr   prace    race     atk   prime    anch
  --------------------------------------------------------------------------------------
  combined100_e82                    1.29  14693     31    0.48    1.51    1.20    1.41    1.56

  (N per plan)                                             1816    3120    4111    2453    3193

EVAL ACCURACY (R^2 / MSE on predicted vs reference cubeless equity)

  Engine                             R2(rollout)      MSE        N        R2(3T)      MSE        N        R2(3P)      MSE        N       R2(all)      MSE        N
  --------------------------------------------------------------------------------------------------------------
  combined100_e82                         0.9964   0.0021   149113        0.9931   0.0022    61917        0.9932   0.0019   116421        0.9953   0.0021   327451

Saving results to experiments/exp029-longrun/scratch/
  Saved: experiments/exp029-longrun/scratch/combined100_e82.json
  Saved: experiments/exp029-longrun/scratch/summary.json
Loading benchmark: /home/lasse/python-projects/raccoon/data/bgsage/money_benchmark/benchmark.json.gz
  14693 checker decisions from 500 games

Scoring raccoon: combined100_e83 (experiments/exp029-longrun/combined100/checkpoints/ep83.pt)...
  [combined100_e83] 500/14693 (2s, ~54s remaining)
  [combined100_e83] 1000/14693 (4s, ~50s remaining)
  [combined100_e83] 1500/14693 (5s, ~48s remaining)
  [combined100_e83] 2000/14693 (7s, ~46s remaining)
  [combined100_e83] 2500/14693 (9s, ~44s remaining)
  [combined100_e83] 3000/14693 (11s, ~42s remaining)
  [combined100_e83] 3500/14693 (13s, ~40s remaining)
  [combined100_e83] 4000/14693 (14s, ~38s remaining)
  [combined100_e83] 4500/14693 (16s, ~37s remaining)
  [combined100_e83] 5000/14693 (18s, ~35s remaining)
  [combined100_e83] 5500/14693 (20s, ~33s remaining)
  [combined100_e83] 6000/14693 (21s, ~31s remaining)
  [combined100_e83] 6500/14693 (23s, ~29s remaining)
  [combined100_e83] 7000/14693 (25s, ~27s remaining)
  [combined100_e83] 7500/14693 (27s, ~26s remaining)
  [combined100_e83] 8000/14693 (29s, ~24s remaining)
  [combined100_e83] 8500/14693 (30s, ~22s remaining)
  [combined100_e83] 9000/14693 (32s, ~20s remaining)
  [combined100_e83] 9500/14693 (34s, ~19s remaining)
  [combined100_e83] 10000/14693 (36s, ~17s remaining)
  [combined100_e83] 10500/14693 (38s, ~15s remaining)
  [combined100_e83] 11000/14693 (39s, ~13s remaining)
  [combined100_e83] 11500/14693 (41s, ~11s remaining)
  [combined100_e83] 12000/14693 (43s, ~10s remaining)
  [combined100_e83] 12500/14693 (45s, ~8s remaining)
  [combined100_e83] 13000/14693 (47s, ~6s remaining)
  [combined100_e83] 13500/14693 (48s, ~4s remaining)
  [combined100_e83] 14000/14693 (50s, ~2s remaining)
  [combined100_e83] 14500/14693 (52s, ~1s remaining)
  [combined100_e83] Done: 14693 decisions in 52.6s
  [combined100_e83] Saved per-decision errors: experiments/exp029-longrun/dumps/combined100_e83.npz


==========================================================================================
BGSage Money Benchmark - Checker-only, cubeless reference
Positions: 14693 checker decisions from 500 games
Reference: cubeless_equity (Sage 3P / 3T / Rollout)
Engines rank candidates by: cubeless equity
==========================================================================================

MOVE SELECTION (PR = mean error x 500, lower is better)

  Engine                               PR      N  Blndr   prace    race     atk   prime    anch
  --------------------------------------------------------------------------------------
  combined100_e83                    1.28  14693     32    0.43    1.51    1.20    1.43    1.51

  (N per plan)                                             1816    3120    4111    2453    3193

EVAL ACCURACY (R^2 / MSE on predicted vs reference cubeless equity)

  Engine                             R2(rollout)      MSE        N        R2(3T)      MSE        N        R2(3P)      MSE        N       R2(all)      MSE        N
  --------------------------------------------------------------------------------------------------------------
  combined100_e83                         0.9964   0.0022   149113        0.9931   0.0022    61917        0.9932   0.0019   116421        0.9953   0.0021   327451

Saving results to experiments/exp029-longrun/scratch/
  Saved: experiments/exp029-longrun/scratch/combined100_e83.json
  Saved: experiments/exp029-longrun/scratch/summary.json
Loading benchmark: /home/lasse/python-projects/raccoon/data/bgsage/money_benchmark/benchmark.json.gz
  14693 checker decisions from 500 games

Scoring raccoon: combined100_e84 (experiments/exp029-longrun/combined100/checkpoints/ep84.pt)...
  [combined100_e84] 500/14693 (2s, ~53s remaining)
  [combined100_e84] 1000/14693 (4s, ~49s remaining)
  [combined100_e84] 1500/14693 (5s, ~47s remaining)
  [combined100_e84] 2000/14693 (7s, ~45s remaining)
  [combined100_e84] 2500/14693 (9s, ~43s remaining)
  [combined100_e84] 3000/14693 (11s, ~41s remaining)
  [combined100_e84] 3500/14693 (12s, ~39s remaining)
  [combined100_e84] 4000/14693 (14s, ~37s remaining)
  [combined100_e84] 4500/14693 (16s, ~35s remaining)
  [combined100_e84] 5000/14693 (17s, ~34s remaining)
  [combined100_e84] 5500/14693 (19s, ~32s remaining)
  [combined100_e84] 6000/14693 (21s, ~30s remaining)
  [combined100_e84] 6500/14693 (22s, ~28s remaining)
  [combined100_e84] 7000/14693 (24s, ~26s remaining)
  [combined100_e84] 7500/14693 (26s, ~25s remaining)
  [combined100_e84] 8000/14693 (28s, ~23s remaining)
  [combined100_e84] 8500/14693 (30s, ~22s remaining)
  [combined100_e84] 9000/14693 (31s, ~20s remaining)
  [combined100_e84] 9500/14693 (33s, ~18s remaining)
  [combined100_e84] 10000/14693 (35s, ~16s remaining)
  [combined100_e84] 10500/14693 (37s, ~15s remaining)
  [combined100_e84] 11000/14693 (38s, ~13s remaining)
  [combined100_e84] 11500/14693 (40s, ~11s remaining)
  [combined100_e84] 12000/14693 (42s, ~9s remaining)
  [combined100_e84] 12500/14693 (43s, ~8s remaining)
  [combined100_e84] 13000/14693 (45s, ~6s remaining)
  [combined100_e84] 13500/14693 (47s, ~4s remaining)
  [combined100_e84] 14000/14693 (49s, ~2s remaining)
  [combined100_e84] 14500/14693 (50s, ~1s remaining)
  [combined100_e84] Done: 14693 decisions in 51.0s
  [combined100_e84] Saved per-decision errors: experiments/exp029-longrun/dumps/combined100_e84.npz


==========================================================================================
BGSage Money Benchmark - Checker-only, cubeless reference
Positions: 14693 checker decisions from 500 games
Reference: cubeless_equity (Sage 3P / 3T / Rollout)
Engines rank candidates by: cubeless equity
==========================================================================================

MOVE SELECTION (PR = mean error x 500, lower is better)

  Engine                               PR      N  Blndr   prace    race     atk   prime    anch
  --------------------------------------------------------------------------------------
  combined100_e84                    1.27  14693     32    0.45    1.51    1.19    1.43    1.51

  (N per plan)                                             1816    3120    4111    2453    3193

EVAL ACCURACY (R^2 / MSE on predicted vs reference cubeless equity)

  Engine                             R2(rollout)      MSE        N        R2(3T)      MSE        N        R2(3P)      MSE        N       R2(all)      MSE        N
  --------------------------------------------------------------------------------------------------------------
  combined100_e84                         0.9964   0.0022   149113        0.9931   0.0022    61917        0.9933   0.0019   116421        0.9953   0.0021   327451

Saving results to experiments/exp029-longrun/scratch/
  Saved: experiments/exp029-longrun/scratch/combined100_e84.json
  Saved: experiments/exp029-longrun/scratch/summary.json
Loading benchmark: /home/lasse/python-projects/raccoon/data/bgsage/money_benchmark/benchmark.json.gz
  14693 checker decisions from 500 games

Scoring raccoon: combined100_e85 (experiments/exp029-longrun/combined100/checkpoints/ep85.pt)...
  [combined100_e85] 500/14693 (2s, ~54s remaining)
  [combined100_e85] 1000/14693 (4s, ~50s remaining)
  [combined100_e85] 1500/14693 (5s, ~48s remaining)
  [combined100_e85] 2000/14693 (7s, ~46s remaining)
  [combined100_e85] 2500/14693 (9s, ~44s remaining)
  [combined100_e85] 3000/14693 (11s, ~42s remaining)
  [combined100_e85] 3500/14693 (13s, ~40s remaining)
  [combined100_e85] 4000/14693 (14s, ~38s remaining)
  [combined100_e85] 4500/14693 (16s, ~36s remaining)
  [combined100_e85] 5000/14693 (18s, ~34s remaining)
  [combined100_e85] 5500/14693 (19s, ~32s remaining)
  [combined100_e85] 6000/14693 (21s, ~30s remaining)
  [combined100_e85] 6500/14693 (23s, ~29s remaining)
  [combined100_e85] 7000/14693 (25s, ~27s remaining)
  [combined100_e85] 7500/14693 (26s, ~25s remaining)
  [combined100_e85] 8000/14693 (28s, ~24s remaining)
  [combined100_e85] 8500/14693 (30s, ~22s remaining)
  [combined100_e85] 9000/14693 (32s, ~20s remaining)
  [combined100_e85] 9500/14693 (34s, ~18s remaining)
  [combined100_e85] 10000/14693 (36s, ~17s remaining)
  [combined100_e85] 10500/14693 (37s, ~15s remaining)
  [combined100_e85] 11000/14693 (39s, ~13s remaining)
  [combined100_e85] 11500/14693 (41s, ~11s remaining)
  [combined100_e85] 12000/14693 (43s, ~10s remaining)
  [combined100_e85] 12500/14693 (44s, ~8s remaining)
  [combined100_e85] 13000/14693 (46s, ~6s remaining)
  [combined100_e85] 13500/14693 (48s, ~4s remaining)
  [combined100_e85] 14000/14693 (50s, ~2s remaining)
  [combined100_e85] 14500/14693 (51s, ~1s remaining)
  [combined100_e85] Done: 14693 decisions in 52.0s
  [combined100_e85] Saved per-decision errors: experiments/exp029-longrun/dumps/combined100_e85.npz


==========================================================================================
BGSage Money Benchmark - Checker-only, cubeless reference
Positions: 14693 checker decisions from 500 games
Reference: cubeless_equity (Sage 3P / 3T / Rollout)
Engines rank candidates by: cubeless equity
==========================================================================================

MOVE SELECTION (PR = mean error x 500, lower is better)

  Engine                               PR      N  Blndr   prace    race     atk   prime    anch
  --------------------------------------------------------------------------------------
  combined100_e85                    1.27  14693     30    0.51    1.48    1.18    1.37    1.53

  (N per plan)                                             1816    3120    4111    2453    3193

EVAL ACCURACY (R^2 / MSE on predicted vs reference cubeless equity)

  Engine                             R2(rollout)      MSE        N        R2(3T)      MSE        N        R2(3P)      MSE        N       R2(all)      MSE        N
  --------------------------------------------------------------------------------------------------------------
  combined100_e85                         0.9964   0.0022   149113        0.9931   0.0022    61917        0.9933   0.0019   116421        0.9953   0.0021   327451

Saving results to experiments/exp029-longrun/scratch/
  Saved: experiments/exp029-longrun/scratch/combined100_e85.json
  Saved: experiments/exp029-longrun/scratch/summary.json
Loading benchmark: /home/lasse/python-projects/raccoon/data/bgsage/money_benchmark/benchmark.json.gz
  14693 checker decisions from 500 games

Scoring raccoon: combined100_e86 (experiments/exp029-longrun/combined100/checkpoints/ep86.pt)...
  [combined100_e86] 500/14693 (2s, ~54s remaining)
  [combined100_e86] 1000/14693 (4s, ~50s remaining)
  [combined100_e86] 1500/14693 (5s, ~48s remaining)
  [combined100_e86] 2000/14693 (7s, ~46s remaining)
  [combined100_e86] 2500/14693 (9s, ~44s remaining)
  [combined100_e86] 3000/14693 (11s, ~42s remaining)
  [combined100_e86] 3500/14693 (13s, ~40s remaining)
  [combined100_e86] 4000/14693 (14s, ~38s remaining)
  [combined100_e86] 4500/14693 (16s, ~36s remaining)
  [combined100_e86] 5000/14693 (18s, ~35s remaining)
  [combined100_e86] 5500/14693 (19s, ~32s remaining)
  [combined100_e86] 6000/14693 (21s, ~31s remaining)
  [combined100_e86] 6500/14693 (23s, ~29s remaining)
  [combined100_e86] 7000/14693 (25s, ~27s remaining)
  [combined100_e86] 7500/14693 (27s, ~25s remaining)
  [combined100_e86] 8000/14693 (29s, ~24s remaining)
  [combined100_e86] 8500/14693 (30s, ~22s remaining)
  [combined100_e86] 9000/14693 (32s, ~20s remaining)
  [combined100_e86] 9500/14693 (34s, ~19s remaining)
  [combined100_e86] 10000/14693 (36s, ~17s remaining)
  [combined100_e86] 10500/14693 (37s, ~15s remaining)
  [combined100_e86] 11000/14693 (39s, ~13s remaining)
  [combined100_e86] 11500/14693 (41s, ~11s remaining)
  [combined100_e86] 12000/14693 (43s, ~10s remaining)
  [combined100_e86] 12500/14693 (45s, ~8s remaining)
  [combined100_e86] 13000/14693 (46s, ~6s remaining)
  [combined100_e86] 13500/14693 (48s, ~4s remaining)
  [combined100_e86] 14000/14693 (50s, ~2s remaining)
  [combined100_e86] 14500/14693 (52s, ~1s remaining)
  [combined100_e86] Done: 14693 decisions in 52.3s
  [combined100_e86] Saved per-decision errors: experiments/exp029-longrun/dumps/combined100_e86.npz


==========================================================================================
BGSage Money Benchmark - Checker-only, cubeless reference
Positions: 14693 checker decisions from 500 games
Reference: cubeless_equity (Sage 3P / 3T / Rollout)
Engines rank candidates by: cubeless equity
==========================================================================================

MOVE SELECTION (PR = mean error x 500, lower is better)

  Engine                               PR      N  Blndr   prace    race     atk   prime    anch
  --------------------------------------------------------------------------------------
  combined100_e86                    1.32  14693     38    0.47    1.54    1.22    1.48    1.58

  (N per plan)                                             1816    3120    4111    2453    3193

EVAL ACCURACY (R^2 / MSE on predicted vs reference cubeless equity)

  Engine                             R2(rollout)      MSE        N        R2(3T)      MSE        N        R2(3P)      MSE        N       R2(all)      MSE        N
  --------------------------------------------------------------------------------------------------------------
  combined100_e86                         0.9964   0.0022   149113        0.9931   0.0022    61917        0.9932   0.0019   116421        0.9952   0.0021   327451

Saving results to experiments/exp029-longrun/scratch/
  Saved: experiments/exp029-longrun/scratch/combined100_e86.json
  Saved: experiments/exp029-longrun/scratch/summary.json
Loading benchmark: /home/lasse/python-projects/raccoon/data/bgsage/money_benchmark/benchmark.json.gz
  14693 checker decisions from 500 games

Scoring raccoon: combined100_e87 (experiments/exp029-longrun/combined100/checkpoints/ep87.pt)...
  [combined100_e87] 500/14693 (2s, ~52s remaining)
  [combined100_e87] 1000/14693 (4s, ~49s remaining)
  [combined100_e87] 1500/14693 (5s, ~47s remaining)
  [combined100_e87] 2000/14693 (7s, ~45s remaining)
  [combined100_e87] 2500/14693 (9s, ~43s remaining)
  [combined100_e87] 3000/14693 (10s, ~41s remaining)
  [combined100_e87] 3500/14693 (12s, ~39s remaining)
  [combined100_e87] 4000/14693 (14s, ~37s remaining)
  [combined100_e87] 4500/14693 (16s, ~35s remaining)
  [combined100_e87] 5000/14693 (17s, ~33s remaining)
  [combined100_e87] 5500/14693 (19s, ~31s remaining)
  [combined100_e87] 6000/14693 (20s, ~30s remaining)
  [combined100_e87] 6500/14693 (22s, ~28s remaining)
  [combined100_e87] 7000/14693 (24s, ~26s remaining)
  [combined100_e87] 7500/14693 (26s, ~25s remaining)
  [combined100_e87] 8000/14693 (28s, ~23s remaining)
  [combined100_e87] 8500/14693 (29s, ~21s remaining)
  [combined100_e87] 9000/14693 (31s, ~20s remaining)
  [combined100_e87] 9500/14693 (33s, ~18s remaining)
  [combined100_e87] 10000/14693 (35s, ~16s remaining)
  [combined100_e87] 10500/14693 (36s, ~14s remaining)
  [combined100_e87] 11000/14693 (38s, ~13s remaining)
  [combined100_e87] 11500/14693 (40s, ~11s remaining)
  [combined100_e87] 12000/14693 (41s, ~9s remaining)
  [combined100_e87] 12500/14693 (43s, ~8s remaining)
  [combined100_e87] 13000/14693 (45s, ~6s remaining)
  [combined100_e87] 13500/14693 (47s, ~4s remaining)
  [combined100_e87] 14000/14693 (48s, ~2s remaining)
  [combined100_e87] 14500/14693 (50s, ~1s remaining)
  [combined100_e87] Done: 14693 decisions in 50.6s
  [combined100_e87] Saved per-decision errors: experiments/exp029-longrun/dumps/combined100_e87.npz


==========================================================================================
BGSage Money Benchmark - Checker-only, cubeless reference
Positions: 14693 checker decisions from 500 games
Reference: cubeless_equity (Sage 3P / 3T / Rollout)
Engines rank candidates by: cubeless equity
==========================================================================================

MOVE SELECTION (PR = mean error x 500, lower is better)

  Engine                               PR      N  Blndr   prace    race     atk   prime    anch
  --------------------------------------------------------------------------------------
  combined100_e87                    1.29  14693     34    0.47    1.49    1.23    1.44    1.53

  (N per plan)                                             1816    3120    4111    2453    3193

EVAL ACCURACY (R^2 / MSE on predicted vs reference cubeless equity)

  Engine                             R2(rollout)      MSE        N        R2(3T)      MSE        N        R2(3P)      MSE        N       R2(all)      MSE        N
  --------------------------------------------------------------------------------------------------------------
  combined100_e87                         0.9964   0.0022   149113        0.9932   0.0022    61917        0.9933   0.0018   116421        0.9953   0.0020   327451

Saving results to experiments/exp029-longrun/scratch/
  Saved: experiments/exp029-longrun/scratch/combined100_e87.json
  Saved: experiments/exp029-longrun/scratch/summary.json
Loading benchmark: /home/lasse/python-projects/raccoon/data/bgsage/money_benchmark/benchmark.json.gz
  14693 checker decisions from 500 games

Scoring raccoon: combined100_e88 (experiments/exp029-longrun/combined100/checkpoints/ep88.pt)...
  [combined100_e88] 500/14693 (2s, ~55s remaining)
  [combined100_e88] 1000/14693 (4s, ~51s remaining)
  [combined100_e88] 1500/14693 (6s, ~49s remaining)
  [combined100_e88] 2000/14693 (7s, ~47s remaining)
  [combined100_e88] 2500/14693 (9s, ~45s remaining)
  [combined100_e88] 3000/14693 (11s, ~43s remaining)
  [combined100_e88] 3500/14693 (13s, ~41s remaining)
  [combined100_e88] 4000/14693 (15s, ~39s remaining)
  [combined100_e88] 4500/14693 (16s, ~37s remaining)
  [combined100_e88] 5000/14693 (18s, ~35s remaining)
  [combined100_e88] 5500/14693 (20s, ~33s remaining)
  [combined100_e88] 6000/14693 (22s, ~31s remaining)
  [combined100_e88] 6500/14693 (23s, ~29s remaining)
  [combined100_e88] 7000/14693 (25s, ~28s remaining)
  [combined100_e88] 7500/14693 (27s, ~26s remaining)
  [combined100_e88] 8000/14693 (29s, ~24s remaining)
  [combined100_e88] 8500/14693 (31s, ~23s remaining)
  [combined100_e88] 9000/14693 (33s, ~21s remaining)
  [combined100_e88] 9500/14693 (35s, ~19s remaining)
  [combined100_e88] 10000/14693 (37s, ~17s remaining)
  [combined100_e88] 10500/14693 (38s, ~15s remaining)
  [combined100_e88] 11000/14693 (40s, ~13s remaining)
  [combined100_e88] 11500/14693 (42s, ~12s remaining)
  [combined100_e88] 12000/14693 (44s, ~10s remaining)
  [combined100_e88] 12500/14693 (46s, ~8s remaining)
  [combined100_e88] 13000/14693 (47s, ~6s remaining)
  [combined100_e88] 13500/14693 (49s, ~4s remaining)
  [combined100_e88] 14000/14693 (51s, ~3s remaining)
  [combined100_e88] 14500/14693 (53s, ~1s remaining)
  [combined100_e88] Done: 14693 decisions in 53.6s
  [combined100_e88] Saved per-decision errors: experiments/exp029-longrun/dumps/combined100_e88.npz


==========================================================================================
BGSage Money Benchmark - Checker-only, cubeless reference
Positions: 14693 checker decisions from 500 games
Reference: cubeless_equity (Sage 3P / 3T / Rollout)
Engines rank candidates by: cubeless equity
==========================================================================================

MOVE SELECTION (PR = mean error x 500, lower is better)

  Engine                               PR      N  Blndr   prace    race     atk   prime    anch
  --------------------------------------------------------------------------------------
  combined100_e88                    1.28  14693     32    0.46    1.50    1.22    1.41    1.50

  (N per plan)                                             1816    3120    4111    2453    3193

EVAL ACCURACY (R^2 / MSE on predicted vs reference cubeless equity)

  Engine                             R2(rollout)      MSE        N        R2(3T)      MSE        N        R2(3P)      MSE        N       R2(all)      MSE        N
  --------------------------------------------------------------------------------------------------------------
  combined100_e88                         0.9964   0.0022   149113        0.9932   0.0022    61917        0.9934   0.0018   116421        0.9953   0.0020   327451

Saving results to experiments/exp029-longrun/scratch/
  Saved: experiments/exp029-longrun/scratch/combined100_e88.json
  Saved: experiments/exp029-longrun/scratch/summary.json
Loading benchmark: /home/lasse/python-projects/raccoon/data/bgsage/money_benchmark/benchmark.json.gz
  14693 checker decisions from 500 games

Scoring raccoon: combined100_e89 (experiments/exp029-longrun/combined100/checkpoints/ep89.pt)...
  [combined100_e89] 500/14693 (2s, ~54s remaining)
  [combined100_e89] 1000/14693 (4s, ~50s remaining)
  [combined100_e89] 1500/14693 (5s, ~48s remaining)
  [combined100_e89] 2000/14693 (7s, ~46s remaining)
  [combined100_e89] 2500/14693 (9s, ~44s remaining)
  [combined100_e89] 3000/14693 (11s, ~42s remaining)
  [combined100_e89] 3500/14693 (13s, ~40s remaining)
  [combined100_e89] 4000/14693 (14s, ~38s remaining)
  [combined100_e89] 4500/14693 (16s, ~36s remaining)
  [combined100_e89] 5000/14693 (18s, ~34s remaining)
  [combined100_e89] 5500/14693 (19s, ~32s remaining)
  [combined100_e89] 6000/14693 (21s, ~30s remaining)
  [combined100_e89] 6500/14693 (23s, ~29s remaining)
  [combined100_e89] 7000/14693 (25s, ~27s remaining)
  [combined100_e89] 7500/14693 (26s, ~25s remaining)
  [combined100_e89] 8000/14693 (28s, ~24s remaining)
  [combined100_e89] 8500/14693 (30s, ~22s remaining)
  [combined100_e89] 9000/14693 (32s, ~20s remaining)
  [combined100_e89] 9500/14693 (34s, ~19s remaining)
  [combined100_e89] 10000/14693 (36s, ~17s remaining)
  [combined100_e89] 10500/14693 (37s, ~15s remaining)
  [combined100_e89] 11000/14693 (39s, ~13s remaining)
  [combined100_e89] 11500/14693 (41s, ~11s remaining)
  [combined100_e89] 12000/14693 (43s, ~10s remaining)
  [combined100_e89] 12500/14693 (44s, ~8s remaining)
  [combined100_e89] 13000/14693 (46s, ~6s remaining)
  [combined100_e89] 13500/14693 (48s, ~4s remaining)
  [combined100_e89] 14000/14693 (50s, ~2s remaining)
  [combined100_e89] 14500/14693 (51s, ~1s remaining)
  [combined100_e89] Done: 14693 decisions in 52.1s
  [combined100_e89] Saved per-decision errors: experiments/exp029-longrun/dumps/combined100_e89.npz


==========================================================================================
BGSage Money Benchmark - Checker-only, cubeless reference
Positions: 14693 checker decisions from 500 games
Reference: cubeless_equity (Sage 3P / 3T / Rollout)
Engines rank candidates by: cubeless equity
==========================================================================================

MOVE SELECTION (PR = mean error x 500, lower is better)

  Engine                               PR      N  Blndr   prace    race     atk   prime    anch
  --------------------------------------------------------------------------------------
  combined100_e89                    1.30  14693     34    0.54    1.51    1.20    1.46    1.53

  (N per plan)                                             1816    3120    4111    2453    3193

EVAL ACCURACY (R^2 / MSE on predicted vs reference cubeless equity)

  Engine                             R2(rollout)      MSE        N        R2(3T)      MSE        N        R2(3P)      MSE        N       R2(all)      MSE        N
  --------------------------------------------------------------------------------------------------------------
  combined100_e89                         0.9964   0.0022   149113        0.9932   0.0022    61917        0.9933   0.0019   116421        0.9953   0.0021   327451

Saving results to experiments/exp029-longrun/scratch/
  Saved: experiments/exp029-longrun/scratch/combined100_e89.json
  Saved: experiments/exp029-longrun/scratch/summary.json
Loading benchmark: /home/lasse/python-projects/raccoon/data/bgsage/money_benchmark/benchmark.json.gz
  14693 checker decisions from 500 games

Scoring raccoon: combined100_e90 (experiments/exp029-longrun/combined100/checkpoints/ep90.pt)...
  [combined100_e90] 500/14693 (2s, ~52s remaining)
  [combined100_e90] 1000/14693 (4s, ~49s remaining)
  [combined100_e90] 1500/14693 (5s, ~47s remaining)
  [combined100_e90] 2000/14693 (7s, ~44s remaining)
  [combined100_e90] 2500/14693 (9s, ~43s remaining)
  [combined100_e90] 3000/14693 (10s, ~41s remaining)
  [combined100_e90] 3500/14693 (12s, ~39s remaining)
  [combined100_e90] 4000/14693 (14s, ~37s remaining)
  [combined100_e90] 4500/14693 (16s, ~35s remaining)
  [combined100_e90] 5000/14693 (17s, ~34s remaining)
  [combined100_e90] 5500/14693 (19s, ~32s remaining)
  [combined100_e90] 6000/14693 (21s, ~30s remaining)
  [combined100_e90] 6500/14693 (22s, ~28s remaining)
  [combined100_e90] 7000/14693 (24s, ~26s remaining)
  [combined100_e90] 7500/14693 (26s, ~25s remaining)
  [combined100_e90] 8000/14693 (28s, ~23s remaining)
  [combined100_e90] 8500/14693 (30s, ~22s remaining)
  [combined100_e90] 9000/14693 (31s, ~20s remaining)
  [combined100_e90] 9500/14693 (33s, ~18s remaining)
  [combined100_e90] 10000/14693 (35s, ~16s remaining)
  [combined100_e90] 10500/14693 (37s, ~15s remaining)
  [combined100_e90] 11000/14693 (38s, ~13s remaining)
  [combined100_e90] 11500/14693 (40s, ~11s remaining)
  [combined100_e90] 12000/14693 (42s, ~9s remaining)
  [combined100_e90] 12500/14693 (43s, ~8s remaining)
  [combined100_e90] 13000/14693 (45s, ~6s remaining)
  [combined100_e90] 13500/14693 (47s, ~4s remaining)
  [combined100_e90] 14000/14693 (49s, ~2s remaining)
  [combined100_e90] 14500/14693 (50s, ~1s remaining)
  [combined100_e90] Done: 14693 decisions in 50.9s
  [combined100_e90] Saved per-decision errors: experiments/exp029-longrun/dumps/combined100_e90.npz


==========================================================================================
BGSage Money Benchmark - Checker-only, cubeless reference
Positions: 14693 checker decisions from 500 games
Reference: cubeless_equity (Sage 3P / 3T / Rollout)
Engines rank candidates by: cubeless equity
==========================================================================================

MOVE SELECTION (PR = mean error x 500, lower is better)

  Engine                               PR      N  Blndr   prace    race     atk   prime    anch
  --------------------------------------------------------------------------------------
  combined100_e90                    1.30  14693     33    0.48    1.51    1.22    1.43    1.55

  (N per plan)                                             1816    3120    4111    2453    3193

EVAL ACCURACY (R^2 / MSE on predicted vs reference cubeless equity)

  Engine                             R2(rollout)      MSE        N        R2(3T)      MSE        N        R2(3P)      MSE        N       R2(all)      MSE        N
  --------------------------------------------------------------------------------------------------------------
  combined100_e90                         0.9964   0.0021   149113        0.9932   0.0022    61917        0.9933   0.0018   116421        0.9953   0.0020   327451

Saving results to experiments/exp029-longrun/scratch/
  Saved: experiments/exp029-longrun/scratch/combined100_e90.json
  Saved: experiments/exp029-longrun/scratch/summary.json
Loading benchmark: /home/lasse/python-projects/raccoon/data/bgsage/money_benchmark/benchmark.json.gz
  14693 checker decisions from 500 games

Scoring raccoon: combined100_e91 (experiments/exp029-longrun/combined100/checkpoints/ep91.pt)...
  [combined100_e91] 500/14693 (2s, ~55s remaining)
  [combined100_e91] 1000/14693 (4s, ~51s remaining)
  [combined100_e91] 1500/14693 (6s, ~49s remaining)
  [combined100_e91] 2000/14693 (7s, ~46s remaining)
  [combined100_e91] 2500/14693 (9s, ~44s remaining)
  [combined100_e91] 3000/14693 (11s, ~43s remaining)
  [combined100_e91] 3500/14693 (13s, ~41s remaining)
  [combined100_e91] 4000/14693 (14s, ~39s remaining)
  [combined100_e91] 4500/14693 (16s, ~37s remaining)
  [combined100_e91] 5000/14693 (18s, ~35s remaining)
  [combined100_e91] 5500/14693 (20s, ~33s remaining)
  [combined100_e91] 6000/14693 (21s, ~31s remaining)
  [combined100_e91] 6500/14693 (23s, ~29s remaining)
  [combined100_e91] 7000/14693 (25s, ~27s remaining)
  [combined100_e91] 7500/14693 (27s, ~26s remaining)
  [combined100_e91] 8000/14693 (29s, ~24s remaining)
  [combined100_e91] 8500/14693 (31s, ~22s remaining)
  [combined100_e91] 9000/14693 (33s, ~21s remaining)
  [combined100_e91] 9500/14693 (34s, ~19s remaining)
  [combined100_e91] 10000/14693 (36s, ~17s remaining)
  [combined100_e91] 10500/14693 (38s, ~15s remaining)
  [combined100_e91] 11000/14693 (40s, ~13s remaining)
  [combined100_e91] 11500/14693 (41s, ~11s remaining)
  [combined100_e91] 12000/14693 (43s, ~10s remaining)
  [combined100_e91] 12500/14693 (45s, ~8s remaining)
  [combined100_e91] 13000/14693 (47s, ~6s remaining)
  [combined100_e91] 13500/14693 (49s, ~4s remaining)
  [combined100_e91] 14000/14693 (50s, ~2s remaining)
  [combined100_e91] 14500/14693 (52s, ~1s remaining)
  [combined100_e91] Done: 14693 decisions in 52.8s
  [combined100_e91] Saved per-decision errors: experiments/exp029-longrun/dumps/combined100_e91.npz


==========================================================================================
BGSage Money Benchmark - Checker-only, cubeless reference
Positions: 14693 checker decisions from 500 games
Reference: cubeless_equity (Sage 3P / 3T / Rollout)
Engines rank candidates by: cubeless equity
==========================================================================================

MOVE SELECTION (PR = mean error x 500, lower is better)

  Engine                               PR      N  Blndr   prace    race     atk   prime    anch
  --------------------------------------------------------------------------------------
  combined100_e91                    1.29  14693     32    0.46    1.50    1.20    1.41    1.57

  (N per plan)                                             1816    3120    4111    2453    3193

EVAL ACCURACY (R^2 / MSE on predicted vs reference cubeless equity)

  Engine                             R2(rollout)      MSE        N        R2(3T)      MSE        N        R2(3P)      MSE        N       R2(all)      MSE        N
  --------------------------------------------------------------------------------------------------------------
  combined100_e91                         0.9964   0.0022   149113        0.9932   0.0022    61917        0.9934   0.0018   116421        0.9953   0.0021   327451

Saving results to experiments/exp029-longrun/scratch/
  Saved: experiments/exp029-longrun/scratch/combined100_e91.json
  Saved: experiments/exp029-longrun/scratch/summary.json
Loading benchmark: /home/lasse/python-projects/raccoon/data/bgsage/money_benchmark/benchmark.json.gz
  14693 checker decisions from 500 games

Scoring raccoon: combined100_e92 (experiments/exp029-longrun/combined100/checkpoints/ep92.pt)...
  [combined100_e92] 500/14693 (2s, ~53s remaining)
  [combined100_e92] 1000/14693 (4s, ~49s remaining)
  [combined100_e92] 1500/14693 (5s, ~47s remaining)
  [combined100_e92] 2000/14693 (7s, ~45s remaining)
  [combined100_e92] 2500/14693 (9s, ~43s remaining)
  [combined100_e92] 3000/14693 (11s, ~41s remaining)
  [combined100_e92] 3500/14693 (12s, ~39s remaining)
  [combined100_e92] 4000/14693 (14s, ~37s remaining)
  [combined100_e92] 4500/14693 (16s, ~36s remaining)
  [combined100_e92] 5000/14693 (17s, ~34s remaining)
  [combined100_e92] 5500/14693 (19s, ~32s remaining)
  [combined100_e92] 6000/14693 (21s, ~30s remaining)
  [combined100_e92] 6500/14693 (22s, ~28s remaining)
  [combined100_e92] 7000/14693 (24s, ~26s remaining)
  [combined100_e92] 7500/14693 (26s, ~25s remaining)
  [combined100_e92] 8000/14693 (28s, ~23s remaining)
  [combined100_e92] 8500/14693 (30s, ~22s remaining)
  [combined100_e92] 9000/14693 (31s, ~20s remaining)
  [combined100_e92] 9500/14693 (33s, ~18s remaining)
  [combined100_e92] 10000/14693 (35s, ~16s remaining)
  [combined100_e92] 10500/14693 (37s, ~15s remaining)
  [combined100_e92] 11000/14693 (38s, ~13s remaining)
  [combined100_e92] 11500/14693 (40s, ~11s remaining)
  [combined100_e92] 12000/14693 (42s, ~9s remaining)
  [combined100_e92] 12500/14693 (43s, ~8s remaining)
  [combined100_e92] 13000/14693 (45s, ~6s remaining)
  [combined100_e92] 13500/14693 (47s, ~4s remaining)
  [combined100_e92] 14000/14693 (49s, ~2s remaining)
  [combined100_e92] 14500/14693 (50s, ~1s remaining)
  [combined100_e92] Done: 14693 decisions in 51.0s
  [combined100_e92] Saved per-decision errors: experiments/exp029-longrun/dumps/combined100_e92.npz


==========================================================================================
BGSage Money Benchmark - Checker-only, cubeless reference
Positions: 14693 checker decisions from 500 games
Reference: cubeless_equity (Sage 3P / 3T / Rollout)
Engines rank candidates by: cubeless equity
==========================================================================================

MOVE SELECTION (PR = mean error x 500, lower is better)

  Engine                               PR      N  Blndr   prace    race     atk   prime    anch
  --------------------------------------------------------------------------------------
  combined100_e92                    1.29  14693     32    0.47    1.49    1.20    1.44    1.55

  (N per plan)                                             1816    3120    4111    2453    3193

EVAL ACCURACY (R^2 / MSE on predicted vs reference cubeless equity)

  Engine                             R2(rollout)      MSE        N        R2(3T)      MSE        N        R2(3P)      MSE        N       R2(all)      MSE        N
  --------------------------------------------------------------------------------------------------------------
  combined100_e92                         0.9964   0.0021   149113        0.9932   0.0022    61917        0.9934   0.0018   116421        0.9953   0.0020   327451

Saving results to experiments/exp029-longrun/scratch/
  Saved: experiments/exp029-longrun/scratch/combined100_e92.json
  Saved: experiments/exp029-longrun/scratch/summary.json
Loading benchmark: /home/lasse/python-projects/raccoon/data/bgsage/money_benchmark/benchmark.json.gz
  14693 checker decisions from 500 games

Scoring raccoon: combined100_e93 (experiments/exp029-longrun/combined100/checkpoints/ep93.pt)...
  [combined100_e93] 500/14693 (2s, ~52s remaining)
  [combined100_e93] 1000/14693 (4s, ~48s remaining)
  [combined100_e93] 1500/14693 (5s, ~46s remaining)
  [combined100_e93] 2000/14693 (7s, ~44s remaining)
  [combined100_e93] 2500/14693 (9s, ~42s remaining)
  [combined100_e93] 3000/14693 (10s, ~40s remaining)
  [combined100_e93] 3500/14693 (12s, ~39s remaining)
  [combined100_e93] 4000/14693 (14s, ~37s remaining)
  [combined100_e93] 4500/14693 (15s, ~35s remaining)
  [combined100_e93] 5000/14693 (17s, ~33s remaining)
  [combined100_e93] 5500/14693 (19s, ~31s remaining)
  [combined100_e93] 6000/14693 (20s, ~29s remaining)
  [combined100_e93] 6500/14693 (22s, ~28s remaining)
  [combined100_e93] 7000/14693 (24s, ~26s remaining)
  [combined100_e93] 7500/14693 (26s, ~24s remaining)
  [combined100_e93] 8000/14693 (27s, ~23s remaining)
  [combined100_e93] 8500/14693 (29s, ~21s remaining)
  [combined100_e93] 9000/14693 (31s, ~20s remaining)
  [combined100_e93] 9500/14693 (33s, ~18s remaining)
  [combined100_e93] 10000/14693 (34s, ~16s remaining)
  [combined100_e93] 10500/14693 (36s, ~14s remaining)
  [combined100_e93] 11000/14693 (38s, ~13s remaining)
  [combined100_e93] 11500/14693 (39s, ~11s remaining)
  [combined100_e93] 12000/14693 (41s, ~9s remaining)
  [combined100_e93] 12500/14693 (43s, ~8s remaining)
  [combined100_e93] 13000/14693 (44s, ~6s remaining)
  [combined100_e93] 13500/14693 (46s, ~4s remaining)
  [combined100_e93] 14000/14693 (48s, ~2s remaining)
  [combined100_e93] 14500/14693 (50s, ~1s remaining)
  [combined100_e93] Done: 14693 decisions in 50.2s
  [combined100_e93] Saved per-decision errors: experiments/exp029-longrun/dumps/combined100_e93.npz


==========================================================================================
BGSage Money Benchmark - Checker-only, cubeless reference
Positions: 14693 checker decisions from 500 games
Reference: cubeless_equity (Sage 3P / 3T / Rollout)
Engines rank candidates by: cubeless equity
==========================================================================================

MOVE SELECTION (PR = mean error x 500, lower is better)

  Engine                               PR      N  Blndr   prace    race     atk   prime    anch
  --------------------------------------------------------------------------------------
  combined100_e93                    1.29  14693     33    0.55    1.52    1.19    1.43    1.51

  (N per plan)                                             1816    3120    4111    2453    3193

EVAL ACCURACY (R^2 / MSE on predicted vs reference cubeless equity)

  Engine                             R2(rollout)      MSE        N        R2(3T)      MSE        N        R2(3P)      MSE        N       R2(all)      MSE        N
  --------------------------------------------------------------------------------------------------------------
  combined100_e93                         0.9964   0.0022   149113        0.9932   0.0022    61917        0.9933   0.0018   116421        0.9953   0.0021   327451

Saving results to experiments/exp029-longrun/scratch/
  Saved: experiments/exp029-longrun/scratch/combined100_e93.json
  Saved: experiments/exp029-longrun/scratch/summary.json
Loading benchmark: /home/lasse/python-projects/raccoon/data/bgsage/money_benchmark/benchmark.json.gz
  14693 checker decisions from 500 games

Scoring raccoon: combined100_e94 (experiments/exp029-longrun/combined100/checkpoints/ep94.pt)...
  [combined100_e94] 500/14693 (2s, ~55s remaining)
  [combined100_e94] 1000/14693 (4s, ~51s remaining)
  [combined100_e94] 1500/14693 (6s, ~49s remaining)
  [combined100_e94] 2000/14693 (7s, ~47s remaining)
  [combined100_e94] 2500/14693 (9s, ~45s remaining)
  [combined100_e94] 3000/14693 (11s, ~43s remaining)
  [combined100_e94] 3500/14693 (13s, ~41s remaining)
  [combined100_e94] 4000/14693 (15s, ~39s remaining)
  [combined100_e94] 4500/14693 (16s, ~37s remaining)
  [combined100_e94] 5000/14693 (18s, ~35s remaining)
  [combined100_e94] 5500/14693 (20s, ~33s remaining)
  [combined100_e94] 6000/14693 (21s, ~31s remaining)
  [combined100_e94] 6500/14693 (23s, ~29s remaining)
  [combined100_e94] 7000/14693 (25s, ~28s remaining)
  [combined100_e94] 7500/14693 (27s, ~26s remaining)
  [combined100_e94] 8000/14693 (29s, ~24s remaining)
  [combined100_e94] 8500/14693 (31s, ~22s remaining)
  [combined100_e94] 9000/14693 (33s, ~21s remaining)
  [combined100_e94] 9500/14693 (35s, ~19s remaining)
  [combined100_e94] 10000/14693 (36s, ~17s remaining)
  [combined100_e94] 10500/14693 (38s, ~15s remaining)
  [combined100_e94] 11000/14693 (40s, ~13s remaining)
  [combined100_e94] 11500/14693 (42s, ~12s remaining)
  [combined100_e94] 12000/14693 (44s, ~10s remaining)
  [combined100_e94] 12500/14693 (45s, ~8s remaining)
  [combined100_e94] 13000/14693 (47s, ~6s remaining)
  [combined100_e94] 13500/14693 (49s, ~4s remaining)
  [combined100_e94] 14000/14693 (51s, ~3s remaining)
  [combined100_e94] 14500/14693 (53s, ~1s remaining)
  [combined100_e94] Done: 14693 decisions in 53.2s
  [combined100_e94] Saved per-decision errors: experiments/exp029-longrun/dumps/combined100_e94.npz


==========================================================================================
BGSage Money Benchmark - Checker-only, cubeless reference
Positions: 14693 checker decisions from 500 games
Reference: cubeless_equity (Sage 3P / 3T / Rollout)
Engines rank candidates by: cubeless equity
==========================================================================================

MOVE SELECTION (PR = mean error x 500, lower is better)

  Engine                               PR      N  Blndr   prace    race     atk   prime    anch
  --------------------------------------------------------------------------------------
  combined100_e94                    1.28  14693     32    0.46    1.52    1.19    1.44    1.51

  (N per plan)                                             1816    3120    4111    2453    3193

EVAL ACCURACY (R^2 / MSE on predicted vs reference cubeless equity)

  Engine                             R2(rollout)      MSE        N        R2(3T)      MSE        N        R2(3P)      MSE        N       R2(all)      MSE        N
  --------------------------------------------------------------------------------------------------------------
  combined100_e94                         0.9964   0.0022   149113        0.9932   0.0022    61917        0.9934   0.0018   116421        0.9953   0.0020   327451

Saving results to experiments/exp029-longrun/scratch/
  Saved: experiments/exp029-longrun/scratch/combined100_e94.json
  Saved: experiments/exp029-longrun/scratch/summary.json
Loading benchmark: /home/lasse/python-projects/raccoon/data/bgsage/money_benchmark/benchmark.json.gz
  14693 checker decisions from 500 games

Scoring raccoon: combined100_e95 (experiments/exp029-longrun/combined100/checkpoints/ep95.pt)...
  [combined100_e95] 500/14693 (2s, ~52s remaining)
  [combined100_e95] 1000/14693 (4s, ~49s remaining)
  [combined100_e95] 1500/14693 (5s, ~47s remaining)
  [combined100_e95] 2000/14693 (7s, ~45s remaining)
  [combined100_e95] 2500/14693 (9s, ~43s remaining)
  [combined100_e95] 3000/14693 (11s, ~41s remaining)
  [combined100_e95] 3500/14693 (12s, ~39s remaining)
  [combined100_e95] 4000/14693 (14s, ~37s remaining)
  [combined100_e95] 4500/14693 (16s, ~35s remaining)
  [combined100_e95] 5000/14693 (17s, ~34s remaining)
  [combined100_e95] 5500/14693 (19s, ~32s remaining)
  [combined100_e95] 6000/14693 (21s, ~30s remaining)
  [combined100_e95] 6500/14693 (22s, ~28s remaining)
  [combined100_e95] 7000/14693 (24s, ~26s remaining)
  [combined100_e95] 7500/14693 (26s, ~25s remaining)
  [combined100_e95] 8000/14693 (28s, ~23s remaining)
  [combined100_e95] 8500/14693 (30s, ~22s remaining)
  [combined100_e95] 9000/14693 (31s, ~20s remaining)
  [combined100_e95] 9500/14693 (33s, ~18s remaining)
  [combined100_e95] 10000/14693 (35s, ~16s remaining)
  [combined100_e95] 10500/14693 (37s, ~15s remaining)
  [combined100_e95] 11000/14693 (38s, ~13s remaining)
  [combined100_e95] 11500/14693 (40s, ~11s remaining)
  [combined100_e95] 12000/14693 (42s, ~9s remaining)
  [combined100_e95] 12500/14693 (44s, ~8s remaining)
  [combined100_e95] 13000/14693 (45s, ~6s remaining)
  [combined100_e95] 13500/14693 (47s, ~4s remaining)
  [combined100_e95] 14000/14693 (49s, ~2s remaining)
  [combined100_e95] 14500/14693 (51s, ~1s remaining)
  [combined100_e95] Done: 14693 decisions in 51.3s
  [combined100_e95] Saved per-decision errors: experiments/exp029-longrun/dumps/combined100_e95.npz


==========================================================================================
BGSage Money Benchmark - Checker-only, cubeless reference
Positions: 14693 checker decisions from 500 games
Reference: cubeless_equity (Sage 3P / 3T / Rollout)
Engines rank candidates by: cubeless equity
==========================================================================================

MOVE SELECTION (PR = mean error x 500, lower is better)

  Engine                               PR      N  Blndr   prace    race     atk   prime    anch
  --------------------------------------------------------------------------------------
  combined100_e95                    1.29  14693     33    0.46    1.51    1.19    1.43    1.57

  (N per plan)                                             1816    3120    4111    2453    3193

EVAL ACCURACY (R^2 / MSE on predicted vs reference cubeless equity)

  Engine                             R2(rollout)      MSE        N        R2(3T)      MSE        N        R2(3P)      MSE        N       R2(all)      MSE        N
  --------------------------------------------------------------------------------------------------------------
  combined100_e95                         0.9964   0.0022   149113        0.9932   0.0022    61917        0.9934   0.0018   116421        0.9953   0.0020   327451

Saving results to experiments/exp029-longrun/scratch/
  Saved: experiments/exp029-longrun/scratch/combined100_e95.json
  Saved: experiments/exp029-longrun/scratch/summary.json
Loading benchmark: /home/lasse/python-projects/raccoon/data/bgsage/money_benchmark/benchmark.json.gz
  14693 checker decisions from 500 games

Scoring raccoon: combined100_e96 (experiments/exp029-longrun/combined100/checkpoints/ep96.pt)...
  [combined100_e96] 500/14693 (2s, ~52s remaining)
  [combined100_e96] 1000/14693 (4s, ~48s remaining)
  [combined100_e96] 1500/14693 (5s, ~46s remaining)
  [combined100_e96] 2000/14693 (7s, ~44s remaining)
  [combined100_e96] 2500/14693 (9s, ~42s remaining)
  [combined100_e96] 3000/14693 (10s, ~40s remaining)
  [combined100_e96] 3500/14693 (12s, ~39s remaining)
  [combined100_e96] 4000/14693 (14s, ~37s remaining)
  [combined100_e96] 4500/14693 (15s, ~35s remaining)
  [combined100_e96] 5000/14693 (17s, ~33s remaining)
  [combined100_e96] 5500/14693 (19s, ~31s remaining)
  [combined100_e96] 6000/14693 (20s, ~29s remaining)
  [combined100_e96] 6500/14693 (22s, ~28s remaining)
  [combined100_e96] 7000/14693 (24s, ~26s remaining)
  [combined100_e96] 7500/14693 (26s, ~24s remaining)
  [combined100_e96] 8000/14693 (27s, ~23s remaining)
  [combined100_e96] 8500/14693 (29s, ~21s remaining)
  [combined100_e96] 9000/14693 (31s, ~20s remaining)
  [combined100_e96] 9500/14693 (33s, ~18s remaining)
  [combined100_e96] 10000/14693 (34s, ~16s remaining)
  [combined100_e96] 10500/14693 (36s, ~14s remaining)
  [combined100_e96] 11000/14693 (38s, ~13s remaining)
  [combined100_e96] 11500/14693 (39s, ~11s remaining)
  [combined100_e96] 12000/14693 (41s, ~9s remaining)
  [combined100_e96] 12500/14693 (43s, ~8s remaining)
  [combined100_e96] 13000/14693 (44s, ~6s remaining)
  [combined100_e96] 13500/14693 (46s, ~4s remaining)
  [combined100_e96] 14000/14693 (48s, ~2s remaining)
  [combined100_e96] 14500/14693 (50s, ~1s remaining)
  [combined100_e96] Done: 14693 decisions in 50.3s
  [combined100_e96] Saved per-decision errors: experiments/exp029-longrun/dumps/combined100_e96.npz


==========================================================================================
BGSage Money Benchmark - Checker-only, cubeless reference
Positions: 14693 checker decisions from 500 games
Reference: cubeless_equity (Sage 3P / 3T / Rollout)
Engines rank candidates by: cubeless equity
==========================================================================================

MOVE SELECTION (PR = mean error x 500, lower is better)

  Engine                               PR      N  Blndr   prace    race     atk   prime    anch
  --------------------------------------------------------------------------------------
  combined100_e96                    1.30  14693     34    0.52    1.51    1.22    1.44    1.54

  (N per plan)                                             1816    3120    4111    2453    3193

EVAL ACCURACY (R^2 / MSE on predicted vs reference cubeless equity)

  Engine                             R2(rollout)      MSE        N        R2(3T)      MSE        N        R2(3P)      MSE        N       R2(all)      MSE        N
  --------------------------------------------------------------------------------------------------------------
  combined100_e96                         0.9964   0.0022   149113        0.9932   0.0022    61917        0.9933   0.0018   116421        0.9953   0.0020   327451

Saving results to experiments/exp029-longrun/scratch/
  Saved: experiments/exp029-longrun/scratch/combined100_e96.json
  Saved: experiments/exp029-longrun/scratch/summary.json
Loading benchmark: /home/lasse/python-projects/raccoon/data/bgsage/money_benchmark/benchmark.json.gz
  14693 checker decisions from 500 games

Scoring raccoon: combined100_e97 (experiments/exp029-longrun/combined100/checkpoints/ep97.pt)...
  [combined100_e97] 500/14693 (2s, ~52s remaining)
  [combined100_e97] 1000/14693 (4s, ~49s remaining)
  [combined100_e97] 1500/14693 (5s, ~47s remaining)
  [combined100_e97] 2000/14693 (7s, ~45s remaining)
  [combined100_e97] 2500/14693 (9s, ~43s remaining)
  [combined100_e97] 3000/14693 (11s, ~41s remaining)
  [combined100_e97] 3500/14693 (12s, ~39s remaining)
  [combined100_e97] 4000/14693 (14s, ~37s remaining)
  [combined100_e97] 4500/14693 (16s, ~35s remaining)
  [combined100_e97] 5000/14693 (17s, ~34s remaining)
  [combined100_e97] 5500/14693 (19s, ~32s remaining)
  [combined100_e97] 6000/14693 (21s, ~30s remaining)
  [combined100_e97] 6500/14693 (22s, ~28s remaining)
  [combined100_e97] 7000/14693 (24s, ~26s remaining)
  [combined100_e97] 7500/14693 (26s, ~25s remaining)
  [combined100_e97] 8000/14693 (28s, ~23s remaining)
  [combined100_e97] 8500/14693 (30s, ~22s remaining)
  [combined100_e97] 9000/14693 (31s, ~20s remaining)
  [combined100_e97] 9500/14693 (33s, ~18s remaining)
  [combined100_e97] 10000/14693 (35s, ~16s remaining)
  [combined100_e97] 10500/14693 (37s, ~15s remaining)
  [combined100_e97] 11000/14693 (38s, ~13s remaining)
  [combined100_e97] 11500/14693 (40s, ~11s remaining)
  [combined100_e97] 12000/14693 (42s, ~9s remaining)
  [combined100_e97] 12500/14693 (43s, ~8s remaining)
  [combined100_e97] 13000/14693 (45s, ~6s remaining)
  [combined100_e97] 13500/14693 (47s, ~4s remaining)
  [combined100_e97] 14000/14693 (49s, ~2s remaining)
  [combined100_e97] 14500/14693 (50s, ~1s remaining)
  [combined100_e97] Done: 14693 decisions in 51.0s
  [combined100_e97] Saved per-decision errors: experiments/exp029-longrun/dumps/combined100_e97.npz


==========================================================================================
BGSage Money Benchmark - Checker-only, cubeless reference
Positions: 14693 checker decisions from 500 games
Reference: cubeless_equity (Sage 3P / 3T / Rollout)
Engines rank candidates by: cubeless equity
==========================================================================================

MOVE SELECTION (PR = mean error x 500, lower is better)

  Engine                               PR      N  Blndr   prace    race     atk   prime    anch
  --------------------------------------------------------------------------------------
  combined100_e97                    1.30  14693     34    0.54    1.50    1.21    1.43    1.54

  (N per plan)                                             1816    3120    4111    2453    3193

EVAL ACCURACY (R^2 / MSE on predicted vs reference cubeless equity)

  Engine                             R2(rollout)      MSE        N        R2(3T)      MSE        N        R2(3P)      MSE        N       R2(all)      MSE        N
  --------------------------------------------------------------------------------------------------------------
  combined100_e97                         0.9964   0.0022   149113        0.9932   0.0022    61917        0.9933   0.0018   116421        0.9953   0.0021   327451

Saving results to experiments/exp029-longrun/scratch/
  Saved: experiments/exp029-longrun/scratch/combined100_e97.json
  Saved: experiments/exp029-longrun/scratch/summary.json
Loading benchmark: /home/lasse/python-projects/raccoon/data/bgsage/money_benchmark/benchmark.json.gz
  14693 checker decisions from 500 games

Scoring raccoon: combined100_e98 (experiments/exp029-longrun/combined100/checkpoints/ep98.pt)...
  [combined100_e98] 500/14693 (2s, ~56s remaining)
  [combined100_e98] 1000/14693 (4s, ~52s remaining)
  [combined100_e98] 1500/14693 (6s, ~50s remaining)
  [combined100_e98] 2000/14693 (8s, ~48s remaining)
  [combined100_e98] 2500/14693 (9s, ~46s remaining)
  [combined100_e98] 3000/14693 (11s, ~44s remaining)
  [combined100_e98] 3500/14693 (13s, ~42s remaining)
  [combined100_e98] 4000/14693 (15s, ~40s remaining)
  [combined100_e98] 4500/14693 (17s, ~38s remaining)
  [combined100_e98] 5000/14693 (19s, ~36s remaining)
  [combined100_e98] 5500/14693 (20s, ~34s remaining)
  [combined100_e98] 6000/14693 (22s, ~32s remaining)
  [combined100_e98] 6500/14693 (24s, ~30s remaining)
  [combined100_e98] 7000/14693 (26s, ~28s remaining)
  [combined100_e98] 7500/14693 (28s, ~26s remaining)
  [combined100_e98] 8000/14693 (30s, ~25s remaining)
  [combined100_e98] 8500/14693 (31s, ~23s remaining)
  [combined100_e98] 9000/14693 (33s, ~21s remaining)
  [combined100_e98] 9500/14693 (35s, ~19s remaining)
  [combined100_e98] 10000/14693 (37s, ~17s remaining)
  [combined100_e98] 10500/14693 (39s, ~16s remaining)
  [combined100_e98] 11000/14693 (41s, ~14s remaining)
  [combined100_e98] 11500/14693 (43s, ~12s remaining)
  [combined100_e98] 12000/14693 (44s, ~10s remaining)
  [combined100_e98] 12500/14693 (46s, ~8s remaining)
  [combined100_e98] 13000/14693 (48s, ~6s remaining)
  [combined100_e98] 13500/14693 (50s, ~4s remaining)
  [combined100_e98] 14000/14693 (52s, ~3s remaining)
  [combined100_e98] 14500/14693 (54s, ~1s remaining)
  [combined100_e98] Done: 14693 decisions in 54.4s
  [combined100_e98] Saved per-decision errors: experiments/exp029-longrun/dumps/combined100_e98.npz


==========================================================================================
BGSage Money Benchmark - Checker-only, cubeless reference
Positions: 14693 checker decisions from 500 games
Reference: cubeless_equity (Sage 3P / 3T / Rollout)
Engines rank candidates by: cubeless equity
==========================================================================================

MOVE SELECTION (PR = mean error x 500, lower is better)

  Engine                               PR      N  Blndr   prace    race     atk   prime    anch
  --------------------------------------------------------------------------------------
  combined100_e98                    1.30  14693     34    0.53    1.52    1.20    1.44    1.55

  (N per plan)                                             1816    3120    4111    2453    3193

EVAL ACCURACY (R^2 / MSE on predicted vs reference cubeless equity)

  Engine                             R2(rollout)      MSE        N        R2(3T)      MSE        N        R2(3P)      MSE        N       R2(all)      MSE        N
  --------------------------------------------------------------------------------------------------------------
  combined100_e98                         0.9964   0.0022   149113        0.9932   0.0022    61917        0.9933   0.0018   116421        0.9953   0.0020   327451

Saving results to experiments/exp029-longrun/scratch/
  Saved: experiments/exp029-longrun/scratch/combined100_e98.json
  Saved: experiments/exp029-longrun/scratch/summary.json
Loading benchmark: /home/lasse/python-projects/raccoon/data/bgsage/money_benchmark/benchmark.json.gz
  14693 checker decisions from 500 games

Scoring raccoon: combined100_e99 (experiments/exp029-longrun/combined100/checkpoints/ep99.pt)...
  [combined100_e99] 500/14693 (2s, ~53s remaining)
  [combined100_e99] 1000/14693 (4s, ~49s remaining)
  [combined100_e99] 1500/14693 (5s, ~47s remaining)
  [combined100_e99] 2000/14693 (7s, ~45s remaining)
  [combined100_e99] 2500/14693 (9s, ~43s remaining)
  [combined100_e99] 3000/14693 (11s, ~41s remaining)
  [combined100_e99] 3500/14693 (12s, ~39s remaining)
  [combined100_e99] 4000/14693 (14s, ~37s remaining)
  [combined100_e99] 4500/14693 (16s, ~36s remaining)
  [combined100_e99] 5000/14693 (17s, ~34s remaining)
  [combined100_e99] 5500/14693 (19s, ~32s remaining)
  [combined100_e99] 6000/14693 (21s, ~30s remaining)
  [combined100_e99] 6500/14693 (22s, ~28s remaining)
  [combined100_e99] 7000/14693 (24s, ~26s remaining)
  [combined100_e99] 7500/14693 (26s, ~25s remaining)
  [combined100_e99] 8000/14693 (28s, ~23s remaining)
  [combined100_e99] 8500/14693 (30s, ~22s remaining)
  [combined100_e99] 9000/14693 (32s, ~20s remaining)
  [combined100_e99] 9500/14693 (33s, ~18s remaining)
  [combined100_e99] 10000/14693 (35s, ~16s remaining)
  [combined100_e99] 10500/14693 (37s, ~15s remaining)
  [combined100_e99] 11000/14693 (38s, ~13s remaining)
  [combined100_e99] 11500/14693 (40s, ~11s remaining)
  [combined100_e99] 12000/14693 (42s, ~9s remaining)
  [combined100_e99] 12500/14693 (44s, ~8s remaining)
  [combined100_e99] 13000/14693 (45s, ~6s remaining)
  [combined100_e99] 13500/14693 (47s, ~4s remaining)
  [combined100_e99] 14000/14693 (49s, ~2s remaining)
  [combined100_e99] 14500/14693 (51s, ~1s remaining)
  [combined100_e99] Done: 14693 decisions in 51.2s
  [combined100_e99] Saved per-decision errors: experiments/exp029-longrun/dumps/combined100_e99.npz


==========================================================================================
BGSage Money Benchmark - Checker-only, cubeless reference
Positions: 14693 checker decisions from 500 games
Reference: cubeless_equity (Sage 3P / 3T / Rollout)
Engines rank candidates by: cubeless equity
==========================================================================================

MOVE SELECTION (PR = mean error x 500, lower is better)

  Engine                               PR      N  Blndr   prace    race     atk   prime    anch
  --------------------------------------------------------------------------------------
  combined100_e99                    1.30  14693     34    0.52    1.52    1.20    1.43    1.54

  (N per plan)                                             1816    3120    4111    2453    3193

EVAL ACCURACY (R^2 / MSE on predicted vs reference cubeless equity)

  Engine                             R2(rollout)      MSE        N        R2(3T)      MSE        N        R2(3P)      MSE        N       R2(all)      MSE        N
  --------------------------------------------------------------------------------------------------------------
  combined100_e99                         0.9964   0.0022   149113        0.9932   0.0022    61917        0.9933   0.0018   116421        0.9953   0.0020   327451

Saving results to experiments/exp029-longrun/scratch/
  Saved: experiments/exp029-longrun/scratch/combined100_e99.json
  Saved: experiments/exp029-longrun/scratch/summary.json
Loading benchmark: /home/lasse/python-projects/raccoon/data/bgsage/money_benchmark/benchmark.json.gz
  14693 checker decisions from 500 games

Scoring raccoon: combined100_e100 (experiments/exp029-longrun/combined100/checkpoints/ep100.pt)...
  [combined100_e100] 500/14693 (2s, ~52s remaining)
  [combined100_e100] 1000/14693 (4s, ~49s remaining)
  [combined100_e100] 1500/14693 (5s, ~47s remaining)
  [combined100_e100] 2000/14693 (7s, ~45s remaining)
  [combined100_e100] 2500/14693 (9s, ~43s remaining)
  [combined100_e100] 3000/14693 (10s, ~41s remaining)
  [combined100_e100] 3500/14693 (12s, ~39s remaining)
  [combined100_e100] 4000/14693 (14s, ~37s remaining)
  [combined100_e100] 4500/14693 (16s, ~35s remaining)
  [combined100_e100] 5000/14693 (17s, ~34s remaining)
  [combined100_e100] 5500/14693 (19s, ~32s remaining)
  [combined100_e100] 6000/14693 (20s, ~30s remaining)
  [combined100_e100] 6500/14693 (22s, ~28s remaining)
  [combined100_e100] 7000/14693 (24s, ~26s remaining)
  [combined100_e100] 7500/14693 (26s, ~25s remaining)
  [combined100_e100] 8000/14693 (28s, ~23s remaining)
  [combined100_e100] 8500/14693 (29s, ~21s remaining)
  [combined100_e100] 9000/14693 (31s, ~20s remaining)
  [combined100_e100] 9500/14693 (33s, ~18s remaining)
  [combined100_e100] 10000/14693 (35s, ~16s remaining)
  [combined100_e100] 10500/14693 (36s, ~15s remaining)
  [combined100_e100] 11000/14693 (38s, ~13s remaining)
  [combined100_e100] 11500/14693 (40s, ~11s remaining)
  [combined100_e100] 12000/14693 (42s, ~9s remaining)
  [combined100_e100] 12500/14693 (43s, ~8s remaining)
  [combined100_e100] 13000/14693 (45s, ~6s remaining)
  [combined100_e100] 13500/14693 (47s, ~4s remaining)
  [combined100_e100] 14000/14693 (48s, ~2s remaining)
  [combined100_e100] 14500/14693 (50s, ~1s remaining)
  [combined100_e100] Done: 14693 decisions in 50.8s
  [combined100_e100] Saved per-decision errors: experiments/exp029-longrun/dumps/combined100_e100.npz


==========================================================================================
BGSage Money Benchmark - Checker-only, cubeless reference
Positions: 14693 checker decisions from 500 games
Reference: cubeless_equity (Sage 3P / 3T / Rollout)
Engines rank candidates by: cubeless equity
==========================================================================================

MOVE SELECTION (PR = mean error x 500, lower is better)

  Engine                               PR      N  Blndr   prace    race     atk   prime    anch
  --------------------------------------------------------------------------------------
  combined100_e100                   1.30  14693     34    0.52    1.52    1.20    1.43    1.54

  (N per plan)                                             1816    3120    4111    2453    3193

EVAL ACCURACY (R^2 / MSE on predicted vs reference cubeless equity)

  Engine                             R2(rollout)      MSE        N        R2(3T)      MSE        N        R2(3P)      MSE        N       R2(all)      MSE        N
  --------------------------------------------------------------------------------------------------------------
  combined100_e100                        0.9964   0.0022   149113        0.9932   0.0022    61917        0.9933   0.0018   116421        0.9953   0.0020   327451

Saving results to experiments/exp029-longrun/scratch/
  Saved: experiments/exp029-longrun/scratch/combined100_e100.json
  Saved: experiments/exp029-longrun/scratch/summary.json
