[arch] mlp hidden [512, 512, 256, 256] in=201, 0.911M params (0.563M deployable)
exp011 scalar [cpu]: 86 shards x 100 epochs, lr=0.001 holdout_frac=0.0 split_seed=14
[resume] experiments/exp029-longrun/combined100/checkpoints/latest.pt absent — starting fresh
  ep1 shard 1/8600 loss=0.003637  best=-inf wall=0.002h
  ep1 shard 2/8600 loss=0.002522  best=-inf wall=0.007h
  ep1 shard 3/8600 loss=0.001109  best=-inf wall=0.012h
  ep1 shard 4/8600 loss=0.000644  best=-inf wall=0.015h
  ep1 shard 5/8600 loss=0.000709  best=-inf wall=0.018h
  ep1 shard 6/8600 loss=0.000564  best=-inf wall=0.02h
  ep1 shard 7/8600 loss=0.000529  best=-inf wall=0.026h
  ep1 shard 8/8600 loss=0.000408  best=-inf wall=0.032h
  ep1 shard 9/8600 loss=0.000406  best=-inf wall=0.037h
  ep1 shard 10/8600 loss=0.000616  best=-inf wall=0.042h
  ep1 shard 11/8600 loss=0.000316  best=-inf wall=0.045h
  ep1 shard 12/8600 loss=0.000376  best=-inf wall=0.05h
  ep1 shard 13/8600 loss=0.000825  best=-inf wall=0.055h
  ep1 shard 14/8600 loss=0.000308  best=-inf wall=0.06h
  ep1 shard 15/8600 loss=0.000345  best=-inf wall=0.065h
  ep1 shard 16/8600 loss=0.000319  best=-inf wall=0.071h
  ep1 shard 17/8600 loss=0.00038  best=-inf wall=0.076h
  ep1 shard 18/8600 loss=0.00018  best=-inf wall=0.081h
  ep1 shard 19/8600 loss=0.000263  best=-inf wall=0.086h
  ep1 shard 20/8600 loss=0.000257  best=-inf wall=0.091h
  ep1 shard 21/8600 loss=0.000301  best=-inf wall=0.097h
  ep1 shard 22/8600 loss=0.000201  best=-inf wall=0.102h
  ep1 shard 23/8600 loss=0.000182  best=-inf wall=0.107h
  ep1 shard 24/8600 loss=0.000186  best=-inf wall=0.112h
  ep1 shard 25/8600 loss=0.000216  best=-inf wall=0.117h
  ep1 shard 26/8600 loss=0.00019  best=-inf wall=0.122h
  ep1 shard 27/8600 loss=0.00027  best=-inf wall=0.128h
  ep1 shard 28/8600 loss=0.000196  best=-inf wall=0.13h
  ep1 shard 29/8600 loss=0.000211  best=-inf wall=0.136h
  ep1 shard 30/8600 loss=0.000301  best=-inf wall=0.141h
  ep1 shard 31/8600 loss=0.000185  best=-inf wall=0.146h
  ep1 shard 32/8600 loss=0.000171  best=-inf wall=0.151h
  ep1 shard 33/8600 loss=0.000229  best=-inf wall=0.154h
  ep1 shard 34/8600 loss=0.000178  best=-inf wall=0.159h
  ep1 shard 35/8600 loss=0.000222  best=-inf wall=0.164h
  ep1 shard 36/8600 loss=0.000191  best=-inf wall=0.169h
  ep1 shard 37/8600 loss=0.000195  best=-inf wall=0.174h
  ep1 shard 38/8600 loss=0.000194  best=-inf wall=0.179h
  ep1 shard 39/8600 loss=0.000185  best=-inf wall=0.184h
  ep1 shard 40/8600 loss=0.000178  best=-inf wall=0.189h
  ep1 shard 41/8600 loss=0.000154  best=-inf wall=0.194h
  ep1 shard 42/8600 loss=0.000204  best=-inf wall=0.2h
  ep1 shard 43/8600 loss=0.000145  best=-inf wall=0.205h
  ep1 shard 44/8600 loss=0.000158  best=-inf wall=0.21h
  ep1 shard 45/8600 loss=0.000242  best=-inf wall=0.215h
  ep1 shard 46/8600 loss=0.000164  best=-inf wall=0.22h
  ep1 shard 47/8600 loss=0.000136  best=-inf wall=0.224h
  ep1 shard 48/8600 loss=0.000176  best=-inf wall=0.229h
  ep1 shard 49/8600 loss=0.000143  best=-inf wall=0.234h
  ep1 shard 50/8600 loss=0.000167  best=-inf wall=0.236h
  ep1 shard 51/8600 loss=0.000121  best=-inf wall=0.241h
  ep1 shard 52/8600 loss=0.000146  best=-inf wall=0.245h
  ep1 shard 53/8600 loss=0.00016  best=-inf wall=0.25h
  ep1 shard 54/8600 loss=0.000128  best=-inf wall=0.256h
  ep1 shard 55/8600 loss=0.000137  best=-inf wall=0.261h
  ep1 shard 56/8600 loss=0.000143  best=-inf wall=0.266h
  ep1 shard 57/8600 loss=0.000172  best=-inf wall=0.272h
  ep1 shard 58/8600 loss=0.000114  best=-inf wall=0.277h
  ep1 shard 59/8600 loss=0.000135  best=-inf wall=0.283h
  ep1 shard 60/8600 loss=0.00013  best=-inf wall=0.288h
  ep1 shard 61/8600 loss=0.000175  best=-inf wall=0.293h
  ep1 shard 62/8600 loss=9.4e-05  best=-inf wall=0.299h
  ep1 shard 63/8600 loss=9.6e-05  best=-inf wall=0.304h
  ep1 shard 64/8600 loss=0.000108  best=-inf wall=0.31h
  ep1 shard 65/8600 loss=0.000153  best=-inf wall=0.313h
  ep1 shard 66/8600 loss=0.000124  best=-inf wall=0.318h
  ep1 shard 67/8600 loss=0.000172  best=-inf wall=0.323h
  ep1 shard 68/8600 loss=0.000136  best=-inf wall=0.329h
  ep1 shard 69/8600 loss=0.000118  best=-inf wall=0.334h
  ep1 shard 70/8600 loss=0.000113  best=-inf wall=0.34h
  ep1 shard 71/8600 loss=0.000144  best=-inf wall=0.345h
  ep1 shard 72/8600 loss=9.8e-05  best=-inf wall=0.35h
  ep1 shard 73/8600 loss=0.000101  best=-inf wall=0.356h
  ep1 shard 74/8600 loss=0.000115  best=-inf wall=0.361h
  ep1 shard 75/8600 loss=9.8e-05  best=-inf wall=0.366h
  ep1 shard 76/8600 loss=0.000132  best=-inf wall=0.372h
  ep1 shard 77/8600 loss=0.000149  best=-inf wall=0.377h
  ep1 shard 78/8600 loss=0.000114  best=-inf wall=0.382h
  ep1 shard 79/8600 loss=0.000107  best=-inf wall=0.386h
  ep1 shard 80/8600 loss=9.7e-05  best=-inf wall=0.391h
  ep1 shard 81/8600 loss=8.7e-05  best=-inf wall=0.396h
  ep1 shard 82/8600 loss=0.000133  best=-inf wall=0.401h
  ep1 shard 83/8600 loss=0.000127  best=-inf wall=0.407h
  ep1 shard 84/8600 loss=0.000104  best=-inf wall=0.41h
  ep1 shard 85/8600 loss=0.000123  best=-inf wall=0.416h
  ep1 shard 86/8600 loss=0.000111  best=-inf wall=0.421h
  saved epoch checkpoint -> experiments/exp029-longrun/combined100/checkpoints/ep1.pt
  ep2 shard 87/8600 loss=0.000144  best=-inf wall=0.424h
  ep2 shard 88/8600 loss=0.000129  best=-inf wall=0.429h
  ep2 shard 89/8600 loss=9.3e-05  best=-inf wall=0.434h
  ep2 shard 90/8600 loss=0.000107  best=-inf wall=0.436h
  ep2 shard 91/8600 loss=9.5e-05  best=-inf wall=0.442h
  ep2 shard 92/8600 loss=0.000157  best=-inf wall=0.447h
  ep2 shard 93/8600 loss=9.9e-05  best=-inf wall=0.448h
  ep2 shard 94/8600 loss=0.00013  best=-inf wall=0.452h
  ep2 shard 95/8600 loss=0.00011  best=-inf wall=0.457h
  ep2 shard 96/8600 loss=9.9e-05  best=-inf wall=0.462h
  ep2 shard 97/8600 loss=7.1e-05  best=-inf wall=0.468h
  ep2 shard 98/8600 loss=0.000102  best=-inf wall=0.472h
  ep2 shard 99/8600 loss=0.0001  best=-inf wall=0.477h
  ep2 shard 100/8600 loss=0.0001  best=-inf wall=0.48h
  ep2 shard 101/8600 loss=0.000117  best=-inf wall=0.485h
  ep2 shard 102/8600 loss=0.0001  best=-inf wall=0.491h
  ep2 shard 103/8600 loss=0.000144  best=-inf wall=0.496h
  ep2 shard 104/8600 loss=7.4e-05  best=-inf wall=0.501h
  ep2 shard 105/8600 loss=9.4e-05  best=-inf wall=0.506h
  ep2 shard 106/8600 loss=9.1e-05  best=-inf wall=0.511h
  ep2 shard 107/8600 loss=0.00011  best=-inf wall=0.516h
  ep2 shard 108/8600 loss=0.000108  best=-inf wall=0.519h
  ep2 shard 109/8600 loss=0.000106  best=-inf wall=0.524h
  ep2 shard 110/8600 loss=8.3e-05  best=-inf wall=0.53h
  ep2 shard 111/8600 loss=9.6e-05  best=-inf wall=0.535h
  ep2 shard 112/8600 loss=0.000117  best=-inf wall=0.54h
  ep2 shard 113/8600 loss=9.2e-05  best=-inf wall=0.546h
  ep2 shard 114/8600 loss=8.5e-05  best=-inf wall=0.551h
  ep2 shard 115/8600 loss=7.4e-05  best=-inf wall=0.556h
  ep2 shard 116/8600 loss=0.000125  best=-inf wall=0.562h
  ep2 shard 117/8600 loss=0.000118  best=-inf wall=0.567h
  ep2 shard 118/8600 loss=9.8e-05  best=-inf wall=0.572h
  ep2 shard 119/8600 loss=9.9e-05  best=-inf wall=0.577h
  ep2 shard 120/8600 loss=9.2e-05  best=-inf wall=0.583h
  ep2 shard 121/8600 loss=8.1e-05  best=-inf wall=0.588h
  ep2 shard 122/8600 loss=8.5e-05  best=-inf wall=0.593h
  ep2 shard 123/8600 loss=8.6e-05  best=-inf wall=0.598h
  ep2 shard 124/8600 loss=0.000104  best=-inf wall=0.6h
  ep2 shard 125/8600 loss=8e-05  best=-inf wall=0.603h
  ep2 shard 126/8600 loss=7.7e-05  best=-inf wall=0.608h
  ep2 shard 127/8600 loss=8.9e-05  best=-inf wall=0.613h
  ep2 shard 128/8600 loss=0.000104  best=-inf wall=0.619h
  ep2 shard 129/8600 loss=7.5e-05  best=-inf wall=0.624h
  ep2 shard 130/8600 loss=0.000144  best=-inf wall=0.629h
  ep2 shard 131/8600 loss=8.4e-05  best=-inf wall=0.634h
  ep2 shard 132/8600 loss=0.00012  best=-inf wall=0.639h
  ep2 shard 133/8600 loss=9.4e-05  best=-inf wall=0.645h
  ep2 shard 134/8600 loss=9.7e-05  best=-inf wall=0.65h
  ep2 shard 135/8600 loss=0.000148  best=-inf wall=0.655h
  ep2 shard 136/8600 loss=7.8e-05  best=-inf wall=0.66h
  ep2 shard 137/8600 loss=8.6e-05  best=-inf wall=0.664h
  ep2 shard 138/8600 loss=8e-05  best=-inf wall=0.669h
  ep2 shard 139/8600 loss=0.000106  best=-inf wall=0.674h
  ep2 shard 140/8600 loss=9.4e-05  best=-inf wall=0.679h
  ep2 shard 141/8600 loss=7.2e-05  best=-inf wall=0.684h
  ep2 shard 142/8600 loss=8.2e-05  best=-inf wall=0.69h
  ep2 shard 143/8600 loss=8.2e-05  best=-inf wall=0.692h
  ep2 shard 144/8600 loss=6.9e-05  best=-inf wall=0.698h
  ep2 shard 145/8600 loss=6.8e-05  best=-inf wall=0.703h
  ep2 shard 146/8600 loss=9e-05  best=-inf wall=0.706h
  ep2 shard 147/8600 loss=7.9e-05  best=-inf wall=0.712h
  ep2 shard 148/8600 loss=7.1e-05  best=-inf wall=0.717h
  ep2 shard 149/8600 loss=8.2e-05  best=-inf wall=0.722h
  ep2 shard 150/8600 loss=0.000104  best=-inf wall=0.727h
  ep2 shard 151/8600 loss=7.4e-05  best=-inf wall=0.732h
  ep2 shard 152/8600 loss=7.7e-05  best=-inf wall=0.737h
  ep2 shard 153/8600 loss=6.2e-05  best=-inf wall=0.742h
  ep2 shard 154/8600 loss=0.000124  best=-inf wall=0.748h
  ep2 shard 155/8600 loss=7.9e-05  best=-inf wall=0.751h
  ep2 shard 156/8600 loss=8.3e-05  best=-inf wall=0.756h
  ep2 shard 157/8600 loss=7.6e-05  best=-inf wall=0.761h
  ep2 shard 158/8600 loss=6.2e-05  best=-inf wall=0.766h
  ep2 shard 159/8600 loss=6.9e-05  best=-inf wall=0.772h
  ep2 shard 160/8600 loss=7.5e-05  best=-inf wall=0.777h
  ep2 shard 161/8600 loss=7e-05  best=-inf wall=0.782h
  ep2 shard 162/8600 loss=9.1e-05  best=-inf wall=0.787h
  ep2 shard 163/8600 loss=8.5e-05  best=-inf wall=0.79h
  ep2 shard 164/8600 loss=8.8e-05  best=-inf wall=0.795h
  ep2 shard 165/8600 loss=7.7e-05  best=-inf wall=0.8h
  ep2 shard 166/8600 loss=9.8e-05  best=-inf wall=0.806h
  ep2 shard 167/8600 loss=7.5e-05  best=-inf wall=0.811h
  ep2 shard 168/8600 loss=6.7e-05  best=-inf wall=0.816h
  ep2 shard 169/8600 loss=9.6e-05  best=-inf wall=0.821h
  ep2 shard 170/8600 loss=7.5e-05  best=-inf wall=0.826h
  ep2 shard 171/8600 loss=7.6e-05  best=-inf wall=0.832h
  ep2 shard 172/8600 loss=7e-05  best=-inf wall=0.837h
  saved epoch checkpoint -> experiments/exp029-longrun/combined100/checkpoints/ep2.pt
  ep3 shard 173/8600 loss=7.7e-05  best=-inf wall=0.842h
  ep3 shard 174/8600 loss=9.2e-05  best=-inf wall=0.847h
  ep3 shard 175/8600 loss=7e-05  best=-inf wall=0.852h
  ep3 shard 176/8600 loss=0.000112  best=-inf wall=0.857h
  ep3 shard 177/8600 loss=8.5e-05  best=-inf wall=0.862h
  ep3 shard 178/8600 loss=6.9e-05  best=-inf wall=0.864h
  ep3 shard 179/8600 loss=9e-05  best=-inf wall=0.869h
  ep3 shard 180/8600 loss=5.6e-05  best=-inf wall=0.875h
  ep3 shard 181/8600 loss=9.8e-05  best=-inf wall=0.88h
  ep3 shard 182/8600 loss=7.8e-05  best=-inf wall=0.885h
  ep3 shard 183/8600 loss=8.3e-05  best=-inf wall=0.89h
  ep3 shard 184/8600 loss=0.000103  best=-inf wall=0.895h
  ep3 shard 185/8600 loss=6.2e-05  best=-inf wall=0.901h
  ep3 shard 186/8600 loss=6.4e-05  best=-inf wall=0.906h
  ep3 shard 187/8600 loss=8.2e-05  best=-inf wall=0.911h
  ep3 shard 188/8600 loss=7.1e-05  best=-inf wall=0.914h
  ep3 shard 189/8600 loss=0.000127  best=-inf wall=0.916h
  ep3 shard 190/8600 loss=7.9e-05  best=-inf wall=0.921h
  ep3 shard 191/8600 loss=8.9e-05  best=-inf wall=0.924h
  ep3 shard 192/8600 loss=6.9e-05  best=-inf wall=0.93h
  ep3 shard 193/8600 loss=8.1e-05  best=-inf wall=0.935h
  ep3 shard 194/8600 loss=7.3e-05  best=-inf wall=0.938h
  ep3 shard 195/8600 loss=6.7e-05  best=-inf wall=0.943h
  ep3 shard 196/8600 loss=6.4e-05  best=-inf wall=0.948h
  ep3 shard 197/8600 loss=6.3e-05  best=-inf wall=0.953h
  ep3 shard 198/8600 loss=6.2e-05  best=-inf wall=0.958h
  ep3 shard 199/8600 loss=6.9e-05  best=-inf wall=0.963h
  ep3 shard 200/8600 loss=9.8e-05  best=-inf wall=0.969h
  ep3 shard 201/8600 loss=8.9e-05  best=-inf wall=0.974h
  ep3 shard 202/8600 loss=8.7e-05  best=-inf wall=0.979h
  ep3 shard 203/8600 loss=7.8e-05  best=-inf wall=0.984h
  ep3 shard 204/8600 loss=7e-05  best=-inf wall=0.989h
  ep3 shard 205/8600 loss=9.6e-05  best=-inf wall=0.995h
  ep3 shard 206/8600 loss=7.6e-05  best=-inf wall=1.0h
  ep3 shard 207/8600 loss=7.7e-05  best=-inf wall=1.005h
  ep3 shard 208/8600 loss=6.9e-05  best=-inf wall=1.01h
  ep3 shard 209/8600 loss=6.7e-05  best=-inf wall=1.016h
  ep3 shard 210/8600 loss=6.3e-05  best=-inf wall=1.021h
  ep3 shard 211/8600 loss=9.1e-05  best=-inf wall=1.026h
  ep3 shard 212/8600 loss=6.5e-05  best=-inf wall=1.031h
  ep3 shard 213/8600 loss=8.7e-05  best=-inf wall=1.037h
  ep3 shard 214/8600 loss=6.5e-05  best=-inf wall=1.042h
  ep3 shard 215/8600 loss=5.7e-05  best=-inf wall=1.047h
  ep3 shard 216/8600 loss=0.000113  best=-inf wall=1.05h
  ep3 shard 217/8600 loss=5.9e-05  best=-inf wall=1.055h
  ep3 shard 218/8600 loss=9.4e-05  best=-inf wall=1.061h
  ep3 shard 219/8600 loss=9.8e-05  best=-inf wall=1.066h
  ep3 shard 220/8600 loss=5.3e-05  best=-inf wall=1.071h
  ep3 shard 221/8600 loss=6.7e-05  best=-inf wall=1.076h
  ep3 shard 222/8600 loss=5.8e-05  best=-inf wall=1.079h
  ep3 shard 223/8600 loss=5.7e-05  best=-inf wall=1.084h
  ep3 shard 224/8600 loss=5.5e-05  best=-inf wall=1.089h
  ep3 shard 225/8600 loss=6.4e-05  best=-inf wall=1.094h
  ep3 shard 226/8600 loss=9.1e-05  best=-inf wall=1.1h
  ep3 shard 227/8600 loss=5.6e-05  best=-inf wall=1.103h
  ep3 shard 228/8600 loss=7.4e-05  best=-inf wall=1.108h
  ep3 shard 229/8600 loss=6.6e-05  best=-inf wall=1.111h
  ep3 shard 230/8600 loss=5.2e-05  best=-inf wall=1.116h
  ep3 shard 231/8600 loss=5.6e-05  best=-inf wall=1.121h
  ep3 shard 232/8600 loss=6.2e-05  best=-inf wall=1.126h
  ep3 shard 233/8600 loss=6.9e-05  best=-inf wall=1.131h
  ep3 shard 234/8600 loss=8e-05  best=-inf wall=1.137h
  ep3 shard 235/8600 loss=9.7e-05  best=-inf wall=1.142h
  ep3 shard 236/8600 loss=6.8e-05  best=-inf wall=1.147h
  ep3 shard 237/8600 loss=4.8e-05  best=-inf wall=1.152h
  ep3 shard 238/8600 loss=8.2e-05  best=-inf wall=1.157h
  ep3 shard 239/8600 loss=6.7e-05  best=-inf wall=1.163h
  ep3 shard 240/8600 loss=6.7e-05  best=-inf wall=1.168h
  ep3 shard 241/8600 loss=9.6e-05  best=-inf wall=1.173h
  ep3 shard 242/8600 loss=6.5e-05  best=-inf wall=1.178h
  ep3 shard 243/8600 loss=8.4e-05  best=-inf wall=1.18h
  ep3 shard 244/8600 loss=6e-05  best=-inf wall=1.185h
  ep3 shard 245/8600 loss=6.4e-05  best=-inf wall=1.19h
  ep3 shard 246/8600 loss=7.8e-05  best=-inf wall=1.196h
  ep3 shard 247/8600 loss=8.1e-05  best=-inf wall=1.201h
  ep3 shard 248/8600 loss=6.6e-05  best=-inf wall=1.207h
  ep3 shard 249/8600 loss=6e-05  best=-inf wall=1.212h
  ep3 shard 250/8600 loss=4.9e-05  best=-inf wall=1.217h
  ep3 shard 251/8600 loss=5.3e-05  best=-inf wall=1.223h
  ep3 shard 252/8600 loss=6e-05  best=-inf wall=1.228h
  ep3 shard 253/8600 loss=7.6e-05  best=-inf wall=1.233h
  ep3 shard 254/8600 loss=8.7e-05  best=-inf wall=1.237h
  ep3 shard 255/8600 loss=5.5e-05  best=-inf wall=1.24h
  ep3 shard 256/8600 loss=6.8e-05  best=-inf wall=1.245h
  ep3 shard 257/8600 loss=7.3e-05  best=-inf wall=1.251h
  ep3 shard 258/8600 loss=7.7e-05  best=-inf wall=1.254h
  saved epoch checkpoint -> experiments/exp029-longrun/combined100/checkpoints/ep3.pt
  ep4 shard 259/8600 loss=6.8e-05  best=-inf wall=1.258h
  ep4 shard 260/8600 loss=7.7e-05  best=-inf wall=1.263h
  ep4 shard 261/8600 loss=5.2e-05  best=-inf wall=1.268h
  ep4 shard 262/8600 loss=9.1e-05  best=-inf wall=1.274h
  ep4 shard 263/8600 loss=7.5e-05  best=-inf wall=1.276h
  ep4 shard 264/8600 loss=6.2e-05  best=-inf wall=1.281h
  ep4 shard 265/8600 loss=5.4e-05  best=-inf wall=1.283h
  ep4 shard 266/8600 loss=5.7e-05  best=-inf wall=1.288h
  ep4 shard 267/8600 loss=7.6e-05  best=-inf wall=1.293h
  ep4 shard 268/8600 loss=5.4e-05  best=-inf wall=1.296h
  ep4 shard 269/8600 loss=8.1e-05  best=-inf wall=1.301h
  ep4 shard 270/8600 loss=6e-05  best=-inf wall=1.307h
  ep4 shard 271/8600 loss=5e-05  best=-inf wall=1.312h
  ep4 shard 272/8600 loss=3.9e-05  best=-inf wall=1.317h
  ep4 shard 273/8600 loss=7.8e-05  best=-inf wall=1.323h
  ep4 shard 274/8600 loss=6.3e-05  best=-inf wall=1.328h
  ep4 shard 275/8600 loss=6.6e-05  best=-inf wall=1.333h
  ep4 shard 276/8600 loss=5.9e-05  best=-inf wall=1.338h
  ep4 shard 277/8600 loss=7e-05  best=-inf wall=1.343h
  ep4 shard 278/8600 loss=6.6e-05  best=-inf wall=1.348h
  ep4 shard 279/8600 loss=8.6e-05  best=-inf wall=1.354h
  ep4 shard 280/8600 loss=7.9e-05  best=-inf wall=1.359h
  ep4 shard 281/8600 loss=6.3e-05  best=-inf wall=1.364h
  ep4 shard 282/8600 loss=5.5e-05  best=-inf wall=1.37h
  ep4 shard 283/8600 loss=7.4e-05  best=-inf wall=1.375h
  ep4 shard 284/8600 loss=7.2e-05  best=-inf wall=1.38h
  ep4 shard 285/8600 loss=5.9e-05  best=-inf wall=1.385h
  ep4 shard 286/8600 loss=9.4e-05  best=-inf wall=1.39h
  ep4 shard 287/8600 loss=6.3e-05  best=-inf wall=1.393h
  ep4 shard 288/8600 loss=6.4e-05  best=-inf wall=1.398h
  ep4 shard 289/8600 loss=7e-05  best=-inf wall=1.403h
  ep4 shard 290/8600 loss=6.8e-05  best=-inf wall=1.408h
  ep4 shard 291/8600 loss=8.9e-05  best=-inf wall=1.414h
  ep4 shard 292/8600 loss=7.2e-05  best=-inf wall=1.419h
  ep4 shard 293/8600 loss=7.9e-05  best=-inf wall=1.424h
  ep4 shard 294/8600 loss=6.3e-05  best=-inf wall=1.429h
  ep4 shard 295/8600 loss=6.9e-05  best=-inf wall=1.435h
  ep4 shard 296/8600 loss=6.6e-05  best=-inf wall=1.44h
  ep4 shard 297/8600 loss=6.4e-05  best=-inf wall=1.443h
  ep4 shard 298/8600 loss=5.6e-05  best=-inf wall=1.448h
  ep4 shard 299/8600 loss=5.7e-05  best=-inf wall=1.454h
  ep4 shard 300/8600 loss=5e-05  best=-inf wall=1.459h
  ep4 shard 301/8600 loss=4.8e-05  best=-inf wall=1.462h
  ep4 shard 302/8600 loss=6.3e-05  best=-inf wall=1.465h
  ep4 shard 303/8600 loss=6e-05  best=-inf wall=1.47h
  ep4 shard 304/8600 loss=5.5e-05  best=-inf wall=1.475h
  ep4 shard 305/8600 loss=6.4e-05  best=-inf wall=1.482h
  ep4 shard 306/8600 loss=6.6e-05  best=-inf wall=1.487h
  ep4 shard 307/8600 loss=6.3e-05  best=-inf wall=1.492h
  ep4 shard 308/8600 loss=6.7e-05  best=-inf wall=1.498h
  ep4 shard 309/8600 loss=5.8e-05  best=-inf wall=1.502h
  ep4 shard 310/8600 loss=4.8e-05  best=-inf wall=1.507h
  ep4 shard 311/8600 loss=9.9e-05  best=-inf wall=1.513h
  ep4 shard 312/8600 loss=5.1e-05  best=-inf wall=1.518h
  ep4 shard 313/8600 loss=7.8e-05  best=-inf wall=1.523h
  ep4 shard 314/8600 loss=8.1e-05  best=-inf wall=1.528h
  ep4 shard 315/8600 loss=5.9e-05  best=-inf wall=1.533h
  ep4 shard 316/8600 loss=5.7e-05  best=-inf wall=1.539h
  ep4 shard 317/8600 loss=5.6e-05  best=-inf wall=1.544h
  ep4 shard 318/8600 loss=6.3e-05  best=-inf wall=1.549h
  ep4 shard 319/8600 loss=7.4e-05  best=-inf wall=1.554h
  ep4 shard 320/8600 loss=8.1e-05  best=-inf wall=1.559h
  ep4 shard 321/8600 loss=5.3e-05  best=-inf wall=1.561h
  ep4 shard 322/8600 loss=6.9e-05  best=-inf wall=1.566h
  ep4 shard 323/8600 loss=7e-05  best=-inf wall=1.572h
  ep4 shard 324/8600 loss=6.3e-05  best=-inf wall=1.577h
  ep4 shard 325/8600 loss=5.9e-05  best=-inf wall=1.58h
  ep4 shard 326/8600 loss=8.2e-05  best=-inf wall=1.583h
  ep4 shard 327/8600 loss=7.1e-05  best=-inf wall=1.588h
  ep4 shard 328/8600 loss=5.7e-05  best=-inf wall=1.589h
  ep4 shard 329/8600 loss=0.000134  best=-inf wall=1.595h
  ep4 shard 330/8600 loss=5.8e-05  best=-inf wall=1.6h
  ep4 shard 331/8600 loss=6.7e-05  best=-inf wall=1.605h
  ep4 shard 332/8600 loss=6e-05  best=-inf wall=1.608h
  ep4 shard 333/8600 loss=5.3e-05  best=-inf wall=1.613h
  ep4 shard 334/8600 loss=7.9e-05  best=-inf wall=1.618h
  ep4 shard 335/8600 loss=6.8e-05  best=-inf wall=1.624h
  ep4 shard 336/8600 loss=5.6e-05  best=-inf wall=1.629h
  ep4 shard 337/8600 loss=6.2e-05  best=-inf wall=1.634h
  ep4 shard 338/8600 loss=7.2e-05  best=-inf wall=1.639h
  ep4 shard 339/8600 loss=5.3e-05  best=-inf wall=1.644h
  ep4 shard 340/8600 loss=8.1e-05  best=-inf wall=1.65h
  ep4 shard 341/8600 loss=5.1e-05  best=-inf wall=1.653h
  ep4 shard 342/8600 loss=7.6e-05  best=-inf wall=1.658h
  ep4 shard 343/8600 loss=4.8e-05  best=-inf wall=1.663h
  ep4 shard 344/8600 loss=5.3e-05  best=-inf wall=1.668h
  saved epoch checkpoint -> experiments/exp029-longrun/combined100/checkpoints/ep4.pt
  ep5 shard 345/8600 loss=6.9e-05  best=-inf wall=1.674h
  ep5 shard 346/8600 loss=6.8e-05  best=-inf wall=1.679h
  ep5 shard 347/8600 loss=9.4e-05  best=-inf wall=1.684h
  ep5 shard 348/8600 loss=6.4e-05  best=-inf wall=1.689h
  ep5 shard 349/8600 loss=5.6e-05  best=-inf wall=1.692h
  ep5 shard 350/8600 loss=5.5e-05  best=-inf wall=1.695h
  ep5 shard 351/8600 loss=6.6e-05  best=-inf wall=1.699h
  ep5 shard 352/8600 loss=5.7e-05  best=-inf wall=1.704h
  ep5 shard 353/8600 loss=6.7e-05  best=-inf wall=1.708h
  ep5 shard 354/8600 loss=5.2e-05  best=-inf wall=1.714h
  ep5 shard 355/8600 loss=5.9e-05  best=-inf wall=1.718h
  ep5 shard 356/8600 loss=5.8e-05  best=-inf wall=1.723h
  ep5 shard 357/8600 loss=4.6e-05  best=-inf wall=1.729h
  ep5 shard 358/8600 loss=6.4e-05  best=-inf wall=1.734h
  ep5 shard 359/8600 loss=7.2e-05  best=-inf wall=1.737h
  ep5 shard 360/8600 loss=6.5e-05  best=-inf wall=1.743h
  ep5 shard 361/8600 loss=8e-05  best=-inf wall=1.748h
  ep5 shard 362/8600 loss=6.6e-05  best=-inf wall=1.753h
  ep5 shard 363/8600 loss=8.4e-05  best=-inf wall=1.758h
  ep5 shard 364/8600 loss=6.9e-05  best=-inf wall=1.763h
  ep5 shard 365/8600 loss=8.5e-05  best=-inf wall=1.769h
  ep5 shard 366/8600 loss=5.2e-05  best=-inf wall=1.774h
  ep5 shard 367/8600 loss=6.1e-05  best=-inf wall=1.777h
  ep5 shard 368/8600 loss=4.8e-05  best=-inf wall=1.782h
  ep5 shard 369/8600 loss=8.3e-05  best=-inf wall=1.787h
  ep5 shard 370/8600 loss=5.9e-05  best=-inf wall=1.792h
  ep5 shard 371/8600 loss=6e-05  best=-inf wall=1.795h
  ep5 shard 372/8600 loss=5.7e-05  best=-inf wall=1.8h
  ep5 shard 373/8600 loss=5.7e-05  best=-inf wall=1.802h
  ep5 shard 374/8600 loss=4.9e-05  best=-inf wall=1.807h
  ep5 shard 375/8600 loss=7.5e-05  best=-inf wall=1.812h
  ep5 shard 376/8600 loss=5.4e-05  best=-inf wall=1.817h
  ep5 shard 377/8600 loss=6.2e-05  best=-inf wall=1.822h
  ep5 shard 378/8600 loss=7.9e-05  best=-inf wall=1.827h
  ep5 shard 379/8600 loss=7e-05  best=-inf wall=1.832h
  ep5 shard 380/8600 loss=6.7e-05  best=-inf wall=1.838h
  ep5 shard 381/8600 loss=5.4e-05  best=-inf wall=1.843h
  ep5 shard 382/8600 loss=7.9e-05  best=-inf wall=1.848h
  ep5 shard 383/8600 loss=5.1e-05  best=-inf wall=1.853h
  ep5 shard 384/8600 loss=6.2e-05  best=-inf wall=1.858h
  ep5 shard 385/8600 loss=5.9e-05  best=-inf wall=1.863h
  ep5 shard 386/8600 loss=6.6e-05  best=-inf wall=1.868h
  ep5 shard 387/8600 loss=6.1e-05  best=-inf wall=1.874h
  ep5 shard 388/8600 loss=4.1e-05  best=-inf wall=1.879h
  ep5 shard 389/8600 loss=4.7e-05  best=-inf wall=1.88h
  ep5 shard 390/8600 loss=5.9e-05  best=-inf wall=1.884h
  ep5 shard 391/8600 loss=9.4e-05  best=-inf wall=1.889h
  ep5 shard 392/8600 loss=7.3e-05  best=-inf wall=1.894h
  ep5 shard 393/8600 loss=5.3e-05  best=-inf wall=1.899h
  ep5 shard 394/8600 loss=6.1e-05  best=-inf wall=1.905h
  ep5 shard 395/8600 loss=5.9e-05  best=-inf wall=1.91h
  ep5 shard 396/8600 loss=6.4e-05  best=-inf wall=1.915h
  ep5 shard 397/8600 loss=5.9e-05  best=-inf wall=1.92h
  ep5 shard 398/8600 loss=6.9e-05  best=-inf wall=1.925h
  ep5 shard 399/8600 loss=5.5e-05  best=-inf wall=1.93h
  ep5 shard 400/8600 loss=4e-05  best=-inf wall=1.936h
  ep5 shard 401/8600 loss=5.9e-05  best=-inf wall=1.94h
  ep5 shard 402/8600 loss=7.3e-05  best=-inf wall=1.945h
  ep5 shard 403/8600 loss=6.3e-05  best=-inf wall=1.951h
  ep5 shard 404/8600 loss=6.3e-05  best=-inf wall=1.956h
  ep5 shard 405/8600 loss=6e-05  best=-inf wall=1.959h
  ep5 shard 406/8600 loss=6.4e-05  best=-inf wall=1.964h
  ep5 shard 407/8600 loss=4.5e-05  best=-inf wall=1.969h
  ep5 shard 408/8600 loss=4e-05  best=-inf wall=1.975h
  ep5 shard 409/8600 loss=5.6e-05  best=-inf wall=1.98h
  ep5 shard 410/8600 loss=4.2e-05  best=-inf wall=1.985h
  ep5 shard 411/8600 loss=8.5e-05  best=-inf wall=1.99h
  ep5 shard 412/8600 loss=4.8e-05  best=-inf wall=1.993h
  ep5 shard 413/8600 loss=5.6e-05  best=-inf wall=1.998h
  ep5 shard 414/8600 loss=6.1e-05  best=-inf wall=2.001h
  ep5 shard 415/8600 loss=5.2e-05  best=-inf wall=2.007h
  ep5 shard 416/8600 loss=6.3e-05  best=-inf wall=2.012h
  ep5 shard 417/8600 loss=6e-05  best=-inf wall=2.017h
  ep5 shard 418/8600 loss=6.5e-05  best=-inf wall=2.023h
  ep5 shard 419/8600 loss=5.3e-05  best=-inf wall=2.028h
  ep5 shard 420/8600 loss=4.3e-05  best=-inf wall=2.03h
  ep5 shard 421/8600 loss=5.1e-05  best=-inf wall=2.033h
  ep5 shard 422/8600 loss=6e-05  best=-inf wall=2.038h
  ep5 shard 423/8600 loss=7.7e-05  best=-inf wall=2.043h
  ep5 shard 424/8600 loss=5.6e-05  best=-inf wall=2.048h
  ep5 shard 425/8600 loss=5.5e-05  best=-inf wall=2.054h
  ep5 shard 426/8600 loss=7e-05  best=-inf wall=2.059h
  ep5 shard 427/8600 loss=7.1e-05  best=-inf wall=2.064h
  ep5 shard 428/8600 loss=5.6e-05  best=-inf wall=2.07h
  ep5 shard 429/8600 loss=4.6e-05  best=-inf wall=2.075h
  ep5 shard 430/8600 loss=4.9e-05  best=-inf wall=2.08h
  saved epoch checkpoint -> experiments/exp029-longrun/combined100/checkpoints/ep5.pt
  ep6 shard 431/8600 loss=5.8e-05  best=-inf wall=2.085h
  ep6 shard 432/8600 loss=4.1e-05  best=-inf wall=2.09h
  ep6 shard 433/8600 loss=4.6e-05  best=-inf wall=2.092h
  ep6 shard 434/8600 loss=7.1e-05  best=-inf wall=2.094h
  ep6 shard 435/8600 loss=5.5e-05  best=-inf wall=2.099h
  ep6 shard 436/8600 loss=6.1e-05  best=-inf wall=2.104h
  ep6 shard 437/8600 loss=5.2e-05  best=-inf wall=2.109h
  ep6 shard 438/8600 loss=5.8e-05  best=-inf wall=2.114h
  ep6 shard 439/8600 loss=5e-05  best=-inf wall=2.117h
  ep6 shard 440/8600 loss=7.1e-05  best=-inf wall=2.123h
  ep6 shard 441/8600 loss=6e-05  best=-inf wall=2.128h
  ep6 shard 442/8600 loss=6.8e-05  best=-inf wall=2.133h
  ep6 shard 443/8600 loss=6.7e-05  best=-inf wall=2.138h
  ep6 shard 444/8600 loss=4.9e-05  best=-inf wall=2.143h
  ep6 shard 445/8600 loss=4.8e-05  best=-inf wall=2.149h
  ep6 shard 446/8600 loss=5.6e-05  best=-inf wall=2.154h
  ep6 shard 447/8600 loss=7.9e-05  best=-inf wall=2.159h
  ep6 shard 448/8600 loss=8.2e-05  best=-inf wall=2.164h
  ep6 shard 449/8600 loss=6.9e-05  best=-inf wall=2.169h
  ep6 shard 450/8600 loss=5.9e-05  best=-inf wall=2.174h
  ep6 shard 451/8600 loss=5.9e-05  best=-inf wall=2.177h
  ep6 shard 452/8600 loss=4.9e-05  best=-inf wall=2.182h
  ep6 shard 453/8600 loss=5.1e-05  best=-inf wall=2.188h
  ep6 shard 454/8600 loss=6.2e-05  best=-inf wall=2.193h
  ep6 shard 455/8600 loss=5.8e-05  best=-inf wall=2.198h
  ep6 shard 456/8600 loss=4.7e-05  best=-inf wall=2.203h
  ep6 shard 457/8600 loss=7e-05  best=-inf wall=2.208h
  ep6 shard 458/8600 loss=5.5e-05  best=-inf wall=2.214h
  ep6 shard 459/8600 loss=6.5e-05  best=-inf wall=2.219h
  ep6 shard 460/8600 loss=7.6e-05  best=-inf wall=2.223h
  ep6 shard 461/8600 loss=4.7e-05  best=-inf wall=2.228h
  ep6 shard 462/8600 loss=6.7e-05  best=-inf wall=2.234h
  ep6 shard 463/8600 loss=7.3e-05  best=-inf wall=2.239h
  ep6 shard 464/8600 loss=4.6e-05  best=-inf wall=2.244h
  ep6 shard 465/8600 loss=6.3e-05  best=-inf wall=2.249h
  ep6 shard 466/8600 loss=5.4e-05  best=-inf wall=2.254h
  ep6 shard 467/8600 loss=5e-05  best=-inf wall=2.257h
  ep6 shard 468/8600 loss=5.2e-05  best=-inf wall=2.263h
  ep6 shard 469/8600 loss=5.3e-05  best=-inf wall=2.268h
  ep6 shard 470/8600 loss=4.1e-05  best=-inf wall=2.273h
  ep6 shard 471/8600 loss=5.9e-05  best=-inf wall=2.276h
  ep6 shard 472/8600 loss=5.4e-05  best=-inf wall=2.281h
  ep6 shard 473/8600 loss=5.3e-05  best=-inf wall=2.287h
  ep6 shard 474/8600 loss=5.1e-05  best=-inf wall=2.292h
  ep6 shard 475/8600 loss=6.6e-05  best=-inf wall=2.297h
  ep6 shard 476/8600 loss=6.7e-05  best=-inf wall=2.303h
  ep6 shard 477/8600 loss=6.5e-05  best=-inf wall=2.308h
  ep6 shard 478/8600 loss=5.3e-05  best=-inf wall=2.313h
  ep6 shard 479/8600 loss=4.8e-05  best=-inf wall=2.318h
  ep6 shard 480/8600 loss=4.7e-05  best=-inf wall=2.324h
  ep6 shard 481/8600 loss=6.4e-05  best=-inf wall=2.329h
  ep6 shard 482/8600 loss=5.9e-05  best=-inf wall=2.332h
  ep6 shard 483/8600 loss=6.5e-05  best=-inf wall=2.337h
  ep6 shard 484/8600 loss=5.6e-05  best=-inf wall=2.342h
  ep6 shard 485/8600 loss=5.1e-05  best=-inf wall=2.347h
  ep6 shard 486/8600 loss=5.1e-05  best=-inf wall=2.353h
  ep6 shard 487/8600 loss=4.3e-05  best=-inf wall=2.358h
  ep6 shard 488/8600 loss=4.8e-05  best=-inf wall=2.363h
  ep6 shard 489/8600 loss=6.8e-05  best=-inf wall=2.368h
  ep6 shard 490/8600 loss=6.4e-05  best=-inf wall=2.374h
  ep6 shard 491/8600 loss=4.7e-05  best=-inf wall=2.379h
  ep6 shard 492/8600 loss=6e-05  best=-inf wall=2.383h
  ep6 shard 493/8600 loss=6.6e-05  best=-inf wall=2.388h
  ep6 shard 494/8600 loss=5.3e-05  best=-inf wall=2.393h
  ep6 shard 495/8600 loss=5.7e-05  best=-inf wall=2.396h
  ep6 shard 496/8600 loss=5.9e-05  best=-inf wall=2.402h
  ep6 shard 497/8600 loss=4.8e-05  best=-inf wall=2.405h
  ep6 shard 498/8600 loss=7.6e-05  best=-inf wall=2.41h
  ep6 shard 499/8600 loss=5e-05  best=-inf wall=2.415h
  ep6 shard 500/8600 loss=5.4e-05  best=-inf wall=2.421h
  ep6 shard 501/8600 loss=5.6e-05  best=-inf wall=2.426h
  ep6 shard 502/8600 loss=6.4e-05  best=-inf wall=2.431h
  ep6 shard 503/8600 loss=5.3e-05  best=-inf wall=2.436h
  ep6 shard 504/8600 loss=4.2e-05  best=-inf wall=2.441h
  ep6 shard 505/8600 loss=5.2e-05  best=-inf wall=2.444h
  ep6 shard 506/8600 loss=5.8e-05  best=-inf wall=2.449h
  ep6 shard 507/8600 loss=4.7e-05  best=-inf wall=2.454h
  ep6 shard 508/8600 loss=4.4e-05  best=-inf wall=2.46h
  ep6 shard 509/8600 loss=4.5e-05  best=-inf wall=2.462h
  ep6 shard 510/8600 loss=5.8e-05  best=-inf wall=2.464h
  ep6 shard 511/8600 loss=6.2e-05  best=-inf wall=2.469h
  ep6 shard 512/8600 loss=4.1e-05  best=-inf wall=2.474h
  ep6 shard 513/8600 loss=5.9e-05  best=-inf wall=2.48h
  ep6 shard 514/8600 loss=5.6e-05  best=-inf wall=2.485h
  ep6 shard 515/8600 loss=8.7e-05  best=-inf wall=2.49h
  ep6 shard 516/8600 loss=5.3e-05  best=-inf wall=2.493h
  saved epoch checkpoint -> experiments/exp029-longrun/combined100/checkpoints/ep6.pt
  ep7 shard 517/8600 loss=5.5e-05  best=-inf wall=2.499h
  ep7 shard 518/8600 loss=4.9e-05  best=-inf wall=2.504h
  ep7 shard 519/8600 loss=5e-05  best=-inf wall=2.509h
  ep7 shard 520/8600 loss=5e-05  best=-inf wall=2.514h
  ep7 shard 521/8600 loss=5.8e-05  best=-inf wall=2.516h
  ep7 shard 522/8600 loss=6.8e-05  best=-inf wall=2.522h
  ep7 shard 523/8600 loss=6.4e-05  best=-inf wall=2.527h
  ep7 shard 524/8600 loss=5.5e-05  best=-inf wall=2.532h
  ep7 shard 525/8600 loss=4e-05  best=-inf wall=2.536h
  ep7 shard 526/8600 loss=4.2e-05  best=-inf wall=2.542h
  ep7 shard 527/8600 loss=6.2e-05  best=-inf wall=2.545h
  ep7 shard 528/8600 loss=5.5e-05  best=-inf wall=2.55h
  ep7 shard 529/8600 loss=5e-05  best=-inf wall=2.555h
  ep7 shard 530/8600 loss=5.2e-05  best=-inf wall=2.56h
  ep7 shard 531/8600 loss=5.7e-05  best=-inf wall=2.565h
  ep7 shard 532/8600 loss=4.3e-05  best=-inf wall=2.57h
  ep7 shard 533/8600 loss=5e-05  best=-inf wall=2.576h
  ep7 shard 534/8600 loss=4e-05  best=-inf wall=2.579h
  ep7 shard 535/8600 loss=6.8e-05  best=-inf wall=2.584h
  ep7 shard 536/8600 loss=7.6e-05  best=-inf wall=2.589h
  ep7 shard 537/8600 loss=4.1e-05  best=-inf wall=2.594h
  ep7 shard 538/8600 loss=5.3e-05  best=-inf wall=2.597h
  ep7 shard 539/8600 loss=6.1e-05  best=-inf wall=2.602h
  ep7 shard 540/8600 loss=6e-05  best=-inf wall=2.605h
  ep7 shard 541/8600 loss=5.5e-05  best=-inf wall=2.61h
  ep7 shard 542/8600 loss=6.8e-05  best=-inf wall=2.616h
  ep7 shard 543/8600 loss=6.2e-05  best=-inf wall=2.617h
  ep7 shard 544/8600 loss=4e-05  best=-inf wall=2.622h
  ep7 shard 545/8600 loss=4.2e-05  best=-inf wall=2.628h
  ep7 shard 546/8600 loss=5e-05  best=-inf wall=2.633h
  ep7 shard 547/8600 loss=4.8e-05  best=-inf wall=2.638h
  ep7 shard 548/8600 loss=5.3e-05  best=-inf wall=2.643h
  ep7 shard 549/8600 loss=4.8e-05  best=-inf wall=2.649h
  ep7 shard 550/8600 loss=5.8e-05  best=-inf wall=2.654h
  ep7 shard 551/8600 loss=4.4e-05  best=-inf wall=2.659h
  ep7 shard 552/8600 loss=5.6e-05  best=-inf wall=2.662h
  ep7 shard 553/8600 loss=4.5e-05  best=-inf wall=2.667h
  ep7 shard 554/8600 loss=5.6e-05  best=-inf wall=2.672h
  ep7 shard 555/8600 loss=4.9e-05  best=-inf wall=2.678h
  ep7 shard 556/8600 loss=4.8e-05  best=-inf wall=2.683h
  ep7 shard 557/8600 loss=5.1e-05  best=-inf wall=2.688h
  ep7 shard 558/8600 loss=5.8e-05  best=-inf wall=2.691h
  ep7 shard 559/8600 loss=4.4e-05  best=-inf wall=2.696h
  ep7 shard 560/8600 loss=7.1e-05  best=-inf wall=2.701h
  ep7 shard 561/8600 loss=6e-05  best=-inf wall=2.706h
  ep7 shard 562/8600 loss=6e-05  best=-inf wall=2.712h
  ep7 shard 563/8600 loss=5.3e-05  best=-inf wall=2.717h
  ep7 shard 564/8600 loss=5.8e-05  best=-inf wall=2.722h
  ep7 shard 565/8600 loss=5.6e-05  best=-inf wall=2.726h
  ep7 shard 566/8600 loss=5e-05  best=-inf wall=2.731h
  ep7 shard 567/8600 loss=6e-05  best=-inf wall=2.737h
  ep7 shard 568/8600 loss=5.5e-05  best=-inf wall=2.742h
  ep7 shard 569/8600 loss=5.3e-05  best=-inf wall=2.744h
  ep7 shard 570/8600 loss=4.7e-05  best=-inf wall=2.749h
  ep7 shard 571/8600 loss=8.9e-05  best=-inf wall=2.754h
  ep7 shard 572/8600 loss=6.9e-05  best=-inf wall=2.759h
  ep7 shard 573/8600 loss=4.5e-05  best=-inf wall=2.764h
  ep7 shard 574/8600 loss=5.3e-05  best=-inf wall=2.766h
  ep7 shard 575/8600 loss=5.8e-05  best=-inf wall=2.771h
  ep7 shard 576/8600 loss=6.2e-05  best=-inf wall=2.774h
  ep7 shard 577/8600 loss=5.2e-05  best=-inf wall=2.777h
  ep7 shard 578/8600 loss=4.5e-05  best=-inf wall=2.78h
  ep7 shard 579/8600 loss=6.1e-05  best=-inf wall=2.785h
  ep7 shard 580/8600 loss=5.2e-05  best=-inf wall=2.791h
  ep7 shard 581/8600 loss=5.6e-05  best=-inf wall=2.796h
  ep7 shard 582/8600 loss=4.5e-05  best=-inf wall=2.801h
  ep7 shard 583/8600 loss=6.6e-05  best=-inf wall=2.807h
  ep7 shard 584/8600 loss=6.9e-05  best=-inf wall=2.811h
  ep7 shard 585/8600 loss=5.5e-05  best=-inf wall=2.817h
  ep7 shard 586/8600 loss=4.7e-05  best=-inf wall=2.822h
  ep7 shard 587/8600 loss=7e-05  best=-inf wall=2.827h
  ep7 shard 588/8600 loss=4.3e-05  best=-inf wall=2.833h
  ep7 shard 589/8600 loss=5.2e-05  best=-inf wall=2.838h
  ep7 shard 590/8600 loss=5.6e-05  best=-inf wall=2.843h
  ep7 shard 591/8600 loss=5.7e-05  best=-inf wall=2.848h
  ep7 shard 592/8600 loss=4.7e-05  best=-inf wall=2.853h
  ep7 shard 593/8600 loss=6.4e-05  best=-inf wall=2.858h
  ep7 shard 594/8600 loss=4.9e-05  best=-inf wall=2.863h
  ep7 shard 595/8600 loss=5.5e-05  best=-inf wall=2.869h
  ep7 shard 596/8600 loss=7.5e-05  best=-inf wall=2.874h
  ep7 shard 597/8600 loss=5.6e-05  best=-inf wall=2.879h
  ep7 shard 598/8600 loss=4.3e-05  best=-inf wall=2.884h
  ep7 shard 599/8600 loss=5.6e-05  best=-inf wall=2.889h
  ep7 shard 600/8600 loss=7.1e-05  best=-inf wall=2.894h
  ep7 shard 601/8600 loss=6.4e-05  best=-inf wall=2.9h
  ep7 shard 602/8600 loss=5.3e-05  best=-inf wall=2.905h
  saved epoch checkpoint -> experiments/exp029-longrun/combined100/checkpoints/ep7.pt
  ep8 shard 603/8600 loss=6e-05  best=-inf wall=2.91h
  ep8 shard 604/8600 loss=4.2e-05  best=-inf wall=2.915h
  ep8 shard 605/8600 loss=4e-05  best=-inf wall=2.92h
  ep8 shard 606/8600 loss=6.1e-05  best=-inf wall=2.923h
  ep8 shard 607/8600 loss=4.7e-05  best=-inf wall=2.925h
  ep8 shard 608/8600 loss=3.8e-05  best=-inf wall=2.929h
  ep8 shard 609/8600 loss=5.7e-05  best=-inf wall=2.935h
  ep8 shard 610/8600 loss=5.4e-05  best=-inf wall=2.938h
  ep8 shard 611/8600 loss=5e-05  best=-inf wall=2.943h
  ep8 shard 612/8600 loss=4.7e-05  best=-inf wall=2.948h
  ep8 shard 613/8600 loss=5.3e-05  best=-inf wall=2.951h
  ep8 shard 614/8600 loss=4.6e-05  best=-inf wall=2.956h
  ep8 shard 615/8600 loss=5.5e-05  best=-inf wall=2.962h
  ep8 shard 616/8600 loss=4.2e-05  best=-inf wall=2.967h
  ep8 shard 617/8600 loss=5.5e-05  best=-inf wall=2.972h
  ep8 shard 618/8600 loss=5.6e-05  best=-inf wall=2.977h
  ep8 shard 619/8600 loss=6.5e-05  best=-inf wall=2.982h
  ep8 shard 620/8600 loss=3.8e-05  best=-inf wall=2.987h
  ep8 shard 621/8600 loss=4.4e-05  best=-inf wall=2.993h
  ep8 shard 622/8600 loss=5.6e-05  best=-inf wall=2.998h
  ep8 shard 623/8600 loss=5.5e-05  best=-inf wall=3.003h
  ep8 shard 624/8600 loss=5.8e-05  best=-inf wall=3.008h
  ep8 shard 625/8600 loss=4.1e-05  best=-inf wall=3.013h
  ep8 shard 626/8600 loss=4.5e-05  best=-inf wall=3.018h
  ep8 shard 627/8600 loss=6.5e-05  best=-inf wall=3.023h
  ep8 shard 628/8600 loss=6.4e-05  best=-inf wall=3.028h
  ep8 shard 629/8600 loss=4.9e-05  best=-inf wall=3.033h
  ep8 shard 630/8600 loss=5.2e-05  best=-inf wall=3.039h
  ep8 shard 631/8600 loss=4.9e-05  best=-inf wall=3.044h
  ep8 shard 632/8600 loss=6.1e-05  best=-inf wall=3.045h
  ep8 shard 633/8600 loss=7.2e-05  best=-inf wall=3.051h
  ep8 shard 634/8600 loss=6.3e-05  best=-inf wall=3.056h
  ep8 shard 635/8600 loss=5.1e-05  best=-inf wall=3.061h
  ep8 shard 636/8600 loss=5.9e-05  best=-inf wall=3.064h
  ep8 shard 637/8600 loss=4.9e-05  best=-inf wall=3.067h
  ep8 shard 638/8600 loss=5.5e-05  best=-inf wall=3.072h
  ep8 shard 639/8600 loss=4.8e-05  best=-inf wall=3.077h
  ep8 shard 640/8600 loss=4.8e-05  best=-inf wall=3.08h
  ep8 shard 641/8600 loss=4.7e-05  best=-inf wall=3.085h
  ep8 shard 642/8600 loss=4.7e-05  best=-inf wall=3.091h
  ep8 shard 643/8600 loss=4.6e-05  best=-inf wall=3.096h
  ep8 shard 644/8600 loss=5.1e-05  best=-inf wall=3.101h
  ep8 shard 645/8600 loss=5.3e-05  best=-inf wall=3.104h
  ep8 shard 646/8600 loss=7.6e-05  best=-inf wall=3.109h
  ep8 shard 647/8600 loss=5.6e-05  best=-inf wall=3.114h
  ep8 shard 648/8600 loss=5.5e-05  best=-inf wall=3.118h
  ep8 shard 649/8600 loss=6e-05  best=-inf wall=3.123h
  ep8 shard 650/8600 loss=5e-05  best=-inf wall=3.128h
  ep8 shard 651/8600 loss=6.1e-05  best=-inf wall=3.134h
  ep8 shard 652/8600 loss=5.2e-05  best=-inf wall=3.139h
  ep8 shard 653/8600 loss=4.9e-05  best=-inf wall=3.144h
  ep8 shard 654/8600 loss=4e-05  best=-inf wall=3.146h
  ep8 shard 655/8600 loss=5.6e-05  best=-inf wall=3.151h
  ep8 shard 656/8600 loss=4.4e-05  best=-inf wall=3.156h
  ep8 shard 657/8600 loss=6.5e-05  best=-inf wall=3.161h
  ep8 shard 658/8600 loss=5.4e-05  best=-inf wall=3.167h
  ep8 shard 659/8600 loss=6.5e-05  best=-inf wall=3.172h
  ep8 shard 660/8600 loss=5.1e-05  best=-inf wall=3.175h
  ep8 shard 661/8600 loss=4.3e-05  best=-inf wall=3.18h
  ep8 shard 662/8600 loss=3.5e-05  best=-inf wall=3.185h
  ep8 shard 663/8600 loss=5.9e-05  best=-inf wall=3.188h
  ep8 shard 664/8600 loss=4.5e-05  best=-inf wall=3.193h
  ep8 shard 665/8600 loss=5.8e-05  best=-inf wall=3.199h
  ep8 shard 666/8600 loss=4.3e-05  best=-inf wall=3.204h
  ep8 shard 667/8600 loss=4.1e-05  best=-inf wall=3.209h
  ep8 shard 668/8600 loss=4.4e-05  best=-inf wall=3.214h
  ep8 shard 669/8600 loss=5.4e-05  best=-inf wall=3.219h
  ep8 shard 670/8600 loss=6.2e-05  best=-inf wall=3.224h
  ep8 shard 671/8600 loss=4.3e-05  best=-inf wall=3.229h
  ep8 shard 672/8600 loss=5.2e-05  best=-inf wall=3.235h
  ep8 shard 673/8600 loss=4.9e-05  best=-inf wall=3.24h
  ep8 shard 674/8600 loss=4.3e-05  best=-inf wall=3.244h
  ep8 shard 675/8600 loss=4.6e-05  best=-inf wall=3.249h
  ep8 shard 676/8600 loss=3.8e-05  best=-inf wall=3.255h
  ep8 shard 677/8600 loss=4.3e-05  best=-inf wall=3.26h
  ep8 shard 678/8600 loss=5.3e-05  best=-inf wall=3.265h
  ep8 shard 679/8600 loss=5.6e-05  best=-inf wall=3.271h
  ep8 shard 680/8600 loss=5.6e-05  best=-inf wall=3.276h
  ep8 shard 681/8600 loss=4.5e-05  best=-inf wall=3.279h
  ep8 shard 682/8600 loss=4.5e-05  best=-inf wall=3.284h
  ep8 shard 683/8600 loss=5.2e-05  best=-inf wall=3.289h
  ep8 shard 684/8600 loss=4.5e-05  best=-inf wall=3.295h
  ep8 shard 685/8600 loss=4.8e-05  best=-inf wall=3.3h
  ep8 shard 686/8600 loss=3.9e-05  best=-inf wall=3.305h
  ep8 shard 687/8600 loss=6.5e-05  best=-inf wall=3.311h
  ep8 shard 688/8600 loss=5.1e-05  best=-inf wall=3.316h
  saved epoch checkpoint -> experiments/exp029-longrun/combined100/checkpoints/ep8.pt
  ep9 shard 689/8600 loss=4.8e-05  best=-inf wall=3.321h
  ep9 shard 690/8600 loss=4.6e-05  best=-inf wall=3.326h
  ep9 shard 691/8600 loss=6.3e-05  best=-inf wall=3.331h
  ep9 shard 692/8600 loss=5.8e-05  best=-inf wall=3.337h
  ep9 shard 693/8600 loss=5.3e-05  best=-inf wall=3.342h
  ep9 shard 694/8600 loss=3.5e-05  best=-inf wall=3.344h
  ep9 shard 695/8600 loss=5.3e-05  best=-inf wall=3.349h
  ep9 shard 696/8600 loss=5.2e-05  best=-inf wall=3.354h
  ep9 shard 697/8600 loss=6.1e-05  best=-inf wall=3.359h
  ep9 shard 698/8600 loss=6.2e-05  best=-inf wall=3.365h
  ep9 shard 699/8600 loss=4.9e-05  best=-inf wall=3.37h
  ep9 shard 700/8600 loss=5.5e-05  best=-inf wall=3.375h
  ep9 shard 701/8600 loss=4.5e-05  best=-inf wall=3.38h
  ep9 shard 702/8600 loss=7.1e-05  best=-inf wall=3.385h
  ep9 shard 703/8600 loss=6.4e-05  best=-inf wall=3.39h
  ep9 shard 704/8600 loss=7.3e-05  best=-inf wall=3.395h
  ep9 shard 705/8600 loss=5.6e-05  best=-inf wall=3.398h
  ep9 shard 706/8600 loss=5e-05  best=-inf wall=3.403h
  ep9 shard 707/8600 loss=6.4e-05  best=-inf wall=3.408h
  ep9 shard 708/8600 loss=6.3e-05  best=-inf wall=3.413h
  ep9 shard 709/8600 loss=5.1e-05  best=-inf wall=3.418h
  ep9 shard 710/8600 loss=4.3e-05  best=-inf wall=3.421h
  ep9 shard 711/8600 loss=4.7e-05  best=-inf wall=3.426h
  ep9 shard 712/8600 loss=4.9e-05  best=-inf wall=3.431h
  ep9 shard 713/8600 loss=3.3e-05  best=-inf wall=3.436h
  ep9 shard 714/8600 loss=5.6e-05  best=-inf wall=3.439h
  ep9 shard 715/8600 loss=4.5e-05  best=-inf wall=3.444h
  ep9 shard 716/8600 loss=4.3e-05  best=-inf wall=3.449h
  ep9 shard 717/8600 loss=6.1e-05  best=-inf wall=3.455h
  ep9 shard 718/8600 loss=4.3e-05  best=-inf wall=3.46h
  ep9 shard 719/8600 loss=5.3e-05  best=-inf wall=3.465h
  ep9 shard 720/8600 loss=5.2e-05  best=-inf wall=3.47h
  ep9 shard 721/8600 loss=3.8e-05  best=-inf wall=3.475h
  ep9 shard 722/8600 loss=4.6e-05  best=-inf wall=3.481h
  ep9 shard 723/8600 loss=4.5e-05  best=-inf wall=3.486h
  ep9 shard 724/8600 loss=5e-05  best=-inf wall=3.491h
  ep9 shard 725/8600 loss=5.1e-05  best=-inf wall=3.494h
  ep9 shard 726/8600 loss=5.8e-05  best=-inf wall=3.499h
  ep9 shard 727/8600 loss=6.9e-05  best=-inf wall=3.505h
  ep9 shard 728/8600 loss=4.5e-05  best=-inf wall=3.51h
  ep9 shard 729/8600 loss=6.4e-05  best=-inf wall=3.515h
  ep9 shard 730/8600 loss=6.2e-05  best=-inf wall=3.52h
  ep9 shard 731/8600 loss=4.8e-05  best=-inf wall=3.525h
  ep9 shard 732/8600 loss=4.6e-05  best=-inf wall=3.531h
  ep9 shard 733/8600 loss=5.9e-05  best=-inf wall=3.536h
  ep9 shard 734/8600 loss=6.2e-05  best=-inf wall=3.541h
  ep9 shard 735/8600 loss=5.8e-05  best=-inf wall=3.544h
  ep9 shard 736/8600 loss=4.3e-05  best=-inf wall=3.549h
  ep9 shard 737/8600 loss=5.6e-05  best=-inf wall=3.554h
  ep9 shard 738/8600 loss=5.3e-05  best=-inf wall=3.558h
  ep9 shard 739/8600 loss=4.4e-05  best=-inf wall=3.563h
  ep9 shard 740/8600 loss=4.2e-05  best=-inf wall=3.568h
  ep9 shard 741/8600 loss=4.2e-05  best=-inf wall=3.57h
  ep9 shard 742/8600 loss=5.3e-05  best=-inf wall=3.575h
  ep9 shard 743/8600 loss=5.2e-05  best=-inf wall=3.581h
  ep9 shard 744/8600 loss=4.8e-05  best=-inf wall=3.586h
  ep9 shard 745/8600 loss=4.3e-05  best=-inf wall=3.591h
  ep9 shard 746/8600 loss=4.9e-05  best=-inf wall=3.596h
  ep9 shard 747/8600 loss=5.5e-05  best=-inf wall=3.599h
  ep9 shard 748/8600 loss=4.2e-05  best=-inf wall=3.604h
  ep9 shard 749/8600 loss=5.1e-05  best=-inf wall=3.609h
  ep9 shard 750/8600 loss=3.3e-05  best=-inf wall=3.614h
  ep9 shard 751/8600 loss=4.5e-05  best=-inf wall=3.618h
  ep9 shard 752/8600 loss=5.8e-05  best=-inf wall=3.623h
  ep9 shard 753/8600 loss=6e-05  best=-inf wall=3.628h
  ep9 shard 754/8600 loss=4.8e-05  best=-inf wall=3.631h
  ep9 shard 755/8600 loss=5.8e-05  best=-inf wall=3.636h
  ep9 shard 756/8600 loss=4.4e-05  best=-inf wall=3.641h
  ep9 shard 757/8600 loss=4.9e-05  best=-inf wall=3.646h
  ep9 shard 758/8600 loss=5e-05  best=-inf wall=3.651h
  ep9 shard 759/8600 loss=5e-05  best=-inf wall=3.656h
  ep9 shard 760/8600 loss=4.6e-05  best=-inf wall=3.662h
  ep9 shard 761/8600 loss=3.7e-05  best=-inf wall=3.667h
  ep9 shard 762/8600 loss=6e-05  best=-inf wall=3.671h
  ep9 shard 763/8600 loss=4.4e-05  best=-inf wall=3.676h
  ep9 shard 764/8600 loss=4.1e-05  best=-inf wall=3.681h
  ep9 shard 765/8600 loss=5.5e-05  best=-inf wall=3.684h
  ep9 shard 766/8600 loss=3.6e-05  best=-inf wall=3.69h
  ep9 shard 767/8600 loss=6.7e-05  best=-inf wall=3.695h
  ep9 shard 768/8600 loss=3.9e-05  best=-inf wall=3.7h
  ep9 shard 769/8600 loss=4.4e-05  best=-inf wall=3.705h
  ep9 shard 770/8600 loss=5e-05  best=-inf wall=3.71h
  ep9 shard 771/8600 loss=4.8e-05  best=-inf wall=3.712h
  ep9 shard 772/8600 loss=5.8e-05  best=-inf wall=3.717h
  ep9 shard 773/8600 loss=5.3e-05  best=-inf wall=3.72h
  ep9 shard 774/8600 loss=4.3e-05  best=-inf wall=3.725h
  saved epoch checkpoint -> experiments/exp029-longrun/combined100/checkpoints/ep9.pt
  ep10 shard 775/8600 loss=5.8e-05  best=-inf wall=3.731h
  ep10 shard 776/8600 loss=4e-05  best=-inf wall=3.736h
  ep10 shard 777/8600 loss=5.5e-05  best=-inf wall=3.741h
  ep10 shard 778/8600 loss=4.8e-05  best=-inf wall=3.746h
  ep10 shard 779/8600 loss=4.7e-05  best=-inf wall=3.749h
  ep10 shard 780/8600 loss=5.1e-05  best=-inf wall=3.754h
  ep10 shard 781/8600 loss=5.4e-05  best=-inf wall=3.759h
  ep10 shard 782/8600 loss=4.5e-05  best=-inf wall=3.765h
  ep10 shard 783/8600 loss=4.2e-05  best=-inf wall=3.77h
  ep10 shard 784/8600 loss=5.4e-05  best=-inf wall=3.775h
  ep10 shard 785/8600 loss=4.1e-05  best=-inf wall=3.78h
  ep10 shard 786/8600 loss=3.8e-05  best=-inf wall=3.785h
  ep10 shard 787/8600 loss=3.9e-05  best=-inf wall=3.79h
  ep10 shard 788/8600 loss=3.5e-05  best=-inf wall=3.795h
  ep10 shard 789/8600 loss=4.2e-05  best=-inf wall=3.8h
  ep10 shard 790/8600 loss=5.2e-05  best=-inf wall=3.805h
  ep10 shard 791/8600 loss=5.2e-05  best=-inf wall=3.809h
  ep10 shard 792/8600 loss=4.6e-05  best=-inf wall=3.814h
  ep10 shard 793/8600 loss=4.9e-05  best=-inf wall=3.819h
  ep10 shard 794/8600 loss=4.9e-05  best=-inf wall=3.825h
  ep10 shard 795/8600 loss=6.3e-05  best=-inf wall=3.83h
  ep10 shard 796/8600 loss=3.4e-05  best=-inf wall=3.835h
  ep10 shard 797/8600 loss=4.6e-05  best=-inf wall=3.84h
  ep10 shard 798/8600 loss=4.3e-05  best=-inf wall=3.846h
  ep10 shard 799/8600 loss=4.5e-05  best=-inf wall=3.851h
  ep10 shard 800/8600 loss=7.8e-05  best=-inf wall=3.856h
  ep10 shard 801/8600 loss=4.4e-05  best=-inf wall=3.859h
  ep10 shard 802/8600 loss=3.7e-05  best=-inf wall=3.864h
  ep10 shard 803/8600 loss=5.7e-05  best=-inf wall=3.869h
  ep10 shard 804/8600 loss=4e-05  best=-inf wall=3.874h
  ep10 shard 805/8600 loss=5.2e-05  best=-inf wall=3.879h
  ep10 shard 806/8600 loss=5.3e-05  best=-inf wall=3.885h
  ep10 shard 807/8600 loss=5.4e-05  best=-inf wall=3.891h
  ep10 shard 808/8600 loss=5.2e-05  best=-inf wall=3.897h
  ep10 shard 809/8600 loss=5.4e-05  best=-inf wall=3.904h
  ep10 shard 810/8600 loss=4.6e-05  best=-inf wall=3.909h
  ep10 shard 811/8600 loss=4.3e-05  best=-inf wall=3.914h
  ep10 shard 812/8600 loss=5e-05  best=-inf wall=3.92h
  ep10 shard 813/8600 loss=4.1e-05  best=-inf wall=3.923h
  ep10 shard 814/8600 loss=5.6e-05  best=-inf wall=3.929h
  ep10 shard 815/8600 loss=4.3e-05  best=-inf wall=3.934h
  ep10 shard 816/8600 loss=4.9e-05  best=-inf wall=3.939h
  ep10 shard 817/8600 loss=4.3e-05  best=-inf wall=3.942h
  ep10 shard 818/8600 loss=6.6e-05  best=-inf wall=3.947h
  ep10 shard 819/8600 loss=5.1e-05  best=-inf wall=3.952h
  ep10 shard 820/8600 loss=4.7e-05  best=-inf wall=3.958h
  ep10 shard 821/8600 loss=5.6e-05  best=-inf wall=3.961h
  ep10 shard 822/8600 loss=4.4e-05  best=-inf wall=3.962h
  ep10 shard 823/8600 loss=4.4e-05  best=-inf wall=3.965h
  ep10 shard 824/8600 loss=5e-05  best=-inf wall=3.971h
  ep10 shard 825/8600 loss=5.6e-05  best=-inf wall=3.976h
  ep10 shard 826/8600 loss=5.4e-05  best=-inf wall=3.981h
  ep10 shard 827/8600 loss=6e-05  best=-inf wall=3.987h
  ep10 shard 828/8600 loss=4.6e-05  best=-inf wall=3.991h
  ep10 shard 829/8600 loss=4.6e-05  best=-inf wall=3.996h
  ep10 shard 830/8600 loss=4.7e-05  best=-inf wall=3.999h
  ep10 shard 831/8600 loss=4.2e-05  best=-inf wall=4.005h
  ep10 shard 832/8600 loss=5.4e-05  best=-inf wall=4.01h
  ep10 shard 833/8600 loss=4.6e-05  best=-inf wall=4.015h
  ep10 shard 834/8600 loss=4.5e-05  best=-inf wall=4.018h
  ep10 shard 835/8600 loss=5.5e-05  best=-inf wall=4.023h
  ep10 shard 836/8600 loss=4.7e-05  best=-inf wall=4.025h
  ep10 shard 837/8600 loss=5.9e-05  best=-inf wall=4.03h
  ep10 shard 838/8600 loss=4.9e-05  best=-inf wall=4.035h
  ep10 shard 839/8600 loss=5.1e-05  best=-inf wall=4.04h
  ep10 shard 840/8600 loss=4.6e-05  best=-inf wall=4.046h
  ep10 shard 841/8600 loss=4.6e-05  best=-inf wall=4.051h
  ep10 shard 842/8600 loss=5e-05  best=-inf wall=4.056h
  ep10 shard 843/8600 loss=3.7e-05  best=-inf wall=4.061h
  ep10 shard 844/8600 loss=5e-05  best=-inf wall=4.066h
  ep10 shard 845/8600 loss=4.3e-05  best=-inf wall=4.068h
  ep10 shard 846/8600 loss=4.2e-05  best=-inf wall=4.072h
  ep10 shard 847/8600 loss=5.3e-05  best=-inf wall=4.078h
  ep10 shard 848/8600 loss=4.6e-05  best=-inf wall=4.083h
  ep10 shard 849/8600 loss=4.6e-05  best=-inf wall=4.088h
  ep10 shard 850/8600 loss=5.2e-05  best=-inf wall=4.094h
  ep10 shard 851/8600 loss=3.7e-05  best=-inf wall=4.099h
  ep10 shard 852/8600 loss=5.6e-05  best=-inf wall=4.104h
  ep10 shard 853/8600 loss=4e-05  best=-inf wall=4.108h
  ep10 shard 854/8600 loss=4.6e-05  best=-inf wall=4.114h
  ep10 shard 855/8600 loss=6.2e-05  best=-inf wall=4.119h
  ep10 shard 856/8600 loss=4.4e-05  best=-inf wall=4.124h
  ep10 shard 857/8600 loss=4.2e-05  best=-inf wall=4.127h
  ep10 shard 858/8600 loss=5e-05  best=-inf wall=4.132h
  ep10 shard 859/8600 loss=5.3e-05  best=-inf wall=4.137h
  ep10 shard 860/8600 loss=5.1e-05  best=-inf wall=4.143h
  saved epoch checkpoint -> experiments/exp029-longrun/combined100/checkpoints/ep10.pt
  ep11 shard 861/8600 loss=5e-05  best=-inf wall=4.148h
  ep11 shard 862/8600 loss=4.5e-05  best=-inf wall=4.153h
  ep11 shard 863/8600 loss=5.6e-05  best=-inf wall=4.158h
  ep11 shard 864/8600 loss=4.2e-05  best=-inf wall=4.163h
  ep11 shard 865/8600 loss=5.4e-05  best=-inf wall=4.167h
  ep11 shard 866/8600 loss=4.7e-05  best=-inf wall=4.172h
  ep11 shard 867/8600 loss=5.5e-05  best=-inf wall=4.177h
  ep11 shard 868/8600 loss=3.9e-05  best=-inf wall=4.182h
  ep11 shard 869/8600 loss=5.3e-05  best=-inf wall=4.185h
  ep11 shard 870/8600 loss=3.2e-05  best=-inf wall=4.19h
  ep11 shard 871/8600 loss=3.8e-05  best=-inf wall=4.196h
  ep11 shard 872/8600 loss=4.1e-05  best=-inf wall=4.201h
  ep11 shard 873/8600 loss=4.3e-05  best=-inf wall=4.204h
  ep11 shard 874/8600 loss=5.3e-05  best=-inf wall=4.209h
  ep11 shard 875/8600 loss=5.3e-05  best=-inf wall=4.214h
  ep11 shard 876/8600 loss=4.2e-05  best=-inf wall=4.219h
  ep11 shard 877/8600 loss=4.9e-05  best=-inf wall=4.222h
  ep11 shard 878/8600 loss=5.5e-05  best=-inf wall=4.228h
  ep11 shard 879/8600 loss=3.2e-05  best=-inf wall=4.233h
  ep11 shard 880/8600 loss=4.8e-05  best=-inf wall=4.238h
  ep11 shard 881/8600 loss=4.5e-05  best=-inf wall=4.242h
  ep11 shard 882/8600 loss=6.5e-05  best=-inf wall=4.248h
  ep11 shard 883/8600 loss=3.8e-05  best=-inf wall=4.253h
  ep11 shard 884/8600 loss=5.4e-05  best=-inf wall=4.258h
  ep11 shard 885/8600 loss=4.5e-05  best=-inf wall=4.264h
  ep11 shard 886/8600 loss=4.3e-05  best=-inf wall=4.267h
  ep11 shard 887/8600 loss=6.1e-05  best=-inf wall=4.272h
  ep11 shard 888/8600 loss=4.8e-05  best=-inf wall=4.275h
  ep11 shard 889/8600 loss=4.4e-05  best=-inf wall=4.28h
  ep11 shard 890/8600 loss=5.3e-05  best=-inf wall=4.285h
  ep11 shard 891/8600 loss=4.2e-05  best=-inf wall=4.29h
  ep11 shard 892/8600 loss=4.7e-05  best=-inf wall=4.295h
  ep11 shard 893/8600 loss=5.2e-05  best=-inf wall=4.299h
  ep11 shard 894/8600 loss=3.9e-05  best=-inf wall=4.304h
  ep11 shard 895/8600 loss=5.6e-05  best=-inf wall=4.309h
  ep11 shard 896/8600 loss=5.5e-05  best=-inf wall=4.314h
  ep11 shard 897/8600 loss=4.1e-05  best=-inf wall=4.319h
  ep11 shard 898/8600 loss=5.4e-05  best=-inf wall=4.321h
  ep11 shard 899/8600 loss=4.6e-05  best=-inf wall=4.324h
  ep11 shard 900/8600 loss=4.5e-05  best=-inf wall=4.329h
  ep11 shard 901/8600 loss=4.6e-05  best=-inf wall=4.335h
  ep11 shard 902/8600 loss=4.9e-05  best=-inf wall=4.34h
  ep11 shard 903/8600 loss=6.8e-05  best=-inf wall=4.345h
  ep11 shard 904/8600 loss=5.5e-05  best=-inf wall=4.35h
  ep11 shard 905/8600 loss=4e-05  best=-inf wall=4.352h
  ep11 shard 906/8600 loss=5.6e-05  best=-inf wall=4.357h
  ep11 shard 907/8600 loss=6.1e-05  best=-inf wall=4.362h
  ep11 shard 908/8600 loss=5e-05  best=-inf wall=4.365h
  ep11 shard 909/8600 loss=3.5e-05  best=-inf wall=4.367h
  ep11 shard 910/8600 loss=4.9e-05  best=-inf wall=4.372h
  ep11 shard 911/8600 loss=4.3e-05  best=-inf wall=4.377h
  ep11 shard 912/8600 loss=4.1e-05  best=-inf wall=4.383h
  ep11 shard 913/8600 loss=5.5e-05  best=-inf wall=4.388h
  ep11 shard 914/8600 loss=5.7e-05  best=-inf wall=4.393h
  ep11 shard 915/8600 loss=5.2e-05  best=-inf wall=4.397h
  ep11 shard 916/8600 loss=4.8e-05  best=-inf wall=4.402h
  ep11 shard 917/8600 loss=5.5e-05  best=-inf wall=4.408h
  ep11 shard 918/8600 loss=7.5e-05  best=-inf wall=4.412h
  ep11 shard 919/8600 loss=4.9e-05  best=-inf wall=4.417h
  ep11 shard 920/8600 loss=3.8e-05  best=-inf wall=4.422h
  ep11 shard 921/8600 loss=6.3e-05  best=-inf wall=4.425h
  ep11 shard 922/8600 loss=5.4e-05  best=-inf wall=4.43h
  ep11 shard 923/8600 loss=4.8e-05  best=-inf wall=4.436h
  ep11 shard 924/8600 loss=5.7e-05  best=-inf wall=4.441h
  ep11 shard 925/8600 loss=4.9e-05  best=-inf wall=4.446h
  ep11 shard 926/8600 loss=4.6e-05  best=-inf wall=4.451h
  ep11 shard 927/8600 loss=4e-05  best=-inf wall=4.456h
  ep11 shard 928/8600 loss=5.3e-05  best=-inf wall=4.462h
  ep11 shard 929/8600 loss=3.3e-05  best=-inf wall=4.467h
  ep11 shard 930/8600 loss=6.2e-05  best=-inf wall=4.472h
  ep11 shard 931/8600 loss=5.9e-05  best=-inf wall=4.478h
  ep11 shard 932/8600 loss=4.8e-05  best=-inf wall=4.483h
  ep11 shard 933/8600 loss=5.1e-05  best=-inf wall=4.488h
  ep11 shard 934/8600 loss=3.9e-05  best=-inf wall=4.493h
  ep11 shard 935/8600 loss=5.1e-05  best=-inf wall=4.498h
  ep11 shard 936/8600 loss=5.3e-05  best=-inf wall=4.503h
  ep11 shard 937/8600 loss=4.2e-05  best=-inf wall=4.509h
  ep11 shard 938/8600 loss=4.6e-05  best=-inf wall=4.514h
  ep11 shard 939/8600 loss=4.7e-05  best=-inf wall=4.519h
  ep11 shard 940/8600 loss=4.2e-05  best=-inf wall=4.524h
  ep11 shard 941/8600 loss=4.2e-05  best=-inf wall=4.53h
  ep11 shard 942/8600 loss=3.9e-05  best=-inf wall=4.535h
  ep11 shard 943/8600 loss=5e-05  best=-inf wall=4.538h
  ep11 shard 944/8600 loss=4.4e-05  best=-inf wall=4.543h
  ep11 shard 945/8600 loss=4e-05  best=-inf wall=4.548h
  ep11 shard 946/8600 loss=5.2e-05  best=-inf wall=4.553h
  saved epoch checkpoint -> experiments/exp029-longrun/combined100/checkpoints/ep11.pt
  ep12 shard 947/8600 loss=4.2e-05  best=-inf wall=4.558h
  ep12 shard 948/8600 loss=6.1e-05  best=-inf wall=4.563h
  ep12 shard 949/8600 loss=5.6e-05  best=-inf wall=4.568h
  ep12 shard 950/8600 loss=5.1e-05  best=-inf wall=4.574h
  ep12 shard 951/8600 loss=4.9e-05  best=-inf wall=4.578h
  ep12 shard 952/8600 loss=4.6e-05  best=-inf wall=4.581h
  ep12 shard 953/8600 loss=4.5e-05  best=-inf wall=4.586h
  ep12 shard 954/8600 loss=5.1e-05  best=-inf wall=4.588h
  ep12 shard 955/8600 loss=4.7e-05  best=-inf wall=4.593h
  ep12 shard 956/8600 loss=4.5e-05  best=-inf wall=4.598h
  ep12 shard 957/8600 loss=4.1e-05  best=-inf wall=4.604h
  ep12 shard 958/8600 loss=4.9e-05  best=-inf wall=4.609h
  ep12 shard 959/8600 loss=4.2e-05  best=-inf wall=4.614h
  ep12 shard 960/8600 loss=4.6e-05  best=-inf wall=4.62h
  ep12 shard 961/8600 loss=4.3e-05  best=-inf wall=4.623h
  ep12 shard 962/8600 loss=4.7e-05  best=-inf wall=4.628h
  ep12 shard 963/8600 loss=4.2e-05  best=-inf wall=4.633h
  ep12 shard 964/8600 loss=3.5e-05  best=-inf wall=4.638h
  ep12 shard 965/8600 loss=6.2e-05  best=-inf wall=4.643h
  ep12 shard 966/8600 loss=3.8e-05  best=-inf wall=4.649h
  ep12 shard 967/8600 loss=5.4e-05  best=-inf wall=4.654h
  ep12 shard 968/8600 loss=4.3e-05  best=-inf wall=4.659h
  ep12 shard 969/8600 loss=5.6e-05  best=-inf wall=4.664h
  ep12 shard 970/8600 loss=5.2e-05  best=-inf wall=4.669h
  ep12 shard 971/8600 loss=4.3e-05  best=-inf wall=4.674h
  ep12 shard 972/8600 loss=5e-05  best=-inf wall=4.679h
  ep12 shard 973/8600 loss=4.1e-05  best=-inf wall=4.682h
  ep12 shard 974/8600 loss=4.5e-05  best=-inf wall=4.688h
  ep12 shard 975/8600 loss=3.9e-05  best=-inf wall=4.691h
  ep12 shard 976/8600 loss=4.4e-05  best=-inf wall=4.696h
  ep12 shard 977/8600 loss=5.4e-05  best=-inf wall=4.701h
  ep12 shard 978/8600 loss=5.4e-05  best=-inf wall=4.707h
  ep12 shard 979/8600 loss=4e-05  best=-inf wall=4.712h
  ep12 shard 980/8600 loss=4.1e-05  best=-inf wall=4.717h
  ep12 shard 981/8600 loss=5.8e-05  best=-inf wall=4.72h
  ep12 shard 982/8600 loss=5.7e-05  best=-inf wall=4.725h
  ep12 shard 983/8600 loss=5.2e-05  best=-inf wall=4.73h
  ep12 shard 984/8600 loss=5.1e-05  best=-inf wall=4.733h
  ep12 shard 985/8600 loss=4e-05  best=-inf wall=4.738h
  ep12 shard 986/8600 loss=4.4e-05  best=-inf wall=4.743h
  ep12 shard 987/8600 loss=3.3e-05  best=-inf wall=4.748h
  ep12 shard 988/8600 loss=5e-05  best=-inf wall=4.753h
  ep12 shard 989/8600 loss=4.9e-05  best=-inf wall=4.757h
  ep12 shard 990/8600 loss=4.5e-05  best=-inf wall=4.762h
  ep12 shard 991/8600 loss=6.8e-05  best=-inf wall=4.766h
  ep12 shard 992/8600 loss=5.1e-05  best=-inf wall=4.771h
  ep12 shard 993/8600 loss=4.6e-05  best=-inf wall=4.776h
  ep12 shard 994/8600 loss=4.2e-05  best=-inf wall=4.782h
  ep12 shard 995/8600 loss=5.4e-05  best=-inf wall=4.787h
  ep12 shard 996/8600 loss=5.4e-05  best=-inf wall=4.792h
  ep12 shard 997/8600 loss=4.1e-05  best=-inf wall=4.797h
  ep12 shard 998/8600 loss=3.6e-05  best=-inf wall=4.799h
  ep12 shard 999/8600 loss=4.5e-05  best=-inf wall=4.804h
  ep12 shard 1000/8600 loss=4.9e-05  best=-inf wall=4.81h
  ep12 shard 1001/8600 loss=4.5e-05  best=-inf wall=4.815h
  ep12 shard 1002/8600 loss=2.4e-05  best=-inf wall=4.819h
  ep12 shard 1003/8600 loss=4.8e-05  best=-inf wall=4.824h
  ep12 shard 1004/8600 loss=4.8e-05  best=-inf wall=4.829h
  ep12 shard 1005/8600 loss=5.3e-05  best=-inf wall=4.835h
  ep12 shard 1006/8600 loss=3.5e-05  best=-inf wall=4.836h
  ep12 shard 1007/8600 loss=4.9e-05  best=-inf wall=4.841h
  ep12 shard 1008/8600 loss=4.7e-05  best=-inf wall=4.844h
  ep12 shard 1009/8600 loss=4.7e-05  best=-inf wall=4.85h
  ep12 shard 1010/8600 loss=4.2e-05  best=-inf wall=4.853h
  ep12 shard 1011/8600 loss=4.7e-05  best=-inf wall=4.858h
  ep12 shard 1012/8600 loss=3.4e-05  best=-inf wall=4.863h
  ep12 shard 1013/8600 loss=5.1e-05  best=-inf wall=4.868h
  ep12 shard 1014/8600 loss=4.3e-05  best=-inf wall=4.873h
  ep12 shard 1015/8600 loss=4.7e-05  best=-inf wall=4.878h
  ep12 shard 1016/8600 loss=4.1e-05  best=-inf wall=4.884h
  ep12 shard 1017/8600 loss=4.1e-05  best=-inf wall=4.889h
  ep12 shard 1018/8600 loss=4.6e-05  best=-inf wall=4.894h
  ep12 shard 1019/8600 loss=4.8e-05  best=-inf wall=4.899h
  ep12 shard 1020/8600 loss=4.3e-05  best=-inf wall=4.904h
  ep12 shard 1021/8600 loss=4.3e-05  best=-inf wall=4.909h
  ep12 shard 1022/8600 loss=4.8e-05  best=-inf wall=4.914h
  ep12 shard 1023/8600 loss=4.7e-05  best=-inf wall=4.919h
  ep12 shard 1024/8600 loss=4.8e-05  best=-inf wall=4.924h
  ep12 shard 1025/8600 loss=4.4e-05  best=-inf wall=4.93h
  ep12 shard 1026/8600 loss=4.7e-05  best=-inf wall=4.935h
  ep12 shard 1027/8600 loss=3.7e-05  best=-inf wall=4.937h
  ep12 shard 1028/8600 loss=6.2e-05  best=-inf wall=4.943h
  ep12 shard 1029/8600 loss=5.8e-05  best=-inf wall=4.948h
  ep12 shard 1030/8600 loss=3.3e-05  best=-inf wall=4.953h
  ep12 shard 1031/8600 loss=4.7e-05  best=-inf wall=4.956h
  ep12 shard 1032/8600 loss=4.7e-05  best=-inf wall=4.962h
  saved epoch checkpoint -> experiments/exp029-longrun/combined100/checkpoints/ep12.pt
  ep13 shard 1033/8600 loss=5.3e-05  best=-inf wall=4.967h
  ep13 shard 1034/8600 loss=5.2e-05  best=-inf wall=4.972h
  ep13 shard 1035/8600 loss=4.9e-05  best=-inf wall=4.977h
  ep13 shard 1036/8600 loss=4.5e-05  best=-inf wall=4.982h
  ep13 shard 1037/8600 loss=5.2e-05  best=-inf wall=4.987h
  ep13 shard 1038/8600 loss=4.8e-05  best=-inf wall=4.992h
  ep13 shard 1039/8600 loss=5.7e-05  best=-inf wall=4.998h
  ep13 shard 1040/8600 loss=5e-05  best=-inf wall=5.003h
  ep13 shard 1041/8600 loss=4.5e-05  best=-inf wall=5.007h
  ep13 shard 1042/8600 loss=4.9e-05  best=-inf wall=5.012h
  ep13 shard 1043/8600 loss=4.1e-05  best=-inf wall=5.018h
  ep13 shard 1044/8600 loss=4.2e-05  best=-inf wall=5.022h
  ep13 shard 1045/8600 loss=6e-05  best=-inf wall=5.027h
  ep13 shard 1046/8600 loss=5.1e-05  best=-inf wall=5.032h
  ep13 shard 1047/8600 loss=3.4e-05  best=-inf wall=5.038h
  ep13 shard 1048/8600 loss=4.9e-05  best=-inf wall=5.043h
  ep13 shard 1049/8600 loss=5.4e-05  best=-inf wall=5.048h
  ep13 shard 1050/8600 loss=4.6e-05  best=-inf wall=5.051h
  ep13 shard 1051/8600 loss=4.7e-05  best=-inf wall=5.055h
  ep13 shard 1052/8600 loss=4.5e-05  best=-inf wall=5.058h
  ep13 shard 1053/8600 loss=5.2e-05  best=-inf wall=5.063h
  ep13 shard 1054/8600 loss=4.2e-05  best=-inf wall=5.068h
  ep13 shard 1055/8600 loss=4.7e-05  best=-inf wall=5.073h
  ep13 shard 1056/8600 loss=4.9e-05  best=-inf wall=5.075h
  ep13 shard 1057/8600 loss=6.2e-05  best=-inf wall=5.08h
  ep13 shard 1058/8600 loss=4.5e-05  best=-inf wall=5.086h
  ep13 shard 1059/8600 loss=6.2e-05  best=-inf wall=5.091h
  ep13 shard 1060/8600 loss=5.6e-05  best=-inf wall=5.096h
  ep13 shard 1061/8600 loss=4.1e-05  best=-inf wall=5.101h
  ep13 shard 1062/8600 loss=4.1e-05  best=-inf wall=5.106h
  ep13 shard 1063/8600 loss=3.6e-05  best=-inf wall=5.108h
  ep13 shard 1064/8600 loss=4.3e-05  best=-inf wall=5.111h
  ep13 shard 1065/8600 loss=5.1e-05  best=-inf wall=5.115h
  ep13 shard 1066/8600 loss=4.6e-05  best=-inf wall=5.12h
  ep13 shard 1067/8600 loss=3.4e-05  best=-inf wall=5.126h
  ep13 shard 1068/8600 loss=5.3e-05  best=-inf wall=5.131h
  ep13 shard 1069/8600 loss=4.3e-05  best=-inf wall=5.136h
  ep13 shard 1070/8600 loss=4.2e-05  best=-inf wall=5.141h
  ep13 shard 1071/8600 loss=5.1e-05  best=-inf wall=5.146h
  ep13 shard 1072/8600 loss=5.4e-05  best=-inf wall=5.151h
  ep13 shard 1073/8600 loss=5.2e-05  best=-inf wall=5.157h
  ep13 shard 1074/8600 loss=4.1e-05  best=-inf wall=5.162h
  ep13 shard 1075/8600 loss=4e-05  best=-inf wall=5.167h
  ep13 shard 1076/8600 loss=4.3e-05  best=-inf wall=5.173h
  ep13 shard 1077/8600 loss=3.4e-05  best=-inf wall=5.177h
  ep13 shard 1078/8600 loss=3.3e-05  best=-inf wall=5.179h
  ep13 shard 1079/8600 loss=4.1e-05  best=-inf wall=5.184h
  ep13 shard 1080/8600 loss=4.5e-05  best=-inf wall=5.189h
  ep13 shard 1081/8600 loss=4.1e-05  best=-inf wall=5.195h
  ep13 shard 1082/8600 loss=4.9e-05  best=-inf wall=5.2h
  ep13 shard 1083/8600 loss=5.3e-05  best=-inf wall=5.205h
  ep13 shard 1084/8600 loss=4.4e-05  best=-inf wall=5.21h
  ep13 shard 1085/8600 loss=4.2e-05  best=-inf wall=5.215h
  ep13 shard 1086/8600 loss=5.2e-05  best=-inf wall=5.221h
  ep13 shard 1087/8600 loss=3.8e-05  best=-inf wall=5.226h
  ep13 shard 1088/8600 loss=7.4e-05  best=-inf wall=5.229h
  ep13 shard 1089/8600 loss=5.9e-05  best=-inf wall=5.234h
  ep13 shard 1090/8600 loss=5.9e-05  best=-inf wall=5.239h
  ep13 shard 1091/8600 loss=4.2e-05  best=-inf wall=5.245h
  ep13 shard 1092/8600 loss=5.8e-05  best=-inf wall=5.25h
  ep13 shard 1093/8600 loss=4.6e-05  best=-inf wall=5.253h
  ep13 shard 1094/8600 loss=4.3e-05  best=-inf wall=5.258h
  ep13 shard 1095/8600 loss=4.3e-05  best=-inf wall=5.263h
  ep13 shard 1096/8600 loss=5.8e-05  best=-inf wall=5.268h
  ep13 shard 1097/8600 loss=3e-05  best=-inf wall=5.274h
  ep13 shard 1098/8600 loss=5.4e-05  best=-inf wall=5.277h
  ep13 shard 1099/8600 loss=4.6e-05  best=-inf wall=5.282h
  ep13 shard 1100/8600 loss=5.2e-05  best=-inf wall=5.287h
  ep13 shard 1101/8600 loss=3.9e-05  best=-inf wall=5.292h
  ep13 shard 1102/8600 loss=4.7e-05  best=-inf wall=5.297h
  ep13 shard 1103/8600 loss=3.7e-05  best=-inf wall=5.302h
  ep13 shard 1104/8600 loss=4.6e-05  best=-inf wall=5.305h
  ep13 shard 1105/8600 loss=4.2e-05  best=-inf wall=5.311h
  ep13 shard 1106/8600 loss=4.9e-05  best=-inf wall=5.316h
  ep13 shard 1107/8600 loss=4.1e-05  best=-inf wall=5.319h
  ep13 shard 1108/8600 loss=3.7e-05  best=-inf wall=5.324h
  ep13 shard 1109/8600 loss=5.5e-05  best=-inf wall=5.328h
  ep13 shard 1110/8600 loss=4.1e-05  best=-inf wall=5.333h
  ep13 shard 1111/8600 loss=5.7e-05  best=-inf wall=5.337h
  ep13 shard 1112/8600 loss=5.2e-05  best=-inf wall=5.342h
  ep13 shard 1113/8600 loss=7.6e-05  best=-inf wall=5.347h
  ep13 shard 1114/8600 loss=4.8e-05  best=-inf wall=5.352h
  ep13 shard 1115/8600 loss=5.1e-05  best=-inf wall=5.357h
  ep13 shard 1116/8600 loss=4.1e-05  best=-inf wall=5.362h
  ep13 shard 1117/8600 loss=4.5e-05  best=-inf wall=5.367h
  ep13 shard 1118/8600 loss=5.7e-05  best=-inf wall=5.37h
  saved epoch checkpoint -> experiments/exp029-longrun/combined100/checkpoints/ep13.pt
  ep14 shard 1119/8600 loss=5.2e-05  best=-inf wall=5.375h
  ep14 shard 1120/8600 loss=5.6e-05  best=-inf wall=5.38h
  ep14 shard 1121/8600 loss=4e-05  best=-inf wall=5.386h
  ep14 shard 1122/8600 loss=4.4e-05  best=-inf wall=5.391h
  ep14 shard 1123/8600 loss=4.9e-05  best=-inf wall=5.395h
  ep14 shard 1124/8600 loss=5e-05  best=-inf wall=5.401h
  ep14 shard 1125/8600 loss=5.4e-05  best=-inf wall=5.406h
  ep14 shard 1126/8600 loss=4.6e-05  best=-inf wall=5.411h
  ep14 shard 1127/8600 loss=4.6e-05  best=-inf wall=5.416h
  ep14 shard 1128/8600 loss=4e-05  best=-inf wall=5.421h
  ep14 shard 1129/8600 loss=4.6e-05  best=-inf wall=5.424h
  ep14 shard 1130/8600 loss=4.4e-05  best=-inf wall=5.429h
  ep14 shard 1131/8600 loss=5e-05  best=-inf wall=5.434h
  ep14 shard 1132/8600 loss=4e-05  best=-inf wall=5.439h
  ep14 shard 1133/8600 loss=5.4e-05  best=-inf wall=5.445h
  ep14 shard 1134/8600 loss=5.3e-05  best=-inf wall=5.45h
  ep14 shard 1135/8600 loss=3.2e-05  best=-inf wall=5.455h
  ep14 shard 1136/8600 loss=5.2e-05  best=-inf wall=5.458h
  ep14 shard 1137/8600 loss=4.7e-05  best=-inf wall=5.463h
  ep14 shard 1138/8600 loss=4.1e-05  best=-inf wall=5.468h
  ep14 shard 1139/8600 loss=5.8e-05  best=-inf wall=5.472h
  ep14 shard 1140/8600 loss=4.4e-05  best=-inf wall=5.477h
  ep14 shard 1141/8600 loss=5.2e-05  best=-inf wall=5.482h
  ep14 shard 1142/8600 loss=4.3e-05  best=-inf wall=5.487h
  ep14 shard 1143/8600 loss=4.5e-05  best=-inf wall=5.492h
  ep14 shard 1144/8600 loss=3.5e-05  best=-inf wall=5.497h
  ep14 shard 1145/8600 loss=5.1e-05  best=-inf wall=5.503h
  ep14 shard 1146/8600 loss=9.8e-05  best=-inf wall=5.507h
  ep14 shard 1147/8600 loss=4.2e-05  best=-inf wall=5.512h
  ep14 shard 1148/8600 loss=5.1e-05  best=-inf wall=5.517h
  ep14 shard 1149/8600 loss=4.6e-05  best=-inf wall=5.52h
  ep14 shard 1150/8600 loss=6.1e-05  best=-inf wall=5.526h
  ep14 shard 1151/8600 loss=5.4e-05  best=-inf wall=5.531h
  ep14 shard 1152/8600 loss=4.1e-05  best=-inf wall=5.536h
  ep14 shard 1153/8600 loss=3.3e-05  best=-inf wall=5.541h
  ep14 shard 1154/8600 loss=4.3e-05  best=-inf wall=5.547h
  ep14 shard 1155/8600 loss=5.2e-05  best=-inf wall=5.552h
  ep14 shard 1156/8600 loss=4.2e-05  best=-inf wall=5.557h
  ep14 shard 1157/8600 loss=5.5e-05  best=-inf wall=5.562h
  ep14 shard 1158/8600 loss=4.5e-05  best=-inf wall=5.568h
  ep14 shard 1159/8600 loss=5.1e-05  best=-inf wall=5.573h
  ep14 shard 1160/8600 loss=4.9e-05  best=-inf wall=5.575h
  ep14 shard 1161/8600 loss=3.7e-05  best=-inf wall=5.58h
  ep14 shard 1162/8600 loss=4.3e-05  best=-inf wall=5.582h
  ep14 shard 1163/8600 loss=4.3e-05  best=-inf wall=5.587h
  ep14 shard 1164/8600 loss=4.7e-05  best=-inf wall=5.59h
  ep14 shard 1165/8600 loss=5.3e-05  best=-inf wall=5.595h
  ep14 shard 1166/8600 loss=4.4e-05  best=-inf wall=5.6h
  ep14 shard 1167/8600 loss=5.8e-05  best=-inf wall=5.603h
  ep14 shard 1168/8600 loss=4.8e-05  best=-inf wall=5.608h
  ep14 shard 1169/8600 loss=4.5e-05  best=-inf wall=5.614h
  ep14 shard 1170/8600 loss=4.4e-05  best=-inf wall=5.617h
  ep14 shard 1171/8600 loss=5.6e-05  best=-inf wall=5.622h
  ep14 shard 1172/8600 loss=3.9e-05  best=-inf wall=5.627h
  ep14 shard 1173/8600 loss=4.7e-05  best=-inf wall=5.632h
  ep14 shard 1174/8600 loss=5.6e-05  best=-inf wall=5.637h
  ep14 shard 1175/8600 loss=4.9e-05  best=-inf wall=5.642h
  ep14 shard 1176/8600 loss=5.3e-05  best=-inf wall=5.647h
  ep14 shard 1177/8600 loss=4.3e-05  best=-inf wall=5.65h
  ep14 shard 1178/8600 loss=5.7e-05  best=-inf wall=5.655h
  ep14 shard 1179/8600 loss=4.8e-05  best=-inf wall=5.659h
  ep14 shard 1180/8600 loss=3.9e-05  best=-inf wall=5.661h
  ep14 shard 1181/8600 loss=4.6e-05  best=-inf wall=5.666h
  ep14 shard 1182/8600 loss=4.6e-05  best=-inf wall=5.671h
  ep14 shard 1183/8600 loss=4e-05  best=-inf wall=5.676h
  ep14 shard 1184/8600 loss=4.5e-05  best=-inf wall=5.682h
  ep14 shard 1185/8600 loss=5.4e-05  best=-inf wall=5.687h
  ep14 shard 1186/8600 loss=4.4e-05  best=-inf wall=5.692h
  ep14 shard 1187/8600 loss=4.6e-05  best=-inf wall=5.695h
  ep14 shard 1188/8600 loss=5.2e-05  best=-inf wall=5.7h
  ep14 shard 1189/8600 loss=4.3e-05  best=-inf wall=5.706h
  ep14 shard 1190/8600 loss=5e-05  best=-inf wall=5.711h
  ep14 shard 1191/8600 loss=3.1e-05  best=-inf wall=5.716h
  ep14 shard 1192/8600 loss=4e-05  best=-inf wall=5.718h
  ep14 shard 1193/8600 loss=4.4e-05  best=-inf wall=5.723h
  ep14 shard 1194/8600 loss=4.7e-05  best=-inf wall=5.728h
  ep14 shard 1195/8600 loss=5.6e-05  best=-inf wall=5.731h
  ep14 shard 1196/8600 loss=4.7e-05  best=-inf wall=5.736h
  ep14 shard 1197/8600 loss=6.4e-05  best=-inf wall=5.741h
  ep14 shard 1198/8600 loss=4.2e-05  best=-inf wall=5.746h
  ep14 shard 1199/8600 loss=5.8e-05  best=-inf wall=5.752h
  ep14 shard 1200/8600 loss=4.4e-05  best=-inf wall=5.757h
  ep14 shard 1201/8600 loss=4.7e-05  best=-inf wall=5.762h
  ep14 shard 1202/8600 loss=5.4e-05  best=-inf wall=5.767h
  ep14 shard 1203/8600 loss=3.8e-05  best=-inf wall=5.773h
  ep14 shard 1204/8600 loss=5.1e-05  best=-inf wall=5.778h
  saved epoch checkpoint -> experiments/exp029-longrun/combined100/checkpoints/ep14.pt
  ep15 shard 1205/8600 loss=5.1e-05  best=-inf wall=5.782h
  ep15 shard 1206/8600 loss=4.2e-05  best=-inf wall=5.787h
  ep15 shard 1207/8600 loss=4.4e-05  best=-inf wall=5.791h
  ep15 shard 1208/8600 loss=4.2e-05  best=-inf wall=5.797h
  ep15 shard 1209/8600 loss=5.5e-05  best=-inf wall=5.802h
  ep15 shard 1210/8600 loss=4.5e-05  best=-inf wall=5.805h
  ep15 shard 1211/8600 loss=4.3e-05  best=-inf wall=5.81h
  ep15 shard 1212/8600 loss=5.7e-05  best=-inf wall=5.815h
  ep15 shard 1213/8600 loss=4.8e-05  best=-inf wall=5.821h
  ep15 shard 1214/8600 loss=6.1e-05  best=-inf wall=5.826h
  ep15 shard 1215/8600 loss=4.4e-05  best=-inf wall=5.831h
  ep15 shard 1216/8600 loss=4.8e-05  best=-inf wall=5.836h
  ep15 shard 1217/8600 loss=3.4e-05  best=-inf wall=5.839h
  ep15 shard 1218/8600 loss=4.5e-05  best=-inf wall=5.842h
  ep15 shard 1219/8600 loss=3.6e-05  best=-inf wall=5.847h
  ep15 shard 1220/8600 loss=5.7e-05  best=-inf wall=5.851h
  ep15 shard 1221/8600 loss=5.7e-05  best=-inf wall=5.857h
  ep15 shard 1222/8600 loss=4.9e-05  best=-inf wall=5.862h
  ep15 shard 1223/8600 loss=5.8e-05  best=-inf wall=5.863h
  ep15 shard 1224/8600 loss=4.8e-05  best=-inf wall=5.866h
  ep15 shard 1225/8600 loss=4.9e-05  best=-inf wall=5.872h
  ep15 shard 1226/8600 loss=3.8e-05  best=-inf wall=5.877h
  ep15 shard 1227/8600 loss=3e-05  best=-inf wall=5.882h
  ep15 shard 1228/8600 loss=4.6e-05  best=-inf wall=5.887h
  ep15 shard 1229/8600 loss=4.1e-05  best=-inf wall=5.892h
  ep15 shard 1230/8600 loss=4.2e-05  best=-inf wall=5.897h
  ep15 shard 1231/8600 loss=4.7e-05  best=-inf wall=5.902h
  ep15 shard 1232/8600 loss=6e-05  best=-inf wall=5.907h
  ep15 shard 1233/8600 loss=3.8e-05  best=-inf wall=5.91h
  ep15 shard 1234/8600 loss=4.5e-05  best=-inf wall=5.916h
  ep15 shard 1235/8600 loss=4.3e-05  best=-inf wall=5.921h
  ep15 shard 1236/8600 loss=5e-05  best=-inf wall=5.926h
  ep15 shard 1237/8600 loss=4.2e-05  best=-inf wall=5.928h
  ep15 shard 1238/8600 loss=3.7e-05  best=-inf wall=5.933h
  ep15 shard 1239/8600 loss=3.4e-05  best=-inf wall=5.937h
  ep15 shard 1240/8600 loss=4.6e-05  best=-inf wall=5.942h
  ep15 shard 1241/8600 loss=4.3e-05  best=-inf wall=5.948h
  ep15 shard 1242/8600 loss=4.3e-05  best=-inf wall=5.953h
  ep15 shard 1243/8600 loss=4.2e-05  best=-inf wall=5.958h
  ep15 shard 1244/8600 loss=3.2e-05  best=-inf wall=5.963h
  ep15 shard 1245/8600 loss=4.8e-05  best=-inf wall=5.968h
  ep15 shard 1246/8600 loss=3.9e-05  best=-inf wall=5.973h
  ep15 shard 1247/8600 loss=4.9e-05  best=-inf wall=5.979h
  ep15 shard 1248/8600 loss=4e-05  best=-inf wall=5.982h
  ep15 shard 1249/8600 loss=4.3e-05  best=-inf wall=5.987h
  ep15 shard 1250/8600 loss=4.9e-05  best=-inf wall=5.993h
  ep15 shard 1251/8600 loss=4.2e-05  best=-inf wall=5.998h
  ep15 shard 1252/8600 loss=4.8e-05  best=-inf wall=6.003h
  ep15 shard 1253/8600 loss=4.8e-05  best=-inf wall=6.009h
  ep15 shard 1254/8600 loss=5.4e-05  best=-inf wall=6.014h
  ep15 shard 1255/8600 loss=4.7e-05  best=-inf wall=6.019h
  ep15 shard 1256/8600 loss=4.3e-05  best=-inf wall=6.025h
  ep15 shard 1257/8600 loss=5e-05  best=-inf wall=6.03h
  ep15 shard 1258/8600 loss=4.8e-05  best=-inf wall=6.036h
  ep15 shard 1259/8600 loss=3.9e-05  best=-inf wall=6.039h
  ep15 shard 1260/8600 loss=3.6e-05  best=-inf wall=6.042h
  ep15 shard 1261/8600 loss=5.1e-05  best=-inf wall=6.047h
  ep15 shard 1262/8600 loss=4.5e-05  best=-inf wall=6.052h
  ep15 shard 1263/8600 loss=4.7e-05  best=-inf wall=6.057h
  ep15 shard 1264/8600 loss=4.9e-05  best=-inf wall=6.062h
  ep15 shard 1265/8600 loss=4.2e-05  best=-inf wall=6.067h
  ep15 shard 1266/8600 loss=3.9e-05  best=-inf wall=6.069h
  ep15 shard 1267/8600 loss=5.3e-05  best=-inf wall=6.073h
  ep15 shard 1268/8600 loss=4.9e-05  best=-inf wall=6.076h
  ep15 shard 1269/8600 loss=4.2e-05  best=-inf wall=6.081h
  ep15 shard 1270/8600 loss=4.8e-05  best=-inf wall=6.087h
  ep15 shard 1271/8600 loss=4.8e-05  best=-inf wall=6.092h
  ep15 shard 1272/8600 loss=3.8e-05  best=-inf wall=6.097h
  ep15 shard 1273/8600 loss=3.7e-05  best=-inf wall=6.103h
  ep15 shard 1274/8600 loss=5.1e-05  best=-inf wall=6.108h
  ep15 shard 1275/8600 loss=4e-05  best=-inf wall=6.113h
  ep15 shard 1276/8600 loss=6.1e-05  best=-inf wall=6.118h
  ep15 shard 1277/8600 loss=4.4e-05  best=-inf wall=6.123h
  ep15 shard 1278/8600 loss=3.5e-05  best=-inf wall=6.129h
  ep15 shard 1279/8600 loss=5e-05  best=-inf wall=6.134h
  ep15 shard 1280/8600 loss=4.7e-05  best=-inf wall=6.139h
  ep15 shard 1281/8600 loss=4.4e-05  best=-inf wall=6.143h
  ep15 shard 1282/8600 loss=4.2e-05  best=-inf wall=6.148h
  ep15 shard 1283/8600 loss=3.8e-05  best=-inf wall=6.154h
  ep15 shard 1284/8600 loss=3.7e-05  best=-inf wall=6.159h
  ep15 shard 1285/8600 loss=4.5e-05  best=-inf wall=6.162h
  ep15 shard 1286/8600 loss=4.7e-05  best=-inf wall=6.167h
  ep15 shard 1287/8600 loss=7.5e-05  best=-inf wall=6.172h
  ep15 shard 1288/8600 loss=3.5e-05  best=-inf wall=6.177h
  ep15 shard 1289/8600 loss=3.8e-05  best=-inf wall=6.182h
  ep15 shard 1290/8600 loss=3.9e-05  best=-inf wall=6.187h
  saved epoch checkpoint -> experiments/exp029-longrun/combined100/checkpoints/ep15.pt
  ep16 shard 1291/8600 loss=4.4e-05  best=-inf wall=6.19h
  ep16 shard 1292/8600 loss=3.7e-05  best=-inf wall=6.196h
  ep16 shard 1293/8600 loss=3.5e-05  best=-inf wall=6.201h
  ep16 shard 1294/8600 loss=3.8e-05  best=-inf wall=6.205h
  ep16 shard 1295/8600 loss=5.2e-05  best=-inf wall=6.207h
  ep16 shard 1296/8600 loss=3.7e-05  best=-inf wall=6.212h
  ep16 shard 1297/8600 loss=4e-05  best=-inf wall=6.215h
  ep16 shard 1298/8600 loss=3.2e-05  best=-inf wall=6.219h
  ep16 shard 1299/8600 loss=4.1e-05  best=-inf wall=6.224h
  ep16 shard 1300/8600 loss=4.7e-05  best=-inf wall=6.229h
  ep16 shard 1301/8600 loss=3.4e-05  best=-inf wall=6.234h
  ep16 shard 1302/8600 loss=5.5e-05  best=-inf wall=6.238h
  ep16 shard 1303/8600 loss=4.8e-05  best=-inf wall=6.243h
  ep16 shard 1304/8600 loss=3.7e-05  best=-inf wall=6.248h
  ep16 shard 1305/8600 loss=4.6e-05  best=-inf wall=6.253h
  ep16 shard 1306/8600 loss=4.2e-05  best=-inf wall=6.258h
  ep16 shard 1307/8600 loss=4e-05  best=-inf wall=6.263h
  ep16 shard 1308/8600 loss=4.1e-05  best=-inf wall=6.269h
  ep16 shard 1309/8600 loss=4.9e-05  best=-inf wall=6.274h
  ep16 shard 1310/8600 loss=3.8e-05  best=-inf wall=6.277h
  ep16 shard 1311/8600 loss=4.6e-05  best=-inf wall=6.283h
  ep16 shard 1312/8600 loss=6.7e-05  best=-inf wall=6.288h
  ep16 shard 1313/8600 loss=4.4e-05  best=-inf wall=6.293h
  ep16 shard 1314/8600 loss=4.6e-05  best=-inf wall=6.298h
  ep16 shard 1315/8600 loss=6e-05  best=-inf wall=6.303h
  ep16 shard 1316/8600 loss=5.4e-05  best=-inf wall=6.309h
  ep16 shard 1317/8600 loss=4.5e-05  best=-inf wall=6.314h
  ep16 shard 1318/8600 loss=4.4e-05  best=-inf wall=6.319h
  ep16 shard 1319/8600 loss=4.2e-05  best=-inf wall=6.321h
  ep16 shard 1320/8600 loss=3.8e-05  best=-inf wall=6.326h
  ep16 shard 1321/8600 loss=3.2e-05  best=-inf wall=6.331h
  ep16 shard 1322/8600 loss=4e-05  best=-inf wall=6.336h
  ep16 shard 1323/8600 loss=4.4e-05  best=-inf wall=6.341h
  ep16 shard 1324/8600 loss=5e-05  best=-inf wall=6.346h
  ep16 shard 1325/8600 loss=4.9e-05  best=-inf wall=6.352h
  ep16 shard 1326/8600 loss=5.6e-05  best=-inf wall=6.357h
  ep16 shard 1327/8600 loss=5.7e-05  best=-inf wall=6.361h
  ep16 shard 1328/8600 loss=4.3e-05  best=-inf wall=6.366h
  ep16 shard 1329/8600 loss=4.4e-05  best=-inf wall=6.371h
  ep16 shard 1330/8600 loss=4.7e-05  best=-inf wall=6.376h
  ep16 shard 1331/8600 loss=4.4e-05  best=-inf wall=6.379h
  ep16 shard 1332/8600 loss=4.1e-05  best=-inf wall=6.384h
  ep16 shard 1333/8600 loss=4.9e-05  best=-inf wall=6.387h
  ep16 shard 1334/8600 loss=4.2e-05  best=-inf wall=6.392h
  ep16 shard 1335/8600 loss=3.9e-05  best=-inf wall=6.396h
  ep16 shard 1336/8600 loss=4.9e-05  best=-inf wall=6.401h
  ep16 shard 1337/8600 loss=5.1e-05  best=-inf wall=6.404h
  ep16 shard 1338/8600 loss=5.4e-05  best=-inf wall=6.409h
  ep16 shard 1339/8600 loss=4.9e-05  best=-inf wall=6.412h
  ep16 shard 1340/8600 loss=4.7e-05  best=-inf wall=6.417h
  ep16 shard 1341/8600 loss=4.3e-05  best=-inf wall=6.422h
  ep16 shard 1342/8600 loss=4.9e-05  best=-inf wall=6.427h
  ep16 shard 1343/8600 loss=4.8e-05  best=-inf wall=6.432h
  ep16 shard 1344/8600 loss=4.5e-05  best=-inf wall=6.438h
  ep16 shard 1345/8600 loss=4e-05  best=-inf wall=6.443h
  ep16 shard 1346/8600 loss=5e-05  best=-inf wall=6.448h
  ep16 shard 1347/8600 loss=4.7e-05  best=-inf wall=6.452h
  ep16 shard 1348/8600 loss=4e-05  best=-inf wall=6.457h
  ep16 shard 1349/8600 loss=3.2e-05  best=-inf wall=6.463h
  ep16 shard 1350/8600 loss=4.1e-05  best=-inf wall=6.468h
  ep16 shard 1351/8600 loss=3.5e-05  best=-inf wall=6.473h
  ep16 shard 1352/8600 loss=4.9e-05  best=-inf wall=6.476h
  ep16 shard 1353/8600 loss=4e-05  best=-inf wall=6.481h
  ep16 shard 1354/8600 loss=4.4e-05  best=-inf wall=6.487h
  ep16 shard 1355/8600 loss=3.5e-05  best=-inf wall=6.492h
  ep16 shard 1356/8600 loss=5.2e-05  best=-inf wall=6.497h
  ep16 shard 1357/8600 loss=5.3e-05  best=-inf wall=6.503h
  ep16 shard 1358/8600 loss=4.4e-05  best=-inf wall=6.508h
  ep16 shard 1359/8600 loss=5.5e-05  best=-inf wall=6.513h
  ep16 shard 1360/8600 loss=3.2e-05  best=-inf wall=6.518h
  ep16 shard 1361/8600 loss=4.6e-05  best=-inf wall=6.523h
  ep16 shard 1362/8600 loss=4e-05  best=-inf wall=6.528h
  ep16 shard 1363/8600 loss=3.7e-05  best=-inf wall=6.53h
  ep16 shard 1364/8600 loss=3.9e-05  best=-inf wall=6.534h
  ep16 shard 1365/8600 loss=4.7e-05  best=-inf wall=6.539h
  ep16 shard 1366/8600 loss=4.3e-05  best=-inf wall=6.544h
  ep16 shard 1367/8600 loss=4.9e-05  best=-inf wall=6.549h
  ep16 shard 1368/8600 loss=5.2e-05  best=-inf wall=6.554h
  ep16 shard 1369/8600 loss=4.8e-05  best=-inf wall=6.559h
  ep16 shard 1370/8600 loss=5.7e-05  best=-inf wall=6.564h
  ep16 shard 1371/8600 loss=4.3e-05  best=-inf wall=6.569h
  ep16 shard 1372/8600 loss=4.8e-05  best=-inf wall=6.574h
  ep16 shard 1373/8600 loss=4.6e-05  best=-inf wall=6.58h
  ep16 shard 1374/8600 loss=5.3e-05  best=-inf wall=6.585h
  ep16 shard 1375/8600 loss=4.2e-05  best=-inf wall=6.59h
  ep16 shard 1376/8600 loss=4.9e-05  best=-inf wall=6.595h
  saved epoch checkpoint -> experiments/exp029-longrun/combined100/checkpoints/ep16.pt
  ep17 shard 1377/8600 loss=3.7e-05  best=-inf wall=6.599h
  ep17 shard 1378/8600 loss=5e-05  best=-inf wall=6.604h
  ep17 shard 1379/8600 loss=4.9e-05  best=-inf wall=6.609h
  ep17 shard 1380/8600 loss=3.7e-05  best=-inf wall=6.612h
  ep17 shard 1381/8600 loss=4.2e-05  best=-inf wall=6.613h
  ep17 shard 1382/8600 loss=3e-05  best=-inf wall=6.619h
  ep17 shard 1383/8600 loss=5.3e-05  best=-inf wall=6.624h
  ep17 shard 1384/8600 loss=4.9e-05  best=-inf wall=6.629h
  ep17 shard 1385/8600 loss=3.8e-05  best=-inf wall=6.634h
  ep17 shard 1386/8600 loss=3.6e-05  best=-inf wall=6.637h
  ep17 shard 1387/8600 loss=4.4e-05  best=-inf wall=6.639h
  ep17 shard 1388/8600 loss=4.9e-05  best=-inf wall=6.644h
  ep17 shard 1389/8600 loss=3.9e-05  best=-inf wall=6.649h
  ep17 shard 1390/8600 loss=4.2e-05  best=-inf wall=6.655h
  ep17 shard 1391/8600 loss=4.2e-05  best=-inf wall=6.66h
  ep17 shard 1392/8600 loss=5.1e-05  best=-inf wall=6.665h
  ep17 shard 1393/8600 loss=4.5e-05  best=-inf wall=6.67h
  ep17 shard 1394/8600 loss=3.4e-05  best=-inf wall=6.675h
  ep17 shard 1395/8600 loss=5.5e-05  best=-inf wall=6.68h
  ep17 shard 1396/8600 loss=5.2e-05  best=-inf wall=6.685h
  ep17 shard 1397/8600 loss=4.8e-05  best=-inf wall=6.69h
  ep17 shard 1398/8600 loss=4e-05  best=-inf wall=6.693h
  ep17 shard 1399/8600 loss=4.7e-05  best=-inf wall=6.698h
  ep17 shard 1400/8600 loss=5.7e-05  best=-inf wall=6.703h
  ep17 shard 1401/8600 loss=4.5e-05  best=-inf wall=6.709h
  ep17 shard 1402/8600 loss=6e-05  best=-inf wall=6.714h
  ep17 shard 1403/8600 loss=4.6e-05  best=-inf wall=6.719h
  ep17 shard 1404/8600 loss=5.1e-05  best=-inf wall=6.721h
  ep17 shard 1405/8600 loss=5.2e-05  best=-inf wall=6.726h
  ep17 shard 1406/8600 loss=5.1e-05  best=-inf wall=6.732h
  ep17 shard 1407/8600 loss=4.5e-05  best=-inf wall=6.737h
  ep17 shard 1408/8600 loss=4e-05  best=-inf wall=6.742h
  ep17 shard 1409/8600 loss=4.9e-05  best=-inf wall=6.745h
  ep17 shard 1410/8600 loss=4.3e-05  best=-inf wall=6.75h
  ep17 shard 1411/8600 loss=4.6e-05  best=-inf wall=6.755h
  ep17 shard 1412/8600 loss=4.4e-05  best=-inf wall=6.76h
  ep17 shard 1413/8600 loss=4.5e-05  best=-inf wall=6.765h
  ep17 shard 1414/8600 loss=6.8e-05  best=-inf wall=6.77h
  ep17 shard 1415/8600 loss=4.8e-05  best=-inf wall=6.774h
  ep17 shard 1416/8600 loss=5.4e-05  best=-inf wall=6.779h
  ep17 shard 1417/8600 loss=4.6e-05  best=-inf wall=6.784h
  ep17 shard 1418/8600 loss=4.5e-05  best=-inf wall=6.788h
  ep17 shard 1419/8600 loss=3.9e-05  best=-inf wall=6.793h
  ep17 shard 1420/8600 loss=5e-05  best=-inf wall=6.799h
  ep17 shard 1421/8600 loss=4.3e-05  best=-inf wall=6.802h
  ep17 shard 1422/8600 loss=3.6e-05  best=-inf wall=6.807h
  ep17 shard 1423/8600 loss=6e-05  best=-inf wall=6.812h
  ep17 shard 1424/8600 loss=3.4e-05  best=-inf wall=6.818h
  ep17 shard 1425/8600 loss=3.7e-05  best=-inf wall=6.823h
  ep17 shard 1426/8600 loss=5.3e-05  best=-inf wall=6.828h
  ep17 shard 1427/8600 loss=4.7e-05  best=-inf wall=6.834h
  ep17 shard 1428/8600 loss=6.7e-05  best=-inf wall=6.839h
  ep17 shard 1429/8600 loss=4.2e-05  best=-inf wall=6.844h
  ep17 shard 1430/8600 loss=4e-05  best=-inf wall=6.849h
  ep17 shard 1431/8600 loss=3.9e-05  best=-inf wall=6.854h
  ep17 shard 1432/8600 loss=5.2e-05  best=-inf wall=6.858h
  ep17 shard 1433/8600 loss=4.5e-05  best=-inf wall=6.863h
  ep17 shard 1434/8600 loss=4.4e-05  best=-inf wall=6.868h
  ep17 shard 1435/8600 loss=4.2e-05  best=-inf wall=6.873h
  ep17 shard 1436/8600 loss=5.1e-05  best=-inf wall=6.878h
  ep17 shard 1437/8600 loss=3.6e-05  best=-inf wall=6.884h
  ep17 shard 1438/8600 loss=3.8e-05  best=-inf wall=6.889h
  ep17 shard 1439/8600 loss=4.4e-05  best=-inf wall=6.894h
  ep17 shard 1440/8600 loss=3.8e-05  best=-inf wall=6.899h
  ep17 shard 1441/8600 loss=4.2e-05  best=-inf wall=6.905h
  ep17 shard 1442/8600 loss=4.4e-05  best=-inf wall=6.91h
  ep17 shard 1443/8600 loss=5.7e-05  best=-inf wall=6.914h
  ep17 shard 1444/8600 loss=4.3e-05  best=-inf wall=6.917h
  ep17 shard 1445/8600 loss=3.8e-05  best=-inf wall=6.923h
  ep17 shard 1446/8600 loss=4.3e-05  best=-inf wall=6.928h
  ep17 shard 1447/8600 loss=4.4e-05  best=-inf wall=6.933h
  ep17 shard 1448/8600 loss=4.2e-05  best=-inf wall=6.938h
  ep17 shard 1449/8600 loss=4e-05  best=-inf wall=6.942h
  ep17 shard 1450/8600 loss=4.5e-05  best=-inf wall=6.946h
  ep17 shard 1451/8600 loss=5.6e-05  best=-inf wall=6.952h
  ep17 shard 1452/8600 loss=4.7e-05  best=-inf wall=6.954h
  ep17 shard 1453/8600 loss=4.5e-05  best=-inf wall=6.957h
  ep17 shard 1454/8600 loss=4.7e-05  best=-inf wall=6.961h
  ep17 shard 1455/8600 loss=4.6e-05  best=-inf wall=6.966h
  ep17 shard 1456/8600 loss=6.3e-05  best=-inf wall=6.971h
  ep17 shard 1457/8600 loss=4.7e-05  best=-inf wall=6.976h
  ep17 shard 1458/8600 loss=4.4e-05  best=-inf wall=6.981h
  ep17 shard 1459/8600 loss=4.5e-05  best=-inf wall=6.986h
  ep17 shard 1460/8600 loss=3.4e-05  best=-inf wall=6.991h
  ep17 shard 1461/8600 loss=5e-05  best=-inf wall=6.996h
  ep17 shard 1462/8600 loss=5.4e-05  best=-inf wall=7.001h
  saved epoch checkpoint -> experiments/exp029-longrun/combined100/checkpoints/ep17.pt
  ep18 shard 1463/8600 loss=3.5e-05  best=-inf wall=7.007h
  ep18 shard 1464/8600 loss=4.5e-05  best=-inf wall=7.012h
  ep18 shard 1465/8600 loss=5.1e-05  best=-inf wall=7.015h
  ep18 shard 1466/8600 loss=4.1e-05  best=-inf wall=7.021h
  ep18 shard 1467/8600 loss=4.2e-05  best=-inf wall=7.026h
  ep18 shard 1468/8600 loss=6.4e-05  best=-inf wall=7.03h
  ep18 shard 1469/8600 loss=3.2e-05  best=-inf wall=7.035h
  ep18 shard 1470/8600 loss=3.5e-05  best=-inf wall=7.039h
  ep18 shard 1471/8600 loss=4.9e-05  best=-inf wall=7.044h
  ep18 shard 1472/8600 loss=3.7e-05  best=-inf wall=7.05h
  ep18 shard 1473/8600 loss=5.7e-05  best=-inf wall=7.055h
  ep18 shard 1474/8600 loss=4.2e-05  best=-inf wall=7.06h
  ep18 shard 1475/8600 loss=3.7e-05  best=-inf wall=7.065h
  ep18 shard 1476/8600 loss=3.5e-05  best=-inf wall=7.068h
  ep18 shard 1477/8600 loss=4e-05  best=-inf wall=7.071h
  ep18 shard 1478/8600 loss=4.6e-05  best=-inf wall=7.076h
  ep18 shard 1479/8600 loss=4e-05  best=-inf wall=7.081h
  ep18 shard 1480/8600 loss=3.9e-05  best=-inf wall=7.087h
  ep18 shard 1481/8600 loss=3.6e-05  best=-inf wall=7.092h
  ep18 shard 1482/8600 loss=4.4e-05  best=-inf wall=7.097h
  ep18 shard 1483/8600 loss=4.5e-05  best=-inf wall=7.102h
  ep18 shard 1484/8600 loss=5.3e-05  best=-inf wall=7.107h
  ep18 shard 1485/8600 loss=3.8e-05  best=-inf wall=7.109h
  ep18 shard 1486/8600 loss=3.5e-05  best=-inf wall=7.112h
  ep18 shard 1487/8600 loss=3.4e-05  best=-inf wall=7.117h
  ep18 shard 1488/8600 loss=4e-05  best=-inf wall=7.122h
  ep18 shard 1489/8600 loss=3.9e-05  best=-inf wall=7.127h
  ep18 shard 1490/8600 loss=4e-05  best=-inf wall=7.132h
  ep18 shard 1491/8600 loss=4.4e-05  best=-inf wall=7.138h
  ep18 shard 1492/8600 loss=3.8e-05  best=-inf wall=7.143h
  ep18 shard 1493/8600 loss=4.7e-05  best=-inf wall=7.148h
  ep18 shard 1494/8600 loss=3.5e-05  best=-inf wall=7.153h
  ep18 shard 1495/8600 loss=4.8e-05  best=-inf wall=7.158h
  ep18 shard 1496/8600 loss=3.6e-05  best=-inf wall=7.163h
  ep18 shard 1497/8600 loss=4.8e-05  best=-inf wall=7.169h
  ep18 shard 1498/8600 loss=5.1e-05  best=-inf wall=7.173h
  ep18 shard 1499/8600 loss=3.9e-05  best=-inf wall=7.178h
  ep18 shard 1500/8600 loss=3.6e-05  best=-inf wall=7.181h
  ep18 shard 1501/8600 loss=4e-05  best=-inf wall=7.183h
  ep18 shard 1502/8600 loss=5e-05  best=-inf wall=7.188h
  ep18 shard 1503/8600 loss=4.5e-05  best=-inf wall=7.193h
  ep18 shard 1504/8600 loss=5.6e-05  best=-inf wall=7.199h
  ep18 shard 1505/8600 loss=4.1e-05  best=-inf wall=7.204h
  ep18 shard 1506/8600 loss=4.7e-05  best=-inf wall=7.209h
  ep18 shard 1507/8600 loss=4.9e-05  best=-inf wall=7.214h
  ep18 shard 1508/8600 loss=3.9e-05  best=-inf wall=7.219h
  ep18 shard 1509/8600 loss=4.2e-05  best=-inf wall=7.222h
  ep18 shard 1510/8600 loss=2.8e-05  best=-inf wall=7.228h
  ep18 shard 1511/8600 loss=4.9e-05  best=-inf wall=7.233h
  ep18 shard 1512/8600 loss=4.1e-05  best=-inf wall=7.238h
  ep18 shard 1513/8600 loss=4.3e-05  best=-inf wall=7.241h
  ep18 shard 1514/8600 loss=3.8e-05  best=-inf wall=7.246h
  ep18 shard 1515/8600 loss=6.7e-05  best=-inf wall=7.252h
  ep18 shard 1516/8600 loss=4.3e-05  best=-inf wall=7.257h
  ep18 shard 1517/8600 loss=5.6e-05  best=-inf wall=7.26h
  ep18 shard 1518/8600 loss=5.4e-05  best=-inf wall=7.265h
  ep18 shard 1519/8600 loss=4.6e-05  best=-inf wall=7.27h
  ep18 shard 1520/8600 loss=2.8e-05  best=-inf wall=7.274h
  ep18 shard 1521/8600 loss=4.9e-05  best=-inf wall=7.279h
  ep18 shard 1522/8600 loss=5.4e-05  best=-inf wall=7.284h
  ep18 shard 1523/8600 loss=3.3e-05  best=-inf wall=7.289h
  ep18 shard 1524/8600 loss=4.3e-05  best=-inf wall=7.292h
  ep18 shard 1525/8600 loss=4.9e-05  best=-inf wall=7.297h
  ep18 shard 1526/8600 loss=3.9e-05  best=-inf wall=7.302h
  ep18 shard 1527/8600 loss=4.6e-05  best=-inf wall=7.308h
  ep18 shard 1528/8600 loss=3.8e-05  best=-inf wall=7.313h
  ep18 shard 1529/8600 loss=4.2e-05  best=-inf wall=7.318h
  ep18 shard 1530/8600 loss=5.3e-05  best=-inf wall=7.323h
  ep18 shard 1531/8600 loss=3.5e-05  best=-inf wall=7.325h
  ep18 shard 1532/8600 loss=4.3e-05  best=-inf wall=7.33h
  ep18 shard 1533/8600 loss=4.4e-05  best=-inf wall=7.335h
  ep18 shard 1534/8600 loss=4.5e-05  best=-inf wall=7.34h
  ep18 shard 1535/8600 loss=4.8e-05  best=-inf wall=7.345h
  ep18 shard 1536/8600 loss=4.1e-05  best=-inf wall=7.351h
  ep18 shard 1537/8600 loss=4.4e-05  best=-inf wall=7.356h
  ep18 shard 1538/8600 loss=3.5e-05  best=-inf wall=7.361h
  ep18 shard 1539/8600 loss=4.5e-05  best=-inf wall=7.366h
  ep18 shard 1540/8600 loss=4.5e-05  best=-inf wall=7.37h
  ep18 shard 1541/8600 loss=4.7e-05  best=-inf wall=7.373h
  ep18 shard 1542/8600 loss=3.6e-05  best=-inf wall=7.377h
  ep18 shard 1543/8600 loss=4.9e-05  best=-inf wall=7.383h
  ep18 shard 1544/8600 loss=5.2e-05  best=-inf wall=7.388h
  ep18 shard 1545/8600 loss=3.5e-05  best=-inf wall=7.393h
  ep18 shard 1546/8600 loss=3.9e-05  best=-inf wall=7.398h
  ep18 shard 1547/8600 loss=4.8e-05  best=-inf wall=7.403h
  ep18 shard 1548/8600 loss=5e-05  best=-inf wall=7.408h
  saved epoch checkpoint -> experiments/exp029-longrun/combined100/checkpoints/ep18.pt
  ep19 shard 1549/8600 loss=5.5e-05  best=-inf wall=7.414h
  ep19 shard 1550/8600 loss=3.7e-05  best=-inf wall=7.417h
  ep19 shard 1551/8600 loss=5.1e-05  best=-inf wall=7.422h
  ep19 shard 1552/8600 loss=5.6e-05  best=-inf wall=7.426h
  ep19 shard 1553/8600 loss=4.4e-05  best=-inf wall=7.43h
  ep19 shard 1554/8600 loss=3.2e-05  best=-inf wall=7.433h
  ep19 shard 1555/8600 loss=6.3e-05  best=-inf wall=7.439h
  ep19 shard 1556/8600 loss=4.5e-05  best=-inf wall=7.444h
  ep19 shard 1557/8600 loss=3.8e-05  best=-inf wall=7.449h
  ep19 shard 1558/8600 loss=4.6e-05  best=-inf wall=7.451h
  ep19 shard 1559/8600 loss=3.6e-05  best=-inf wall=7.456h
  ep19 shard 1560/8600 loss=5.4e-05  best=-inf wall=7.461h
  ep19 shard 1561/8600 loss=4e-05  best=-inf wall=7.466h
  ep19 shard 1562/8600 loss=3.6e-05  best=-inf wall=7.471h
  ep19 shard 1563/8600 loss=4.9e-05  best=-inf wall=7.477h
  ep19 shard 1564/8600 loss=4.8e-05  best=-inf wall=7.482h
  ep19 shard 1565/8600 loss=3.6e-05  best=-inf wall=7.485h
  ep19 shard 1566/8600 loss=4e-05  best=-inf wall=7.49h
  ep19 shard 1567/8600 loss=4e-05  best=-inf wall=7.493h
  ep19 shard 1568/8600 loss=3.9e-05  best=-inf wall=7.498h
  ep19 shard 1569/8600 loss=3.5e-05  best=-inf wall=7.504h
  ep19 shard 1570/8600 loss=6.6e-05  best=-inf wall=7.509h
  ep19 shard 1571/8600 loss=5e-05  best=-inf wall=7.514h
  ep19 shard 1572/8600 loss=3.8e-05  best=-inf wall=7.52h
  ep19 shard 1573/8600 loss=4.4e-05  best=-inf wall=7.525h
  ep19 shard 1574/8600 loss=3.8e-05  best=-inf wall=7.528h
  ep19 shard 1575/8600 loss=4.8e-05  best=-inf wall=7.533h
  ep19 shard 1576/8600 loss=4.2e-05  best=-inf wall=7.539h
  ep19 shard 1577/8600 loss=4.2e-05  best=-inf wall=7.544h
  ep19 shard 1578/8600 loss=4.6e-05  best=-inf wall=7.549h
  ep19 shard 1579/8600 loss=5.1e-05  best=-inf wall=7.554h
  ep19 shard 1580/8600 loss=4.4e-05  best=-inf wall=7.559h
  ep19 shard 1581/8600 loss=3.9e-05  best=-inf wall=7.564h
  ep19 shard 1582/8600 loss=5.2e-05  best=-inf wall=7.57h
  ep19 shard 1583/8600 loss=5.7e-05  best=-inf wall=7.575h
  ep19 shard 1584/8600 loss=4.4e-05  best=-inf wall=7.58h
  ep19 shard 1585/8600 loss=4.4e-05  best=-inf wall=7.585h
  ep19 shard 1586/8600 loss=4.5e-05  best=-inf wall=7.59h
  ep19 shard 1587/8600 loss=5e-05  best=-inf wall=7.595h
  ep19 shard 1588/8600 loss=4.7e-05  best=-inf wall=7.601h
  ep19 shard 1589/8600 loss=4e-05  best=-inf wall=7.606h
  ep19 shard 1590/8600 loss=3.8e-05  best=-inf wall=7.607h
  ep19 shard 1591/8600 loss=3.8e-05  best=-inf wall=7.611h
  ep19 shard 1592/8600 loss=3.8e-05  best=-inf wall=7.617h
  ep19 shard 1593/8600 loss=3.7e-05  best=-inf wall=7.62h
  ep19 shard 1594/8600 loss=5.9e-05  best=-inf wall=7.625h
  ep19 shard 1595/8600 loss=3.3e-05  best=-inf wall=7.63h
  ep19 shard 1596/8600 loss=3.9e-05  best=-inf wall=7.632h
  ep19 shard 1597/8600 loss=3.4e-05  best=-inf wall=7.637h
  ep19 shard 1598/8600 loss=5.2e-05  best=-inf wall=7.643h
  ep19 shard 1599/8600 loss=6e-05  best=-inf wall=7.647h
  ep19 shard 1600/8600 loss=5.2e-05  best=-inf wall=7.653h
  ep19 shard 1601/8600 loss=4.6e-05  best=-inf wall=7.658h
  ep19 shard 1602/8600 loss=4.6e-05  best=-inf wall=7.663h
  ep19 shard 1603/8600 loss=6.3e-05  best=-inf wall=7.668h
  ep19 shard 1604/8600 loss=5.3e-05  best=-inf wall=7.673h
  ep19 shard 1605/8600 loss=5e-05  best=-inf wall=7.677h
  ep19 shard 1606/8600 loss=3.4e-05  best=-inf wall=7.683h
  ep19 shard 1607/8600 loss=3.9e-05  best=-inf wall=7.688h
  ep19 shard 1608/8600 loss=4.6e-05  best=-inf wall=7.693h
  ep19 shard 1609/8600 loss=5.5e-05  best=-inf wall=7.698h
  ep19 shard 1610/8600 loss=4.4e-05  best=-inf wall=7.703h
  ep19 shard 1611/8600 loss=5.6e-05  best=-inf wall=7.708h
  ep19 shard 1612/8600 loss=4.5e-05  best=-inf wall=7.714h
  ep19 shard 1613/8600 loss=6.6e-05  best=-inf wall=7.719h
  ep19 shard 1614/8600 loss=5.7e-05  best=-inf wall=7.723h
  ep19 shard 1615/8600 loss=3.2e-05  best=-inf wall=7.727h
  ep19 shard 1616/8600 loss=3.9e-05  best=-inf wall=7.732h
  ep19 shard 1617/8600 loss=4.9e-05  best=-inf wall=7.738h
  ep19 shard 1618/8600 loss=4.3e-05  best=-inf wall=7.743h
  ep19 shard 1619/8600 loss=4.3e-05  best=-inf wall=7.746h
  ep19 shard 1620/8600 loss=4.6e-05  best=-inf wall=7.751h
  ep19 shard 1621/8600 loss=4e-05  best=-inf wall=7.756h
  ep19 shard 1622/8600 loss=4.1e-05  best=-inf wall=7.761h
  ep19 shard 1623/8600 loss=3.4e-05  best=-inf wall=7.766h
  ep19 shard 1624/8600 loss=4.8e-05  best=-inf wall=7.768h
  ep19 shard 1625/8600 loss=3.6e-05  best=-inf wall=7.773h
  ep19 shard 1626/8600 loss=4e-05  best=-inf wall=7.778h
  ep19 shard 1627/8600 loss=4.3e-05  best=-inf wall=7.781h
  ep19 shard 1628/8600 loss=4.9e-05  best=-inf wall=7.786h
  ep19 shard 1629/8600 loss=3.9e-05  best=-inf wall=7.792h
  ep19 shard 1630/8600 loss=4.5e-05  best=-inf wall=7.797h
  ep19 shard 1631/8600 loss=5.3e-05  best=-inf wall=7.802h
  ep19 shard 1632/8600 loss=4.3e-05  best=-inf wall=7.805h
  ep19 shard 1633/8600 loss=4.6e-05  best=-inf wall=7.81h
  ep19 shard 1634/8600 loss=3.4e-05  best=-inf wall=7.815h
  saved epoch checkpoint -> experiments/exp029-longrun/combined100/checkpoints/ep19.pt
  ep20 shard 1635/8600 loss=3.6e-05  best=-inf wall=7.818h
  ep20 shard 1636/8600 loss=4.2e-05  best=-inf wall=7.823h
  ep20 shard 1637/8600 loss=4.4e-05  best=-inf wall=7.828h
  ep20 shard 1638/8600 loss=3.9e-05  best=-inf wall=7.833h
  ep20 shard 1639/8600 loss=3.8e-05  best=-inf wall=7.835h
  ep20 shard 1640/8600 loss=4.1e-05  best=-inf wall=7.84h
  ep20 shard 1641/8600 loss=5e-05  best=-inf wall=7.845h
  ep20 shard 1642/8600 loss=4.1e-05  best=-inf wall=7.85h
  ep20 shard 1643/8600 loss=7.4e-05  best=-inf wall=7.855h
  ep20 shard 1644/8600 loss=3.5e-05  best=-inf wall=7.86h
  ep20 shard 1645/8600 loss=4.2e-05  best=-inf wall=7.866h
  ep20 shard 1646/8600 loss=4.2e-05  best=-inf wall=7.869h
  ep20 shard 1647/8600 loss=6.6e-05  best=-inf wall=7.874h
  ep20 shard 1648/8600 loss=3.8e-05  best=-inf wall=7.878h
  ep20 shard 1649/8600 loss=4.1e-05  best=-inf wall=7.882h
  ep20 shard 1650/8600 loss=4.2e-05  best=-inf wall=7.887h
  ep20 shard 1651/8600 loss=3.5e-05  best=-inf wall=7.892h
  ep20 shard 1652/8600 loss=3.6e-05  best=-inf wall=7.898h
  ep20 shard 1653/8600 loss=4.1e-05  best=-inf wall=7.903h
  ep20 shard 1654/8600 loss=4.4e-05  best=-inf wall=7.906h
  ep20 shard 1655/8600 loss=4.5e-05  best=-inf wall=7.907h
  ep20 shard 1656/8600 loss=4e-05  best=-inf wall=7.91h
  ep20 shard 1657/8600 loss=4.8e-05  best=-inf wall=7.913h
  ep20 shard 1658/8600 loss=6.2e-05  best=-inf wall=7.918h
  ep20 shard 1659/8600 loss=4.6e-05  best=-inf wall=7.923h
  ep20 shard 1660/8600 loss=3.8e-05  best=-inf wall=7.929h
  ep20 shard 1661/8600 loss=4.1e-05  best=-inf wall=7.934h
  ep20 shard 1662/8600 loss=3.4e-05  best=-inf wall=7.939h
  ep20 shard 1663/8600 loss=4.5e-05  best=-inf wall=7.944h
  ep20 shard 1664/8600 loss=4.8e-05  best=-inf wall=7.95h
  ep20 shard 1665/8600 loss=3.4e-05  best=-inf wall=7.955h
  ep20 shard 1666/8600 loss=4.6e-05  best=-inf wall=7.96h
  ep20 shard 1667/8600 loss=4.3e-05  best=-inf wall=7.966h
  ep20 shard 1668/8600 loss=4.3e-05  best=-inf wall=7.971h
  ep20 shard 1669/8600 loss=4.4e-05  best=-inf wall=7.976h
  ep20 shard 1670/8600 loss=5.3e-05  best=-inf wall=7.981h
  ep20 shard 1671/8600 loss=3.9e-05  best=-inf wall=7.987h
  ep20 shard 1672/8600 loss=6.2e-05  best=-inf wall=7.992h
  ep20 shard 1673/8600 loss=4.5e-05  best=-inf wall=7.997h
  ep20 shard 1674/8600 loss=5e-05  best=-inf wall=8.002h
  ep20 shard 1675/8600 loss=3.9e-05  best=-inf wall=8.007h
  ep20 shard 1676/8600 loss=4.9e-05  best=-inf wall=8.012h
  ep20 shard 1677/8600 loss=4.8e-05  best=-inf wall=8.017h
  ep20 shard 1678/8600 loss=3e-05  best=-inf wall=8.022h
  ep20 shard 1679/8600 loss=3.4e-05  best=-inf wall=8.028h
  ep20 shard 1680/8600 loss=4.6e-05  best=-inf wall=8.032h
  ep20 shard 1681/8600 loss=5e-05  best=-inf wall=8.033h
  ep20 shard 1682/8600 loss=3.5e-05  best=-inf wall=8.038h
  ep20 shard 1683/8600 loss=4.3e-05  best=-inf wall=8.044h
  ep20 shard 1684/8600 loss=3.2e-05  best=-inf wall=8.049h
  ep20 shard 1685/8600 loss=3.5e-05  best=-inf wall=8.052h
  ep20 shard 1686/8600 loss=3.7e-05  best=-inf wall=8.055h
  ep20 shard 1687/8600 loss=5.2e-05  best=-inf wall=8.06h
  ep20 shard 1688/8600 loss=4.9e-05  best=-inf wall=8.065h
  ep20 shard 1689/8600 loss=4e-05  best=-inf wall=8.071h
  ep20 shard 1690/8600 loss=3.9e-05  best=-inf wall=8.076h
  ep20 shard 1691/8600 loss=3.6e-05  best=-inf wall=8.081h
  ep20 shard 1692/8600 loss=4.5e-05  best=-inf wall=8.086h
  ep20 shard 1693/8600 loss=5.1e-05  best=-inf wall=8.089h
  ep20 shard 1694/8600 loss=3.1e-05  best=-inf wall=8.094h
  ep20 shard 1695/8600 loss=4.2e-05  best=-inf wall=8.1h
  ep20 shard 1696/8600 loss=4.4e-05  best=-inf wall=8.105h
  ep20 shard 1697/8600 loss=4.1e-05  best=-inf wall=8.109h
  ep20 shard 1698/8600 loss=4.9e-05  best=-inf wall=8.114h
  ep20 shard 1699/8600 loss=3.1e-05  best=-inf wall=8.119h
  ep20 shard 1700/8600 loss=4.6e-05  best=-inf wall=8.124h
  ep20 shard 1701/8600 loss=4.3e-05  best=-inf wall=8.129h
  ep20 shard 1702/8600 loss=3.4e-05  best=-inf wall=8.134h
  ep20 shard 1703/8600 loss=3.9e-05  best=-inf wall=8.14h
  ep20 shard 1704/8600 loss=4.8e-05  best=-inf wall=8.145h
  ep20 shard 1705/8600 loss=4.1e-05  best=-inf wall=8.15h
  ep20 shard 1706/8600 loss=4.6e-05  best=-inf wall=8.154h
  ep20 shard 1707/8600 loss=4e-05  best=-inf wall=8.159h
  ep20 shard 1708/8600 loss=3.6e-05  best=-inf wall=8.165h
  ep20 shard 1709/8600 loss=5.6e-05  best=-inf wall=8.169h
  ep20 shard 1710/8600 loss=3.5e-05  best=-inf wall=8.174h
  ep20 shard 1711/8600 loss=3.9e-05  best=-inf wall=8.179h
  ep20 shard 1712/8600 loss=3.6e-05  best=-inf wall=8.184h
  ep20 shard 1713/8600 loss=5.1e-05  best=-inf wall=8.187h
  ep20 shard 1714/8600 loss=4e-05  best=-inf wall=8.192h
  ep20 shard 1715/8600 loss=3.2e-05  best=-inf wall=8.198h
  ep20 shard 1716/8600 loss=3e-05  best=-inf wall=8.203h
  ep20 shard 1717/8600 loss=4.1e-05  best=-inf wall=8.206h
  ep20 shard 1718/8600 loss=3.6e-05  best=-inf wall=8.211h
  ep20 shard 1719/8600 loss=4.3e-05  best=-inf wall=8.216h
  ep20 shard 1720/8600 loss=4.4e-05  best=-inf wall=8.222h
  saved epoch checkpoint -> experiments/exp029-longrun/combined100/checkpoints/ep20.pt
  ep21 shard 1721/8600 loss=4.2e-05  best=-inf wall=8.227h
  ep21 shard 1722/8600 loss=5.1e-05  best=-inf wall=8.232h
  ep21 shard 1723/8600 loss=4.2e-05  best=-inf wall=8.237h
  ep21 shard 1724/8600 loss=4.4e-05  best=-inf wall=8.242h
  ep21 shard 1725/8600 loss=4.1e-05  best=-inf wall=8.246h
  ep21 shard 1726/8600 loss=4e-05  best=-inf wall=8.251h
  ep21 shard 1727/8600 loss=3.9e-05  best=-inf wall=8.256h
  ep21 shard 1728/8600 loss=3.8e-05  best=-inf wall=8.261h
  ep21 shard 1729/8600 loss=3.9e-05  best=-inf wall=8.266h
  ep21 shard 1730/8600 loss=4.6e-05  best=-inf wall=8.271h
  ep21 shard 1731/8600 loss=5.6e-05  best=-inf wall=8.277h
  ep21 shard 1732/8600 loss=4.8e-05  best=-inf wall=8.282h
  ep21 shard 1733/8600 loss=3.5e-05  best=-inf wall=8.287h
  ep21 shard 1734/8600 loss=3.9e-05  best=-inf wall=8.293h
  ep21 shard 1735/8600 loss=3.6e-05  best=-inf wall=8.298h
  ep21 shard 1736/8600 loss=2.9e-05  best=-inf wall=8.303h
  ep21 shard 1737/8600 loss=4.3e-05  best=-inf wall=8.306h
  ep21 shard 1738/8600 loss=3.9e-05  best=-inf wall=8.31h
  ep21 shard 1739/8600 loss=5.1e-05  best=-inf wall=8.316h
  ep21 shard 1740/8600 loss=4.1e-05  best=-inf wall=8.321h
  ep21 shard 1741/8600 loss=4.2e-05  best=-inf wall=8.323h
  ep21 shard 1742/8600 loss=5.2e-05  best=-inf wall=8.326h
  ep21 shard 1743/8600 loss=4.3e-05  best=-inf wall=8.331h
  ep21 shard 1744/8600 loss=4.3e-05  best=-inf wall=8.336h
  ep21 shard 1745/8600 loss=3.7e-05  best=-inf wall=8.34h
  ep21 shard 1746/8600 loss=4e-05  best=-inf wall=8.345h
  ep21 shard 1747/8600 loss=3.5e-05  best=-inf wall=8.35h
  ep21 shard 1748/8600 loss=3.4e-05  best=-inf wall=8.355h
  ep21 shard 1749/8600 loss=3.4e-05  best=-inf wall=8.361h
  ep21 shard 1750/8600 loss=4.1e-05  best=-inf wall=8.365h
  ep21 shard 1751/8600 loss=4.9e-05  best=-inf wall=8.37h
  ep21 shard 1752/8600 loss=3.8e-05  best=-inf wall=8.375h
  ep21 shard 1753/8600 loss=4.2e-05  best=-inf wall=8.38h
  ep21 shard 1754/8600 loss=5.2e-05  best=-inf wall=8.383h
  ep21 shard 1755/8600 loss=5.1e-05  best=-inf wall=8.388h
  ep21 shard 1756/8600 loss=5.2e-05  best=-inf wall=8.394h
  ep21 shard 1757/8600 loss=4.4e-05  best=-inf wall=8.398h
  ep21 shard 1758/8600 loss=5.2e-05  best=-inf wall=8.403h
  ep21 shard 1759/8600 loss=4.9e-05  best=-inf wall=8.406h
  ep21 shard 1760/8600 loss=5.6e-05  best=-inf wall=8.411h
  ep21 shard 1761/8600 loss=4.4e-05  best=-inf wall=8.416h
  ep21 shard 1762/8600 loss=4.2e-05  best=-inf wall=8.421h
  ep21 shard 1763/8600 loss=3.4e-05  best=-inf wall=8.426h
  ep21 shard 1764/8600 loss=4e-05  best=-inf wall=8.431h
  ep21 shard 1765/8600 loss=3.9e-05  best=-inf wall=8.433h
  ep21 shard 1766/8600 loss=3.8e-05  best=-inf wall=8.438h
  ep21 shard 1767/8600 loss=5.3e-05  best=-inf wall=8.443h
  ep21 shard 1768/8600 loss=5.6e-05  best=-inf wall=8.449h
  ep21 shard 1769/8600 loss=4e-05  best=-inf wall=8.454h
  ep21 shard 1770/8600 loss=4.4e-05  best=-inf wall=8.458h
  ep21 shard 1771/8600 loss=4.3e-05  best=-inf wall=8.463h
  ep21 shard 1772/8600 loss=4e-05  best=-inf wall=8.468h
  ep21 shard 1773/8600 loss=4.7e-05  best=-inf wall=8.474h
  ep21 shard 1774/8600 loss=4.9e-05  best=-inf wall=8.476h
  ep21 shard 1775/8600 loss=4.8e-05  best=-inf wall=8.481h
  ep21 shard 1776/8600 loss=5.3e-05  best=-inf wall=8.487h
  ep21 shard 1777/8600 loss=2.9e-05  best=-inf wall=8.492h
  ep21 shard 1778/8600 loss=5.5e-05  best=-inf wall=8.497h
  ep21 shard 1779/8600 loss=3.3e-05  best=-inf wall=8.5h
  ep21 shard 1780/8600 loss=4e-05  best=-inf wall=8.505h
  ep21 shard 1781/8600 loss=4.2e-05  best=-inf wall=8.51h
  ep21 shard 1782/8600 loss=5.6e-05  best=-inf wall=8.515h
  ep21 shard 1783/8600 loss=3.9e-05  best=-inf wall=8.52h
  ep21 shard 1784/8600 loss=3.3e-05  best=-inf wall=8.525h
  ep21 shard 1785/8600 loss=4e-05  best=-inf wall=8.53h
  ep21 shard 1786/8600 loss=4.9e-05  best=-inf wall=8.536h
  ep21 shard 1787/8600 loss=5.8e-05  best=-inf wall=8.541h
  ep21 shard 1788/8600 loss=4.1e-05  best=-inf wall=8.546h
  ep21 shard 1789/8600 loss=4e-05  best=-inf wall=8.549h
  ep21 shard 1790/8600 loss=5.1e-05  best=-inf wall=8.554h
  ep21 shard 1791/8600 loss=4.2e-05  best=-inf wall=8.559h
  ep21 shard 1792/8600 loss=4.8e-05  best=-inf wall=8.565h
  ep21 shard 1793/8600 loss=5e-05  best=-inf wall=8.57h
  ep21 shard 1794/8600 loss=6.2e-05  best=-inf wall=8.574h
  ep21 shard 1795/8600 loss=3.6e-05  best=-inf wall=8.576h
  ep21 shard 1796/8600 loss=3.8e-05  best=-inf wall=8.581h
  ep21 shard 1797/8600 loss=4.4e-05  best=-inf wall=8.586h
  ep21 shard 1798/8600 loss=3.7e-05  best=-inf wall=8.59h
  ep21 shard 1799/8600 loss=3.2e-05  best=-inf wall=8.595h
  ep21 shard 1800/8600 loss=5.1e-05  best=-inf wall=8.599h
  ep21 shard 1801/8600 loss=4.1e-05  best=-inf wall=8.604h
  ep21 shard 1802/8600 loss=2.6e-05  best=-inf wall=8.609h
  ep21 shard 1803/8600 loss=3.5e-05  best=-inf wall=8.615h
  ep21 shard 1804/8600 loss=3.8e-05  best=-inf wall=8.62h
  ep21 shard 1805/8600 loss=4.4e-05  best=-inf wall=8.623h
  ep21 shard 1806/8600 loss=3.8e-05  best=-inf wall=8.628h
  saved epoch checkpoint -> experiments/exp029-longrun/combined100/checkpoints/ep21.pt
  ep22 shard 1807/8600 loss=3.8e-05  best=-inf wall=8.633h
  ep22 shard 1808/8600 loss=4.7e-05  best=-inf wall=8.637h
  ep22 shard 1809/8600 loss=3.5e-05  best=-inf wall=8.642h
  ep22 shard 1810/8600 loss=5e-05  best=-inf wall=8.647h
  ep22 shard 1811/8600 loss=4.2e-05  best=-inf wall=8.652h
  ep22 shard 1812/8600 loss=4e-05  best=-inf wall=8.657h
  ep22 shard 1813/8600 loss=4.1e-05  best=-inf wall=8.663h
  ep22 shard 1814/8600 loss=4.5e-05  best=-inf wall=8.666h
  ep22 shard 1815/8600 loss=3.1e-05  best=-inf wall=8.667h
  ep22 shard 1816/8600 loss=3.8e-05  best=-inf wall=8.672h
  ep22 shard 1817/8600 loss=4.1e-05  best=-inf wall=8.678h
  ep22 shard 1818/8600 loss=4.1e-05  best=-inf wall=8.683h
  ep22 shard 1819/8600 loss=3.9e-05  best=-inf wall=8.688h
  ep22 shard 1820/8600 loss=2.9e-05  best=-inf wall=8.69h
  ep22 shard 1821/8600 loss=4.2e-05  best=-inf wall=8.695h
  ep22 shard 1822/8600 loss=3.3e-05  best=-inf wall=8.7h
  ep22 shard 1823/8600 loss=4.2e-05  best=-inf wall=8.705h
  ep22 shard 1824/8600 loss=4e-05  best=-inf wall=8.71h
  ep22 shard 1825/8600 loss=4.6e-05  best=-inf wall=8.715h
  ep22 shard 1826/8600 loss=5.2e-05  best=-inf wall=8.72h
  ep22 shard 1827/8600 loss=3.8e-05  best=-inf wall=8.723h
  ep22 shard 1828/8600 loss=4.3e-05  best=-inf wall=8.729h
  ep22 shard 1829/8600 loss=3.4e-05  best=-inf wall=8.733h
  ep22 shard 1830/8600 loss=4e-05  best=-inf wall=8.737h
  ep22 shard 1831/8600 loss=6.3e-05  best=-inf wall=8.743h
  ep22 shard 1832/8600 loss=5.2e-05  best=-inf wall=8.748h
  ep22 shard 1833/8600 loss=4.5e-05  best=-inf wall=8.751h
  ep22 shard 1834/8600 loss=4.6e-05  best=-inf wall=8.756h
  ep22 shard 1835/8600 loss=4.5e-05  best=-inf wall=8.761h
  ep22 shard 1836/8600 loss=4.1e-05  best=-inf wall=8.765h
  ep22 shard 1837/8600 loss=3.4e-05  best=-inf wall=8.77h
  ep22 shard 1838/8600 loss=4.2e-05  best=-inf wall=8.775h
  ep22 shard 1839/8600 loss=4.5e-05  best=-inf wall=8.778h
  ep22 shard 1840/8600 loss=3.7e-05  best=-inf wall=8.783h
  ep22 shard 1841/8600 loss=4.6e-05  best=-inf wall=8.787h
  ep22 shard 1842/8600 loss=3.4e-05  best=-inf wall=8.793h
  ep22 shard 1843/8600 loss=4.6e-05  best=-inf wall=8.798h
  ep22 shard 1844/8600 loss=5.7e-05  best=-inf wall=8.803h
  ep22 shard 1845/8600 loss=3.8e-05  best=-inf wall=8.808h
  ep22 shard 1846/8600 loss=3.9e-05  best=-inf wall=8.813h
  ep22 shard 1847/8600 loss=4.4e-05  best=-inf wall=8.817h
  ep22 shard 1848/8600 loss=3.8e-05  best=-inf wall=8.822h
  ep22 shard 1849/8600 loss=4.3e-05  best=-inf wall=8.827h
  ep22 shard 1850/8600 loss=3.3e-05  best=-inf wall=8.832h
  ep22 shard 1851/8600 loss=4.7e-05  best=-inf wall=8.838h
  ep22 shard 1852/8600 loss=4e-05  best=-inf wall=8.843h
  ep22 shard 1853/8600 loss=5.1e-05  best=-inf wall=8.848h
  ep22 shard 1854/8600 loss=5.8e-05  best=-inf wall=8.853h
  ep22 shard 1855/8600 loss=4.6e-05  best=-inf wall=8.858h
  ep22 shard 1856/8600 loss=4.5e-05  best=-inf wall=8.863h
  ep22 shard 1857/8600 loss=4.5e-05  best=-inf wall=8.868h
  ep22 shard 1858/8600 loss=5.4e-05  best=-inf wall=8.874h
  ep22 shard 1859/8600 loss=4.8e-05  best=-inf wall=8.878h
  ep22 shard 1860/8600 loss=4.9e-05  best=-inf wall=8.883h
  ep22 shard 1861/8600 loss=4.8e-05  best=-inf wall=8.888h
  ep22 shard 1862/8600 loss=4.5e-05  best=-inf wall=8.893h
  ep22 shard 1863/8600 loss=4.4e-05  best=-inf wall=8.899h
  ep22 shard 1864/8600 loss=4e-05  best=-inf wall=8.904h
  ep22 shard 1865/8600 loss=4.1e-05  best=-inf wall=8.909h
  ep22 shard 1866/8600 loss=3.9e-05  best=-inf wall=8.914h
  ep22 shard 1867/8600 loss=3.9e-05  best=-inf wall=8.919h
  ep22 shard 1868/8600 loss=3.6e-05  best=-inf wall=8.922h
  ep22 shard 1869/8600 loss=3.1e-05  best=-inf wall=8.928h
  ep22 shard 1870/8600 loss=4.5e-05  best=-inf wall=8.933h
  ep22 shard 1871/8600 loss=4e-05  best=-inf wall=8.938h
  ep22 shard 1872/8600 loss=4.3e-05  best=-inf wall=8.943h
  ep22 shard 1873/8600 loss=3.6e-05  best=-inf wall=8.948h
  ep22 shard 1874/8600 loss=4.2e-05  best=-inf wall=8.954h
  ep22 shard 1875/8600 loss=4.3e-05  best=-inf wall=8.958h
  ep22 shard 1876/8600 loss=5.2e-05  best=-inf wall=8.963h
  ep22 shard 1877/8600 loss=4.8e-05  best=-inf wall=8.968h
  ep22 shard 1878/8600 loss=4.4e-05  best=-inf wall=8.972h
  ep22 shard 1879/8600 loss=4.2e-05  best=-inf wall=8.978h
  ep22 shard 1880/8600 loss=5.2e-05  best=-inf wall=8.983h
  ep22 shard 1881/8600 loss=2.7e-05  best=-inf wall=8.988h
  ep22 shard 1882/8600 loss=6.4e-05  best=-inf wall=8.993h
  ep22 shard 1883/8600 loss=3.8e-05  best=-inf wall=8.999h
  ep22 shard 1884/8600 loss=4e-05  best=-inf wall=9.004h
  ep22 shard 1885/8600 loss=4.1e-05  best=-inf wall=9.006h
  ep22 shard 1886/8600 loss=4.4e-05  best=-inf wall=9.009h
  ep22 shard 1887/8600 loss=4.8e-05  best=-inf wall=9.015h
  ep22 shard 1888/8600 loss=4.1e-05  best=-inf wall=9.018h
  ep22 shard 1889/8600 loss=3.7e-05  best=-inf wall=9.023h
  ep22 shard 1890/8600 loss=4e-05  best=-inf wall=9.028h
  ep22 shard 1891/8600 loss=3.5e-05  best=-inf wall=9.03h
  ep22 shard 1892/8600 loss=3.9e-05  best=-inf wall=9.035h
  saved epoch checkpoint -> experiments/exp029-longrun/combined100/checkpoints/ep22.pt
  ep23 shard 1893/8600 loss=4.4e-05  best=-inf wall=9.039h
  ep23 shard 1894/8600 loss=5e-05  best=-inf wall=9.044h
  ep23 shard 1895/8600 loss=3.3e-05  best=-inf wall=9.049h
  ep23 shard 1896/8600 loss=5.1e-05  best=-inf wall=9.054h
  ep23 shard 1897/8600 loss=3.4e-05  best=-inf wall=9.059h
  ep23 shard 1898/8600 loss=5e-05  best=-inf wall=9.065h
  ep23 shard 1899/8600 loss=3.8e-05  best=-inf wall=9.07h
  ep23 shard 1900/8600 loss=3.5e-05  best=-inf wall=9.075h
  ep23 shard 1901/8600 loss=3.8e-05  best=-inf wall=9.078h
  ep23 shard 1902/8600 loss=4.4e-05  best=-inf wall=9.084h
  ep23 shard 1903/8600 loss=5.1e-05  best=-inf wall=9.089h
  ep23 shard 1904/8600 loss=4e-05  best=-inf wall=9.093h
  ep23 shard 1905/8600 loss=3.2e-05  best=-inf wall=9.098h
  ep23 shard 1906/8600 loss=3.2e-05  best=-inf wall=9.103h
  ep23 shard 1907/8600 loss=4.5e-05  best=-inf wall=9.109h
  ep23 shard 1908/8600 loss=5.2e-05  best=-inf wall=9.114h
  ep23 shard 1909/8600 loss=5e-05  best=-inf wall=9.118h
  ep23 shard 1910/8600 loss=3.2e-05  best=-inf wall=9.123h
  ep23 shard 1911/8600 loss=4.3e-05  best=-inf wall=9.128h
  ep23 shard 1912/8600 loss=3.7e-05  best=-inf wall=9.133h
  ep23 shard 1913/8600 loss=4.1e-05  best=-inf wall=9.138h
  ep23 shard 1914/8600 loss=4.7e-05  best=-inf wall=9.143h
  ep23 shard 1915/8600 loss=3.5e-05  best=-inf wall=9.148h
  ep23 shard 1916/8600 loss=4.1e-05  best=-inf wall=9.154h
  ep23 shard 1917/8600 loss=4.2e-05  best=-inf wall=9.158h
  ep23 shard 1918/8600 loss=4e-05  best=-inf wall=9.163h
  ep23 shard 1919/8600 loss=3.2e-05  best=-inf wall=9.168h
  ep23 shard 1920/8600 loss=3.4e-05  best=-inf wall=9.17h
  ep23 shard 1921/8600 loss=4.8e-05  best=-inf wall=9.175h
  ep23 shard 1922/8600 loss=5.4e-05  best=-inf wall=9.18h
  ep23 shard 1923/8600 loss=4.2e-05  best=-inf wall=9.186h
  ep23 shard 1924/8600 loss=3.8e-05  best=-inf wall=9.189h
  ep23 shard 1925/8600 loss=4.8e-05  best=-inf wall=9.194h
  ep23 shard 1926/8600 loss=4.9e-05  best=-inf wall=9.197h
  ep23 shard 1927/8600 loss=4.4e-05  best=-inf wall=9.202h
  ep23 shard 1928/8600 loss=4.6e-05  best=-inf wall=9.207h
  ep23 shard 1929/8600 loss=3e-05  best=-inf wall=9.212h
  ep23 shard 1930/8600 loss=4.2e-05  best=-inf wall=9.218h
  ep23 shard 1931/8600 loss=4.4e-05  best=-inf wall=9.223h
  ep23 shard 1932/8600 loss=4.8e-05  best=-inf wall=9.228h
  ep23 shard 1933/8600 loss=3.4e-05  best=-inf wall=9.231h
  ep23 shard 1934/8600 loss=4.1e-05  best=-inf wall=9.235h
  ep23 shard 1935/8600 loss=4e-05  best=-inf wall=9.24h
  ep23 shard 1936/8600 loss=3.9e-05  best=-inf wall=9.243h
  ep23 shard 1937/8600 loss=4.3e-05  best=-inf wall=9.247h
  ep23 shard 1938/8600 loss=3.5e-05  best=-inf wall=9.25h
  ep23 shard 1939/8600 loss=5e-05  best=-inf wall=9.255h
  ep23 shard 1940/8600 loss=3.9e-05  best=-inf wall=9.26h
  ep23 shard 1941/8600 loss=3.6e-05  best=-inf wall=9.265h
  ep23 shard 1942/8600 loss=6.3e-05  best=-inf wall=9.271h
  ep23 shard 1943/8600 loss=4.6e-05  best=-inf wall=9.276h
  ep23 shard 1944/8600 loss=4.1e-05  best=-inf wall=9.281h
  ep23 shard 1945/8600 loss=4.3e-05  best=-inf wall=9.286h
  ep23 shard 1946/8600 loss=4.3e-05  best=-inf wall=9.289h
  ep23 shard 1947/8600 loss=4.7e-05  best=-inf wall=9.294h
  ep23 shard 1948/8600 loss=3.5e-05  best=-inf wall=9.299h
  ep23 shard 1949/8600 loss=3.7e-05  best=-inf wall=9.305h
  ep23 shard 1950/8600 loss=4.5e-05  best=-inf wall=9.31h
  ep23 shard 1951/8600 loss=3.8e-05  best=-inf wall=9.315h
  ep23 shard 1952/8600 loss=4.8e-05  best=-inf wall=9.32h
  ep23 shard 1953/8600 loss=4.5e-05  best=-inf wall=9.326h
  ep23 shard 1954/8600 loss=4.7e-05  best=-inf wall=9.331h
  ep23 shard 1955/8600 loss=4.1e-05  best=-inf wall=9.336h
  ep23 shard 1956/8600 loss=3.6e-05  best=-inf wall=9.341h
  ep23 shard 1957/8600 loss=4.8e-05  best=-inf wall=9.346h
  ep23 shard 1958/8600 loss=3.7e-05  best=-inf wall=9.351h
  ep23 shard 1959/8600 loss=3.6e-05  best=-inf wall=9.356h
  ep23 shard 1960/8600 loss=4.7e-05  best=-inf wall=9.361h
  ep23 shard 1961/8600 loss=4e-05  best=-inf wall=9.364h
  ep23 shard 1962/8600 loss=3.7e-05  best=-inf wall=9.37h
  ep23 shard 1963/8600 loss=3.4e-05  best=-inf wall=9.375h
  ep23 shard 1964/8600 loss=4e-05  best=-inf wall=9.38h
  ep23 shard 1965/8600 loss=4.5e-05  best=-inf wall=9.385h
  ep23 shard 1966/8600 loss=4.8e-05  best=-inf wall=9.391h
  ep23 shard 1967/8600 loss=4.1e-05  best=-inf wall=9.396h
  ep23 shard 1968/8600 loss=4.2e-05  best=-inf wall=9.401h
  ep23 shard 1969/8600 loss=4e-05  best=-inf wall=9.405h
  ep23 shard 1970/8600 loss=4.1e-05  best=-inf wall=9.41h
  ep23 shard 1971/8600 loss=3.4e-05  best=-inf wall=9.416h
  ep23 shard 1972/8600 loss=3.5e-05  best=-inf wall=9.417h
  ep23 shard 1973/8600 loss=4.6e-05  best=-inf wall=9.421h
  ep23 shard 1974/8600 loss=4.1e-05  best=-inf wall=9.426h
  ep23 shard 1975/8600 loss=5.2e-05  best=-inf wall=9.431h
  ep23 shard 1976/8600 loss=5.3e-05  best=-inf wall=9.436h
  ep23 shard 1977/8600 loss=3.7e-05  best=-inf wall=9.439h
  ep23 shard 1978/8600 loss=4.2e-05  best=-inf wall=9.441h
  saved epoch checkpoint -> experiments/exp029-longrun/combined100/checkpoints/ep23.pt
  ep24 shard 1979/8600 loss=4.3e-05  best=-inf wall=9.446h
  ep24 shard 1980/8600 loss=4.5e-05  best=-inf wall=9.451h
  ep24 shard 1981/8600 loss=3.6e-05  best=-inf wall=9.453h
  ep24 shard 1982/8600 loss=4.1e-05  best=-inf wall=9.459h
  ep24 shard 1983/8600 loss=3.7e-05  best=-inf wall=9.464h
  ep24 shard 1984/8600 loss=5.5e-05  best=-inf wall=9.469h
  ep24 shard 1985/8600 loss=5.5e-05  best=-inf wall=9.473h
  ep24 shard 1986/8600 loss=4e-05  best=-inf wall=9.477h
  ep24 shard 1987/8600 loss=5.3e-05  best=-inf wall=9.482h
  ep24 shard 1988/8600 loss=4.3e-05  best=-inf wall=9.487h
  ep24 shard 1989/8600 loss=3.2e-05  best=-inf wall=9.489h
  ep24 shard 1990/8600 loss=3e-05  best=-inf wall=9.494h
  ep24 shard 1991/8600 loss=4.1e-05  best=-inf wall=9.5h
  ep24 shard 1992/8600 loss=4.4e-05  best=-inf wall=9.505h
  ep24 shard 1993/8600 loss=4.3e-05  best=-inf wall=9.51h
  ep24 shard 1994/8600 loss=3.9e-05  best=-inf wall=9.515h
  ep24 shard 1995/8600 loss=4.2e-05  best=-inf wall=9.52h
  ep24 shard 1996/8600 loss=3.4e-05  best=-inf wall=9.523h
  ep24 shard 1997/8600 loss=4.6e-05  best=-inf wall=9.528h
  ep24 shard 1998/8600 loss=3.1e-05  best=-inf wall=9.534h
  ep24 shard 1999/8600 loss=4.3e-05  best=-inf wall=9.539h
  ep24 shard 2000/8600 loss=4.5e-05  best=-inf wall=9.543h
  ep24 shard 2001/8600 loss=4e-05  best=-inf wall=9.548h
  ep24 shard 2002/8600 loss=3.8e-05  best=-inf wall=9.553h
  ep24 shard 2003/8600 loss=3.5e-05  best=-inf wall=9.558h
  ep24 shard 2004/8600 loss=4.8e-05  best=-inf wall=9.564h
  ep24 shard 2005/8600 loss=4.1e-05  best=-inf wall=9.569h
  ep24 shard 2006/8600 loss=5.6e-05  best=-inf wall=9.574h
  ep24 shard 2007/8600 loss=3.5e-05  best=-inf wall=9.579h
  ep24 shard 2008/8600 loss=3.6e-05  best=-inf wall=9.584h
  ep24 shard 2009/8600 loss=4.7e-05  best=-inf wall=9.589h
  ep24 shard 2010/8600 loss=4e-05  best=-inf wall=9.592h
  ep24 shard 2011/8600 loss=4.5e-05  best=-inf wall=9.598h
  ep24 shard 2012/8600 loss=4.6e-05  best=-inf wall=9.603h
  ep24 shard 2013/8600 loss=5.2e-05  best=-inf wall=9.608h
  ep24 shard 2014/8600 loss=3.9e-05  best=-inf wall=9.613h
  ep24 shard 2015/8600 loss=3.5e-05  best=-inf wall=9.618h
  ep24 shard 2016/8600 loss=4.3e-05  best=-inf wall=9.624h
  ep24 shard 2017/8600 loss=5e-05  best=-inf wall=9.627h
  ep24 shard 2018/8600 loss=4.5e-05  best=-inf wall=9.632h
  ep24 shard 2019/8600 loss=4.9e-05  best=-inf wall=9.637h
  ep24 shard 2020/8600 loss=3.8e-05  best=-inf wall=9.642h
  ep24 shard 2021/8600 loss=3.6e-05  best=-inf wall=9.647h
  ep24 shard 2022/8600 loss=4.4e-05  best=-inf wall=9.653h
  ep24 shard 2023/8600 loss=3.2e-05  best=-inf wall=9.654h
  ep24 shard 2024/8600 loss=4.6e-05  best=-inf wall=9.66h
  ep24 shard 2025/8600 loss=4.1e-05  best=-inf wall=9.665h
  ep24 shard 2026/8600 loss=4.1e-05  best=-inf wall=9.67h
  ep24 shard 2027/8600 loss=4.1e-05  best=-inf wall=9.673h
  ep24 shard 2028/8600 loss=3.8e-05  best=-inf wall=9.677h
  ep24 shard 2029/8600 loss=4.2e-05  best=-inf wall=9.682h
  ep24 shard 2030/8600 loss=3.9e-05  best=-inf wall=9.684h
  ep24 shard 2031/8600 loss=3.4e-05  best=-inf wall=9.689h
  ep24 shard 2032/8600 loss=4.3e-05  best=-inf wall=9.694h
  ep24 shard 2033/8600 loss=3.5e-05  best=-inf wall=9.7h
  ep24 shard 2034/8600 loss=3.9e-05  best=-inf wall=9.704h
  ep24 shard 2035/8600 loss=3.7e-05  best=-inf wall=9.709h
  ep24 shard 2036/8600 loss=4.1e-05  best=-inf wall=9.714h
  ep24 shard 2037/8600 loss=3.9e-05  best=-inf wall=9.719h
  ep24 shard 2038/8600 loss=4.2e-05  best=-inf wall=9.725h
  ep24 shard 2039/8600 loss=4.2e-05  best=-inf wall=9.73h
  ep24 shard 2040/8600 loss=4.1e-05  best=-inf wall=9.735h
  ep24 shard 2041/8600 loss=2.6e-05  best=-inf wall=9.739h
  ep24 shard 2042/8600 loss=3.4e-05  best=-inf wall=9.744h
  ep24 shard 2043/8600 loss=4.5e-05  best=-inf wall=9.748h
  ep24 shard 2044/8600 loss=4.4e-05  best=-inf wall=9.754h
  ep24 shard 2045/8600 loss=3.6e-05  best=-inf wall=9.759h
  ep24 shard 2046/8600 loss=4e-05  best=-inf wall=9.764h
  ep24 shard 2047/8600 loss=4.9e-05  best=-inf wall=9.77h
  ep24 shard 2048/8600 loss=3.9e-05  best=-inf wall=9.774h
  ep24 shard 2049/8600 loss=4.1e-05  best=-inf wall=9.777h
  ep24 shard 2050/8600 loss=5.1e-05  best=-inf wall=9.78h
  ep24 shard 2051/8600 loss=4.1e-05  best=-inf wall=9.786h
  ep24 shard 2052/8600 loss=4.5e-05  best=-inf wall=9.789h
  ep24 shard 2053/8600 loss=3.4e-05  best=-inf wall=9.794h
  ep24 shard 2054/8600 loss=3.5e-05  best=-inf wall=9.799h
  ep24 shard 2055/8600 loss=5.5e-05  best=-inf wall=9.804h
  ep24 shard 2056/8600 loss=3.6e-05  best=-inf wall=9.81h
  ep24 shard 2057/8600 loss=4.2e-05  best=-inf wall=9.815h
  ep24 shard 2058/8600 loss=3.3e-05  best=-inf wall=9.82h
  ep24 shard 2059/8600 loss=3.4e-05  best=-inf wall=9.825h
  ep24 shard 2060/8600 loss=3.6e-05  best=-inf wall=9.831h
  ep24 shard 2061/8600 loss=4.4e-05  best=-inf wall=9.836h
  ep24 shard 2062/8600 loss=4.8e-05  best=-inf wall=9.839h
  ep24 shard 2063/8600 loss=4.2e-05  best=-inf wall=9.842h
  ep24 shard 2064/8600 loss=4.9e-05  best=-inf wall=9.847h
  saved epoch checkpoint -> experiments/exp029-longrun/combined100/checkpoints/ep24.pt
  ep25 shard 2065/8600 loss=3.2e-05  best=-inf wall=9.852h
  ep25 shard 2066/8600 loss=3.6e-05  best=-inf wall=9.857h
  ep25 shard 2067/8600 loss=3.5e-05  best=-inf wall=9.859h
  ep25 shard 2068/8600 loss=3.9e-05  best=-inf wall=9.864h
  ep25 shard 2069/8600 loss=4.3e-05  best=-inf wall=9.869h
  ep25 shard 2070/8600 loss=3.8e-05  best=-inf wall=9.874h
  ep25 shard 2071/8600 loss=4.1e-05  best=-inf wall=9.877h
  ep25 shard 2072/8600 loss=4e-05  best=-inf wall=9.882h
  ep25 shard 2073/8600 loss=4.1e-05  best=-inf wall=9.887h
  ep25 shard 2074/8600 loss=5e-05  best=-inf wall=9.892h
  ep25 shard 2075/8600 loss=3.9e-05  best=-inf wall=9.897h
  ep25 shard 2076/8600 loss=3.3e-05  best=-inf wall=9.9h
  ep25 shard 2077/8600 loss=4e-05  best=-inf wall=9.906h
  ep25 shard 2078/8600 loss=5.2e-05  best=-inf wall=9.911h
  ep25 shard 2079/8600 loss=3.7e-05  best=-inf wall=9.916h
  ep25 shard 2080/8600 loss=3.8e-05  best=-inf wall=9.921h
  ep25 shard 2081/8600 loss=4e-05  best=-inf wall=9.926h
  ep25 shard 2082/8600 loss=3.6e-05  best=-inf wall=9.932h
  ep25 shard 2083/8600 loss=3.8e-05  best=-inf wall=9.937h
  ep25 shard 2084/8600 loss=3e-05  best=-inf wall=9.942h
  ep25 shard 2085/8600 loss=5.3e-05  best=-inf wall=9.946h
  ep25 shard 2086/8600 loss=4.9e-05  best=-inf wall=9.951h
  ep25 shard 2087/8600 loss=3.7e-05  best=-inf wall=9.957h
  ep25 shard 2088/8600 loss=5e-05  best=-inf wall=9.961h
  ep25 shard 2089/8600 loss=4.4e-05  best=-inf wall=9.966h
  ep25 shard 2090/8600 loss=4.6e-05  best=-inf wall=9.971h
  ep25 shard 2091/8600 loss=4e-05  best=-inf wall=9.974h
  ep25 shard 2092/8600 loss=3.4e-05  best=-inf wall=9.979h
  ep25 shard 2093/8600 loss=6.5e-05  best=-inf wall=9.984h
  ep25 shard 2094/8600 loss=3.8e-05  best=-inf wall=9.99h
  ep25 shard 2095/8600 loss=4.6e-05  best=-inf wall=9.995h
  ep25 shard 2096/8600 loss=3.7e-05  best=-inf wall=10.0h
  ep25 shard 2097/8600 loss=5.5e-05  best=-inf wall=10.005h
  ep25 shard 2098/8600 loss=3.4e-05  best=-inf wall=10.011h
  ep25 shard 2099/8600 loss=4.2e-05  best=-inf wall=10.016h
  ep25 shard 2100/8600 loss=4.7e-05  best=-inf wall=10.021h
  ep25 shard 2101/8600 loss=4.2e-05  best=-inf wall=10.026h
  ep25 shard 2102/8600 loss=4e-05  best=-inf wall=10.032h
  ep25 shard 2103/8600 loss=3.8e-05  best=-inf wall=10.036h
  ep25 shard 2104/8600 loss=5e-05  best=-inf wall=10.041h
  ep25 shard 2105/8600 loss=3.3e-05  best=-inf wall=10.046h
  ep25 shard 2106/8600 loss=4.4e-05  best=-inf wall=10.051h
  ep25 shard 2107/8600 loss=4.1e-05  best=-inf wall=10.056h
  ep25 shard 2108/8600 loss=4.4e-05  best=-inf wall=10.059h
  ep25 shard 2109/8600 loss=3.6e-05  best=-inf wall=10.065h
  ep25 shard 2110/8600 loss=3.3e-05  best=-inf wall=10.07h
  ep25 shard 2111/8600 loss=4.1e-05  best=-inf wall=10.075h
  ep25 shard 2112/8600 loss=3.4e-05  best=-inf wall=10.077h
  ep25 shard 2113/8600 loss=4.2e-05  best=-inf wall=10.08h
  ep25 shard 2114/8600 loss=5.9e-05  best=-inf wall=10.083h
  ep25 shard 2115/8600 loss=3.9e-05  best=-inf wall=10.087h
  ep25 shard 2116/8600 loss=4e-05  best=-inf wall=10.092h
  ep25 shard 2117/8600 loss=3.8e-05  best=-inf wall=10.095h
  ep25 shard 2118/8600 loss=3.5e-05  best=-inf wall=10.1h
  ep25 shard 2119/8600 loss=5.1e-05  best=-inf wall=10.105h
  ep25 shard 2120/8600 loss=3.1e-05  best=-inf wall=10.111h
  ep25 shard 2121/8600 loss=3.3e-05  best=-inf wall=10.116h
  ep25 shard 2122/8600 loss=5.1e-05  best=-inf wall=10.121h
  ep25 shard 2123/8600 loss=3.7e-05  best=-inf wall=10.122h
  ep25 shard 2124/8600 loss=8.3e-05  best=-inf wall=10.128h
  ep25 shard 2125/8600 loss=3.3e-05  best=-inf wall=10.133h
  ep25 shard 2126/8600 loss=4.4e-05  best=-inf wall=10.138h
  ep25 shard 2127/8600 loss=4.2e-05  best=-inf wall=10.143h
  ep25 shard 2128/8600 loss=4.4e-05  best=-inf wall=10.149h
  ep25 shard 2129/8600 loss=3.2e-05  best=-inf wall=10.154h
  ep25 shard 2130/8600 loss=4.7e-05  best=-inf wall=10.159h
  ep25 shard 2131/8600 loss=4.6e-05  best=-inf wall=10.164h
  ep25 shard 2132/8600 loss=3.9e-05  best=-inf wall=10.169h
  ep25 shard 2133/8600 loss=5.8e-05  best=-inf wall=10.174h
  ep25 shard 2134/8600 loss=4.1e-05  best=-inf wall=10.178h
  ep25 shard 2135/8600 loss=4.6e-05  best=-inf wall=10.183h
  ep25 shard 2136/8600 loss=4.4e-05  best=-inf wall=10.188h
  ep25 shard 2137/8600 loss=5e-05  best=-inf wall=10.191h
  ep25 shard 2138/8600 loss=3.2e-05  best=-inf wall=10.194h
  ep25 shard 2139/8600 loss=3.8e-05  best=-inf wall=10.197h
  ep25 shard 2140/8600 loss=4.7e-05  best=-inf wall=10.202h
  ep25 shard 2141/8600 loss=3e-05  best=-inf wall=10.208h
  ep25 shard 2142/8600 loss=3.1e-05  best=-inf wall=10.213h
  ep25 shard 2143/8600 loss=4.1e-05  best=-inf wall=10.218h
  ep25 shard 2144/8600 loss=3.2e-05  best=-inf wall=10.223h
  ep25 shard 2145/8600 loss=3.6e-05  best=-inf wall=10.227h
  ep25 shard 2146/8600 loss=4.9e-05  best=-inf wall=10.233h
  ep25 shard 2147/8600 loss=4e-05  best=-inf wall=10.238h
  ep25 shard 2148/8600 loss=4.4e-05  best=-inf wall=10.243h
  ep25 shard 2149/8600 loss=4e-05  best=-inf wall=10.248h
  ep25 shard 2150/8600 loss=3.7e-05  best=-inf wall=10.254h
  saved epoch checkpoint -> experiments/exp029-longrun/combined100/checkpoints/ep25.pt
  ep26 shard 2151/8600 loss=3.8e-05  best=-inf wall=10.259h
  ep26 shard 2152/8600 loss=3e-05  best=-inf wall=10.265h
  ep26 shard 2153/8600 loss=4.1e-05  best=-inf wall=10.27h
  ep26 shard 2154/8600 loss=3.7e-05  best=-inf wall=10.273h
  ep26 shard 2155/8600 loss=4.3e-05  best=-inf wall=10.278h
  ep26 shard 2156/8600 loss=3.9e-05  best=-inf wall=10.284h
  ep26 shard 2157/8600 loss=4.7e-05  best=-inf wall=10.289h
  ep26 shard 2158/8600 loss=4.7e-05  best=-inf wall=10.294h
  ep26 shard 2159/8600 loss=4.1e-05  best=-inf wall=10.299h
  ep26 shard 2160/8600 loss=3.4e-05  best=-inf wall=10.304h
  ep26 shard 2161/8600 loss=4.4e-05  best=-inf wall=10.31h
  ep26 shard 2162/8600 loss=4.1e-05  best=-inf wall=10.315h
  ep26 shard 2163/8600 loss=3.8e-05  best=-inf wall=10.32h
  ep26 shard 2164/8600 loss=5e-05  best=-inf wall=10.326h
  ep26 shard 2165/8600 loss=3.9e-05  best=-inf wall=10.331h
  ep26 shard 2166/8600 loss=3.7e-05  best=-inf wall=10.334h
  ep26 shard 2167/8600 loss=5.2e-05  best=-inf wall=10.339h
  ep26 shard 2168/8600 loss=3.5e-05  best=-inf wall=10.342h
  ep26 shard 2169/8600 loss=4.4e-05  best=-inf wall=10.347h
  ep26 shard 2170/8600 loss=4.3e-05  best=-inf wall=10.352h
  ep26 shard 2171/8600 loss=4.8e-05  best=-inf wall=10.356h
  ep26 shard 2172/8600 loss=4.4e-05  best=-inf wall=10.361h
  ep26 shard 2173/8600 loss=3.3e-05  best=-inf wall=10.366h
  ep26 shard 2174/8600 loss=5.5e-05  best=-inf wall=10.371h
  ep26 shard 2175/8600 loss=3.4e-05  best=-inf wall=10.376h
  ep26 shard 2176/8600 loss=5.1e-05  best=-inf wall=10.381h
  ep26 shard 2177/8600 loss=4e-05  best=-inf wall=10.386h
  ep26 shard 2178/8600 loss=3.4e-05  best=-inf wall=10.392h
  ep26 shard 2179/8600 loss=4.1e-05  best=-inf wall=10.397h
  ep26 shard 2180/8600 loss=4.5e-05  best=-inf wall=10.4h
  ep26 shard 2181/8600 loss=4.4e-05  best=-inf wall=10.405h
  ep26 shard 2182/8600 loss=4.6e-05  best=-inf wall=10.41h
  ep26 shard 2183/8600 loss=5.1e-05  best=-inf wall=10.415h
  ep26 shard 2184/8600 loss=3.9e-05  best=-inf wall=10.417h
  ep26 shard 2185/8600 loss=4.7e-05  best=-inf wall=10.42h
  ep26 shard 2186/8600 loss=4.2e-05  best=-inf wall=10.425h
  ep26 shard 2187/8600 loss=3.5e-05  best=-inf wall=10.429h
  ep26 shard 2188/8600 loss=5.3e-05  best=-inf wall=10.435h
  ep26 shard 2189/8600 loss=4e-05  best=-inf wall=10.438h
  ep26 shard 2190/8600 loss=4.4e-05  best=-inf wall=10.443h
  ep26 shard 2191/8600 loss=4.9e-05  best=-inf wall=10.445h
  ep26 shard 2192/8600 loss=4.3e-05  best=-inf wall=10.45h
  ep26 shard 2193/8600 loss=3.6e-05  best=-inf wall=10.455h
  ep26 shard 2194/8600 loss=4.1e-05  best=-inf wall=10.46h
  ep26 shard 2195/8600 loss=3.7e-05  best=-inf wall=10.465h
  ep26 shard 2196/8600 loss=5e-05  best=-inf wall=10.47h
  ep26 shard 2197/8600 loss=4.3e-05  best=-inf wall=10.473h
  ep26 shard 2198/8600 loss=5.2e-05  best=-inf wall=10.479h
  ep26 shard 2199/8600 loss=4.4e-05  best=-inf wall=10.484h
  ep26 shard 2200/8600 loss=3.5e-05  best=-inf wall=10.489h
  ep26 shard 2201/8600 loss=3.5e-05  best=-inf wall=10.494h
  ep26 shard 2202/8600 loss=4.4e-05  best=-inf wall=10.499h
  ep26 shard 2203/8600 loss=4.5e-05  best=-inf wall=10.503h
  ep26 shard 2204/8600 loss=3.2e-05  best=-inf wall=10.509h
  ep26 shard 2205/8600 loss=5e-05  best=-inf wall=10.514h
  ep26 shard 2206/8600 loss=4.3e-05  best=-inf wall=10.519h
  ep26 shard 2207/8600 loss=3.7e-05  best=-inf wall=10.522h
  ep26 shard 2208/8600 loss=4.6e-05  best=-inf wall=10.527h
  ep26 shard 2209/8600 loss=3.3e-05  best=-inf wall=10.53h
  ep26 shard 2210/8600 loss=5.2e-05  best=-inf wall=10.535h
  ep26 shard 2211/8600 loss=3.5e-05  best=-inf wall=10.541h
  ep26 shard 2212/8600 loss=4.8e-05  best=-inf wall=10.546h
  ep26 shard 2213/8600 loss=3.6e-05  best=-inf wall=10.551h
  ep26 shard 2214/8600 loss=3.5e-05  best=-inf wall=10.556h
  ep26 shard 2215/8600 loss=5.5e-05  best=-inf wall=10.56h
  ep26 shard 2216/8600 loss=3.8e-05  best=-inf wall=10.565h
  ep26 shard 2217/8600 loss=4.4e-05  best=-inf wall=10.57h
  ep26 shard 2218/8600 loss=5.3e-05  best=-inf wall=10.576h
  ep26 shard 2219/8600 loss=4e-05  best=-inf wall=10.581h
  ep26 shard 2220/8600 loss=6.3e-05  best=-inf wall=10.585h
  ep26 shard 2221/8600 loss=3.7e-05  best=-inf wall=10.59h
  ep26 shard 2222/8600 loss=4.1e-05  best=-inf wall=10.595h
  ep26 shard 2223/8600 loss=3.5e-05  best=-inf wall=10.601h
  ep26 shard 2224/8600 loss=3.5e-05  best=-inf wall=10.606h
  ep26 shard 2225/8600 loss=3.5e-05  best=-inf wall=10.608h
  ep26 shard 2226/8600 loss=2.8e-05  best=-inf wall=10.613h
  ep26 shard 2227/8600 loss=3.9e-05  best=-inf wall=10.618h
  ep26 shard 2228/8600 loss=4e-05  best=-inf wall=10.623h
  ep26 shard 2229/8600 loss=3.7e-05  best=-inf wall=10.629h
  ep26 shard 2230/8600 loss=3.4e-05  best=-inf wall=10.633h
  ep26 shard 2231/8600 loss=4e-05  best=-inf wall=10.636h
  ep26 shard 2232/8600 loss=4.6e-05  best=-inf wall=10.641h
  ep26 shard 2233/8600 loss=3.3e-05  best=-inf wall=10.646h
  ep26 shard 2234/8600 loss=3.9e-05  best=-inf wall=10.65h
  ep26 shard 2235/8600 loss=4.2e-05  best=-inf wall=10.656h
  ep26 shard 2236/8600 loss=3.4e-05  best=-inf wall=10.661h
  saved epoch checkpoint -> experiments/exp029-longrun/combined100/checkpoints/ep26.pt
  ep27 shard 2237/8600 loss=4.3e-05  best=-inf wall=10.664h
  ep27 shard 2238/8600 loss=4.2e-05  best=-inf wall=10.669h
  ep27 shard 2239/8600 loss=4.5e-05  best=-inf wall=10.674h
  ep27 shard 2240/8600 loss=4.3e-05  best=-inf wall=10.679h
  ep27 shard 2241/8600 loss=3.9e-05  best=-inf wall=10.685h
  ep27 shard 2242/8600 loss=2.8e-05  best=-inf wall=10.69h
  ep27 shard 2243/8600 loss=2.7e-05  best=-inf wall=10.694h
  ep27 shard 2244/8600 loss=3.6e-05  best=-inf wall=10.699h
  ep27 shard 2245/8600 loss=3.6e-05  best=-inf wall=10.704h
  ep27 shard 2246/8600 loss=3.4e-05  best=-inf wall=10.709h
  ep27 shard 2247/8600 loss=4.1e-05  best=-inf wall=10.715h
  ep27 shard 2248/8600 loss=3.3e-05  best=-inf wall=10.718h
  ep27 shard 2249/8600 loss=3.7e-05  best=-inf wall=10.723h
  ep27 shard 2250/8600 loss=4.4e-05  best=-inf wall=10.729h
  ep27 shard 2251/8600 loss=3.7e-05  best=-inf wall=10.734h
  ep27 shard 2252/8600 loss=3.2e-05  best=-inf wall=10.735h
  ep27 shard 2253/8600 loss=3.5e-05  best=-inf wall=10.741h
  ep27 shard 2254/8600 loss=4.7e-05  best=-inf wall=10.746h
  ep27 shard 2255/8600 loss=3.8e-05  best=-inf wall=10.751h
  ep27 shard 2256/8600 loss=4.6e-05  best=-inf wall=10.756h
  ep27 shard 2257/8600 loss=3.6e-05  best=-inf wall=10.761h
  ep27 shard 2258/8600 loss=4.6e-05  best=-inf wall=10.764h
  ep27 shard 2259/8600 loss=4.4e-05  best=-inf wall=10.769h
  ep27 shard 2260/8600 loss=3.8e-05  best=-inf wall=10.774h
  ep27 shard 2261/8600 loss=4.7e-05  best=-inf wall=10.777h
  ep27 shard 2262/8600 loss=3.6e-05  best=-inf wall=10.783h
  ep27 shard 2263/8600 loss=5.6e-05  best=-inf wall=10.788h
  ep27 shard 2264/8600 loss=4.4e-05  best=-inf wall=10.793h
  ep27 shard 2265/8600 loss=6e-05  best=-inf wall=10.797h
  ep27 shard 2266/8600 loss=3.3e-05  best=-inf wall=10.802h
  ep27 shard 2267/8600 loss=3.9e-05  best=-inf wall=10.808h
  ep27 shard 2268/8600 loss=4.1e-05  best=-inf wall=10.813h
  ep27 shard 2269/8600 loss=4.3e-05  best=-inf wall=10.818h
  ep27 shard 2270/8600 loss=4.4e-05  best=-inf wall=10.823h
  ep27 shard 2271/8600 loss=4e-05  best=-inf wall=10.828h
  ep27 shard 2272/8600 loss=3.6e-05  best=-inf wall=10.831h
  ep27 shard 2273/8600 loss=4.7e-05  best=-inf wall=10.836h
  ep27 shard 2274/8600 loss=3.3e-05  best=-inf wall=10.841h
  ep27 shard 2275/8600 loss=4.5e-05  best=-inf wall=10.847h
  ep27 shard 2276/8600 loss=4.4e-05  best=-inf wall=10.852h
  ep27 shard 2277/8600 loss=3e-05  best=-inf wall=10.857h
  ep27 shard 2278/8600 loss=4.6e-05  best=-inf wall=10.861h
  ep27 shard 2279/8600 loss=4.3e-05  best=-inf wall=10.866h
  ep27 shard 2280/8600 loss=3.3e-05  best=-inf wall=10.872h
  ep27 shard 2281/8600 loss=4.3e-05  best=-inf wall=10.876h
  ep27 shard 2282/8600 loss=3.4e-05  best=-inf wall=10.881h
  ep27 shard 2283/8600 loss=3.4e-05  best=-inf wall=10.886h
  ep27 shard 2284/8600 loss=3.5e-05  best=-inf wall=10.891h
  ep27 shard 2285/8600 loss=3.8e-05  best=-inf wall=10.896h
  ep27 shard 2286/8600 loss=4.8e-05  best=-inf wall=10.899h
  ep27 shard 2287/8600 loss=4.3e-05  best=-inf wall=10.905h
  ep27 shard 2288/8600 loss=4.1e-05  best=-inf wall=10.91h
  ep27 shard 2289/8600 loss=3.7e-05  best=-inf wall=10.915h
  ep27 shard 2290/8600 loss=4e-05  best=-inf wall=10.917h
  ep27 shard 2291/8600 loss=3.7e-05  best=-inf wall=10.921h
  ep27 shard 2292/8600 loss=4.1e-05  best=-inf wall=10.924h
  ep27 shard 2293/8600 loss=5.9e-05  best=-inf wall=10.929h
  ep27 shard 2294/8600 loss=3.5e-05  best=-inf wall=10.935h
  ep27 shard 2295/8600 loss=2.9e-05  best=-inf wall=10.939h
  ep27 shard 2296/8600 loss=5.5e-05  best=-inf wall=10.943h
  ep27 shard 2297/8600 loss=5.1e-05  best=-inf wall=10.948h
  ep27 shard 2298/8600 loss=4.2e-05  best=-inf wall=10.95h
  ep27 shard 2299/8600 loss=4.1e-05  best=-inf wall=10.955h
  ep27 shard 2300/8600 loss=3.4e-05  best=-inf wall=10.96h
  ep27 shard 2301/8600 loss=4.9e-05  best=-inf wall=10.963h
  ep27 shard 2302/8600 loss=3.5e-05  best=-inf wall=10.968h
  ep27 shard 2303/8600 loss=4.5e-05  best=-inf wall=10.973h
  ep27 shard 2304/8600 loss=3.7e-05  best=-inf wall=10.977h
  ep27 shard 2305/8600 loss=3.9e-05  best=-inf wall=10.982h
  ep27 shard 2306/8600 loss=3.3e-05  best=-inf wall=10.987h
  ep27 shard 2307/8600 loss=3.4e-05  best=-inf wall=10.992h
  ep27 shard 2308/8600 loss=3.7e-05  best=-inf wall=10.997h
  ep27 shard 2309/8600 loss=6.8e-05  best=-inf wall=11.002h
  ep27 shard 2310/8600 loss=3.3e-05  best=-inf wall=11.006h
  ep27 shard 2311/8600 loss=3.6e-05  best=-inf wall=11.01h
  ep27 shard 2312/8600 loss=4.3e-05  best=-inf wall=11.015h
  ep27 shard 2313/8600 loss=4e-05  best=-inf wall=11.02h
  ep27 shard 2314/8600 loss=3.3e-05  best=-inf wall=11.025h
  ep27 shard 2315/8600 loss=5.1e-05  best=-inf wall=11.03h
  ep27 shard 2316/8600 loss=6.1e-05  best=-inf wall=11.035h
  ep27 shard 2317/8600 loss=4.4e-05  best=-inf wall=11.041h
  ep27 shard 2318/8600 loss=3.1e-05  best=-inf wall=11.046h
  ep27 shard 2319/8600 loss=4.7e-05  best=-inf wall=11.051h
  ep27 shard 2320/8600 loss=3.6e-05  best=-inf wall=11.057h
  ep27 shard 2321/8600 loss=4.5e-05  best=-inf wall=11.062h
  ep27 shard 2322/8600 loss=3.8e-05  best=-inf wall=11.067h
  saved epoch checkpoint -> experiments/exp029-longrun/combined100/checkpoints/ep27.pt
  ep28 shard 2323/8600 loss=3e-05  best=-inf wall=11.072h
  ep28 shard 2324/8600 loss=4.1e-05  best=-inf wall=11.078h
  ep28 shard 2325/8600 loss=4.9e-05  best=-inf wall=11.079h
  ep28 shard 2326/8600 loss=6.3e-05  best=-inf wall=11.084h
  ep28 shard 2327/8600 loss=4.8e-05  best=-inf wall=11.089h
  ep28 shard 2328/8600 loss=3.2e-05  best=-inf wall=11.094h
  ep28 shard 2329/8600 loss=4.5e-05  best=-inf wall=11.099h
  ep28 shard 2330/8600 loss=3.8e-05  best=-inf wall=11.104h
  ep28 shard 2331/8600 loss=3.6e-05  best=-inf wall=11.109h
  ep28 shard 2332/8600 loss=3.9e-05  best=-inf wall=11.115h
  ep28 shard 2333/8600 loss=4.5e-05  best=-inf wall=11.12h
  ep28 shard 2334/8600 loss=3.3e-05  best=-inf wall=11.125h
  ep28 shard 2335/8600 loss=4.5e-05  best=-inf wall=11.13h
  ep28 shard 2336/8600 loss=4.6e-05  best=-inf wall=11.133h
  ep28 shard 2337/8600 loss=4.4e-05  best=-inf wall=11.138h
  ep28 shard 2338/8600 loss=4.9e-05  best=-inf wall=11.143h
  ep28 shard 2339/8600 loss=4e-05  best=-inf wall=11.146h
  ep28 shard 2340/8600 loss=4.8e-05  best=-inf wall=11.151h
  ep28 shard 2341/8600 loss=3.9e-05  best=-inf wall=11.157h
  ep28 shard 2342/8600 loss=6.5e-05  best=-inf wall=11.162h
  ep28 shard 2343/8600 loss=3.7e-05  best=-inf wall=11.167h
  ep28 shard 2344/8600 loss=4.2e-05  best=-inf wall=11.172h
  ep28 shard 2345/8600 loss=3.5e-05  best=-inf wall=11.177h
  ep28 shard 2346/8600 loss=3.3e-05  best=-inf wall=11.183h
  ep28 shard 2347/8600 loss=3.2e-05  best=-inf wall=11.188h
  ep28 shard 2348/8600 loss=3.3e-05  best=-inf wall=11.193h
  ep28 shard 2349/8600 loss=5.7e-05  best=-inf wall=11.198h
  ep28 shard 2350/8600 loss=3.8e-05  best=-inf wall=11.201h
  ep28 shard 2351/8600 loss=3.6e-05  best=-inf wall=11.207h
  ep28 shard 2352/8600 loss=3.6e-05  best=-inf wall=11.212h
  ep28 shard 2353/8600 loss=4e-05  best=-inf wall=11.215h
  ep28 shard 2354/8600 loss=5.1e-05  best=-inf wall=11.22h
  ep28 shard 2355/8600 loss=4.1e-05  best=-inf wall=11.224h
  ep28 shard 2356/8600 loss=3.7e-05  best=-inf wall=11.229h
  ep28 shard 2357/8600 loss=3.1e-05  best=-inf wall=11.234h
  ep28 shard 2358/8600 loss=3.4e-05  best=-inf wall=11.24h
  ep28 shard 2359/8600 loss=5.3e-05  best=-inf wall=11.245h
  ep28 shard 2360/8600 loss=4.2e-05  best=-inf wall=11.25h
  ep28 shard 2361/8600 loss=3.9e-05  best=-inf wall=11.252h
  ep28 shard 2362/8600 loss=3.2e-05  best=-inf wall=11.257h
  ep28 shard 2363/8600 loss=4e-05  best=-inf wall=11.26h
  ep28 shard 2364/8600 loss=5.8e-05  best=-inf wall=11.263h
  ep28 shard 2365/8600 loss=3.7e-05  best=-inf wall=11.266h
  ep28 shard 2366/8600 loss=4.4e-05  best=-inf wall=11.27h
  ep28 shard 2367/8600 loss=3.2e-05  best=-inf wall=11.275h
  ep28 shard 2368/8600 loss=4e-05  best=-inf wall=11.279h
  ep28 shard 2369/8600 loss=4.1e-05  best=-inf wall=11.285h
  ep28 shard 2370/8600 loss=5.4e-05  best=-inf wall=11.29h
  ep28 shard 2371/8600 loss=4e-05  best=-inf wall=11.295h
  ep28 shard 2372/8600 loss=4.2e-05  best=-inf wall=11.3h
  ep28 shard 2373/8600 loss=3.3e-05  best=-inf wall=11.305h
  ep28 shard 2374/8600 loss=4e-05  best=-inf wall=11.31h
  ep28 shard 2375/8600 loss=4.8e-05  best=-inf wall=11.315h
  ep28 shard 2376/8600 loss=3.7e-05  best=-inf wall=11.319h
  ep28 shard 2377/8600 loss=3.9e-05  best=-inf wall=11.325h
  ep28 shard 2378/8600 loss=4.8e-05  best=-inf wall=11.33h
  ep28 shard 2379/8600 loss=3.2e-05  best=-inf wall=11.335h
  ep28 shard 2380/8600 loss=4.5e-05  best=-inf wall=11.34h
  ep28 shard 2381/8600 loss=3.2e-05  best=-inf wall=11.345h
  ep28 shard 2382/8600 loss=3.9e-05  best=-inf wall=11.35h
  ep28 shard 2383/8600 loss=4.2e-05  best=-inf wall=11.356h
  ep28 shard 2384/8600 loss=4.1e-05  best=-inf wall=11.361h
  ep28 shard 2385/8600 loss=4e-05  best=-inf wall=11.366h
  ep28 shard 2386/8600 loss=3.8e-05  best=-inf wall=11.371h
  ep28 shard 2387/8600 loss=3.9e-05  best=-inf wall=11.376h
  ep28 shard 2388/8600 loss=3.6e-05  best=-inf wall=11.382h
  ep28 shard 2389/8600 loss=4.1e-05  best=-inf wall=11.387h
  ep28 shard 2390/8600 loss=4.8e-05  best=-inf wall=11.392h
  ep28 shard 2391/8600 loss=3.8e-05  best=-inf wall=11.395h
  ep28 shard 2392/8600 loss=3.7e-05  best=-inf wall=11.398h
  ep28 shard 2393/8600 loss=4.5e-05  best=-inf wall=11.401h
  ep28 shard 2394/8600 loss=3.8e-05  best=-inf wall=11.406h
  ep28 shard 2395/8600 loss=5.7e-05  best=-inf wall=11.41h
  ep28 shard 2396/8600 loss=4.7e-05  best=-inf wall=11.415h
  ep28 shard 2397/8600 loss=3.7e-05  best=-inf wall=11.42h
  ep28 shard 2398/8600 loss=4.1e-05  best=-inf wall=11.425h
  ep28 shard 2399/8600 loss=3.9e-05  best=-inf wall=11.431h
  ep28 shard 2400/8600 loss=3.9e-05  best=-inf wall=11.435h
  ep28 shard 2401/8600 loss=3.2e-05  best=-inf wall=11.44h
  ep28 shard 2402/8600 loss=3.6e-05  best=-inf wall=11.445h
  ep28 shard 2403/8600 loss=4e-05  best=-inf wall=11.45h
  ep28 shard 2404/8600 loss=4e-05  best=-inf wall=11.456h
  ep28 shard 2405/8600 loss=5.1e-05  best=-inf wall=11.457h
  ep28 shard 2406/8600 loss=3.6e-05  best=-inf wall=11.463h
  ep28 shard 2407/8600 loss=3.7e-05  best=-inf wall=11.468h
  ep28 shard 2408/8600 loss=4.2e-05  best=-inf wall=11.473h
  saved epoch checkpoint -> experiments/exp029-longrun/combined100/checkpoints/ep28.pt
  ep29 shard 2409/8600 loss=4e-05  best=-inf wall=11.478h
  ep29 shard 2410/8600 loss=4.2e-05  best=-inf wall=11.483h
  ep29 shard 2411/8600 loss=3.5e-05  best=-inf wall=11.489h
  ep29 shard 2412/8600 loss=3e-05  best=-inf wall=11.494h
  ep29 shard 2413/8600 loss=4.1e-05  best=-inf wall=11.499h
  ep29 shard 2414/8600 loss=3.8e-05  best=-inf wall=11.504h
  ep29 shard 2415/8600 loss=4.1e-05  best=-inf wall=11.51h
  ep29 shard 2416/8600 loss=3.6e-05  best=-inf wall=11.514h
  ep29 shard 2417/8600 loss=4.4e-05  best=-inf wall=11.517h
  ep29 shard 2418/8600 loss=3.5e-05  best=-inf wall=11.522h
  ep29 shard 2419/8600 loss=5.3e-05  best=-inf wall=11.527h
  ep29 shard 2420/8600 loss=4.3e-05  best=-inf wall=11.533h
  ep29 shard 2421/8600 loss=4.5e-05  best=-inf wall=11.538h
  ep29 shard 2422/8600 loss=6.7e-05  best=-inf wall=11.542h
  ep29 shard 2423/8600 loss=4.6e-05  best=-inf wall=11.547h
  ep29 shard 2424/8600 loss=3.4e-05  best=-inf wall=11.549h
  ep29 shard 2425/8600 loss=4e-05  best=-inf wall=11.554h
  ep29 shard 2426/8600 loss=3.4e-05  best=-inf wall=11.559h
  ep29 shard 2427/8600 loss=3.4e-05  best=-inf wall=11.564h
  ep29 shard 2428/8600 loss=4e-05  best=-inf wall=11.569h
  ep29 shard 2429/8600 loss=3.4e-05  best=-inf wall=11.573h
  ep29 shard 2430/8600 loss=4.6e-05  best=-inf wall=11.579h
  ep29 shard 2431/8600 loss=4e-05  best=-inf wall=11.582h
  ep29 shard 2432/8600 loss=4.2e-05  best=-inf wall=11.587h
  ep29 shard 2433/8600 loss=3.3e-05  best=-inf wall=11.589h
  ep29 shard 2434/8600 loss=6e-05  best=-inf wall=11.592h
  ep29 shard 2435/8600 loss=4.7e-05  best=-inf wall=11.597h
  ep29 shard 2436/8600 loss=3.9e-05  best=-inf wall=11.602h
  ep29 shard 2437/8600 loss=4e-05  best=-inf wall=11.608h
  ep29 shard 2438/8600 loss=3.2e-05  best=-inf wall=11.613h
  ep29 shard 2439/8600 loss=3.2e-05  best=-inf wall=11.618h
  ep29 shard 2440/8600 loss=4.4e-05  best=-inf wall=11.623h
  ep29 shard 2441/8600 loss=3.9e-05  best=-inf wall=11.629h
  ep29 shard 2442/8600 loss=4.1e-05  best=-inf wall=11.634h
  ep29 shard 2443/8600 loss=4e-05  best=-inf wall=11.639h
  ep29 shard 2444/8600 loss=3.1e-05  best=-inf wall=11.641h
  ep29 shard 2445/8600 loss=3.7e-05  best=-inf wall=11.646h
  ep29 shard 2446/8600 loss=4.1e-05  best=-inf wall=11.651h
  ep29 shard 2447/8600 loss=4e-05  best=-inf wall=11.656h
  ep29 shard 2448/8600 loss=3.3e-05  best=-inf wall=11.659h
  ep29 shard 2449/8600 loss=4.2e-05  best=-inf wall=11.664h
  ep29 shard 2450/8600 loss=3e-05  best=-inf wall=11.668h
  ep29 shard 2451/8600 loss=3.7e-05  best=-inf wall=11.673h
  ep29 shard 2452/8600 loss=4e-05  best=-inf wall=11.678h
  ep29 shard 2453/8600 loss=5.1e-05  best=-inf wall=11.684h
  ep29 shard 2454/8600 loss=3.4e-05  best=-inf wall=11.689h
  ep29 shard 2455/8600 loss=4.3e-05  best=-inf wall=11.694h
  ep29 shard 2456/8600 loss=4.2e-05  best=-inf wall=11.699h
  ep29 shard 2457/8600 loss=4.9e-05  best=-inf wall=11.704h
  ep29 shard 2458/8600 loss=4e-05  best=-inf wall=11.709h
  ep29 shard 2459/8600 loss=4.7e-05  best=-inf wall=11.712h
  ep29 shard 2460/8600 loss=5.5e-05  best=-inf wall=11.718h
  ep29 shard 2461/8600 loss=3.9e-05  best=-inf wall=11.723h
  ep29 shard 2462/8600 loss=3.9e-05  best=-inf wall=11.728h
  ep29 shard 2463/8600 loss=4.3e-05  best=-inf wall=11.733h
  ep29 shard 2464/8600 loss=4.6e-05  best=-inf wall=11.737h
  ep29 shard 2465/8600 loss=3.6e-05  best=-inf wall=11.74h
  ep29 shard 2466/8600 loss=3.7e-05  best=-inf wall=11.745h
  ep29 shard 2467/8600 loss=3.2e-05  best=-inf wall=11.75h
  ep29 shard 2468/8600 loss=3.9e-05  best=-inf wall=11.754h
  ep29 shard 2469/8600 loss=3.7e-05  best=-inf wall=11.757h
  ep29 shard 2470/8600 loss=3.4e-05  best=-inf wall=11.762h
  ep29 shard 2471/8600 loss=4.5e-05  best=-inf wall=11.767h
  ep29 shard 2472/8600 loss=3.8e-05  best=-inf wall=11.772h
  ep29 shard 2473/8600 loss=3.9e-05  best=-inf wall=11.777h
  ep29 shard 2474/8600 loss=3.9e-05  best=-inf wall=11.783h
  ep29 shard 2475/8600 loss=3.7e-05  best=-inf wall=11.788h
  ep29 shard 2476/8600 loss=3.6e-05  best=-inf wall=11.793h
  ep29 shard 2477/8600 loss=5e-05  best=-inf wall=11.798h
  ep29 shard 2478/8600 loss=4.2e-05  best=-inf wall=11.803h
  ep29 shard 2479/8600 loss=3.6e-05  best=-inf wall=11.809h
  ep29 shard 2480/8600 loss=3.8e-05  best=-inf wall=11.814h
  ep29 shard 2481/8600 loss=4.1e-05  best=-inf wall=11.819h
  ep29 shard 2482/8600 loss=4.9e-05  best=-inf wall=11.822h
  ep29 shard 2483/8600 loss=3.6e-05  best=-inf wall=11.827h
  ep29 shard 2484/8600 loss=4.2e-05  best=-inf wall=11.832h
  ep29 shard 2485/8600 loss=3.6e-05  best=-inf wall=11.837h
  ep29 shard 2486/8600 loss=4.4e-05  best=-inf wall=11.84h
  ep29 shard 2487/8600 loss=3.7e-05  best=-inf wall=11.845h
  ep29 shard 2488/8600 loss=5.9e-05  best=-inf wall=11.85h
  ep29 shard 2489/8600 loss=3.9e-05  best=-inf wall=11.855h
  ep29 shard 2490/8600 loss=3e-05  best=-inf wall=11.86h
  ep29 shard 2491/8600 loss=3.5e-05  best=-inf wall=11.866h
  ep29 shard 2492/8600 loss=4.8e-05  best=-inf wall=11.871h
  ep29 shard 2493/8600 loss=4.1e-05  best=-inf wall=11.876h
  ep29 shard 2494/8600 loss=4.2e-05  best=-inf wall=11.879h
  saved epoch checkpoint -> experiments/exp029-longrun/combined100/checkpoints/ep29.pt
  ep30 shard 2495/8600 loss=3.9e-05  best=-inf wall=11.884h
  ep30 shard 2496/8600 loss=5e-05  best=-inf wall=11.889h
  ep30 shard 2497/8600 loss=3e-05  best=-inf wall=11.894h
  ep30 shard 2498/8600 loss=3.9e-05  best=-inf wall=11.899h
  ep30 shard 2499/8600 loss=3.6e-05  best=-inf wall=11.905h
  ep30 shard 2500/8600 loss=3e-05  best=-inf wall=11.91h
  ep30 shard 2501/8600 loss=4.1e-05  best=-inf wall=11.915h
  ep30 shard 2502/8600 loss=3.8e-05  best=-inf wall=11.919h
  ep30 shard 2503/8600 loss=3.8e-05  best=-inf wall=11.924h
  ep30 shard 2504/8600 loss=3.5e-05  best=-inf wall=11.928h
  ep30 shard 2505/8600 loss=4.8e-05  best=-inf wall=11.933h
  ep30 shard 2506/8600 loss=3.4e-05  best=-inf wall=11.938h
  ep30 shard 2507/8600 loss=3.3e-05  best=-inf wall=11.943h
  ep30 shard 2508/8600 loss=4.1e-05  best=-inf wall=11.948h
  ep30 shard 2509/8600 loss=3.6e-05  best=-inf wall=11.954h
  ep30 shard 2510/8600 loss=3.8e-05  best=-inf wall=11.959h
  ep30 shard 2511/8600 loss=4.2e-05  best=-inf wall=11.963h
  ep30 shard 2512/8600 loss=4.3e-05  best=-inf wall=11.969h
  ep30 shard 2513/8600 loss=5.4e-05  best=-inf wall=11.974h
  ep30 shard 2514/8600 loss=4.2e-05  best=-inf wall=11.976h
  ep30 shard 2515/8600 loss=3.7e-05  best=-inf wall=11.981h
  ep30 shard 2516/8600 loss=5e-05  best=-inf wall=11.986h
  ep30 shard 2517/8600 loss=3.6e-05  best=-inf wall=11.991h
  ep30 shard 2518/8600 loss=3.4e-05  best=-inf wall=11.996h
  ep30 shard 2519/8600 loss=6.4e-05  best=-inf wall=12.001h
  ep30 shard 2520/8600 loss=4.4e-05  best=-inf wall=12.007h
  ep30 shard 2521/8600 loss=3.8e-05  best=-inf wall=12.012h
  ep30 shard 2522/8600 loss=3e-05  best=-inf wall=12.016h
  ep30 shard 2523/8600 loss=4.3e-05  best=-inf wall=12.021h
  ep30 shard 2524/8600 loss=3.5e-05  best=-inf wall=12.026h
  ep30 shard 2525/8600 loss=3.8e-05  best=-inf wall=12.031h
  ep30 shard 2526/8600 loss=4.5e-05  best=-inf wall=12.036h
  ep30 shard 2527/8600 loss=4.9e-05  best=-inf wall=12.041h
  ep30 shard 2528/8600 loss=3.1e-05  best=-inf wall=12.046h
  ep30 shard 2529/8600 loss=3.8e-05  best=-inf wall=12.051h
  ep30 shard 2530/8600 loss=3.7e-05  best=-inf wall=12.054h
  ep30 shard 2531/8600 loss=4.8e-05  best=-inf wall=12.059h
  ep30 shard 2532/8600 loss=4.3e-05  best=-inf wall=12.064h
  ep30 shard 2533/8600 loss=3.5e-05  best=-inf wall=12.07h
  ep30 shard 2534/8600 loss=3.7e-05  best=-inf wall=12.075h
  ep30 shard 2535/8600 loss=4.5e-05  best=-inf wall=12.078h
  ep30 shard 2536/8600 loss=3.7e-05  best=-inf wall=12.083h
  ep30 shard 2537/8600 loss=3.6e-05  best=-inf wall=12.086h
  ep30 shard 2538/8600 loss=3e-05  best=-inf wall=12.091h
  ep30 shard 2539/8600 loss=4.7e-05  best=-inf wall=12.096h
  ep30 shard 2540/8600 loss=3.9e-05  best=-inf wall=12.099h
  ep30 shard 2541/8600 loss=3e-05  best=-inf wall=12.104h
  ep30 shard 2542/8600 loss=3.9e-05  best=-inf wall=12.11h
  ep30 shard 2543/8600 loss=4.9e-05  best=-inf wall=12.115h
  ep30 shard 2544/8600 loss=5.2e-05  best=-inf wall=12.119h
  ep30 shard 2545/8600 loss=4.6e-05  best=-inf wall=12.124h
  ep30 shard 2546/8600 loss=4.8e-05  best=-inf wall=12.129h
  ep30 shard 2547/8600 loss=4.5e-05  best=-inf wall=12.134h
  ep30 shard 2548/8600 loss=4.1e-05  best=-inf wall=12.138h
  ep30 shard 2549/8600 loss=4.6e-05  best=-inf wall=12.144h
  ep30 shard 2550/8600 loss=4e-05  best=-inf wall=12.149h
  ep30 shard 2551/8600 loss=4.1e-05  best=-inf wall=12.154h
  ep30 shard 2552/8600 loss=4.7e-05  best=-inf wall=12.16h
  ep30 shard 2553/8600 loss=3.1e-05  best=-inf wall=12.165h
  ep30 shard 2554/8600 loss=3.5e-05  best=-inf wall=12.17h
  ep30 shard 2555/8600 loss=3.5e-05  best=-inf wall=12.173h
  ep30 shard 2556/8600 loss=4.5e-05  best=-inf wall=12.178h
  ep30 shard 2557/8600 loss=4.6e-05  best=-inf wall=12.183h
  ep30 shard 2558/8600 loss=3.4e-05  best=-inf wall=12.189h
  ep30 shard 2559/8600 loss=3.6e-05  best=-inf wall=12.194h
  ep30 shard 2560/8600 loss=6.1e-05  best=-inf wall=12.196h
  ep30 shard 2561/8600 loss=4.4e-05  best=-inf wall=12.201h
  ep30 shard 2562/8600 loss=3.6e-05  best=-inf wall=12.206h
  ep30 shard 2563/8600 loss=3.9e-05  best=-inf wall=12.211h
  ep30 shard 2564/8600 loss=4.4e-05  best=-inf wall=12.214h
  ep30 shard 2565/8600 loss=5.3e-05  best=-inf wall=12.219h
  ep30 shard 2566/8600 loss=3.2e-05  best=-inf wall=12.225h
  ep30 shard 2567/8600 loss=2.7e-05  best=-inf wall=12.228h
  ep30 shard 2568/8600 loss=4.2e-05  best=-inf wall=12.233h
  ep30 shard 2569/8600 loss=4.6e-05  best=-inf wall=12.235h
  ep30 shard 2570/8600 loss=5.9e-05  best=-inf wall=12.24h
  ep30 shard 2571/8600 loss=4.6e-05  best=-inf wall=12.245h
  ep30 shard 2572/8600 loss=2.6e-05  best=-inf wall=12.251h
  ep30 shard 2573/8600 loss=3.7e-05  best=-inf wall=12.255h
  ep30 shard 2574/8600 loss=4.3e-05  best=-inf wall=12.26h
  ep30 shard 2575/8600 loss=2.9e-05  best=-inf wall=12.265h
  ep30 shard 2576/8600 loss=5.2e-05  best=-inf wall=12.27h
  ep30 shard 2577/8600 loss=3.8e-05  best=-inf wall=12.275h
  ep30 shard 2578/8600 loss=4.9e-05  best=-inf wall=12.278h
  ep30 shard 2579/8600 loss=3.7e-05  best=-inf wall=12.281h
  ep30 shard 2580/8600 loss=4.8e-05  best=-inf wall=12.286h
  saved epoch checkpoint -> experiments/exp029-longrun/combined100/checkpoints/ep30.pt
  ep31 shard 2581/8600 loss=3.6e-05  best=-inf wall=12.291h
  ep31 shard 2582/8600 loss=3.4e-05  best=-inf wall=12.293h
  ep31 shard 2583/8600 loss=3.2e-05  best=-inf wall=12.295h
  ep31 shard 2584/8600 loss=4.3e-05  best=-inf wall=12.3h
  ep31 shard 2585/8600 loss=4.2e-05  best=-inf wall=12.305h
  ep31 shard 2586/8600 loss=4.1e-05  best=-inf wall=12.311h
  ep31 shard 2587/8600 loss=4.3e-05  best=-inf wall=12.316h
  ep31 shard 2588/8600 loss=3.4e-05  best=-inf wall=12.319h
  ep31 shard 2589/8600 loss=3.2e-05  best=-inf wall=12.324h
  ep31 shard 2590/8600 loss=4.8e-05  best=-inf wall=12.327h
  ep31 shard 2591/8600 loss=2.7e-05  best=-inf wall=12.332h
  ep31 shard 2592/8600 loss=3.5e-05  best=-inf wall=12.338h
  ep31 shard 2593/8600 loss=3.7e-05  best=-inf wall=12.34h
  ep31 shard 2594/8600 loss=3.8e-05  best=-inf wall=12.345h
  ep31 shard 2595/8600 loss=3.5e-05  best=-inf wall=12.351h
  ep31 shard 2596/8600 loss=3.8e-05  best=-inf wall=12.355h
  ep31 shard 2597/8600 loss=3.3e-05  best=-inf wall=12.36h
  ep31 shard 2598/8600 loss=3.7e-05  best=-inf wall=12.365h
  ep31 shard 2599/8600 loss=3.3e-05  best=-inf wall=12.37h
  ep31 shard 2600/8600 loss=3.7e-05  best=-inf wall=12.375h
  ep31 shard 2601/8600 loss=5.6e-05  best=-inf wall=12.38h
  ep31 shard 2602/8600 loss=4e-05  best=-inf wall=12.384h
  ep31 shard 2603/8600 loss=3.8e-05  best=-inf wall=12.39h
  ep31 shard 2604/8600 loss=3.2e-05  best=-inf wall=12.394h
  ep31 shard 2605/8600 loss=3.8e-05  best=-inf wall=12.397h
  ep31 shard 2606/8600 loss=3.2e-05  best=-inf wall=12.402h
  ep31 shard 2607/8600 loss=5.3e-05  best=-inf wall=12.407h
  ep31 shard 2608/8600 loss=4.8e-05  best=-inf wall=12.412h
  ep31 shard 2609/8600 loss=3.2e-05  best=-inf wall=12.418h
  ep31 shard 2610/8600 loss=3.7e-05  best=-inf wall=12.422h
  ep31 shard 2611/8600 loss=3.7e-05  best=-inf wall=12.427h
  ep31 shard 2612/8600 loss=4.2e-05  best=-inf wall=12.43h
  ep31 shard 2613/8600 loss=4.4e-05  best=-inf wall=12.436h
  ep31 shard 2614/8600 loss=4.2e-05  best=-inf wall=12.439h
  ep31 shard 2615/8600 loss=4.6e-05  best=-inf wall=12.443h
  ep31 shard 2616/8600 loss=3.5e-05  best=-inf wall=12.448h
  ep31 shard 2617/8600 loss=5.6e-05  best=-inf wall=12.453h
  ep31 shard 2618/8600 loss=3.5e-05  best=-inf wall=12.458h
  ep31 shard 2619/8600 loss=3.5e-05  best=-inf wall=12.463h
  ep31 shard 2620/8600 loss=3.9e-05  best=-inf wall=12.468h
  ep31 shard 2621/8600 loss=4.2e-05  best=-inf wall=12.473h
  ep31 shard 2622/8600 loss=4.8e-05  best=-inf wall=12.478h
  ep31 shard 2623/8600 loss=3.1e-05  best=-inf wall=12.483h
  ep31 shard 2624/8600 loss=3.3e-05  best=-inf wall=12.487h
  ep31 shard 2625/8600 loss=3.7e-05  best=-inf wall=12.493h
  ep31 shard 2626/8600 loss=4.9e-05  best=-inf wall=12.498h
  ep31 shard 2627/8600 loss=3.9e-05  best=-inf wall=12.503h
  ep31 shard 2628/8600 loss=5.3e-05  best=-inf wall=12.508h
  ep31 shard 2629/8600 loss=3.6e-05  best=-inf wall=12.514h
  ep31 shard 2630/8600 loss=3.7e-05  best=-inf wall=12.519h
  ep31 shard 2631/8600 loss=4.2e-05  best=-inf wall=12.524h
  ep31 shard 2632/8600 loss=3.4e-05  best=-inf wall=12.526h
  ep31 shard 2633/8600 loss=3.7e-05  best=-inf wall=12.531h
  ep31 shard 2634/8600 loss=4.5e-05  best=-inf wall=12.536h
  ep31 shard 2635/8600 loss=3.1e-05  best=-inf wall=12.541h
  ep31 shard 2636/8600 loss=4e-05  best=-inf wall=12.546h
  ep31 shard 2637/8600 loss=3.6e-05  best=-inf wall=12.552h
  ep31 shard 2638/8600 loss=3.9e-05  best=-inf wall=12.554h
  ep31 shard 2639/8600 loss=3.6e-05  best=-inf wall=12.56h
  ep31 shard 2640/8600 loss=4.3e-05  best=-inf wall=12.565h
  ep31 shard 2641/8600 loss=3.3e-05  best=-inf wall=12.568h
  ep31 shard 2642/8600 loss=4e-05  best=-inf wall=12.573h
  ep31 shard 2643/8600 loss=3.9e-05  best=-inf wall=12.578h
  ep31 shard 2644/8600 loss=3.6e-05  best=-inf wall=12.584h
  ep31 shard 2645/8600 loss=4.3e-05  best=-inf wall=12.589h
  ep31 shard 2646/8600 loss=2.9e-05  best=-inf wall=12.594h
  ep31 shard 2647/8600 loss=3.8e-05  best=-inf wall=12.599h
  ep31 shard 2648/8600 loss=4.6e-05  best=-inf wall=12.605h
  ep31 shard 2649/8600 loss=3.7e-05  best=-inf wall=12.61h
  ep31 shard 2650/8600 loss=4.1e-05  best=-inf wall=12.615h
  ep31 shard 2651/8600 loss=4.4e-05  best=-inf wall=12.62h
  ep31 shard 2652/8600 loss=3.3e-05  best=-inf wall=12.625h
  ep31 shard 2653/8600 loss=3.7e-05  best=-inf wall=12.627h
  ep31 shard 2654/8600 loss=4e-05  best=-inf wall=12.632h
  ep31 shard 2655/8600 loss=3.6e-05  best=-inf wall=12.637h
  ep31 shard 2656/8600 loss=3.8e-05  best=-inf wall=12.642h
  ep31 shard 2657/8600 loss=3.6e-05  best=-inf wall=12.647h
  ep31 shard 2658/8600 loss=3.7e-05  best=-inf wall=12.653h
  ep31 shard 2659/8600 loss=5.8e-05  best=-inf wall=12.658h
  ep31 shard 2660/8600 loss=3.8e-05  best=-inf wall=12.662h
  ep31 shard 2661/8600 loss=4.1e-05  best=-inf wall=12.665h
  ep31 shard 2662/8600 loss=2.9e-05  best=-inf wall=12.67h
  ep31 shard 2663/8600 loss=4.6e-05  best=-inf wall=12.676h
  ep31 shard 2664/8600 loss=3.1e-05  best=-inf wall=12.681h
  ep31 shard 2665/8600 loss=3.7e-05  best=-inf wall=12.686h
  ep31 shard 2666/8600 loss=3.3e-05  best=-inf wall=12.691h
  saved epoch checkpoint -> experiments/exp029-longrun/combined100/checkpoints/ep31.pt
  ep32 shard 2667/8600 loss=3.6e-05  best=-inf wall=12.694h
  ep32 shard 2668/8600 loss=3.9e-05  best=-inf wall=12.698h
  ep32 shard 2669/8600 loss=3.6e-05  best=-inf wall=12.703h
  ep32 shard 2670/8600 loss=3.6e-05  best=-inf wall=12.708h
  ep32 shard 2671/8600 loss=3.8e-05  best=-inf wall=12.713h
  ep32 shard 2672/8600 loss=4.4e-05  best=-inf wall=12.718h
  ep32 shard 2673/8600 loss=4.2e-05  best=-inf wall=12.723h
  ep32 shard 2674/8600 loss=3.6e-05  best=-inf wall=12.726h
  ep32 shard 2675/8600 loss=3.8e-05  best=-inf wall=12.731h
  ep32 shard 2676/8600 loss=3.8e-05  best=-inf wall=12.737h
  ep32 shard 2677/8600 loss=2.9e-05  best=-inf wall=12.742h
  ep32 shard 2678/8600 loss=4.2e-05  best=-inf wall=12.747h
  ep32 shard 2679/8600 loss=3.1e-05  best=-inf wall=12.752h
  ep32 shard 2680/8600 loss=4e-05  best=-inf wall=12.757h
  ep32 shard 2681/8600 loss=4.1e-05  best=-inf wall=12.763h
  ep32 shard 2682/8600 loss=3.4e-05  best=-inf wall=12.766h
  ep32 shard 2683/8600 loss=3.9e-05  best=-inf wall=12.771h
  ep32 shard 2684/8600 loss=3.9e-05  best=-inf wall=12.775h
  ep32 shard 2685/8600 loss=3.9e-05  best=-inf wall=12.78h
  ep32 shard 2686/8600 loss=5e-05  best=-inf wall=12.785h
  ep32 shard 2687/8600 loss=3.6e-05  best=-inf wall=12.791h
  ep32 shard 2688/8600 loss=4.8e-05  best=-inf wall=12.796h
  ep32 shard 2689/8600 loss=4.2e-05  best=-inf wall=12.801h
  ep32 shard 2690/8600 loss=4.9e-05  best=-inf wall=12.806h
  ep32 shard 2691/8600 loss=3.2e-05  best=-inf wall=12.811h
  ep32 shard 2692/8600 loss=3.8e-05  best=-inf wall=12.817h
  ep32 shard 2693/8600 loss=3.4e-05  best=-inf wall=12.822h
  ep32 shard 2694/8600 loss=4e-05  best=-inf wall=12.827h
  ep32 shard 2695/8600 loss=3.6e-05  best=-inf wall=12.83h
  ep32 shard 2696/8600 loss=3.1e-05  best=-inf wall=12.835h
  ep32 shard 2697/8600 loss=3.3e-05  best=-inf wall=12.839h
  ep32 shard 2698/8600 loss=2.7e-05  best=-inf wall=12.845h
  ep32 shard 2699/8600 loss=3.7e-05  best=-inf wall=12.85h
  ep32 shard 2700/8600 loss=4.2e-05  best=-inf wall=12.855h
  ep32 shard 2701/8600 loss=4e-05  best=-inf wall=12.857h
  ep32 shard 2702/8600 loss=3.8e-05  best=-inf wall=12.863h
  ep32 shard 2703/8600 loss=3.2e-05  best=-inf wall=12.867h
  ep32 shard 2704/8600 loss=4.8e-05  best=-inf wall=12.872h
  ep32 shard 2705/8600 loss=4e-05  best=-inf wall=12.877h
  ep32 shard 2706/8600 loss=3.2e-05  best=-inf wall=12.879h
  ep32 shard 2707/8600 loss=3.5e-05  best=-inf wall=12.884h
  ep32 shard 2708/8600 loss=3.1e-05  best=-inf wall=12.89h
  ep32 shard 2709/8600 loss=3.8e-05  best=-inf wall=12.895h
  ep32 shard 2710/8600 loss=4e-05  best=-inf wall=12.897h
  ep32 shard 2711/8600 loss=2.8e-05  best=-inf wall=12.903h
  ep32 shard 2712/8600 loss=3.4e-05  best=-inf wall=12.908h
  ep32 shard 2713/8600 loss=4.6e-05  best=-inf wall=12.913h
  ep32 shard 2714/8600 loss=3.4e-05  best=-inf wall=12.918h
  ep32 shard 2715/8600 loss=4.3e-05  best=-inf wall=12.92h
  ep32 shard 2716/8600 loss=4.2e-05  best=-inf wall=12.925h
  ep32 shard 2717/8600 loss=3.8e-05  best=-inf wall=12.93h
  ep32 shard 2718/8600 loss=3.5e-05  best=-inf wall=12.933h
  ep32 shard 2719/8600 loss=3.5e-05  best=-inf wall=12.935h
  ep32 shard 2720/8600 loss=3.4e-05  best=-inf wall=12.94h
  ep32 shard 2721/8600 loss=4.6e-05  best=-inf wall=12.946h
  ep32 shard 2722/8600 loss=3.4e-05  best=-inf wall=12.951h
  ep32 shard 2723/8600 loss=4.5e-05  best=-inf wall=12.956h
  ep32 shard 2724/8600 loss=3.9e-05  best=-inf wall=12.961h
  ep32 shard 2725/8600 loss=3.9e-05  best=-inf wall=12.966h
  ep32 shard 2726/8600 loss=3.9e-05  best=-inf wall=12.972h
  ep32 shard 2727/8600 loss=4e-05  best=-inf wall=12.977h
  ep32 shard 2728/8600 loss=4.5e-05  best=-inf wall=12.981h
  ep32 shard 2729/8600 loss=3.5e-05  best=-inf wall=12.986h
  ep32 shard 2730/8600 loss=4.4e-05  best=-inf wall=12.991h
  ep32 shard 2731/8600 loss=4.5e-05  best=-inf wall=12.996h
  ep32 shard 2732/8600 loss=3.8e-05  best=-inf wall=13.001h
  ep32 shard 2733/8600 loss=3.8e-05  best=-inf wall=13.006h
  ep32 shard 2734/8600 loss=3.9e-05  best=-inf wall=13.011h
  ep32 shard 2735/8600 loss=4e-05  best=-inf wall=13.014h
  ep32 shard 2736/8600 loss=5e-05  best=-inf wall=13.019h
  ep32 shard 2737/8600 loss=3.4e-05  best=-inf wall=13.024h
  ep32 shard 2738/8600 loss=4.3e-05  best=-inf wall=13.03h
  ep32 shard 2739/8600 loss=4e-05  best=-inf wall=13.035h
  ep32 shard 2740/8600 loss=3.1e-05  best=-inf wall=13.04h
  ep32 shard 2741/8600 loss=3.7e-05  best=-inf wall=13.045h
  ep32 shard 2742/8600 loss=3.6e-05  best=-inf wall=13.048h
  ep32 shard 2743/8600 loss=3.6e-05  best=-inf wall=13.053h
  ep32 shard 2744/8600 loss=4.6e-05  best=-inf wall=13.059h
  ep32 shard 2745/8600 loss=3.1e-05  best=-inf wall=13.063h
  ep32 shard 2746/8600 loss=3.6e-05  best=-inf wall=13.068h
  ep32 shard 2747/8600 loss=4e-05  best=-inf wall=13.073h
  ep32 shard 2748/8600 loss=3.7e-05  best=-inf wall=13.076h
  ep32 shard 2749/8600 loss=4.7e-05  best=-inf wall=13.082h
  ep32 shard 2750/8600 loss=4e-05  best=-inf wall=13.087h
  ep32 shard 2751/8600 loss=4.1e-05  best=-inf wall=13.092h
  ep32 shard 2752/8600 loss=3.7e-05  best=-inf wall=13.097h
  saved epoch checkpoint -> experiments/exp029-longrun/combined100/checkpoints/ep32.pt
  ep33 shard 2753/8600 loss=3.3e-05  best=-inf wall=13.1h
  ep33 shard 2754/8600 loss=3.8e-05  best=-inf wall=13.105h
  ep33 shard 2755/8600 loss=3.5e-05  best=-inf wall=13.108h
  ep33 shard 2756/8600 loss=3.1e-05  best=-inf wall=13.113h
  ep33 shard 2757/8600 loss=4.7e-05  best=-inf wall=13.118h
  ep33 shard 2758/8600 loss=5.5e-05  best=-inf wall=13.123h
  ep33 shard 2759/8600 loss=3.6e-05  best=-inf wall=13.129h
  ep33 shard 2760/8600 loss=3.6e-05  best=-inf wall=13.13h
  ep33 shard 2761/8600 loss=3e-05  best=-inf wall=13.135h
  ep33 shard 2762/8600 loss=3.1e-05  best=-inf wall=13.141h
  ep33 shard 2763/8600 loss=3.7e-05  best=-inf wall=13.146h
  ep33 shard 2764/8600 loss=4.1e-05  best=-inf wall=13.151h
  ep33 shard 2765/8600 loss=3.8e-05  best=-inf wall=13.156h
  ep33 shard 2766/8600 loss=4.3e-05  best=-inf wall=13.161h
  ep33 shard 2767/8600 loss=4.1e-05  best=-inf wall=13.164h
  ep33 shard 2768/8600 loss=5.1e-05  best=-inf wall=13.17h
  ep33 shard 2769/8600 loss=4.1e-05  best=-inf wall=13.174h
  ep33 shard 2770/8600 loss=4.1e-05  best=-inf wall=13.179h
  ep33 shard 2771/8600 loss=4.6e-05  best=-inf wall=13.185h
  ep33 shard 2772/8600 loss=5.3e-05  best=-inf wall=13.186h
  ep33 shard 2773/8600 loss=4.6e-05  best=-inf wall=13.191h
  ep33 shard 2774/8600 loss=4.1e-05  best=-inf wall=13.197h
  ep33 shard 2775/8600 loss=3.9e-05  best=-inf wall=13.202h
  ep33 shard 2776/8600 loss=3.6e-05  best=-inf wall=13.207h
  ep33 shard 2777/8600 loss=3.6e-05  best=-inf wall=13.213h
  ep33 shard 2778/8600 loss=5.6e-05  best=-inf wall=13.217h
  ep33 shard 2779/8600 loss=5.7e-05  best=-inf wall=13.222h
  ep33 shard 2780/8600 loss=3.3e-05  best=-inf wall=13.228h
  ep33 shard 2781/8600 loss=4.6e-05  best=-inf wall=13.233h
  ep33 shard 2782/8600 loss=3.6e-05  best=-inf wall=13.238h
  ep33 shard 2783/8600 loss=4.3e-05  best=-inf wall=13.243h
  ep33 shard 2784/8600 loss=3.7e-05  best=-inf wall=13.248h
  ep33 shard 2785/8600 loss=3.9e-05  best=-inf wall=13.253h
  ep33 shard 2786/8600 loss=4.6e-05  best=-inf wall=13.256h
  ep33 shard 2787/8600 loss=4.6e-05  best=-inf wall=13.261h
  ep33 shard 2788/8600 loss=3.4e-05  best=-inf wall=13.267h
  ep33 shard 2789/8600 loss=3.2e-05  best=-inf wall=13.272h
  ep33 shard 2790/8600 loss=3.6e-05  best=-inf wall=13.277h
  ep33 shard 2791/8600 loss=5e-05  best=-inf wall=13.282h
  ep33 shard 2792/8600 loss=3.6e-05  best=-inf wall=13.287h
  ep33 shard 2793/8600 loss=4.3e-05  best=-inf wall=13.293h
  ep33 shard 2794/8600 loss=4.3e-05  best=-inf wall=13.298h
  ep33 shard 2795/8600 loss=3.7e-05  best=-inf wall=13.303h
  ep33 shard 2796/8600 loss=4e-05  best=-inf wall=13.305h
  ep33 shard 2797/8600 loss=3.5e-05  best=-inf wall=13.308h
  ep33 shard 2798/8600 loss=3.8e-05  best=-inf wall=13.313h
  ep33 shard 2799/8600 loss=4.2e-05  best=-inf wall=13.319h
  ep33 shard 2800/8600 loss=3.7e-05  best=-inf wall=13.324h
  ep33 shard 2801/8600 loss=3.9e-05  best=-inf wall=13.329h
  ep33 shard 2802/8600 loss=3e-05  best=-inf wall=13.334h
  ep33 shard 2803/8600 loss=4e-05  best=-inf wall=13.339h
  ep33 shard 2804/8600 loss=3.8e-05  best=-inf wall=13.344h
  ep33 shard 2805/8600 loss=3.5e-05  best=-inf wall=13.349h
  ep33 shard 2806/8600 loss=2.9e-05  best=-inf wall=13.351h
  ep33 shard 2807/8600 loss=3.1e-05  best=-inf wall=13.356h
  ep33 shard 2808/8600 loss=2.9e-05  best=-inf wall=13.362h
  ep33 shard 2809/8600 loss=3.4e-05  best=-inf wall=13.366h
  ep33 shard 2810/8600 loss=4e-05  best=-inf wall=13.371h
  ep33 shard 2811/8600 loss=3.1e-05  best=-inf wall=13.377h
  ep33 shard 2812/8600 loss=3.5e-05  best=-inf wall=13.382h
  ep33 shard 2813/8600 loss=4.2e-05  best=-inf wall=13.386h
  ep33 shard 2814/8600 loss=5.4e-05  best=-inf wall=13.392h
  ep33 shard 2815/8600 loss=4.2e-05  best=-inf wall=13.395h
  ep33 shard 2816/8600 loss=4.6e-05  best=-inf wall=13.398h
  ep33 shard 2817/8600 loss=3.3e-05  best=-inf wall=13.403h
  ep33 shard 2818/8600 loss=4e-05  best=-inf wall=13.408h
  ep33 shard 2819/8600 loss=2.9e-05  best=-inf wall=13.413h
  ep33 shard 2820/8600 loss=3.4e-05  best=-inf wall=13.418h
  ep33 shard 2821/8600 loss=3.8e-05  best=-inf wall=13.422h
  ep33 shard 2822/8600 loss=3.8e-05  best=-inf wall=13.425h
  ep33 shard 2823/8600 loss=4.7e-05  best=-inf wall=13.431h
  ep33 shard 2824/8600 loss=3.2e-05  best=-inf wall=13.436h
  ep33 shard 2825/8600 loss=3.6e-05  best=-inf wall=13.44h
  ep33 shard 2826/8600 loss=2.7e-05  best=-inf wall=13.445h
  ep33 shard 2827/8600 loss=3.8e-05  best=-inf wall=13.45h
  ep33 shard 2828/8600 loss=3.1e-05  best=-inf wall=13.453h
  ep33 shard 2829/8600 loss=3.4e-05  best=-inf wall=13.458h
  ep33 shard 2830/8600 loss=4.8e-05  best=-inf wall=13.464h
  ep33 shard 2831/8600 loss=2.7e-05  best=-inf wall=13.469h
  ep33 shard 2832/8600 loss=4.9e-05  best=-inf wall=13.474h
  ep33 shard 2833/8600 loss=5.1e-05  best=-inf wall=13.478h
  ep33 shard 2834/8600 loss=5.4e-05  best=-inf wall=13.483h
  ep33 shard 2835/8600 loss=4.7e-05  best=-inf wall=13.488h
  ep33 shard 2836/8600 loss=4.8e-05  best=-inf wall=13.494h
  ep33 shard 2837/8600 loss=3e-05  best=-inf wall=13.499h
  ep33 shard 2838/8600 loss=3.7e-05  best=-inf wall=13.504h
  saved epoch checkpoint -> experiments/exp029-longrun/combined100/checkpoints/ep33.pt
  ep34 shard 2839/8600 loss=4.5e-05  best=-inf wall=13.509h
  ep34 shard 2840/8600 loss=3.5e-05  best=-inf wall=13.514h
  ep34 shard 2841/8600 loss=4.9e-05  best=-inf wall=13.52h
  ep34 shard 2842/8600 loss=5.4e-05  best=-inf wall=13.523h
  ep34 shard 2843/8600 loss=4.2e-05  best=-inf wall=13.528h
  ep34 shard 2844/8600 loss=4.6e-05  best=-inf wall=13.533h
  ep34 shard 2845/8600 loss=6.2e-05  best=-inf wall=13.539h
  ep34 shard 2846/8600 loss=3.9e-05  best=-inf wall=13.544h
  ep34 shard 2847/8600 loss=3e-05  best=-inf wall=13.549h
  ep34 shard 2848/8600 loss=3.8e-05  best=-inf wall=13.554h
  ep34 shard 2849/8600 loss=3.7e-05  best=-inf wall=13.557h
  ep34 shard 2850/8600 loss=3.7e-05  best=-inf wall=13.562h
  ep34 shard 2851/8600 loss=3.8e-05  best=-inf wall=13.568h
  ep34 shard 2852/8600 loss=3e-05  best=-inf wall=13.571h
  ep34 shard 2853/8600 loss=4.8e-05  best=-inf wall=13.576h
  ep34 shard 2854/8600 loss=4.1e-05  best=-inf wall=13.581h
  ep34 shard 2855/8600 loss=3.3e-05  best=-inf wall=13.586h
  ep34 shard 2856/8600 loss=3.7e-05  best=-inf wall=13.591h
  ep34 shard 2857/8600 loss=4.1e-05  best=-inf wall=13.597h
  ep34 shard 2858/8600 loss=4.1e-05  best=-inf wall=13.602h
  ep34 shard 2859/8600 loss=3.9e-05  best=-inf wall=13.606h
  ep34 shard 2860/8600 loss=4.5e-05  best=-inf wall=13.611h
  ep34 shard 2861/8600 loss=4.1e-05  best=-inf wall=13.616h
  ep34 shard 2862/8600 loss=4.2e-05  best=-inf wall=13.619h
  ep34 shard 2863/8600 loss=4.6e-05  best=-inf wall=13.625h
  ep34 shard 2864/8600 loss=3.3e-05  best=-inf wall=13.63h
  ep34 shard 2865/8600 loss=3.7e-05  best=-inf wall=13.635h
  ep34 shard 2866/8600 loss=3.1e-05  best=-inf wall=13.639h
  ep34 shard 2867/8600 loss=3.7e-05  best=-inf wall=13.644h
  ep34 shard 2868/8600 loss=3.9e-05  best=-inf wall=13.647h
  ep34 shard 2869/8600 loss=4.6e-05  best=-inf wall=13.652h
  ep34 shard 2870/8600 loss=3.7e-05  best=-inf wall=13.657h
  ep34 shard 2871/8600 loss=3.7e-05  best=-inf wall=13.662h
  ep34 shard 2872/8600 loss=4.4e-05  best=-inf wall=13.668h
  ep34 shard 2873/8600 loss=4.7e-05  best=-inf wall=13.672h
  ep34 shard 2874/8600 loss=4.3e-05  best=-inf wall=13.677h
  ep34 shard 2875/8600 loss=3.5e-05  best=-inf wall=13.682h
  ep34 shard 2876/8600 loss=3.5e-05  best=-inf wall=13.687h
  ep34 shard 2877/8600 loss=7e-05  best=-inf wall=13.692h
  ep34 shard 2878/8600 loss=5e-05  best=-inf wall=13.695h
  ep34 shard 2879/8600 loss=3.5e-05  best=-inf wall=13.7h
  ep34 shard 2880/8600 loss=3.3e-05  best=-inf wall=13.705h
  ep34 shard 2881/8600 loss=4.2e-05  best=-inf wall=13.71h
  ep34 shard 2882/8600 loss=3.5e-05  best=-inf wall=13.715h
  ep34 shard 2883/8600 loss=3.5e-05  best=-inf wall=13.717h
  ep34 shard 2884/8600 loss=3.7e-05  best=-inf wall=13.722h
  ep34 shard 2885/8600 loss=4.2e-05  best=-inf wall=13.728h
  ep34 shard 2886/8600 loss=3.5e-05  best=-inf wall=13.733h
  ep34 shard 2887/8600 loss=4.1e-05  best=-inf wall=13.738h
  ep34 shard 2888/8600 loss=3.3e-05  best=-inf wall=13.742h
  ep34 shard 2889/8600 loss=4.4e-05  best=-inf wall=13.747h
  ep34 shard 2890/8600 loss=5.2e-05  best=-inf wall=13.752h
  ep34 shard 2891/8600 loss=3e-05  best=-inf wall=13.757h
  ep34 shard 2892/8600 loss=3.5e-05  best=-inf wall=13.761h
  ep34 shard 2893/8600 loss=3e-05  best=-inf wall=13.767h
  ep34 shard 2894/8600 loss=3.8e-05  best=-inf wall=13.768h
  ep34 shard 2895/8600 loss=4.5e-05  best=-inf wall=13.774h
  ep34 shard 2896/8600 loss=5.1e-05  best=-inf wall=13.779h
  ep34 shard 2897/8600 loss=3.8e-05  best=-inf wall=13.782h
  ep34 shard 2898/8600 loss=3.6e-05  best=-inf wall=13.787h
  ep34 shard 2899/8600 loss=3.7e-05  best=-inf wall=13.792h
  ep34 shard 2900/8600 loss=4.2e-05  best=-inf wall=13.797h
  ep34 shard 2901/8600 loss=3.3e-05  best=-inf wall=13.802h
  ep34 shard 2902/8600 loss=3.1e-05  best=-inf wall=13.805h
  ep34 shard 2903/8600 loss=4.5e-05  best=-inf wall=13.809h
  ep34 shard 2904/8600 loss=6.3e-05  best=-inf wall=13.814h
  ep34 shard 2905/8600 loss=4.2e-05  best=-inf wall=13.819h
  ep34 shard 2906/8600 loss=4.3e-05  best=-inf wall=13.824h
  ep34 shard 2907/8600 loss=3.1e-05  best=-inf wall=13.83h
  ep34 shard 2908/8600 loss=4.1e-05  best=-inf wall=13.833h
  ep34 shard 2909/8600 loss=2.8e-05  best=-inf wall=13.838h
  ep34 shard 2910/8600 loss=3.4e-05  best=-inf wall=13.843h
  ep34 shard 2911/8600 loss=3.4e-05  best=-inf wall=13.845h
  ep34 shard 2912/8600 loss=3.9e-05  best=-inf wall=13.85h
  ep34 shard 2913/8600 loss=4.4e-05  best=-inf wall=13.855h
  ep34 shard 2914/8600 loss=5.5e-05  best=-inf wall=13.86h
  ep34 shard 2915/8600 loss=2.9e-05  best=-inf wall=13.866h
  ep34 shard 2916/8600 loss=4.1e-05  best=-inf wall=13.871h
  ep34 shard 2917/8600 loss=4.3e-05  best=-inf wall=13.876h
  ep34 shard 2918/8600 loss=4.5e-05  best=-inf wall=13.879h
  ep34 shard 2919/8600 loss=3.7e-05  best=-inf wall=13.885h
  ep34 shard 2920/8600 loss=3.4e-05  best=-inf wall=13.89h
  ep34 shard 2921/8600 loss=3.9e-05  best=-inf wall=13.895h
  ep34 shard 2922/8600 loss=2.7e-05  best=-inf wall=13.9h
  ep34 shard 2923/8600 loss=3.6e-05  best=-inf wall=13.905h
  ep34 shard 2924/8600 loss=3.3e-05  best=-inf wall=13.909h
  saved epoch checkpoint -> experiments/exp029-longrun/combined100/checkpoints/ep34.pt
  ep35 shard 2925/8600 loss=3.6e-05  best=-inf wall=13.912h
  ep35 shard 2926/8600 loss=3.5e-05  best=-inf wall=13.918h
  ep35 shard 2927/8600 loss=4e-05  best=-inf wall=13.923h
  ep35 shard 2928/8600 loss=4.4e-05  best=-inf wall=13.928h
  ep35 shard 2929/8600 loss=3.6e-05  best=-inf wall=13.933h
  ep35 shard 2930/8600 loss=4.3e-05  best=-inf wall=13.936h
  ep35 shard 2931/8600 loss=4e-05  best=-inf wall=13.941h
  ep35 shard 2932/8600 loss=3.6e-05  best=-inf wall=13.947h
  ep35 shard 2933/8600 loss=3.9e-05  best=-inf wall=13.951h
  ep35 shard 2934/8600 loss=3.9e-05  best=-inf wall=13.952h
  ep35 shard 2935/8600 loss=4.7e-05  best=-inf wall=13.954h
  ep35 shard 2936/8600 loss=4.5e-05  best=-inf wall=13.959h
  ep35 shard 2937/8600 loss=3.5e-05  best=-inf wall=13.965h
  ep35 shard 2938/8600 loss=3.8e-05  best=-inf wall=13.97h
  ep35 shard 2939/8600 loss=3.7e-05  best=-inf wall=13.975h
  ep35 shard 2940/8600 loss=3.6e-05  best=-inf wall=13.98h
  ep35 shard 2941/8600 loss=4.2e-05  best=-inf wall=13.984h
  ep35 shard 2942/8600 loss=3.2e-05  best=-inf wall=13.99h
  ep35 shard 2943/8600 loss=5.4e-05  best=-inf wall=13.995h
  ep35 shard 2944/8600 loss=4e-05  best=-inf wall=13.999h
  ep35 shard 2945/8600 loss=4e-05  best=-inf wall=14.004h
  ep35 shard 2946/8600 loss=4.5e-05  best=-inf wall=14.009h
  ep35 shard 2947/8600 loss=3.6e-05  best=-inf wall=14.014h
  ep35 shard 2948/8600 loss=4.3e-05  best=-inf wall=14.02h
  ep35 shard 2949/8600 loss=2.8e-05  best=-inf wall=14.025h
  ep35 shard 2950/8600 loss=4.7e-05  best=-inf wall=14.03h
  ep35 shard 2951/8600 loss=3.9e-05  best=-inf wall=14.035h
  ep35 shard 2952/8600 loss=3.7e-05  best=-inf wall=14.04h
  ep35 shard 2953/8600 loss=3.6e-05  best=-inf wall=14.043h
  ep35 shard 2954/8600 loss=3.7e-05  best=-inf wall=14.049h
  ep35 shard 2955/8600 loss=3.8e-05  best=-inf wall=14.052h
  ep35 shard 2956/8600 loss=4.5e-05  best=-inf wall=14.057h
  ep35 shard 2957/8600 loss=3.8e-05  best=-inf wall=14.062h
  ep35 shard 2958/8600 loss=3.6e-05  best=-inf wall=14.068h
  ep35 shard 2959/8600 loss=2.8e-05  best=-inf wall=14.072h
  ep35 shard 2960/8600 loss=3.5e-05  best=-inf wall=14.077h
  ep35 shard 2961/8600 loss=3.5e-05  best=-inf wall=14.082h
  ep35 shard 2962/8600 loss=4e-05  best=-inf wall=14.088h
  ep35 shard 2963/8600 loss=3.1e-05  best=-inf wall=14.093h
  ep35 shard 2964/8600 loss=4.1e-05  best=-inf wall=14.098h
  ep35 shard 2965/8600 loss=3.5e-05  best=-inf wall=14.103h
  ep35 shard 2966/8600 loss=5.1e-05  best=-inf wall=14.109h
  ep35 shard 2967/8600 loss=3.8e-05  best=-inf wall=14.114h
  ep35 shard 2968/8600 loss=5e-05  best=-inf wall=14.119h
  ep35 shard 2969/8600 loss=3.3e-05  best=-inf wall=14.124h
  ep35 shard 2970/8600 loss=4.6e-05  best=-inf wall=14.129h
  ep35 shard 2971/8600 loss=3e-05  best=-inf wall=14.134h
  ep35 shard 2972/8600 loss=3.7e-05  best=-inf wall=14.139h
  ep35 shard 2973/8600 loss=4.7e-05  best=-inf wall=14.144h
  ep35 shard 2974/8600 loss=4.4e-05  best=-inf wall=14.15h
  ep35 shard 2975/8600 loss=3.7e-05  best=-inf wall=14.154h
  ep35 shard 2976/8600 loss=3.1e-05  best=-inf wall=14.16h
  ep35 shard 2977/8600 loss=4.1e-05  best=-inf wall=14.165h
  ep35 shard 2978/8600 loss=4.7e-05  best=-inf wall=14.17h
  ep35 shard 2979/8600 loss=3.4e-05  best=-inf wall=14.175h
  ep35 shard 2980/8600 loss=4.8e-05  best=-inf wall=14.18h
  ep35 shard 2981/8600 loss=4.1e-05  best=-inf wall=14.186h
  ep35 shard 2982/8600 loss=4.1e-05  best=-inf wall=14.19h
  ep35 shard 2983/8600 loss=4.2e-05  best=-inf wall=14.195h
  ep35 shard 2984/8600 loss=3.4e-05  best=-inf wall=14.198h
  ep35 shard 2985/8600 loss=3.5e-05  best=-inf wall=14.203h
  ep35 shard 2986/8600 loss=2.9e-05  best=-inf wall=14.208h
  ep35 shard 2987/8600 loss=3.2e-05  best=-inf wall=14.213h
  ep35 shard 2988/8600 loss=4.9e-05  best=-inf wall=14.218h
  ep35 shard 2989/8600 loss=3.1e-05  best=-inf wall=14.222h
  ep35 shard 2990/8600 loss=5.1e-05  best=-inf wall=14.227h
  ep35 shard 2991/8600 loss=3.6e-05  best=-inf wall=14.232h
  ep35 shard 2992/8600 loss=3.6e-05  best=-inf wall=14.238h
  ep35 shard 2993/8600 loss=4e-05  best=-inf wall=14.243h
  ep35 shard 2994/8600 loss=4.5e-05  best=-inf wall=14.246h
  ep35 shard 2995/8600 loss=4.3e-05  best=-inf wall=14.251h
  ep35 shard 2996/8600 loss=2.8e-05  best=-inf wall=14.256h
  ep35 shard 2997/8600 loss=4.1e-05  best=-inf wall=14.261h
  ep35 shard 2998/8600 loss=4.1e-05  best=-inf wall=14.264h
  ep35 shard 2999/8600 loss=3.4e-05  best=-inf wall=14.27h
  ep35 shard 3000/8600 loss=3.8e-05  best=-inf wall=14.275h
  ep35 shard 3001/8600 loss=3.3e-05  best=-inf wall=14.276h
  ep35 shard 3002/8600 loss=2.9e-05  best=-inf wall=14.279h
  ep35 shard 3003/8600 loss=3e-05  best=-inf wall=14.282h
  ep35 shard 3004/8600 loss=4.2e-05  best=-inf wall=14.284h
  ep35 shard 3005/8600 loss=3.6e-05  best=-inf wall=14.289h
  ep35 shard 3006/8600 loss=3.4e-05  best=-inf wall=14.294h
  ep35 shard 3007/8600 loss=4.7e-05  best=-inf wall=14.299h
  ep35 shard 3008/8600 loss=3.2e-05  best=-inf wall=14.304h
  ep35 shard 3009/8600 loss=2.5e-05  best=-inf wall=14.31h
  ep35 shard 3010/8600 loss=3.8e-05  best=-inf wall=14.315h
  saved epoch checkpoint -> experiments/exp029-longrun/combined100/checkpoints/ep35.pt
  ep36 shard 3011/8600 loss=3.7e-05  best=-inf wall=14.32h
  ep36 shard 3012/8600 loss=3.5e-05  best=-inf wall=14.325h
  ep36 shard 3013/8600 loss=3.5e-05  best=-inf wall=14.33h
  ep36 shard 3014/8600 loss=3.8e-05  best=-inf wall=14.335h
  ep36 shard 3015/8600 loss=3.2e-05  best=-inf wall=14.34h
  ep36 shard 3016/8600 loss=4.8e-05  best=-inf wall=14.345h
  ep36 shard 3017/8600 loss=3e-05  best=-inf wall=14.35h
  ep36 shard 3018/8600 loss=4.5e-05  best=-inf wall=14.355h
  ep36 shard 3019/8600 loss=4e-05  best=-inf wall=14.358h
  ep36 shard 3020/8600 loss=4.2e-05  best=-inf wall=14.363h
  ep36 shard 3021/8600 loss=2.9e-05  best=-inf wall=14.368h
  ep36 shard 3022/8600 loss=4.3e-05  best=-inf wall=14.374h
  ep36 shard 3023/8600 loss=5e-05  best=-inf wall=14.377h
  ep36 shard 3024/8600 loss=3.5e-05  best=-inf wall=14.381h
  ep36 shard 3025/8600 loss=4.2e-05  best=-inf wall=14.386h
  ep36 shard 3026/8600 loss=3.4e-05  best=-inf wall=14.391h
  ep36 shard 3027/8600 loss=3.7e-05  best=-inf wall=14.396h
  ep36 shard 3028/8600 loss=3.8e-05  best=-inf wall=14.402h
  ep36 shard 3029/8600 loss=3.7e-05  best=-inf wall=14.407h
  ep36 shard 3030/8600 loss=3.5e-05  best=-inf wall=14.411h
  ep36 shard 3031/8600 loss=3.3e-05  best=-inf wall=14.416h
  ep36 shard 3032/8600 loss=4.4e-05  best=-inf wall=14.421h
  ep36 shard 3033/8600 loss=4.2e-05  best=-inf wall=14.424h
  ep36 shard 3034/8600 loss=4.3e-05  best=-inf wall=14.43h
  ep36 shard 3035/8600 loss=3e-05  best=-inf wall=14.435h
  ep36 shard 3036/8600 loss=3.3e-05  best=-inf wall=14.44h
  ep36 shard 3037/8600 loss=3.3e-05  best=-inf wall=14.445h
  ep36 shard 3038/8600 loss=4.1e-05  best=-inf wall=14.45h
  ep36 shard 3039/8600 loss=3.3e-05  best=-inf wall=14.453h
  ep36 shard 3040/8600 loss=3.8e-05  best=-inf wall=14.458h
  ep36 shard 3041/8600 loss=3.1e-05  best=-inf wall=14.463h
  ep36 shard 3042/8600 loss=4.4e-05  best=-inf wall=14.469h
  ep36 shard 3043/8600 loss=3.7e-05  best=-inf wall=14.471h
  ep36 shard 3044/8600 loss=2.8e-05  best=-inf wall=14.476h
  ep36 shard 3045/8600 loss=4.3e-05  best=-inf wall=14.481h
  ep36 shard 3046/8600 loss=2.8e-05  best=-inf wall=14.487h
  ep36 shard 3047/8600 loss=4.4e-05  best=-inf wall=14.492h
  ep36 shard 3048/8600 loss=4.8e-05  best=-inf wall=14.497h
  ep36 shard 3049/8600 loss=3.5e-05  best=-inf wall=14.499h
  ep36 shard 3050/8600 loss=2.8e-05  best=-inf wall=14.504h
  ep36 shard 3051/8600 loss=4.9e-05  best=-inf wall=14.509h
  ep36 shard 3052/8600 loss=4.1e-05  best=-inf wall=14.514h
  ep36 shard 3053/8600 loss=3.5e-05  best=-inf wall=14.519h
  ep36 shard 3054/8600 loss=3.6e-05  best=-inf wall=14.524h
  ep36 shard 3055/8600 loss=3.7e-05  best=-inf wall=14.53h
  ep36 shard 3056/8600 loss=3.4e-05  best=-inf wall=14.533h
  ep36 shard 3057/8600 loss=3.7e-05  best=-inf wall=14.537h
  ep36 shard 3058/8600 loss=3.5e-05  best=-inf wall=14.542h
  ep36 shard 3059/8600 loss=3.1e-05  best=-inf wall=14.547h
  ep36 shard 3060/8600 loss=3.9e-05  best=-inf wall=14.553h
  ep36 shard 3061/8600 loss=7.2e-05  best=-inf wall=14.558h
  ep36 shard 3062/8600 loss=2.7e-05  best=-inf wall=14.563h
  ep36 shard 3063/8600 loss=3.8e-05  best=-inf wall=14.568h
  ep36 shard 3064/8600 loss=2.8e-05  best=-inf wall=14.574h
  ep36 shard 3065/8600 loss=4.5e-05  best=-inf wall=14.578h
  ep36 shard 3066/8600 loss=3.7e-05  best=-inf wall=14.583h
  ep36 shard 3067/8600 loss=3.8e-05  best=-inf wall=14.588h
  ep36 shard 3068/8600 loss=4.7e-05  best=-inf wall=14.593h
  ep36 shard 3069/8600 loss=3.5e-05  best=-inf wall=14.596h
  ep36 shard 3070/8600 loss=2.9e-05  best=-inf wall=14.601h
  ep36 shard 3071/8600 loss=6.3e-05  best=-inf wall=14.606h
  ep36 shard 3072/8600 loss=4.3e-05  best=-inf wall=14.612h
  ep36 shard 3073/8600 loss=4.3e-05  best=-inf wall=14.617h
  ep36 shard 3074/8600 loss=3.7e-05  best=-inf wall=14.622h
  ep36 shard 3075/8600 loss=4.3e-05  best=-inf wall=14.627h
  ep36 shard 3076/8600 loss=3.2e-05  best=-inf wall=14.629h
  ep36 shard 3077/8600 loss=2.7e-05  best=-inf wall=14.632h
  ep36 shard 3078/8600 loss=4e-05  best=-inf wall=14.637h
  ep36 shard 3079/8600 loss=4.2e-05  best=-inf wall=14.642h
  ep36 shard 3080/8600 loss=4.1e-05  best=-inf wall=14.647h
  ep36 shard 3081/8600 loss=3.6e-05  best=-inf wall=14.652h
  ep36 shard 3082/8600 loss=3.9e-05  best=-inf wall=14.658h
  ep36 shard 3083/8600 loss=3.9e-05  best=-inf wall=14.663h
  ep36 shard 3084/8600 loss=3.8e-05  best=-inf wall=14.667h
  ep36 shard 3085/8600 loss=4e-05  best=-inf wall=14.672h
  ep36 shard 3086/8600 loss=4.9e-05  best=-inf wall=14.677h
  ep36 shard 3087/8600 loss=3.7e-05  best=-inf wall=14.682h
  ep36 shard 3088/8600 loss=4e-05  best=-inf wall=14.687h
  ep36 shard 3089/8600 loss=5.7e-05  best=-inf wall=14.692h
  ep36 shard 3090/8600 loss=3.8e-05  best=-inf wall=14.693h
  ep36 shard 3091/8600 loss=4.6e-05  best=-inf wall=14.699h
  ep36 shard 3092/8600 loss=3.8e-05  best=-inf wall=14.702h
  ep36 shard 3093/8600 loss=3.5e-05  best=-inf wall=14.707h
  ep36 shard 3094/8600 loss=3.9e-05  best=-inf wall=14.711h
  ep36 shard 3095/8600 loss=3.5e-05  best=-inf wall=14.716h
  ep36 shard 3096/8600 loss=3.8e-05  best=-inf wall=14.722h
  saved epoch checkpoint -> experiments/exp029-longrun/combined100/checkpoints/ep36.pt
  ep37 shard 3097/8600 loss=3.7e-05  best=-inf wall=14.727h
  ep37 shard 3098/8600 loss=3.8e-05  best=-inf wall=14.733h
  ep37 shard 3099/8600 loss=4e-05  best=-inf wall=14.737h
  ep37 shard 3100/8600 loss=3e-05  best=-inf wall=14.741h
  ep37 shard 3101/8600 loss=3.7e-05  best=-inf wall=14.747h
  ep37 shard 3102/8600 loss=2.9e-05  best=-inf wall=14.752h
  ep37 shard 3103/8600 loss=4.3e-05  best=-inf wall=14.757h
  ep37 shard 3104/8600 loss=3.7e-05  best=-inf wall=14.762h
  ep37 shard 3105/8600 loss=4e-05  best=-inf wall=14.768h
  ep37 shard 3106/8600 loss=3.1e-05  best=-inf wall=14.771h
  ep37 shard 3107/8600 loss=4.2e-05  best=-inf wall=14.774h
  ep37 shard 3108/8600 loss=3.7e-05  best=-inf wall=14.779h
  ep37 shard 3109/8600 loss=3.8e-05  best=-inf wall=14.784h
  ep37 shard 3110/8600 loss=4.3e-05  best=-inf wall=14.79h
  ep37 shard 3111/8600 loss=4.1e-05  best=-inf wall=14.795h
  ep37 shard 3112/8600 loss=3.8e-05  best=-inf wall=14.8h
  ep37 shard 3113/8600 loss=4.2e-05  best=-inf wall=14.806h
  ep37 shard 3114/8600 loss=4.1e-05  best=-inf wall=14.811h
  ep37 shard 3115/8600 loss=2.4e-05  best=-inf wall=14.816h
  ep37 shard 3116/8600 loss=2.8e-05  best=-inf wall=14.821h
  ep37 shard 3117/8600 loss=3.6e-05  best=-inf wall=14.824h
  ep37 shard 3118/8600 loss=3.7e-05  best=-inf wall=14.83h
  ep37 shard 3119/8600 loss=3.7e-05  best=-inf wall=14.834h
  ep37 shard 3120/8600 loss=3.1e-05  best=-inf wall=14.837h
  ep37 shard 3121/8600 loss=3.7e-05  best=-inf wall=14.839h
  ep37 shard 3122/8600 loss=3.5e-05  best=-inf wall=14.844h
  ep37 shard 3123/8600 loss=3.8e-05  best=-inf wall=14.85h
  ep37 shard 3124/8600 loss=3.8e-05  best=-inf wall=14.855h
  ep37 shard 3125/8600 loss=4.1e-05  best=-inf wall=14.857h
  ep37 shard 3126/8600 loss=4.7e-05  best=-inf wall=14.863h
  ep37 shard 3127/8600 loss=3.7e-05  best=-inf wall=14.868h
  ep37 shard 3128/8600 loss=4.1e-05  best=-inf wall=14.873h
  ep37 shard 3129/8600 loss=3.3e-05  best=-inf wall=14.878h
  ep37 shard 3130/8600 loss=4.1e-05  best=-inf wall=14.883h
  ep37 shard 3131/8600 loss=3.7e-05  best=-inf wall=14.888h
  ep37 shard 3132/8600 loss=4.5e-05  best=-inf wall=14.894h
  ep37 shard 3133/8600 loss=3.2e-05  best=-inf wall=14.899h
  ep37 shard 3134/8600 loss=2.8e-05  best=-inf wall=14.902h
  ep37 shard 3135/8600 loss=3.2e-05  best=-inf wall=14.905h
  ep37 shard 3136/8600 loss=3.6e-05  best=-inf wall=14.91h
  ep37 shard 3137/8600 loss=3.6e-05  best=-inf wall=14.915h
  ep37 shard 3138/8600 loss=3.3e-05  best=-inf wall=14.92h
  ep37 shard 3139/8600 loss=5.8e-05  best=-inf wall=14.925h
  ep37 shard 3140/8600 loss=4.9e-05  best=-inf wall=14.93h
  ep37 shard 3141/8600 loss=3.9e-05  best=-inf wall=14.936h
  ep37 shard 3142/8600 loss=3e-05  best=-inf wall=14.941h
  ep37 shard 3143/8600 loss=4.1e-05  best=-inf wall=14.946h
  ep37 shard 3144/8600 loss=3.8e-05  best=-inf wall=14.951h
  ep37 shard 3145/8600 loss=3.9e-05  best=-inf wall=14.953h
  ep37 shard 3146/8600 loss=4.4e-05  best=-inf wall=14.958h
  ep37 shard 3147/8600 loss=3.1e-05  best=-inf wall=14.963h
  ep37 shard 3148/8600 loss=3.6e-05  best=-inf wall=14.968h
  ep37 shard 3149/8600 loss=4.5e-05  best=-inf wall=14.972h
  ep37 shard 3150/8600 loss=3.1e-05  best=-inf wall=14.975h
  ep37 shard 3151/8600 loss=4.3e-05  best=-inf wall=14.979h
  ep37 shard 3152/8600 loss=4.4e-05  best=-inf wall=14.985h
  ep37 shard 3153/8600 loss=4.4e-05  best=-inf wall=14.99h
  ep37 shard 3154/8600 loss=3.7e-05  best=-inf wall=14.993h
  ep37 shard 3155/8600 loss=4.3e-05  best=-inf wall=14.998h
  ep37 shard 3156/8600 loss=3.1e-05  best=-inf wall=15.003h
  ep37 shard 3157/8600 loss=4e-05  best=-inf wall=15.008h
  ep37 shard 3158/8600 loss=3.7e-05  best=-inf wall=15.014h
  ep37 shard 3159/8600 loss=3.6e-05  best=-inf wall=15.019h
  ep37 shard 3160/8600 loss=3.1e-05  best=-inf wall=15.024h
  ep37 shard 3161/8600 loss=4.8e-05  best=-inf wall=15.029h
  ep37 shard 3162/8600 loss=4.5e-05  best=-inf wall=15.034h
  ep37 shard 3163/8600 loss=4e-05  best=-inf wall=15.038h
  ep37 shard 3164/8600 loss=4.1e-05  best=-inf wall=15.04h
  ep37 shard 3165/8600 loss=4.7e-05  best=-inf wall=15.045h
  ep37 shard 3166/8600 loss=4.3e-05  best=-inf wall=15.05h
  ep37 shard 3167/8600 loss=3.4e-05  best=-inf wall=15.055h
  ep37 shard 3168/8600 loss=4.7e-05  best=-inf wall=15.061h
  ep37 shard 3169/8600 loss=4.2e-05  best=-inf wall=15.066h
  ep37 shard 3170/8600 loss=3.2e-05  best=-inf wall=15.071h
  ep37 shard 3171/8600 loss=4.1e-05  best=-inf wall=15.075h
  ep37 shard 3172/8600 loss=3.4e-05  best=-inf wall=15.08h
  ep37 shard 3173/8600 loss=4.7e-05  best=-inf wall=15.086h
  ep37 shard 3174/8600 loss=4.1e-05  best=-inf wall=15.091h
  ep37 shard 3175/8600 loss=3.4e-05  best=-inf wall=15.096h
  ep37 shard 3176/8600 loss=4.8e-05  best=-inf wall=15.101h
  ep37 shard 3177/8600 loss=5.2e-05  best=-inf wall=15.107h
  ep37 shard 3178/8600 loss=4.2e-05  best=-inf wall=15.112h
  ep37 shard 3179/8600 loss=3.4e-05  best=-inf wall=15.117h
  ep37 shard 3180/8600 loss=3.5e-05  best=-inf wall=15.122h
  ep37 shard 3181/8600 loss=3.4e-05  best=-inf wall=15.123h
  ep37 shard 3182/8600 loss=4.1e-05  best=-inf wall=15.128h
  saved epoch checkpoint -> experiments/exp029-longrun/combined100/checkpoints/ep37.pt
  ep38 shard 3183/8600 loss=3.7e-05  best=-inf wall=15.133h
  ep38 shard 3184/8600 loss=3.9e-05  best=-inf wall=15.138h
  ep38 shard 3185/8600 loss=3.8e-05  best=-inf wall=15.143h
  ep38 shard 3186/8600 loss=3.1e-05  best=-inf wall=15.148h
  ep38 shard 3187/8600 loss=4.5e-05  best=-inf wall=15.154h
  ep38 shard 3188/8600 loss=4.6e-05  best=-inf wall=15.159h
  ep38 shard 3189/8600 loss=4e-05  best=-inf wall=15.163h
  ep38 shard 3190/8600 loss=3.8e-05  best=-inf wall=15.167h
  ep38 shard 3191/8600 loss=3.5e-05  best=-inf wall=15.172h
  ep38 shard 3192/8600 loss=5.3e-05  best=-inf wall=15.177h
  ep38 shard 3193/8600 loss=3.2e-05  best=-inf wall=15.182h
  ep38 shard 3194/8600 loss=4.4e-05  best=-inf wall=15.187h
  ep38 shard 3195/8600 loss=2.8e-05  best=-inf wall=15.192h
  ep38 shard 3196/8600 loss=3.5e-05  best=-inf wall=15.195h
  ep38 shard 3197/8600 loss=4.4e-05  best=-inf wall=15.199h
  ep38 shard 3198/8600 loss=2.8e-05  best=-inf wall=15.2h
  ep38 shard 3199/8600 loss=4e-05  best=-inf wall=15.206h
  ep38 shard 3200/8600 loss=3.2e-05  best=-inf wall=15.21h
  ep38 shard 3201/8600 loss=5e-05  best=-inf wall=15.213h
  ep38 shard 3202/8600 loss=3.4e-05  best=-inf wall=15.218h
  ep38 shard 3203/8600 loss=3.5e-05  best=-inf wall=15.223h
  ep38 shard 3204/8600 loss=5.1e-05  best=-inf wall=15.228h
  ep38 shard 3205/8600 loss=3.3e-05  best=-inf wall=15.232h
  ep38 shard 3206/8600 loss=3.2e-05  best=-inf wall=15.237h
  ep38 shard 3207/8600 loss=4.3e-05  best=-inf wall=15.242h
  ep38 shard 3208/8600 loss=4.2e-05  best=-inf wall=15.247h
  ep38 shard 3209/8600 loss=3e-05  best=-inf wall=15.257h
  ep38 shard 3210/8600 loss=4.5e-05  best=-inf wall=15.27h
  ep38 shard 3211/8600 loss=4e-05  best=-inf wall=15.281h
  ep38 shard 3212/8600 loss=4.2e-05  best=-inf wall=15.287h
  ep38 shard 3213/8600 loss=3.4e-05  best=-inf wall=15.292h
  ep38 shard 3214/8600 loss=4.3e-05  best=-inf wall=15.297h
  ep38 shard 3215/8600 loss=3.4e-05  best=-inf wall=15.302h
  ep38 shard 3216/8600 loss=3.2e-05  best=-inf wall=15.306h
  ep38 shard 3217/8600 loss=3.8e-05  best=-inf wall=15.312h
  ep38 shard 3218/8600 loss=3e-05  best=-inf wall=15.317h
  ep38 shard 3219/8600 loss=3.7e-05  best=-inf wall=15.322h
  ep38 shard 3220/8600 loss=4e-05  best=-inf wall=15.327h
  ep38 shard 3221/8600 loss=4.6e-05  best=-inf wall=15.333h
  ep38 shard 3222/8600 loss=3.9e-05  best=-inf wall=15.338h
  ep38 shard 3223/8600 loss=4.7e-05  best=-inf wall=15.343h
  ep38 shard 3224/8600 loss=4.1e-05  best=-inf wall=15.348h
  ep38 shard 3225/8600 loss=4.7e-05  best=-inf wall=15.354h
  ep38 shard 3226/8600 loss=3.2e-05  best=-inf wall=15.359h
  ep38 shard 3227/8600 loss=4.5e-05  best=-inf wall=15.364h
  ep38 shard 3228/8600 loss=3.7e-05  best=-inf wall=15.369h
  ep38 shard 3229/8600 loss=3.8e-05  best=-inf wall=15.374h
  ep38 shard 3230/8600 loss=4.3e-05  best=-inf wall=15.377h
  ep38 shard 3231/8600 loss=3.5e-05  best=-inf wall=15.382h
  ep38 shard 3232/8600 loss=3.9e-05  best=-inf wall=15.388h
  ep38 shard 3233/8600 loss=3.4e-05  best=-inf wall=15.393h
  ep38 shard 3234/8600 loss=3.8e-05  best=-inf wall=15.397h
  ep38 shard 3235/8600 loss=4e-05  best=-inf wall=15.399h
  ep38 shard 3236/8600 loss=3.6e-05  best=-inf wall=15.404h
  ep38 shard 3237/8600 loss=3.5e-05  best=-inf wall=15.409h
  ep38 shard 3238/8600 loss=3.4e-05  best=-inf wall=15.414h
  ep38 shard 3239/8600 loss=4.4e-05  best=-inf wall=15.417h
  ep38 shard 3240/8600 loss=3.4e-05  best=-inf wall=15.423h
  ep38 shard 3241/8600 loss=4.5e-05  best=-inf wall=15.428h
  ep38 shard 3242/8600 loss=4.6e-05  best=-inf wall=15.432h
  ep38 shard 3243/8600 loss=3.1e-05  best=-inf wall=15.437h
  ep38 shard 3244/8600 loss=3.5e-05  best=-inf wall=15.442h
  ep38 shard 3245/8600 loss=3.9e-05  best=-inf wall=15.448h
  ep38 shard 3246/8600 loss=3.1e-05  best=-inf wall=15.45h
  ep38 shard 3247/8600 loss=4.1e-05  best=-inf wall=15.455h
  ep38 shard 3248/8600 loss=4.2e-05  best=-inf wall=15.46h
  ep38 shard 3249/8600 loss=3.8e-05  best=-inf wall=15.465h
  ep38 shard 3250/8600 loss=4e-05  best=-inf wall=15.468h
  ep38 shard 3251/8600 loss=4.2e-05  best=-inf wall=15.47h
  ep38 shard 3252/8600 loss=2.5e-05  best=-inf wall=15.475h
  ep38 shard 3253/8600 loss=4.4e-05  best=-inf wall=15.481h
  ep38 shard 3254/8600 loss=4.4e-05  best=-inf wall=15.486h
  ep38 shard 3255/8600 loss=3.9e-05  best=-inf wall=15.489h
  ep38 shard 3256/8600 loss=3.5e-05  best=-inf wall=15.494h
  ep38 shard 3257/8600 loss=3.1e-05  best=-inf wall=15.499h
  ep38 shard 3258/8600 loss=3.3e-05  best=-inf wall=15.502h
  ep38 shard 3259/8600 loss=3.8e-05  best=-inf wall=15.505h
  ep38 shard 3260/8600 loss=4.1e-05  best=-inf wall=15.51h
  ep38 shard 3261/8600 loss=4.1e-05  best=-inf wall=15.515h
  ep38 shard 3262/8600 loss=3.8e-05  best=-inf wall=15.52h
  ep38 shard 3263/8600 loss=4.8e-05  best=-inf wall=15.525h
  ep38 shard 3264/8600 loss=3.6e-05  best=-inf wall=15.531h
  ep38 shard 3265/8600 loss=3.6e-05  best=-inf wall=15.536h
  ep38 shard 3266/8600 loss=3.9e-05  best=-inf wall=15.541h
  ep38 shard 3267/8600 loss=3.4e-05  best=-inf wall=15.546h
  ep38 shard 3268/8600 loss=3.2e-05  best=-inf wall=15.551h
  saved epoch checkpoint -> experiments/exp029-longrun/combined100/checkpoints/ep38.pt
  ep39 shard 3269/8600 loss=3.4e-05  best=-inf wall=15.554h
  ep39 shard 3270/8600 loss=3.3e-05  best=-inf wall=15.557h
  ep39 shard 3271/8600 loss=4.6e-05  best=-inf wall=15.563h
  ep39 shard 3272/8600 loss=3.3e-05  best=-inf wall=15.568h
  ep39 shard 3273/8600 loss=3.1e-05  best=-inf wall=15.572h
  ep39 shard 3274/8600 loss=5.3e-05  best=-inf wall=15.577h
  ep39 shard 3275/8600 loss=3.4e-05  best=-inf wall=15.582h
  ep39 shard 3276/8600 loss=3.6e-05  best=-inf wall=15.585h
  ep39 shard 3277/8600 loss=3.3e-05  best=-inf wall=15.59h
  ep39 shard 3278/8600 loss=3.2e-05  best=-inf wall=15.596h
  ep39 shard 3279/8600 loss=3.6e-05  best=-inf wall=15.601h
  ep39 shard 3280/8600 loss=3.3e-05  best=-inf wall=15.606h
  ep39 shard 3281/8600 loss=4e-05  best=-inf wall=15.611h
  ep39 shard 3282/8600 loss=4e-05  best=-inf wall=15.616h
  ep39 shard 3283/8600 loss=4.8e-05  best=-inf wall=15.621h
  ep39 shard 3284/8600 loss=4.5e-05  best=-inf wall=15.626h
  ep39 shard 3285/8600 loss=3.5e-05  best=-inf wall=15.632h
  ep39 shard 3286/8600 loss=3.8e-05  best=-inf wall=15.637h
  ep39 shard 3287/8600 loss=3.2e-05  best=-inf wall=15.642h
  ep39 shard 3288/8600 loss=4.4e-05  best=-inf wall=15.644h
  ep39 shard 3289/8600 loss=3.4e-05  best=-inf wall=15.649h
  ep39 shard 3290/8600 loss=3.9e-05  best=-inf wall=15.654h
  ep39 shard 3291/8600 loss=3.2e-05  best=-inf wall=15.659h
  ep39 shard 3292/8600 loss=3.7e-05  best=-inf wall=15.664h
  ep39 shard 3293/8600 loss=5.5e-05  best=-inf wall=15.667h
  ep39 shard 3294/8600 loss=3.8e-05  best=-inf wall=15.67h
  ep39 shard 3295/8600 loss=4.2e-05  best=-inf wall=15.675h
  ep39 shard 3296/8600 loss=2.8e-05  best=-inf wall=15.68h
  ep39 shard 3297/8600 loss=3.9e-05  best=-inf wall=15.685h
  ep39 shard 3298/8600 loss=3.8e-05  best=-inf wall=15.691h
  ep39 shard 3299/8600 loss=3.6e-05  best=-inf wall=15.696h
  ep39 shard 3300/8600 loss=3.9e-05  best=-inf wall=15.701h
  ep39 shard 3301/8600 loss=3.1e-05  best=-inf wall=15.706h
  ep39 shard 3302/8600 loss=4.7e-05  best=-inf wall=15.711h
  ep39 shard 3303/8600 loss=3.6e-05  best=-inf wall=15.716h
  ep39 shard 3304/8600 loss=5e-05  best=-inf wall=15.72h
  ep39 shard 3305/8600 loss=6.3e-05  best=-inf wall=15.726h
  ep39 shard 3306/8600 loss=2.7e-05  best=-inf wall=15.731h
  ep39 shard 3307/8600 loss=5.1e-05  best=-inf wall=15.735h
  ep39 shard 3308/8600 loss=3.8e-05  best=-inf wall=15.74h
  ep39 shard 3309/8600 loss=2.5e-05  best=-inf wall=15.745h
  ep39 shard 3310/8600 loss=4e-05  best=-inf wall=15.751h
  ep39 shard 3311/8600 loss=3.7e-05  best=-inf wall=15.756h
  ep39 shard 3312/8600 loss=4e-05  best=-inf wall=15.76h
  ep39 shard 3313/8600 loss=3.9e-05  best=-inf wall=15.766h
  ep39 shard 3314/8600 loss=3.5e-05  best=-inf wall=15.767h
  ep39 shard 3315/8600 loss=4.2e-05  best=-inf wall=15.771h
  ep39 shard 3316/8600 loss=3.8e-05  best=-inf wall=15.776h
  ep39 shard 3317/8600 loss=4.8e-05  best=-inf wall=15.781h
  ep39 shard 3318/8600 loss=3.5e-05  best=-inf wall=15.787h
  ep39 shard 3319/8600 loss=4.6e-05  best=-inf wall=15.792h
  ep39 shard 3320/8600 loss=3.5e-05  best=-inf wall=15.797h
  ep39 shard 3321/8600 loss=4e-05  best=-inf wall=15.803h
  ep39 shard 3322/8600 loss=3.7e-05  best=-inf wall=15.808h
  ep39 shard 3323/8600 loss=2.5e-05  best=-inf wall=15.813h
  ep39 shard 3324/8600 loss=3.5e-05  best=-inf wall=15.817h
  ep39 shard 3325/8600 loss=3.2e-05  best=-inf wall=15.823h
  ep39 shard 3326/8600 loss=3.9e-05  best=-inf wall=15.828h
  ep39 shard 3327/8600 loss=2.9e-05  best=-inf wall=15.83h
  ep39 shard 3328/8600 loss=3e-05  best=-inf wall=15.835h
  ep39 shard 3329/8600 loss=5e-05  best=-inf wall=15.84h
  ep39 shard 3330/8600 loss=4.2e-05  best=-inf wall=15.843h
  ep39 shard 3331/8600 loss=3.7e-05  best=-inf wall=15.848h
  ep39 shard 3332/8600 loss=3.3e-05  best=-inf wall=15.851h
  ep39 shard 3333/8600 loss=3.3e-05  best=-inf wall=15.854h
  ep39 shard 3334/8600 loss=4.5e-05  best=-inf wall=15.859h
  ep39 shard 3335/8600 loss=3.7e-05  best=-inf wall=15.864h
  ep39 shard 3336/8600 loss=3.3e-05  best=-inf wall=15.869h
  ep39 shard 3337/8600 loss=4.5e-05  best=-inf wall=15.874h
  ep39 shard 3338/8600 loss=4.1e-05  best=-inf wall=15.88h
  ep39 shard 3339/8600 loss=2.6e-05  best=-inf wall=15.885h
  ep39 shard 3340/8600 loss=3e-05  best=-inf wall=15.887h
  ep39 shard 3341/8600 loss=3.4e-05  best=-inf wall=15.892h
  ep39 shard 3342/8600 loss=3.8e-05  best=-inf wall=15.897h
  ep39 shard 3343/8600 loss=4.2e-05  best=-inf wall=15.902h
  ep39 shard 3344/8600 loss=4.1e-05  best=-inf wall=15.908h
  ep39 shard 3345/8600 loss=4.1e-05  best=-inf wall=15.913h
  ep39 shard 3346/8600 loss=3.4e-05  best=-inf wall=15.916h
  ep39 shard 3347/8600 loss=4.3e-05  best=-inf wall=15.921h
  ep39 shard 3348/8600 loss=7.2e-05  best=-inf wall=15.926h
  ep39 shard 3349/8600 loss=3.5e-05  best=-inf wall=15.931h
  ep39 shard 3350/8600 loss=2.7e-05  best=-inf wall=15.937h
  ep39 shard 3351/8600 loss=4.5e-05  best=-inf wall=15.942h
  ep39 shard 3352/8600 loss=4.1e-05  best=-inf wall=15.947h
  ep39 shard 3353/8600 loss=3.3e-05  best=-inf wall=15.952h
  ep39 shard 3354/8600 loss=4.3e-05  best=-inf wall=15.957h
  saved epoch checkpoint -> experiments/exp029-longrun/combined100/checkpoints/ep39.pt
  ep40 shard 3355/8600 loss=3e-05  best=-inf wall=15.963h
  ep40 shard 3356/8600 loss=2.7e-05  best=-inf wall=15.968h
  ep40 shard 3357/8600 loss=3.4e-05  best=-inf wall=15.973h
  ep40 shard 3358/8600 loss=3.1e-05  best=-inf wall=15.978h
  ep40 shard 3359/8600 loss=4.7e-05  best=-inf wall=15.983h
  ep40 shard 3360/8600 loss=3.5e-05  best=-inf wall=15.987h
  ep40 shard 3361/8600 loss=3.8e-05  best=-inf wall=15.993h
  ep40 shard 3362/8600 loss=2.8e-05  best=-inf wall=15.998h
  ep40 shard 3363/8600 loss=4.1e-05  best=-inf wall=16.003h
  ep40 shard 3364/8600 loss=3.6e-05  best=-inf wall=16.008h
  ep40 shard 3365/8600 loss=2.7e-05  best=-inf wall=16.013h
  ep40 shard 3366/8600 loss=3e-05  best=-inf wall=16.018h
  ep40 shard 3367/8600 loss=4.2e-05  best=-inf wall=16.024h
  ep40 shard 3368/8600 loss=2.5e-05  best=-inf wall=16.029h
  ep40 shard 3369/8600 loss=3.3e-05  best=-inf wall=16.033h
  ep40 shard 3370/8600 loss=3.3e-05  best=-inf wall=16.038h
  ep40 shard 3371/8600 loss=4e-05  best=-inf wall=16.041h
  ep40 shard 3372/8600 loss=3.8e-05  best=-inf wall=16.046h
  ep40 shard 3373/8600 loss=3.6e-05  best=-inf wall=16.051h
  ep40 shard 3374/8600 loss=4.2e-05  best=-inf wall=16.056h
  ep40 shard 3375/8600 loss=3.1e-05  best=-inf wall=16.062h
  ep40 shard 3376/8600 loss=2.9e-05  best=-inf wall=16.067h
  ep40 shard 3377/8600 loss=3.2e-05  best=-inf wall=16.072h
  ep40 shard 3378/8600 loss=3.6e-05  best=-inf wall=16.077h
  ep40 shard 3379/8600 loss=3.5e-05  best=-inf wall=16.082h
  ep40 shard 3380/8600 loss=3.6e-05  best=-inf wall=16.088h
  ep40 shard 3381/8600 loss=3.7e-05  best=-inf wall=16.093h
  ep40 shard 3382/8600 loss=3.9e-05  best=-inf wall=16.096h
  ep40 shard 3383/8600 loss=2.8e-05  best=-inf wall=16.101h
  ep40 shard 3384/8600 loss=3.5e-05  best=-inf wall=16.106h
  ep40 shard 3385/8600 loss=3.3e-05  best=-inf wall=16.109h
  ep40 shard 3386/8600 loss=3.6e-05  best=-inf wall=16.114h
  ep40 shard 3387/8600 loss=4e-05  best=-inf wall=16.117h
  ep40 shard 3388/8600 loss=3.7e-05  best=-inf wall=16.122h
  ep40 shard 3389/8600 loss=5e-05  best=-inf wall=16.127h
  ep40 shard 3390/8600 loss=4e-05  best=-inf wall=16.132h
  ep40 shard 3391/8600 loss=2.9e-05  best=-inf wall=16.135h
  ep40 shard 3392/8600 loss=3.5e-05  best=-inf wall=16.141h
  ep40 shard 3393/8600 loss=3.2e-05  best=-inf wall=16.146h
  ep40 shard 3394/8600 loss=2.3e-05  best=-inf wall=16.151h
  ep40 shard 3395/8600 loss=4.4e-05  best=-inf wall=16.156h
  ep40 shard 3396/8600 loss=4.1e-05  best=-inf wall=16.162h
  ep40 shard 3397/8600 loss=4e-05  best=-inf wall=16.165h
  ep40 shard 3398/8600 loss=3.2e-05  best=-inf wall=16.17h
  ep40 shard 3399/8600 loss=3.9e-05  best=-inf wall=16.175h
  ep40 shard 3400/8600 loss=3.5e-05  best=-inf wall=16.18h
  ep40 shard 3401/8600 loss=3.9e-05  best=-inf wall=16.186h
  ep40 shard 3402/8600 loss=4.2e-05  best=-inf wall=16.191h
  ep40 shard 3403/8600 loss=3.6e-05  best=-inf wall=16.196h
  ep40 shard 3404/8600 loss=4.7e-05  best=-inf wall=16.198h
  ep40 shard 3405/8600 loss=3.7e-05  best=-inf wall=16.203h
  ep40 shard 3406/8600 loss=4.4e-05  best=-inf wall=16.208h
  ep40 shard 3407/8600 loss=3.5e-05  best=-inf wall=16.213h
  ep40 shard 3408/8600 loss=3.7e-05  best=-inf wall=16.216h
  ep40 shard 3409/8600 loss=4.3e-05  best=-inf wall=16.22h
  ep40 shard 3410/8600 loss=3.7e-05  best=-inf wall=16.225h
  ep40 shard 3411/8600 loss=4.6e-05  best=-inf wall=16.231h
  ep40 shard 3412/8600 loss=3.7e-05  best=-inf wall=16.236h
  ep40 shard 3413/8600 loss=3.2e-05  best=-inf wall=16.24h
  ep40 shard 3414/8600 loss=4.9e-05  best=-inf wall=16.242h
  ep40 shard 3415/8600 loss=3.4e-05  best=-inf wall=16.247h
  ep40 shard 3416/8600 loss=4.2e-05  best=-inf wall=16.252h
  ep40 shard 3417/8600 loss=3.5e-05  best=-inf wall=16.257h
  ep40 shard 3418/8600 loss=3.9e-05  best=-inf wall=16.263h
  ep40 shard 3419/8600 loss=3.4e-05  best=-inf wall=16.268h
  ep40 shard 3420/8600 loss=3.7e-05  best=-inf wall=16.273h
  ep40 shard 3421/8600 loss=3.3e-05  best=-inf wall=16.278h
  ep40 shard 3422/8600 loss=2.7e-05  best=-inf wall=16.283h
  ep40 shard 3423/8600 loss=3.5e-05  best=-inf wall=16.288h
  ep40 shard 3424/8600 loss=3.6e-05  best=-inf wall=16.293h
  ep40 shard 3425/8600 loss=4.4e-05  best=-inf wall=16.296h
  ep40 shard 3426/8600 loss=2.6e-05  best=-inf wall=16.301h
  ep40 shard 3427/8600 loss=3.7e-05  best=-inf wall=16.303h
  ep40 shard 3428/8600 loss=3.5e-05  best=-inf wall=16.308h
  ep40 shard 3429/8600 loss=3.5e-05  best=-inf wall=16.314h
  ep40 shard 3430/8600 loss=4.3e-05  best=-inf wall=16.319h
  ep40 shard 3431/8600 loss=4.4e-05  best=-inf wall=16.322h
  ep40 shard 3432/8600 loss=4e-05  best=-inf wall=16.326h
  ep40 shard 3433/8600 loss=3.9e-05  best=-inf wall=16.331h
  ep40 shard 3434/8600 loss=2.4e-05  best=-inf wall=16.337h
  ep40 shard 3435/8600 loss=4.6e-05  best=-inf wall=16.342h
  ep40 shard 3436/8600 loss=5.7e-05  best=-inf wall=16.347h
  ep40 shard 3437/8600 loss=4.3e-05  best=-inf wall=16.352h
  ep40 shard 3438/8600 loss=3.9e-05  best=-inf wall=16.356h
  ep40 shard 3439/8600 loss=3.5e-05  best=-inf wall=16.358h
  ep40 shard 3440/8600 loss=3.6e-05  best=-inf wall=16.363h
  saved epoch checkpoint -> experiments/exp029-longrun/combined100/checkpoints/ep40.pt
  ep41 shard 3441/8600 loss=3.1e-05  best=-inf wall=16.368h
  ep41 shard 3442/8600 loss=2.9e-05  best=-inf wall=16.373h
  ep41 shard 3443/8600 loss=3e-05  best=-inf wall=16.378h
  ep41 shard 3444/8600 loss=3.5e-05  best=-inf wall=16.384h
  ep41 shard 3445/8600 loss=3.9e-05  best=-inf wall=16.387h
  ep41 shard 3446/8600 loss=3.9e-05  best=-inf wall=16.392h
  ep41 shard 3447/8600 loss=3.6e-05  best=-inf wall=16.397h
  ep41 shard 3448/8600 loss=3e-05  best=-inf wall=16.399h
  ep41 shard 3449/8600 loss=5.3e-05  best=-inf wall=16.404h
  ep41 shard 3450/8600 loss=4e-05  best=-inf wall=16.409h
  ep41 shard 3451/8600 loss=3.9e-05  best=-inf wall=16.415h
  ep41 shard 3452/8600 loss=3.7e-05  best=-inf wall=16.42h
  ep41 shard 3453/8600 loss=4.2e-05  best=-inf wall=16.421h
  ep41 shard 3454/8600 loss=2.9e-05  best=-inf wall=16.427h
  ep41 shard 3455/8600 loss=4.6e-05  best=-inf wall=16.432h
  ep41 shard 3456/8600 loss=2.9e-05  best=-inf wall=16.435h
  ep41 shard 3457/8600 loss=5e-05  best=-inf wall=16.44h
  ep41 shard 3458/8600 loss=3.5e-05  best=-inf wall=16.445h
  ep41 shard 3459/8600 loss=3.6e-05  best=-inf wall=16.45h
  ep41 shard 3460/8600 loss=3.9e-05  best=-inf wall=16.455h
  ep41 shard 3461/8600 loss=3.7e-05  best=-inf wall=16.46h
  ep41 shard 3462/8600 loss=3.4e-05  best=-inf wall=16.465h
  ep41 shard 3463/8600 loss=3.4e-05  best=-inf wall=16.47h
  ep41 shard 3464/8600 loss=3.7e-05  best=-inf wall=16.475h
  ep41 shard 3465/8600 loss=3.2e-05  best=-inf wall=16.48h
  ep41 shard 3466/8600 loss=4.5e-05  best=-inf wall=16.484h
  ep41 shard 3467/8600 loss=5.5e-05  best=-inf wall=16.49h
  ep41 shard 3468/8600 loss=3.5e-05  best=-inf wall=16.495h
  ep41 shard 3469/8600 loss=3.6e-05  best=-inf wall=16.498h
  ep41 shard 3470/8600 loss=3.6e-05  best=-inf wall=16.503h
  ep41 shard 3471/8600 loss=3.4e-05  best=-inf wall=16.508h
  ep41 shard 3472/8600 loss=3.5e-05  best=-inf wall=16.513h
  ep41 shard 3473/8600 loss=2.7e-05  best=-inf wall=16.519h
  ep41 shard 3474/8600 loss=4.1e-05  best=-inf wall=16.522h
  ep41 shard 3475/8600 loss=4.6e-05  best=-inf wall=16.524h
  ep41 shard 3476/8600 loss=4.9e-05  best=-inf wall=16.53h
  ep41 shard 3477/8600 loss=4.6e-05  best=-inf wall=16.535h
  ep41 shard 3478/8600 loss=3.9e-05  best=-inf wall=16.54h
  ep41 shard 3479/8600 loss=3.5e-05  best=-inf wall=16.543h
  ep41 shard 3480/8600 loss=4.3e-05  best=-inf wall=16.549h
  ep41 shard 3481/8600 loss=3.6e-05  best=-inf wall=16.554h
  ep41 shard 3482/8600 loss=3.7e-05  best=-inf wall=16.559h
  ep41 shard 3483/8600 loss=2.8e-05  best=-inf wall=16.564h
  ep41 shard 3484/8600 loss=3.5e-05  best=-inf wall=16.567h
  ep41 shard 3485/8600 loss=3.2e-05  best=-inf wall=16.572h
  ep41 shard 3486/8600 loss=3.4e-05  best=-inf wall=16.577h
  ep41 shard 3487/8600 loss=4.4e-05  best=-inf wall=16.583h
  ep41 shard 3488/8600 loss=3.9e-05  best=-inf wall=16.588h
  ep41 shard 3489/8600 loss=3.9e-05  best=-inf wall=16.593h
  ep41 shard 3490/8600 loss=5.5e-05  best=-inf wall=16.599h
  ep41 shard 3491/8600 loss=3.7e-05  best=-inf wall=16.602h
  ep41 shard 3492/8600 loss=3.7e-05  best=-inf wall=16.607h
  ep41 shard 3493/8600 loss=4.1e-05  best=-inf wall=16.612h
  ep41 shard 3494/8600 loss=3.7e-05  best=-inf wall=16.617h
  ep41 shard 3495/8600 loss=4.3e-05  best=-inf wall=16.62h
  ep41 shard 3496/8600 loss=3.9e-05  best=-inf wall=16.623h
  ep41 shard 3497/8600 loss=4.2e-05  best=-inf wall=16.628h
  ep41 shard 3498/8600 loss=3.8e-05  best=-inf wall=16.633h
  ep41 shard 3499/8600 loss=3.8e-05  best=-inf wall=16.638h
  ep41 shard 3500/8600 loss=5.2e-05  best=-inf wall=16.643h
  ep41 shard 3501/8600 loss=3.4e-05  best=-inf wall=16.648h
  ep41 shard 3502/8600 loss=2.9e-05  best=-inf wall=16.653h
  ep41 shard 3503/8600 loss=3.8e-05  best=-inf wall=16.658h
  ep41 shard 3504/8600 loss=3.8e-05  best=-inf wall=16.664h
  ep41 shard 3505/8600 loss=3.2e-05  best=-inf wall=16.668h
  ep41 shard 3506/8600 loss=3.1e-05  best=-inf wall=16.673h
  ep41 shard 3507/8600 loss=4e-05  best=-inf wall=16.677h
  ep41 shard 3508/8600 loss=4e-05  best=-inf wall=16.682h
  ep41 shard 3509/8600 loss=4.4e-05  best=-inf wall=16.687h
  ep41 shard 3510/8600 loss=3.5e-05  best=-inf wall=16.692h
  ep41 shard 3511/8600 loss=3.4e-05  best=-inf wall=16.696h
  ep41 shard 3512/8600 loss=4.6e-05  best=-inf wall=16.702h
  ep41 shard 3513/8600 loss=3.3e-05  best=-inf wall=16.707h
  ep41 shard 3514/8600 loss=3e-05  best=-inf wall=16.712h
  ep41 shard 3515/8600 loss=3.3e-05  best=-inf wall=16.717h
  ep41 shard 3516/8600 loss=3e-05  best=-inf wall=16.721h
  ep41 shard 3517/8600 loss=4.1e-05  best=-inf wall=16.727h
  ep41 shard 3518/8600 loss=3.5e-05  best=-inf wall=16.732h
  ep41 shard 3519/8600 loss=3.4e-05  best=-inf wall=16.737h
  ep41 shard 3520/8600 loss=4.8e-05  best=-inf wall=16.742h
  ep41 shard 3521/8600 loss=5.1e-05  best=-inf wall=16.746h
  ep41 shard 3522/8600 loss=3.6e-05  best=-inf wall=16.751h
  ep41 shard 3523/8600 loss=4e-05  best=-inf wall=16.753h
  ep41 shard 3524/8600 loss=3.9e-05  best=-inf wall=16.758h
  ep41 shard 3525/8600 loss=3.4e-05  best=-inf wall=16.763h
  ep41 shard 3526/8600 loss=3.8e-05  best=-inf wall=16.768h
  saved epoch checkpoint -> experiments/exp029-longrun/combined100/checkpoints/ep41.pt
  ep42 shard 3527/8600 loss=3.5e-05  best=-inf wall=16.774h
  ep42 shard 3528/8600 loss=3.3e-05  best=-inf wall=16.776h
  ep42 shard 3529/8600 loss=3.1e-05  best=-inf wall=16.781h
  ep42 shard 3530/8600 loss=4.3e-05  best=-inf wall=16.787h
  ep42 shard 3531/8600 loss=3.8e-05  best=-inf wall=16.792h
  ep42 shard 3532/8600 loss=3e-05  best=-inf wall=16.793h
  ep42 shard 3533/8600 loss=5e-05  best=-inf wall=16.799h
  ep42 shard 3534/8600 loss=3.4e-05  best=-inf wall=16.804h
  ep42 shard 3535/8600 loss=3.5e-05  best=-inf wall=16.809h
  ep42 shard 3536/8600 loss=4.1e-05  best=-inf wall=16.814h
  ep42 shard 3537/8600 loss=5.3e-05  best=-inf wall=16.82h
  ep42 shard 3538/8600 loss=3.6e-05  best=-inf wall=16.825h
  ep42 shard 3539/8600 loss=2.9e-05  best=-inf wall=16.83h
  ep42 shard 3540/8600 loss=3.9e-05  best=-inf wall=16.834h
  ep42 shard 3541/8600 loss=2.8e-05  best=-inf wall=16.838h
  ep42 shard 3542/8600 loss=3.1e-05  best=-inf wall=16.843h
  ep42 shard 3543/8600 loss=3.3e-05  best=-inf wall=16.848h
  ep42 shard 3544/8600 loss=3.9e-05  best=-inf wall=16.854h
  ep42 shard 3545/8600 loss=4.4e-05  best=-inf wall=16.857h
  ep42 shard 3546/8600 loss=3.9e-05  best=-inf wall=16.861h
  ep42 shard 3547/8600 loss=4.9e-05  best=-inf wall=16.866h
  ep42 shard 3548/8600 loss=3.1e-05  best=-inf wall=16.871h
  ep42 shard 3549/8600 loss=3.6e-05  best=-inf wall=16.876h
  ep42 shard 3550/8600 loss=3.5e-05  best=-inf wall=16.879h
  ep42 shard 3551/8600 loss=3.2e-05  best=-inf wall=16.885h
  ep42 shard 3552/8600 loss=3.3e-05  best=-inf wall=16.888h
  ep42 shard 3553/8600 loss=3.5e-05  best=-inf wall=16.893h
  ep42 shard 3554/8600 loss=3.2e-05  best=-inf wall=16.896h
  ep42 shard 3555/8600 loss=3.5e-05  best=-inf wall=16.901h
  ep42 shard 3556/8600 loss=4.2e-05  best=-inf wall=16.906h
  ep42 shard 3557/8600 loss=3.6e-05  best=-inf wall=16.912h
  ep42 shard 3558/8600 loss=4e-05  best=-inf wall=16.917h
  ep42 shard 3559/8600 loss=4.8e-05  best=-inf wall=16.922h
  ep42 shard 3560/8600 loss=3.7e-05  best=-inf wall=16.925h
  ep42 shard 3561/8600 loss=5.1e-05  best=-inf wall=16.931h
  ep42 shard 3562/8600 loss=3.5e-05  best=-inf wall=16.932h
  ep42 shard 3563/8600 loss=3.9e-05  best=-inf wall=16.938h
  ep42 shard 3564/8600 loss=3.7e-05  best=-inf wall=16.943h
  ep42 shard 3565/8600 loss=4.1e-05  best=-inf wall=16.948h
  ep42 shard 3566/8600 loss=3.9e-05  best=-inf wall=16.954h
  ep42 shard 3567/8600 loss=3.8e-05  best=-inf wall=16.959h
  ep42 shard 3568/8600 loss=5.5e-05  best=-inf wall=16.964h
  ep42 shard 3569/8600 loss=4.3e-05  best=-inf wall=16.967h
  ep42 shard 3570/8600 loss=4.8e-05  best=-inf wall=16.972h
  ep42 shard 3571/8600 loss=4.2e-05  best=-inf wall=16.977h
  ep42 shard 3572/8600 loss=3.8e-05  best=-inf wall=16.983h
  ep42 shard 3573/8600 loss=3.7e-05  best=-inf wall=16.986h
  ep42 shard 3574/8600 loss=3.5e-05  best=-inf wall=16.991h
  ep42 shard 3575/8600 loss=4.6e-05  best=-inf wall=16.996h
  ep42 shard 3576/8600 loss=4.2e-05  best=-inf wall=16.999h
  ep42 shard 3577/8600 loss=2.8e-05  best=-inf wall=17.004h
  ep42 shard 3578/8600 loss=3.6e-05  best=-inf wall=17.009h
  ep42 shard 3579/8600 loss=3.8e-05  best=-inf wall=17.014h
  ep42 shard 3580/8600 loss=3.5e-05  best=-inf wall=17.019h
  ep42 shard 3581/8600 loss=3.9e-05  best=-inf wall=17.025h
  ep42 shard 3582/8600 loss=2.7e-05  best=-inf wall=17.03h
  ep42 shard 3583/8600 loss=3.3e-05  best=-inf wall=17.031h
  ep42 shard 3584/8600 loss=3.1e-05  best=-inf wall=17.036h
  ep42 shard 3585/8600 loss=3.7e-05  best=-inf wall=17.042h
  ep42 shard 3586/8600 loss=3.6e-05  best=-inf wall=17.046h
  ep42 shard 3587/8600 loss=4.4e-05  best=-inf wall=17.051h
  ep42 shard 3588/8600 loss=5.1e-05  best=-inf wall=17.055h
  ep42 shard 3589/8600 loss=3.8e-05  best=-inf wall=17.058h
  ep42 shard 3590/8600 loss=3.6e-05  best=-inf wall=17.063h
  ep42 shard 3591/8600 loss=3.4e-05  best=-inf wall=17.068h
  ep42 shard 3592/8600 loss=3.5e-05  best=-inf wall=17.073h
  ep42 shard 3593/8600 loss=3e-05  best=-inf wall=17.078h
  ep42 shard 3594/8600 loss=3.9e-05  best=-inf wall=17.083h
  ep42 shard 3595/8600 loss=3.3e-05  best=-inf wall=17.089h
  ep42 shard 3596/8600 loss=3.1e-05  best=-inf wall=17.094h
  ep42 shard 3597/8600 loss=4e-05  best=-inf wall=17.099h
  ep42 shard 3598/8600 loss=2.6e-05  best=-inf wall=17.103h
  ep42 shard 3599/8600 loss=3.8e-05  best=-inf wall=17.108h
  ep42 shard 3600/8600 loss=3.7e-05  best=-inf wall=17.113h
  ep42 shard 3601/8600 loss=3.5e-05  best=-inf wall=17.119h
  ep42 shard 3602/8600 loss=3.8e-05  best=-inf wall=17.123h
  ep42 shard 3603/8600 loss=3.2e-05  best=-inf wall=17.128h
  ep42 shard 3604/8600 loss=4.4e-05  best=-inf wall=17.133h
  ep42 shard 3605/8600 loss=3.8e-05  best=-inf wall=17.138h
  ep42 shard 3606/8600 loss=2.3e-05  best=-inf wall=17.143h
  ep42 shard 3607/8600 loss=2.5e-05  best=-inf wall=17.149h
  ep42 shard 3608/8600 loss=4.2e-05  best=-inf wall=17.154h
  ep42 shard 3609/8600 loss=3.6e-05  best=-inf wall=17.159h
  ep42 shard 3610/8600 loss=3.4e-05  best=-inf wall=17.164h
  ep42 shard 3611/8600 loss=3.6e-05  best=-inf wall=17.169h
  ep42 shard 3612/8600 loss=4.3e-05  best=-inf wall=17.174h
  saved epoch checkpoint -> experiments/exp029-longrun/combined100/checkpoints/ep42.pt
  ep43 shard 3613/8600 loss=4.1e-05  best=-inf wall=17.179h
  ep43 shard 3614/8600 loss=4.5e-05  best=-inf wall=17.183h
  ep43 shard 3615/8600 loss=3.1e-05  best=-inf wall=17.186h
  ep43 shard 3616/8600 loss=3.3e-05  best=-inf wall=17.192h
  ep43 shard 3617/8600 loss=3.5e-05  best=-inf wall=17.197h
  ep43 shard 3618/8600 loss=3.5e-05  best=-inf wall=17.202h
  ep43 shard 3619/8600 loss=2.7e-05  best=-inf wall=17.207h
  ep43 shard 3620/8600 loss=4e-05  best=-inf wall=17.213h
  ep43 shard 3621/8600 loss=3.4e-05  best=-inf wall=17.218h
  ep43 shard 3622/8600 loss=3.2e-05  best=-inf wall=17.221h
  ep43 shard 3623/8600 loss=4.5e-05  best=-inf wall=17.226h
  ep43 shard 3624/8600 loss=3e-05  best=-inf wall=17.23h
  ep43 shard 3625/8600 loss=3.2e-05  best=-inf wall=17.235h
  ep43 shard 3626/8600 loss=3.7e-05  best=-inf wall=17.24h
  ep43 shard 3627/8600 loss=3.6e-05  best=-inf wall=17.246h
  ep43 shard 3628/8600 loss=3.4e-05  best=-inf wall=17.251h
  ep43 shard 3629/8600 loss=3.9e-05  best=-inf wall=17.256h
  ep43 shard 3630/8600 loss=3.8e-05  best=-inf wall=17.259h
  ep43 shard 3631/8600 loss=3.1e-05  best=-inf wall=17.264h
  ep43 shard 3632/8600 loss=3.4e-05  best=-inf wall=17.267h
  ep43 shard 3633/8600 loss=4.3e-05  best=-inf wall=17.273h
  ep43 shard 3634/8600 loss=3.9e-05  best=-inf wall=17.278h
  ep43 shard 3635/8600 loss=3.5e-05  best=-inf wall=17.283h
  ep43 shard 3636/8600 loss=3e-05  best=-inf wall=17.287h
  ep43 shard 3637/8600 loss=4.2e-05  best=-inf wall=17.293h
  ep43 shard 3638/8600 loss=3.5e-05  best=-inf wall=17.298h
  ep43 shard 3639/8600 loss=3.9e-05  best=-inf wall=17.301h
  ep43 shard 3640/8600 loss=3.1e-05  best=-inf wall=17.303h
  ep43 shard 3641/8600 loss=4.9e-05  best=-inf wall=17.308h
  ep43 shard 3642/8600 loss=4.3e-05  best=-inf wall=17.313h
  ep43 shard 3643/8600 loss=4e-05  best=-inf wall=17.318h
  ep43 shard 3644/8600 loss=3.6e-05  best=-inf wall=17.323h
  ep43 shard 3645/8600 loss=3.5e-05  best=-inf wall=17.325h
  ep43 shard 3646/8600 loss=3.3e-05  best=-inf wall=17.329h
  ep43 shard 3647/8600 loss=5.1e-05  best=-inf wall=17.334h
  ep43 shard 3648/8600 loss=3.8e-05  best=-inf wall=17.339h
  ep43 shard 3649/8600 loss=4.9e-05  best=-inf wall=17.345h
  ep43 shard 3650/8600 loss=2.9e-05  best=-inf wall=17.35h
  ep43 shard 3651/8600 loss=3e-05  best=-inf wall=17.355h
  ep43 shard 3652/8600 loss=3.7e-05  best=-inf wall=17.36h
  ep43 shard 3653/8600 loss=3.5e-05  best=-inf wall=17.365h
  ep43 shard 3654/8600 loss=3.4e-05  best=-inf wall=17.37h
  ep43 shard 3655/8600 loss=3.1e-05  best=-inf wall=17.372h
  ep43 shard 3656/8600 loss=3.7e-05  best=-inf wall=17.375h
  ep43 shard 3657/8600 loss=4.2e-05  best=-inf wall=17.379h
  ep43 shard 3658/8600 loss=2.4e-05  best=-inf wall=17.384h
  ep43 shard 3659/8600 loss=3.5e-05  best=-inf wall=17.388h
  ep43 shard 3660/8600 loss=4.1e-05  best=-inf wall=17.393h
  ep43 shard 3661/8600 loss=4.2e-05  best=-inf wall=17.399h
  ep43 shard 3662/8600 loss=3.7e-05  best=-inf wall=17.402h
  ep43 shard 3663/8600 loss=4.2e-05  best=-inf wall=17.407h
  ep43 shard 3664/8600 loss=4.3e-05  best=-inf wall=17.413h
  ep43 shard 3665/8600 loss=4.3e-05  best=-inf wall=17.418h
  ep43 shard 3666/8600 loss=3.7e-05  best=-inf wall=17.423h
  ep43 shard 3667/8600 loss=3.3e-05  best=-inf wall=17.428h
  ep43 shard 3668/8600 loss=4.9e-05  best=-inf wall=17.434h
  ep43 shard 3669/8600 loss=4e-05  best=-inf wall=17.439h
  ep43 shard 3670/8600 loss=3.4e-05  best=-inf wall=17.444h
  ep43 shard 3671/8600 loss=3.2e-05  best=-inf wall=17.449h
  ep43 shard 3672/8600 loss=4.6e-05  best=-inf wall=17.454h
  ep43 shard 3673/8600 loss=2.6e-05  best=-inf wall=17.459h
  ep43 shard 3674/8600 loss=4.7e-05  best=-inf wall=17.464h
  ep43 shard 3675/8600 loss=3.4e-05  best=-inf wall=17.47h
  ep43 shard 3676/8600 loss=3.9e-05  best=-inf wall=17.475h
  ep43 shard 3677/8600 loss=4.1e-05  best=-inf wall=17.48h
  ep43 shard 3678/8600 loss=4.3e-05  best=-inf wall=17.485h
  ep43 shard 3679/8600 loss=4.2e-05  best=-inf wall=17.49h
  ep43 shard 3680/8600 loss=3.6e-05  best=-inf wall=17.495h
  ep43 shard 3681/8600 loss=3.5e-05  best=-inf wall=17.501h
  ep43 shard 3682/8600 loss=3.3e-05  best=-inf wall=17.506h
  ep43 shard 3683/8600 loss=4.1e-05  best=-inf wall=17.511h
  ep43 shard 3684/8600 loss=3.9e-05  best=-inf wall=17.516h
  ep43 shard 3685/8600 loss=2.9e-05  best=-inf wall=17.521h
  ep43 shard 3686/8600 loss=4.5e-05  best=-inf wall=17.524h
  ep43 shard 3687/8600 loss=3.2e-05  best=-inf wall=17.529h
  ep43 shard 3688/8600 loss=2.9e-05  best=-inf wall=17.534h
  ep43 shard 3689/8600 loss=2.5e-05  best=-inf wall=17.54h
  ep43 shard 3690/8600 loss=2.6e-05  best=-inf wall=17.544h
  ep43 shard 3691/8600 loss=3.5e-05  best=-inf wall=17.549h
  ep43 shard 3692/8600 loss=3.8e-05  best=-inf wall=17.551h
  ep43 shard 3693/8600 loss=3e-05  best=-inf wall=17.555h
  ep43 shard 3694/8600 loss=3.6e-05  best=-inf wall=17.561h
  ep43 shard 3695/8600 loss=3.9e-05  best=-inf wall=17.563h
  ep43 shard 3696/8600 loss=3.5e-05  best=-inf wall=17.568h
  ep43 shard 3697/8600 loss=3.8e-05  best=-inf wall=17.573h
  ep43 shard 3698/8600 loss=2.9e-05  best=-inf wall=17.578h
  saved epoch checkpoint -> experiments/exp029-longrun/combined100/checkpoints/ep43.pt
  ep44 shard 3699/8600 loss=3.9e-05  best=-inf wall=17.584h
  ep44 shard 3700/8600 loss=3.6e-05  best=-inf wall=17.589h
  ep44 shard 3701/8600 loss=3.6e-05  best=-inf wall=17.594h
  ep44 shard 3702/8600 loss=3.6e-05  best=-inf wall=17.599h
  ep44 shard 3703/8600 loss=3.2e-05  best=-inf wall=17.604h
  ep44 shard 3704/8600 loss=3.9e-05  best=-inf wall=17.609h
  ep44 shard 3705/8600 loss=3.4e-05  best=-inf wall=17.614h
  ep44 shard 3706/8600 loss=3.5e-05  best=-inf wall=17.619h
  ep44 shard 3707/8600 loss=3.3e-05  best=-inf wall=17.622h
  ep44 shard 3708/8600 loss=3.4e-05  best=-inf wall=17.628h
  ep44 shard 3709/8600 loss=2.9e-05  best=-inf wall=17.633h
  ep44 shard 3710/8600 loss=3.6e-05  best=-inf wall=17.638h
  ep44 shard 3711/8600 loss=4.2e-05  best=-inf wall=17.643h
  ep44 shard 3712/8600 loss=3e-05  best=-inf wall=17.649h
  ep44 shard 3713/8600 loss=3.2e-05  best=-inf wall=17.654h
  ep44 shard 3714/8600 loss=2.8e-05  best=-inf wall=17.659h
  ep44 shard 3715/8600 loss=3.3e-05  best=-inf wall=17.664h
  ep44 shard 3716/8600 loss=3.4e-05  best=-inf wall=17.669h
  ep44 shard 3717/8600 loss=4.5e-05  best=-inf wall=17.674h
  ep44 shard 3718/8600 loss=2.2e-05  best=-inf wall=17.68h
  ep44 shard 3719/8600 loss=3.2e-05  best=-inf wall=17.685h
  ep44 shard 3720/8600 loss=5.2e-05  best=-inf wall=17.69h
  ep44 shard 3721/8600 loss=2.8e-05  best=-inf wall=17.695h
  ep44 shard 3722/8600 loss=3.8e-05  best=-inf wall=17.7h
  ep44 shard 3723/8600 loss=4.5e-05  best=-inf wall=17.703h
  ep44 shard 3724/8600 loss=3.7e-05  best=-inf wall=17.708h
  ep44 shard 3725/8600 loss=3.4e-05  best=-inf wall=17.712h
  ep44 shard 3726/8600 loss=3.1e-05  best=-inf wall=17.718h
  ep44 shard 3727/8600 loss=3.1e-05  best=-inf wall=17.723h
  ep44 shard 3728/8600 loss=3.7e-05  best=-inf wall=17.726h
  ep44 shard 3729/8600 loss=4.5e-05  best=-inf wall=17.731h
  ep44 shard 3730/8600 loss=4.3e-05  best=-inf wall=17.736h
  ep44 shard 3731/8600 loss=3.2e-05  best=-inf wall=17.738h
  ep44 shard 3732/8600 loss=2.9e-05  best=-inf wall=17.743h
  ep44 shard 3733/8600 loss=3.3e-05  best=-inf wall=17.748h
  ep44 shard 3734/8600 loss=4e-05  best=-inf wall=17.754h
  ep44 shard 3735/8600 loss=3.3e-05  best=-inf wall=17.757h
  ep44 shard 3736/8600 loss=4.2e-05  best=-inf wall=17.762h
  ep44 shard 3737/8600 loss=4.3e-05  best=-inf wall=17.767h
  ep44 shard 3738/8600 loss=2.2e-05  best=-inf wall=17.772h
  ep44 shard 3739/8600 loss=3.6e-05  best=-inf wall=17.776h
  ep44 shard 3740/8600 loss=3.3e-05  best=-inf wall=17.778h
  ep44 shard 3741/8600 loss=2.5e-05  best=-inf wall=17.784h
  ep44 shard 3742/8600 loss=2.2e-05  best=-inf wall=17.789h
  ep44 shard 3743/8600 loss=3.8e-05  best=-inf wall=17.794h
  ep44 shard 3744/8600 loss=3.5e-05  best=-inf wall=17.799h
  ep44 shard 3745/8600 loss=3.8e-05  best=-inf wall=17.804h
  ep44 shard 3746/8600 loss=4e-05  best=-inf wall=17.809h
  ep44 shard 3747/8600 loss=4.4e-05  best=-inf wall=17.815h
  ep44 shard 3748/8600 loss=3.1e-05  best=-inf wall=17.819h
  ep44 shard 3749/8600 loss=2.8e-05  best=-inf wall=17.824h
  ep44 shard 3750/8600 loss=2.9e-05  best=-inf wall=17.829h
  ep44 shard 3751/8600 loss=3e-05  best=-inf wall=17.834h
  ep44 shard 3752/8600 loss=4.1e-05  best=-inf wall=17.839h
  ep44 shard 3753/8600 loss=5.4e-05  best=-inf wall=17.844h
  ep44 shard 3754/8600 loss=3.1e-05  best=-inf wall=17.849h
  ep44 shard 3755/8600 loss=2.8e-05  best=-inf wall=17.854h
  ep44 shard 3756/8600 loss=3.3e-05  best=-inf wall=17.859h
  ep44 shard 3757/8600 loss=2.8e-05  best=-inf wall=17.864h
  ep44 shard 3758/8600 loss=4.5e-05  best=-inf wall=17.87h
  ep44 shard 3759/8600 loss=3.3e-05  best=-inf wall=17.872h
  ep44 shard 3760/8600 loss=3.8e-05  best=-inf wall=17.876h
  ep44 shard 3761/8600 loss=3.1e-05  best=-inf wall=17.882h
  ep44 shard 3762/8600 loss=3.6e-05  best=-inf wall=17.883h
  ep44 shard 3763/8600 loss=4.2e-05  best=-inf wall=17.888h
  ep44 shard 3764/8600 loss=2.7e-05  best=-inf wall=17.893h
  ep44 shard 3765/8600 loss=3.4e-05  best=-inf wall=17.897h
  ep44 shard 3766/8600 loss=4.1e-05  best=-inf wall=17.903h
  ep44 shard 3767/8600 loss=3.2e-05  best=-inf wall=17.905h
  ep44 shard 3768/8600 loss=3.6e-05  best=-inf wall=17.908h
  ep44 shard 3769/8600 loss=3.7e-05  best=-inf wall=17.913h
  ep44 shard 3770/8600 loss=3.3e-05  best=-inf wall=17.918h
  ep44 shard 3771/8600 loss=3.9e-05  best=-inf wall=17.924h
  ep44 shard 3772/8600 loss=4.3e-05  best=-inf wall=17.928h
  ep44 shard 3773/8600 loss=3.6e-05  best=-inf wall=17.933h
  ep44 shard 3774/8600 loss=3.4e-05  best=-inf wall=17.935h
  ep44 shard 3775/8600 loss=4e-05  best=-inf wall=17.94h
  ep44 shard 3776/8600 loss=3.4e-05  best=-inf wall=17.943h
  ep44 shard 3777/8600 loss=2.7e-05  best=-inf wall=17.948h
  ep44 shard 3778/8600 loss=3.6e-05  best=-inf wall=17.953h
  ep44 shard 3779/8600 loss=3.6e-05  best=-inf wall=17.959h
  ep44 shard 3780/8600 loss=4e-05  best=-inf wall=17.964h
  ep44 shard 3781/8600 loss=3.1e-05  best=-inf wall=17.968h
  ep44 shard 3782/8600 loss=3.4e-05  best=-inf wall=17.973h
  ep44 shard 3783/8600 loss=3.4e-05  best=-inf wall=17.978h
  ep44 shard 3784/8600 loss=2.7e-05  best=-inf wall=17.983h
  saved epoch checkpoint -> experiments/exp029-longrun/combined100/checkpoints/ep44.pt
  ep45 shard 3785/8600 loss=3.1e-05  best=-inf wall=17.988h
  ep45 shard 3786/8600 loss=3.6e-05  best=-inf wall=17.993h
  ep45 shard 3787/8600 loss=3e-05  best=-inf wall=17.998h
  ep45 shard 3788/8600 loss=2.7e-05  best=-inf wall=18.003h
  ep45 shard 3789/8600 loss=4.4e-05  best=-inf wall=18.005h
  ep45 shard 3790/8600 loss=4e-05  best=-inf wall=18.01h
  ep45 shard 3791/8600 loss=2.8e-05  best=-inf wall=18.013h
  ep45 shard 3792/8600 loss=3.7e-05  best=-inf wall=18.018h
  ep45 shard 3793/8600 loss=3.4e-05  best=-inf wall=18.023h
  ep45 shard 3794/8600 loss=3.7e-05  best=-inf wall=18.029h
  ep45 shard 3795/8600 loss=3.7e-05  best=-inf wall=18.034h
  ep45 shard 3796/8600 loss=3e-05  best=-inf wall=18.039h
  ep45 shard 3797/8600 loss=3.5e-05  best=-inf wall=18.042h
  ep45 shard 3798/8600 loss=3.6e-05  best=-inf wall=18.044h
  ep45 shard 3799/8600 loss=3.2e-05  best=-inf wall=18.049h
  ep45 shard 3800/8600 loss=4.1e-05  best=-inf wall=18.053h
  ep45 shard 3801/8600 loss=3.3e-05  best=-inf wall=18.056h
  ep45 shard 3802/8600 loss=4.2e-05  best=-inf wall=18.062h
  ep45 shard 3803/8600 loss=4e-05  best=-inf wall=18.067h
  ep45 shard 3804/8600 loss=3.5e-05  best=-inf wall=18.072h
  ep45 shard 3805/8600 loss=3e-05  best=-inf wall=18.077h
  ep45 shard 3806/8600 loss=3.5e-05  best=-inf wall=18.082h
  ep45 shard 3807/8600 loss=2.9e-05  best=-inf wall=18.087h
  ep45 shard 3808/8600 loss=3.8e-05  best=-inf wall=18.092h
  ep45 shard 3809/8600 loss=3.5e-05  best=-inf wall=18.097h
  ep45 shard 3810/8600 loss=2.9e-05  best=-inf wall=18.102h
  ep45 shard 3811/8600 loss=3.1e-05  best=-inf wall=18.107h
  ep45 shard 3812/8600 loss=3.5e-05  best=-inf wall=18.112h
  ep45 shard 3813/8600 loss=4e-05  best=-inf wall=18.118h
  ep45 shard 3814/8600 loss=4.2e-05  best=-inf wall=18.123h
  ep45 shard 3815/8600 loss=5.4e-05  best=-inf wall=18.125h
  ep45 shard 3816/8600 loss=3.5e-05  best=-inf wall=18.13h
  ep45 shard 3817/8600 loss=3.3e-05  best=-inf wall=18.135h
  ep45 shard 3818/8600 loss=4.6e-05  best=-inf wall=18.138h
  ep45 shard 3819/8600 loss=4.2e-05  best=-inf wall=18.14h
  ep45 shard 3820/8600 loss=3.2e-05  best=-inf wall=18.146h
  ep45 shard 3821/8600 loss=3.5e-05  best=-inf wall=18.149h
  ep45 shard 3822/8600 loss=5.1e-05  best=-inf wall=18.154h
  ep45 shard 3823/8600 loss=3.6e-05  best=-inf wall=18.159h
  ep45 shard 3824/8600 loss=3.4e-05  best=-inf wall=18.165h
  ep45 shard 3825/8600 loss=3.2e-05  best=-inf wall=18.17h
  ep45 shard 3826/8600 loss=3.4e-05  best=-inf wall=18.175h
  ep45 shard 3827/8600 loss=3.6e-05  best=-inf wall=18.18h
  ep45 shard 3828/8600 loss=3.9e-05  best=-inf wall=18.185h
  ep45 shard 3829/8600 loss=3.2e-05  best=-inf wall=18.19h
  ep45 shard 3830/8600 loss=3.4e-05  best=-inf wall=18.195h
  ep45 shard 3831/8600 loss=4e-05  best=-inf wall=18.2h
  ep45 shard 3832/8600 loss=4.2e-05  best=-inf wall=18.205h
  ep45 shard 3833/8600 loss=4.8e-05  best=-inf wall=18.21h
  ep45 shard 3834/8600 loss=4.5e-05  best=-inf wall=18.215h
  ep45 shard 3835/8600 loss=3.8e-05  best=-inf wall=18.22h
  ep45 shard 3836/8600 loss=3.4e-05  best=-inf wall=18.223h
  ep45 shard 3837/8600 loss=4.1e-05  best=-inf wall=18.228h
  ep45 shard 3838/8600 loss=3.4e-05  best=-inf wall=18.232h
  ep45 shard 3839/8600 loss=2.9e-05  best=-inf wall=18.237h
  ep45 shard 3840/8600 loss=3.2e-05  best=-inf wall=18.242h
  ep45 shard 3841/8600 loss=3.1e-05  best=-inf wall=18.247h
  ep45 shard 3842/8600 loss=3.2e-05  best=-inf wall=18.253h
  ep45 shard 3843/8600 loss=2.7e-05  best=-inf wall=18.258h
  ep45 shard 3844/8600 loss=3.7e-05  best=-inf wall=18.264h
  ep45 shard 3845/8600 loss=3.1e-05  best=-inf wall=18.269h
  ep45 shard 3846/8600 loss=3.6e-05  best=-inf wall=18.274h
  ep45 shard 3847/8600 loss=3.2e-05  best=-inf wall=18.278h
  ep45 shard 3848/8600 loss=4.2e-05  best=-inf wall=18.283h
  ep45 shard 3849/8600 loss=3.8e-05  best=-inf wall=18.287h
  ep45 shard 3850/8600 loss=3.7e-05  best=-inf wall=18.293h
  ep45 shard 3851/8600 loss=4.6e-05  best=-inf wall=18.298h
  ep45 shard 3852/8600 loss=4.1e-05  best=-inf wall=18.301h
  ep45 shard 3853/8600 loss=3.7e-05  best=-inf wall=18.306h
  ep45 shard 3854/8600 loss=2.7e-05  best=-inf wall=18.309h
  ep45 shard 3855/8600 loss=3.8e-05  best=-inf wall=18.314h
  ep45 shard 3856/8600 loss=5.1e-05  best=-inf wall=18.319h
  ep45 shard 3857/8600 loss=3.3e-05  best=-inf wall=18.324h
  ep45 shard 3858/8600 loss=3.4e-05  best=-inf wall=18.33h
  ep45 shard 3859/8600 loss=3.1e-05  best=-inf wall=18.335h
  ep45 shard 3860/8600 loss=4.7e-05  best=-inf wall=18.34h
  ep45 shard 3861/8600 loss=3.9e-05  best=-inf wall=18.343h
  ep45 shard 3862/8600 loss=3.1e-05  best=-inf wall=18.348h
  ep45 shard 3863/8600 loss=3.1e-05  best=-inf wall=18.354h
  ep45 shard 3864/8600 loss=2.9e-05  best=-inf wall=18.359h
  ep45 shard 3865/8600 loss=4.3e-05  best=-inf wall=18.364h
  ep45 shard 3866/8600 loss=3.1e-05  best=-inf wall=18.369h
  ep45 shard 3867/8600 loss=3.7e-05  best=-inf wall=18.374h
  ep45 shard 3868/8600 loss=2.4e-05  best=-inf wall=18.38h
  ep45 shard 3869/8600 loss=4.9e-05  best=-inf wall=18.385h
  ep45 shard 3870/8600 loss=3.1e-05  best=-inf wall=18.39h
  saved epoch checkpoint -> experiments/exp029-longrun/combined100/checkpoints/ep45.pt
  ep46 shard 3871/8600 loss=3.3e-05  best=-inf wall=18.395h
  ep46 shard 3872/8600 loss=3.6e-05  best=-inf wall=18.399h
  ep46 shard 3873/8600 loss=2.6e-05  best=-inf wall=18.405h
  ep46 shard 3874/8600 loss=3.3e-05  best=-inf wall=18.41h
  ep46 shard 3875/8600 loss=3.7e-05  best=-inf wall=18.415h
  ep46 shard 3876/8600 loss=3.6e-05  best=-inf wall=18.421h
  ep46 shard 3877/8600 loss=3e-05  best=-inf wall=18.425h
  ep46 shard 3878/8600 loss=3e-05  best=-inf wall=18.43h
  ep46 shard 3879/8600 loss=3.2e-05  best=-inf wall=18.435h
  ep46 shard 3880/8600 loss=5.1e-05  best=-inf wall=18.44h
  ep46 shard 3881/8600 loss=2.9e-05  best=-inf wall=18.445h
  ep46 shard 3882/8600 loss=2.7e-05  best=-inf wall=18.451h
  ep46 shard 3883/8600 loss=3e-05  best=-inf wall=18.456h
  ep46 shard 3884/8600 loss=5.1e-05  best=-inf wall=18.461h
  ep46 shard 3885/8600 loss=3.2e-05  best=-inf wall=18.466h
  ep46 shard 3886/8600 loss=3.8e-05  best=-inf wall=18.471h
  ep46 shard 3887/8600 loss=4.2e-05  best=-inf wall=18.473h
  ep46 shard 3888/8600 loss=2.8e-05  best=-inf wall=18.477h
  ep46 shard 3889/8600 loss=3.8e-05  best=-inf wall=18.482h
  ep46 shard 3890/8600 loss=3e-05  best=-inf wall=18.485h
  ep46 shard 3891/8600 loss=3.2e-05  best=-inf wall=18.488h
  ep46 shard 3892/8600 loss=4.1e-05  best=-inf wall=18.492h
  ep46 shard 3893/8600 loss=4e-05  best=-inf wall=18.497h
  ep46 shard 3894/8600 loss=3e-05  best=-inf wall=18.502h
  ep46 shard 3895/8600 loss=3.1e-05  best=-inf wall=18.507h
  ep46 shard 3896/8600 loss=3.3e-05  best=-inf wall=18.513h
  ep46 shard 3897/8600 loss=4.6e-05  best=-inf wall=18.518h
  ep46 shard 3898/8600 loss=3.5e-05  best=-inf wall=18.523h
  ep46 shard 3899/8600 loss=3.3e-05  best=-inf wall=18.528h
  ep46 shard 3900/8600 loss=4.2e-05  best=-inf wall=18.533h
  ep46 shard 3901/8600 loss=3.3e-05  best=-inf wall=18.538h
  ep46 shard 3902/8600 loss=2.8e-05  best=-inf wall=18.543h
  ep46 shard 3903/8600 loss=4e-05  best=-inf wall=18.548h
  ep46 shard 3904/8600 loss=3.8e-05  best=-inf wall=18.553h
  ep46 shard 3905/8600 loss=3.1e-05  best=-inf wall=18.559h
  ep46 shard 3906/8600 loss=3.9e-05  best=-inf wall=18.564h
  ep46 shard 3907/8600 loss=4.8e-05  best=-inf wall=18.568h
  ep46 shard 3908/8600 loss=3.9e-05  best=-inf wall=18.573h
  ep46 shard 3909/8600 loss=3.6e-05  best=-inf wall=18.578h
  ep46 shard 3910/8600 loss=3.4e-05  best=-inf wall=18.584h
  ep46 shard 3911/8600 loss=3.5e-05  best=-inf wall=18.589h
  ep46 shard 3912/8600 loss=3.9e-05  best=-inf wall=18.594h
  ep46 shard 3913/8600 loss=3.6e-05  best=-inf wall=18.599h
  ep46 shard 3914/8600 loss=3.7e-05  best=-inf wall=18.604h
  ep46 shard 3915/8600 loss=2.7e-05  best=-inf wall=18.609h
  ep46 shard 3916/8600 loss=4e-05  best=-inf wall=18.614h
  ep46 shard 3917/8600 loss=3.5e-05  best=-inf wall=18.62h
  ep46 shard 3918/8600 loss=3.9e-05  best=-inf wall=18.622h
  ep46 shard 3919/8600 loss=3.8e-05  best=-inf wall=18.626h
  ep46 shard 3920/8600 loss=4.7e-05  best=-inf wall=18.631h
  ep46 shard 3921/8600 loss=3.4e-05  best=-inf wall=18.637h
  ep46 shard 3922/8600 loss=3e-05  best=-inf wall=18.642h
  ep46 shard 3923/8600 loss=4.9e-05  best=-inf wall=18.647h
  ep46 shard 3924/8600 loss=2.6e-05  best=-inf wall=18.652h
  ep46 shard 3925/8600 loss=2.6e-05  best=-inf wall=18.654h
  ep46 shard 3926/8600 loss=3.1e-05  best=-inf wall=18.659h
  ep46 shard 3927/8600 loss=3.5e-05  best=-inf wall=18.662h
  ep46 shard 3928/8600 loss=2.9e-05  best=-inf wall=18.668h
  ep46 shard 3929/8600 loss=2.7e-05  best=-inf wall=18.673h
  ep46 shard 3930/8600 loss=3.8e-05  best=-inf wall=18.678h
  ep46 shard 3931/8600 loss=3.5e-05  best=-inf wall=18.683h
  ep46 shard 3932/8600 loss=3.7e-05  best=-inf wall=18.689h
  ep46 shard 3933/8600 loss=3.5e-05  best=-inf wall=18.694h
  ep46 shard 3934/8600 loss=4.3e-05  best=-inf wall=18.699h
  ep46 shard 3935/8600 loss=3.9e-05  best=-inf wall=18.702h
  ep46 shard 3936/8600 loss=3.5e-05  best=-inf wall=18.705h
  ep46 shard 3937/8600 loss=5.1e-05  best=-inf wall=18.71h
  ep46 shard 3938/8600 loss=3.1e-05  best=-inf wall=18.716h
  ep46 shard 3939/8600 loss=3.2e-05  best=-inf wall=18.721h
  ep46 shard 3940/8600 loss=3.4e-05  best=-inf wall=18.726h
  ep46 shard 3941/8600 loss=3.4e-05  best=-inf wall=18.73h
  ep46 shard 3942/8600 loss=3.3e-05  best=-inf wall=18.735h
  ep46 shard 3943/8600 loss=2.8e-05  best=-inf wall=18.741h
  ep46 shard 3944/8600 loss=3.8e-05  best=-inf wall=18.746h
  ep46 shard 3945/8600 loss=2.9e-05  best=-inf wall=18.751h
  ep46 shard 3946/8600 loss=3e-05  best=-inf wall=18.756h
  ep46 shard 3947/8600 loss=2.9e-05  best=-inf wall=18.761h
  ep46 shard 3948/8600 loss=3.8e-05  best=-inf wall=18.766h
  ep46 shard 3949/8600 loss=3.6e-05  best=-inf wall=18.771h
  ep46 shard 3950/8600 loss=3e-05  best=-inf wall=18.773h
  ep46 shard 3951/8600 loss=3.3e-05  best=-inf wall=18.778h
  ep46 shard 3952/8600 loss=3.1e-05  best=-inf wall=18.783h
  ep46 shard 3953/8600 loss=3.7e-05  best=-inf wall=18.788h
  ep46 shard 3954/8600 loss=3.1e-05  best=-inf wall=18.79h
  ep46 shard 3955/8600 loss=3.3e-05  best=-inf wall=18.793h
  ep46 shard 3956/8600 loss=4e-05  best=-inf wall=18.795h
  saved epoch checkpoint -> experiments/exp029-longrun/combined100/checkpoints/ep46.pt
  ep47 shard 3957/8600 loss=4e-05  best=-inf wall=18.797h
  ep47 shard 3958/8600 loss=3.3e-05  best=-inf wall=18.8h
  ep47 shard 3959/8600 loss=3.8e-05  best=-inf wall=18.805h
  ep47 shard 3960/8600 loss=3.4e-05  best=-inf wall=18.81h
  ep47 shard 3961/8600 loss=3.1e-05  best=-inf wall=18.812h
  ep47 shard 3962/8600 loss=3e-05  best=-inf wall=18.817h
  ep47 shard 3963/8600 loss=2.8e-05  best=-inf wall=18.822h
  ep47 shard 3964/8600 loss=4e-05  best=-inf wall=18.828h
  ep47 shard 3965/8600 loss=3.2e-05  best=-inf wall=18.833h
  ep47 shard 3966/8600 loss=3.9e-05  best=-inf wall=18.838h
  ep47 shard 3967/8600 loss=3.2e-05  best=-inf wall=18.843h
  ep47 shard 3968/8600 loss=3.8e-05  best=-inf wall=18.845h
  ep47 shard 3969/8600 loss=3.9e-05  best=-inf wall=18.85h
  ep47 shard 3970/8600 loss=4e-05  best=-inf wall=18.853h
  ep47 shard 3971/8600 loss=3.4e-05  best=-inf wall=18.858h
  ep47 shard 3972/8600 loss=3e-05  best=-inf wall=18.863h
  ep47 shard 3973/8600 loss=3.8e-05  best=-inf wall=18.865h
  ep47 shard 3974/8600 loss=3.4e-05  best=-inf wall=18.868h
  ep47 shard 3975/8600 loss=2.5e-05  best=-inf wall=18.874h
  ep47 shard 3976/8600 loss=4.3e-05  best=-inf wall=18.879h
  ep47 shard 3977/8600 loss=3.7e-05  best=-inf wall=18.884h
  ep47 shard 3978/8600 loss=3.6e-05  best=-inf wall=18.888h
  ep47 shard 3979/8600 loss=3e-05  best=-inf wall=18.893h
  ep47 shard 3980/8600 loss=4.2e-05  best=-inf wall=18.898h
  ep47 shard 3981/8600 loss=3.6e-05  best=-inf wall=18.904h
  ep47 shard 3982/8600 loss=3.5e-05  best=-inf wall=18.909h
  ep47 shard 3983/8600 loss=2.4e-05  best=-inf wall=18.914h
  ep47 shard 3984/8600 loss=4.5e-05  best=-inf wall=18.919h
  ep47 shard 3985/8600 loss=4.5e-05  best=-inf wall=18.924h
  ep47 shard 3986/8600 loss=3.3e-05  best=-inf wall=18.927h
  ep47 shard 3987/8600 loss=3.2e-05  best=-inf wall=18.932h
  ep47 shard 3988/8600 loss=3.7e-05  best=-inf wall=18.936h
  ep47 shard 3989/8600 loss=2.9e-05  best=-inf wall=18.942h
  ep47 shard 3990/8600 loss=3.9e-05  best=-inf wall=18.947h
  ep47 shard 3991/8600 loss=4.2e-05  best=-inf wall=18.951h
  ep47 shard 3992/8600 loss=3.1e-05  best=-inf wall=18.956h
  ep47 shard 3993/8600 loss=3.1e-05  best=-inf wall=18.961h
  ep47 shard 3994/8600 loss=4.7e-05  best=-inf wall=18.965h
  ep47 shard 3995/8600 loss=3.7e-05  best=-inf wall=18.97h
  ep47 shard 3996/8600 loss=3e-05  best=-inf wall=18.975h
  ep47 shard 3997/8600 loss=4e-05  best=-inf wall=18.98h
  ep47 shard 3998/8600 loss=3.5e-05  best=-inf wall=18.986h
  ep47 shard 3999/8600 loss=3.1e-05  best=-inf wall=18.991h
  ep47 shard 4000/8600 loss=3.5e-05  best=-inf wall=18.996h
  ep47 shard 4001/8600 loss=3.7e-05  best=-inf wall=19.001h
  ep47 shard 4002/8600 loss=2.8e-05  best=-inf wall=19.006h
  ep47 shard 4003/8600 loss=3.8e-05  best=-inf wall=19.011h
  ep47 shard 4004/8600 loss=4.2e-05  best=-inf wall=19.015h
  ep47 shard 4005/8600 loss=3.7e-05  best=-inf wall=19.02h
  ep47 shard 4006/8600 loss=4e-05  best=-inf wall=19.025h
  ep47 shard 4007/8600 loss=3.9e-05  best=-inf wall=19.03h
  ep47 shard 4008/8600 loss=3.9e-05  best=-inf wall=19.035h
  ep47 shard 4009/8600 loss=3.2e-05  best=-inf wall=19.04h
  ep47 shard 4010/8600 loss=3.8e-05  best=-inf wall=19.045h
  ep47 shard 4011/8600 loss=3.6e-05  best=-inf wall=19.05h
  ep47 shard 4012/8600 loss=3.3e-05  best=-inf wall=19.055h
  ep47 shard 4013/8600 loss=4.4e-05  best=-inf wall=19.056h
  ep47 shard 4014/8600 loss=2.8e-05  best=-inf wall=19.061h
  ep47 shard 4015/8600 loss=3.4e-05  best=-inf wall=19.067h
  ep47 shard 4016/8600 loss=3.9e-05  best=-inf wall=19.072h
  ep47 shard 4017/8600 loss=3.1e-05  best=-inf wall=19.077h
  ep47 shard 4018/8600 loss=3.6e-05  best=-inf wall=19.082h
  ep47 shard 4019/8600 loss=3.5e-05  best=-inf wall=19.087h
  ep47 shard 4020/8600 loss=4.7e-05  best=-inf wall=19.092h
  ep47 shard 4021/8600 loss=4.3e-05  best=-inf wall=19.098h
  ep47 shard 4022/8600 loss=3.2e-05  best=-inf wall=19.103h
  ep47 shard 4023/8600 loss=3.6e-05  best=-inf wall=19.108h
  ep47 shard 4024/8600 loss=3.8e-05  best=-inf wall=19.113h
  ep47 shard 4025/8600 loss=3.8e-05  best=-inf wall=19.118h
  ep47 shard 4026/8600 loss=4.4e-05  best=-inf wall=19.123h
  ep47 shard 4027/8600 loss=4.4e-05  best=-inf wall=19.129h
  ep47 shard 4028/8600 loss=3.3e-05  best=-inf wall=19.134h
  ep47 shard 4029/8600 loss=3.9e-05  best=-inf wall=19.137h
  ep47 shard 4030/8600 loss=4e-05  best=-inf wall=19.142h
  ep47 shard 4031/8600 loss=3.6e-05  best=-inf wall=19.145h
  ep47 shard 4032/8600 loss=2.8e-05  best=-inf wall=19.15h
  ep47 shard 4033/8600 loss=4.4e-05  best=-inf wall=19.156h
  ep47 shard 4034/8600 loss=4.1e-05  best=-inf wall=19.161h
  ep47 shard 4035/8600 loss=2.8e-05  best=-inf wall=19.164h
  ep47 shard 4036/8600 loss=3.8e-05  best=-inf wall=19.169h
  ep47 shard 4037/8600 loss=3.4e-05  best=-inf wall=19.174h
  ep47 shard 4038/8600 loss=3.6e-05  best=-inf wall=19.179h
  ep47 shard 4039/8600 loss=3.8e-05  best=-inf wall=19.184h
  ep47 shard 4040/8600 loss=3.2e-05  best=-inf wall=19.189h
  ep47 shard 4041/8600 loss=4e-05  best=-inf wall=19.195h
  ep47 shard 4042/8600 loss=2.7e-05  best=-inf wall=19.2h
  saved epoch checkpoint -> experiments/exp029-longrun/combined100/checkpoints/ep47.pt
  ep48 shard 4043/8600 loss=3.1e-05  best=-inf wall=19.203h
  ep48 shard 4044/8600 loss=4.1e-05  best=-inf wall=19.208h
  ep48 shard 4045/8600 loss=3.3e-05  best=-inf wall=19.213h
  ep48 shard 4046/8600 loss=3.5e-05  best=-inf wall=19.218h
  ep48 shard 4047/8600 loss=3e-05  best=-inf wall=19.224h
  ep48 shard 4048/8600 loss=3.2e-05  best=-inf wall=19.229h
  ep48 shard 4049/8600 loss=4.3e-05  best=-inf wall=19.234h
  ep48 shard 4050/8600 loss=3e-05  best=-inf wall=19.24h
  ep48 shard 4051/8600 loss=3e-05  best=-inf wall=19.245h
  ep48 shard 4052/8600 loss=3.7e-05  best=-inf wall=19.25h
  ep48 shard 4053/8600 loss=3.6e-05  best=-inf wall=19.255h
  ep48 shard 4054/8600 loss=3.7e-05  best=-inf wall=19.26h
  ep48 shard 4055/8600 loss=2.9e-05  best=-inf wall=19.264h
  ep48 shard 4056/8600 loss=3.4e-05  best=-inf wall=19.266h
  ep48 shard 4057/8600 loss=3.6e-05  best=-inf wall=19.27h
  ep48 shard 4058/8600 loss=3.6e-05  best=-inf wall=19.275h
  ep48 shard 4059/8600 loss=2.5e-05  best=-inf wall=19.28h
  ep48 shard 4060/8600 loss=3.9e-05  best=-inf wall=19.284h
  ep48 shard 4061/8600 loss=3.6e-05  best=-inf wall=19.289h
  ep48 shard 4062/8600 loss=2.2e-05  best=-inf wall=19.294h
  ep48 shard 4063/8600 loss=3.4e-05  best=-inf wall=19.299h
  ep48 shard 4064/8600 loss=3.5e-05  best=-inf wall=19.302h
  ep48 shard 4065/8600 loss=3.5e-05  best=-inf wall=19.303h
  ep48 shard 4066/8600 loss=2.9e-05  best=-inf wall=19.309h
  ep48 shard 4067/8600 loss=3.3e-05  best=-inf wall=19.314h
  ep48 shard 4068/8600 loss=4.5e-05  best=-inf wall=19.319h
  ep48 shard 4069/8600 loss=3.4e-05  best=-inf wall=19.324h
  ep48 shard 4070/8600 loss=4e-05  best=-inf wall=19.329h
  ep48 shard 4071/8600 loss=4.2e-05  best=-inf wall=19.335h
  ep48 shard 4072/8600 loss=3.6e-05  best=-inf wall=19.34h
  ep48 shard 4073/8600 loss=4.8e-05  best=-inf wall=19.345h
  ep48 shard 4074/8600 loss=3.2e-05  best=-inf wall=19.35h
  ep48 shard 4075/8600 loss=3.6e-05  best=-inf wall=19.355h
  ep48 shard 4076/8600 loss=5.1e-05  best=-inf wall=19.359h
  ep48 shard 4077/8600 loss=2.9e-05  best=-inf wall=19.364h
  ep48 shard 4078/8600 loss=3.2e-05  best=-inf wall=19.37h
  ep48 shard 4079/8600 loss=3.6e-05  best=-inf wall=19.374h
  ep48 shard 4080/8600 loss=2.7e-05  best=-inf wall=19.379h
  ep48 shard 4081/8600 loss=2.6e-05  best=-inf wall=19.385h
  ep48 shard 4082/8600 loss=4.9e-05  best=-inf wall=19.389h
  ep48 shard 4083/8600 loss=3.6e-05  best=-inf wall=19.391h
  ep48 shard 4084/8600 loss=3.8e-05  best=-inf wall=19.396h
  ep48 shard 4085/8600 loss=3.4e-05  best=-inf wall=19.402h
  ep48 shard 4086/8600 loss=3.7e-05  best=-inf wall=19.407h
  ep48 shard 4087/8600 loss=4.1e-05  best=-inf wall=19.412h
  ep48 shard 4088/8600 loss=4.1e-05  best=-inf wall=19.417h
  ep48 shard 4089/8600 loss=4.3e-05  best=-inf wall=19.422h
  ep48 shard 4090/8600 loss=2.9e-05  best=-inf wall=19.428h
  ep48 shard 4091/8600 loss=3.6e-05  best=-inf wall=19.431h
  ep48 shard 4092/8600 loss=3.5e-05  best=-inf wall=19.436h
  ep48 shard 4093/8600 loss=3.9e-05  best=-inf wall=19.441h
  ep48 shard 4094/8600 loss=3e-05  best=-inf wall=19.446h
  ep48 shard 4095/8600 loss=3.7e-05  best=-inf wall=19.451h
  ep48 shard 4096/8600 loss=4.1e-05  best=-inf wall=19.455h
  ep48 shard 4097/8600 loss=3.3e-05  best=-inf wall=19.46h
  ep48 shard 4098/8600 loss=3.6e-05  best=-inf wall=19.465h
  ep48 shard 4099/8600 loss=3.4e-05  best=-inf wall=19.468h
  ep48 shard 4100/8600 loss=3.8e-05  best=-inf wall=19.473h
  ep48 shard 4101/8600 loss=3.4e-05  best=-inf wall=19.479h
  ep48 shard 4102/8600 loss=3.9e-05  best=-inf wall=19.484h
  ep48 shard 4103/8600 loss=4e-05  best=-inf wall=19.487h
  ep48 shard 4104/8600 loss=4.3e-05  best=-inf wall=19.488h
  ep48 shard 4105/8600 loss=3.6e-05  best=-inf wall=19.494h
  ep48 shard 4106/8600 loss=3.4e-05  best=-inf wall=19.497h
  ep48 shard 4107/8600 loss=4.7e-05  best=-inf wall=19.501h
  ep48 shard 4108/8600 loss=3.9e-05  best=-inf wall=19.506h
  ep48 shard 4109/8600 loss=3.3e-05  best=-inf wall=19.511h
  ep48 shard 4110/8600 loss=3.3e-05  best=-inf wall=19.516h
  ep48 shard 4111/8600 loss=3e-05  best=-inf wall=19.521h
  ep48 shard 4112/8600 loss=3.4e-05  best=-inf wall=19.527h
  ep48 shard 4113/8600 loss=4.2e-05  best=-inf wall=19.532h
  ep48 shard 4114/8600 loss=4.8e-05  best=-inf wall=19.537h
  ep48 shard 4115/8600 loss=2.8e-05  best=-inf wall=19.542h
  ep48 shard 4116/8600 loss=3.3e-05  best=-inf wall=19.547h
  ep48 shard 4117/8600 loss=3.9e-05  best=-inf wall=19.553h
  ep48 shard 4118/8600 loss=3.8e-05  best=-inf wall=19.558h
  ep48 shard 4119/8600 loss=3.3e-05  best=-inf wall=19.56h
  ep48 shard 4120/8600 loss=3.7e-05  best=-inf wall=19.565h
  ep48 shard 4121/8600 loss=3.2e-05  best=-inf wall=19.568h
  ep48 shard 4122/8600 loss=4.4e-05  best=-inf wall=19.574h
  ep48 shard 4123/8600 loss=3.4e-05  best=-inf wall=19.579h
  ep48 shard 4124/8600 loss=4.1e-05  best=-inf wall=19.584h
  ep48 shard 4125/8600 loss=3.3e-05  best=-inf wall=19.589h
  ep48 shard 4126/8600 loss=3.8e-05  best=-inf wall=19.594h
  ep48 shard 4127/8600 loss=3.1e-05  best=-inf wall=19.6h
  ep48 shard 4128/8600 loss=3.1e-05  best=-inf wall=19.605h
  saved epoch checkpoint -> experiments/exp029-longrun/combined100/checkpoints/ep48.pt
  ep49 shard 4129/8600 loss=4.3e-05  best=-inf wall=19.61h
  ep49 shard 4130/8600 loss=4.8e-05  best=-inf wall=19.615h
  ep49 shard 4131/8600 loss=3.2e-05  best=-inf wall=19.62h
  ep49 shard 4132/8600 loss=3.5e-05  best=-inf wall=19.626h
  ep49 shard 4133/8600 loss=4.6e-05  best=-inf wall=19.631h
  ep49 shard 4134/8600 loss=3.3e-05  best=-inf wall=19.636h
  ep49 shard 4135/8600 loss=4e-05  best=-inf wall=19.641h
  ep49 shard 4136/8600 loss=3.1e-05  best=-inf wall=19.646h
  ep49 shard 4137/8600 loss=3.8e-05  best=-inf wall=19.652h
  ep49 shard 4138/8600 loss=3.6e-05  best=-inf wall=19.654h
  ep49 shard 4139/8600 loss=4e-05  best=-inf wall=19.657h
  ep49 shard 4140/8600 loss=2.7e-05  best=-inf wall=19.662h
  ep49 shard 4141/8600 loss=3.7e-05  best=-inf wall=19.666h
  ep49 shard 4142/8600 loss=3.2e-05  best=-inf wall=19.671h
  ep49 shard 4143/8600 loss=3.3e-05  best=-inf wall=19.676h
  ep49 shard 4144/8600 loss=3e-05  best=-inf wall=19.681h
  ep49 shard 4145/8600 loss=3.2e-05  best=-inf wall=19.686h
  ep49 shard 4146/8600 loss=2.6e-05  best=-inf wall=19.691h
  ep49 shard 4147/8600 loss=2.9e-05  best=-inf wall=19.697h
  ep49 shard 4148/8600 loss=3.6e-05  best=-inf wall=19.702h
  ep49 shard 4149/8600 loss=3.4e-05  best=-inf wall=19.707h
  ep49 shard 4150/8600 loss=4e-05  best=-inf wall=19.712h
  ep49 shard 4151/8600 loss=3.4e-05  best=-inf wall=19.716h
  ep49 shard 4152/8600 loss=4.1e-05  best=-inf wall=19.721h
  ep49 shard 4153/8600 loss=3.7e-05  best=-inf wall=19.725h
  ep49 shard 4154/8600 loss=3e-05  best=-inf wall=19.731h
  ep49 shard 4155/8600 loss=4.2e-05  best=-inf wall=19.736h
  ep49 shard 4156/8600 loss=3.7e-05  best=-inf wall=19.739h
  ep49 shard 4157/8600 loss=3.6e-05  best=-inf wall=19.744h
  ep49 shard 4158/8600 loss=4.1e-05  best=-inf wall=19.75h
  ep49 shard 4159/8600 loss=4.1e-05  best=-inf wall=19.754h
  ep49 shard 4160/8600 loss=6.3e-05  best=-inf wall=19.756h
  ep49 shard 4161/8600 loss=2.7e-05  best=-inf wall=19.761h
  ep49 shard 4162/8600 loss=3.6e-05  best=-inf wall=19.766h
  ep49 shard 4163/8600 loss=2.6e-05  best=-inf wall=19.771h
  ep49 shard 4164/8600 loss=3.1e-05  best=-inf wall=19.774h
  ep49 shard 4165/8600 loss=4.2e-05  best=-inf wall=19.777h
  ep49 shard 4166/8600 loss=2.7e-05  best=-inf wall=19.782h
  ep49 shard 4167/8600 loss=3.7e-05  best=-inf wall=19.785h
  ep49 shard 4168/8600 loss=3.5e-05  best=-inf wall=19.788h
  ep49 shard 4169/8600 loss=3.5e-05  best=-inf wall=19.792h
  ep49 shard 4170/8600 loss=3.2e-05  best=-inf wall=19.796h
  ep49 shard 4171/8600 loss=3.8e-05  best=-inf wall=19.802h
  ep49 shard 4172/8600 loss=3.1e-05  best=-inf wall=19.805h
  ep49 shard 4173/8600 loss=3.1e-05  best=-inf wall=19.81h
  ep49 shard 4174/8600 loss=4e-05  best=-inf wall=19.815h
  ep49 shard 4175/8600 loss=3.5e-05  best=-inf wall=19.821h
  ep49 shard 4176/8600 loss=3.3e-05  best=-inf wall=19.822h
  ep49 shard 4177/8600 loss=3.1e-05  best=-inf wall=19.828h
  ep49 shard 4178/8600 loss=4.5e-05  best=-inf wall=19.831h
  ep49 shard 4179/8600 loss=3.7e-05  best=-inf wall=19.836h
  ep49 shard 4180/8600 loss=3.8e-05  best=-inf wall=19.841h
  ep49 shard 4181/8600 loss=2.9e-05  best=-inf wall=19.846h
  ep49 shard 4182/8600 loss=4.2e-05  best=-inf wall=19.851h
  ep49 shard 4183/8600 loss=4.1e-05  best=-inf wall=19.856h
  ep49 shard 4184/8600 loss=3.5e-05  best=-inf wall=19.862h
  ep49 shard 4185/8600 loss=3.8e-05  best=-inf wall=19.867h
  ep49 shard 4186/8600 loss=3.5e-05  best=-inf wall=19.872h
  ep49 shard 4187/8600 loss=3.7e-05  best=-inf wall=19.877h
  ep49 shard 4188/8600 loss=3.6e-05  best=-inf wall=19.883h
  ep49 shard 4189/8600 loss=3.5e-05  best=-inf wall=19.888h
  ep49 shard 4190/8600 loss=3.2e-05  best=-inf wall=19.893h
  ep49 shard 4191/8600 loss=3.2e-05  best=-inf wall=19.898h
  ep49 shard 4192/8600 loss=2.9e-05  best=-inf wall=19.903h
  ep49 shard 4193/8600 loss=3e-05  best=-inf wall=19.908h
  ep49 shard 4194/8600 loss=3.7e-05  best=-inf wall=19.912h
  ep49 shard 4195/8600 loss=3.3e-05  best=-inf wall=19.918h
  ep49 shard 4196/8600 loss=3.5e-05  best=-inf wall=19.92h
  ep49 shard 4197/8600 loss=3.4e-05  best=-inf wall=19.925h
  ep49 shard 4198/8600 loss=3.6e-05  best=-inf wall=19.93h
  ep49 shard 4199/8600 loss=3.3e-05  best=-inf wall=19.933h
  ep49 shard 4200/8600 loss=2.7e-05  best=-inf wall=19.939h
  ep49 shard 4201/8600 loss=3e-05  best=-inf wall=19.944h
  ep49 shard 4202/8600 loss=3.5e-05  best=-inf wall=19.949h
  ep49 shard 4203/8600 loss=3e-05  best=-inf wall=19.954h
  ep49 shard 4204/8600 loss=3.7e-05  best=-inf wall=19.959h
  ep49 shard 4205/8600 loss=3.8e-05  best=-inf wall=19.964h
  ep49 shard 4206/8600 loss=2.6e-05  best=-inf wall=19.969h
  ep49 shard 4207/8600 loss=4.5e-05  best=-inf wall=19.975h
  ep49 shard 4208/8600 loss=3.8e-05  best=-inf wall=19.98h
  ep49 shard 4209/8600 loss=4.2e-05  best=-inf wall=19.985h
  ep49 shard 4210/8600 loss=3.5e-05  best=-inf wall=19.991h
  ep49 shard 4211/8600 loss=4.2e-05  best=-inf wall=19.996h
  ep49 shard 4212/8600 loss=3.2e-05  best=-inf wall=20.001h
  ep49 shard 4213/8600 loss=2.8e-05  best=-inf wall=20.005h
  ep49 shard 4214/8600 loss=3.3e-05  best=-inf wall=20.011h
  saved epoch checkpoint -> experiments/exp029-longrun/combined100/checkpoints/ep49.pt
  ep50 shard 4215/8600 loss=3.3e-05  best=-inf wall=20.015h
  ep50 shard 4216/8600 loss=3.2e-05  best=-inf wall=20.02h
  ep50 shard 4217/8600 loss=3.8e-05  best=-inf wall=20.022h
  ep50 shard 4218/8600 loss=3.1e-05  best=-inf wall=20.027h
  ep50 shard 4219/8600 loss=3.2e-05  best=-inf wall=20.033h
  ep50 shard 4220/8600 loss=2.6e-05  best=-inf wall=20.038h
  ep50 shard 4221/8600 loss=3.7e-05  best=-inf wall=20.042h
  ep50 shard 4222/8600 loss=3.6e-05  best=-inf wall=20.048h
  ep50 shard 4223/8600 loss=4e-05  best=-inf wall=20.053h
  ep50 shard 4224/8600 loss=3.2e-05  best=-inf wall=20.058h
  ep50 shard 4225/8600 loss=4.1e-05  best=-inf wall=20.061h
  ep50 shard 4226/8600 loss=3.5e-05  best=-inf wall=20.066h
  ep50 shard 4227/8600 loss=4e-05  best=-inf wall=20.071h
  ep50 shard 4228/8600 loss=3.3e-05  best=-inf wall=20.074h
  ep50 shard 4229/8600 loss=4.2e-05  best=-inf wall=20.079h
  ep50 shard 4230/8600 loss=3.7e-05  best=-inf wall=20.084h
  ep50 shard 4231/8600 loss=3e-05  best=-inf wall=20.089h
  ep50 shard 4232/8600 loss=3e-05  best=-inf wall=20.095h
  ep50 shard 4233/8600 loss=3.1e-05  best=-inf wall=20.1h
  ep50 shard 4234/8600 loss=3.5e-05  best=-inf wall=20.105h
  ep50 shard 4235/8600 loss=3.9e-05  best=-inf wall=20.11h
  ep50 shard 4236/8600 loss=3.1e-05  best=-inf wall=20.115h
  ep50 shard 4237/8600 loss=4.5e-05  best=-inf wall=20.12h
  ep50 shard 4238/8600 loss=3e-05  best=-inf wall=20.125h
  ep50 shard 4239/8600 loss=3.6e-05  best=-inf wall=20.127h
  ep50 shard 4240/8600 loss=3.9e-05  best=-inf wall=20.132h
  ep50 shard 4241/8600 loss=3.6e-05  best=-inf wall=20.138h
  ep50 shard 4242/8600 loss=3.2e-05  best=-inf wall=20.143h
  ep50 shard 4243/8600 loss=3e-05  best=-inf wall=20.148h
  ep50 shard 4244/8600 loss=3.6e-05  best=-inf wall=20.153h
  ep50 shard 4245/8600 loss=5.1e-05  best=-inf wall=20.158h
  ep50 shard 4246/8600 loss=2.8e-05  best=-inf wall=20.164h
  ep50 shard 4247/8600 loss=3.8e-05  best=-inf wall=20.169h
  ep50 shard 4248/8600 loss=4.5e-05  best=-inf wall=20.174h
  ep50 shard 4249/8600 loss=3.3e-05  best=-inf wall=20.179h
  ep50 shard 4250/8600 loss=3.3e-05  best=-inf wall=20.184h
  ep50 shard 4251/8600 loss=3.1e-05  best=-inf wall=20.189h
  ep50 shard 4252/8600 loss=4e-05  best=-inf wall=20.195h
  ep50 shard 4253/8600 loss=3.3e-05  best=-inf wall=20.2h
  ep50 shard 4254/8600 loss=4.1e-05  best=-inf wall=20.205h
  ep50 shard 4255/8600 loss=3.4e-05  best=-inf wall=20.21h
  ep50 shard 4256/8600 loss=3e-05  best=-inf wall=20.216h
  ep50 shard 4257/8600 loss=3.5e-05  best=-inf wall=20.221h
  ep50 shard 4258/8600 loss=4.1e-05  best=-inf wall=20.225h
  ep50 shard 4259/8600 loss=3.2e-05  best=-inf wall=20.227h
  ep50 shard 4260/8600 loss=3.4e-05  best=-inf wall=20.232h
  ep50 shard 4261/8600 loss=3e-05  best=-inf wall=20.235h
  ep50 shard 4262/8600 loss=3.4e-05  best=-inf wall=20.238h
  ep50 shard 4263/8600 loss=3.4e-05  best=-inf wall=20.243h
  ep50 shard 4264/8600 loss=2.7e-05  best=-inf wall=20.246h
  ep50 shard 4265/8600 loss=2.9e-05  best=-inf wall=20.251h
  ep50 shard 4266/8600 loss=4.7e-05  best=-inf wall=20.256h
  ep50 shard 4267/8600 loss=3e-05  best=-inf wall=20.261h
  ep50 shard 4268/8600 loss=3.7e-05  best=-inf wall=20.266h
  ep50 shard 4269/8600 loss=3.9e-05  best=-inf wall=20.271h
  ep50 shard 4270/8600 loss=3.5e-05  best=-inf wall=20.276h
  ep50 shard 4271/8600 loss=3.8e-05  best=-inf wall=20.282h
  ep50 shard 4272/8600 loss=3.5e-05  best=-inf wall=20.287h
  ep50 shard 4273/8600 loss=4.1e-05  best=-inf wall=20.292h
  ep50 shard 4274/8600 loss=2.7e-05  best=-inf wall=20.296h
  ep50 shard 4275/8600 loss=4.3e-05  best=-inf wall=20.301h
  ep50 shard 4276/8600 loss=3.8e-05  best=-inf wall=20.307h
  ep50 shard 4277/8600 loss=3.9e-05  best=-inf wall=20.308h
  ep50 shard 4278/8600 loss=3.6e-05  best=-inf wall=20.313h
  ep50 shard 4279/8600 loss=4.4e-05  best=-inf wall=20.317h
  ep50 shard 4280/8600 loss=3.1e-05  best=-inf wall=20.321h
  ep50 shard 4281/8600 loss=3.2e-05  best=-inf wall=20.324h
  ep50 shard 4282/8600 loss=3.6e-05  best=-inf wall=20.329h
  ep50 shard 4283/8600 loss=2.9e-05  best=-inf wall=20.334h
  ep50 shard 4284/8600 loss=3.6e-05  best=-inf wall=20.339h
  ep50 shard 4285/8600 loss=3.8e-05  best=-inf wall=20.345h
  ep50 shard 4286/8600 loss=2.9e-05  best=-inf wall=20.35h
  ep50 shard 4287/8600 loss=2.9e-05  best=-inf wall=20.354h
  ep50 shard 4288/8600 loss=3.6e-05  best=-inf wall=20.357h
  ep50 shard 4289/8600 loss=3.5e-05  best=-inf wall=20.362h
  ep50 shard 4290/8600 loss=3.9e-05  best=-inf wall=20.367h
  ep50 shard 4291/8600 loss=3.3e-05  best=-inf wall=20.372h
  ep50 shard 4292/8600 loss=2.5e-05  best=-inf wall=20.377h
  ep50 shard 4293/8600 loss=3.2e-05  best=-inf wall=20.382h
  ep50 shard 4294/8600 loss=3.6e-05  best=-inf wall=20.386h
  ep50 shard 4295/8600 loss=4.4e-05  best=-inf wall=20.392h
  ep50 shard 4296/8600 loss=3.1e-05  best=-inf wall=20.397h
  ep50 shard 4297/8600 loss=3.4e-05  best=-inf wall=20.402h
  ep50 shard 4298/8600 loss=3.4e-05  best=-inf wall=20.407h
  ep50 shard 4299/8600 loss=3.7e-05  best=-inf wall=20.412h
  ep50 shard 4300/8600 loss=3.8e-05  best=-inf wall=20.415h
  saved epoch checkpoint -> experiments/exp029-longrun/combined100/checkpoints/ep50.pt
  ep51 shard 4301/8600 loss=3.1e-05  best=-inf wall=20.421h
  ep51 shard 4302/8600 loss=3.5e-05  best=-inf wall=20.426h
  ep51 shard 4303/8600 loss=3.5e-05  best=-inf wall=20.431h
  ep51 shard 4304/8600 loss=2.7e-05  best=-inf wall=20.436h
  ep51 shard 4305/8600 loss=3.4e-05  best=-inf wall=20.442h
  ep51 shard 4306/8600 loss=3e-05  best=-inf wall=20.447h
  ep51 shard 4307/8600 loss=3.4e-05  best=-inf wall=20.452h
  ep51 shard 4308/8600 loss=3.7e-05  best=-inf wall=20.457h
  ep51 shard 4309/8600 loss=3.8e-05  best=-inf wall=20.462h
  ep51 shard 4310/8600 loss=3.2e-05  best=-inf wall=20.464h
  ep51 shard 4311/8600 loss=3.4e-05  best=-inf wall=20.469h
  ep51 shard 4312/8600 loss=3.9e-05  best=-inf wall=20.475h
  ep51 shard 4313/8600 loss=4.5e-05  best=-inf wall=20.48h
  ep51 shard 4314/8600 loss=3.1e-05  best=-inf wall=20.485h
  ep51 shard 4315/8600 loss=3.3e-05  best=-inf wall=20.49h
  ep51 shard 4316/8600 loss=4.3e-05  best=-inf wall=20.495h
  ep51 shard 4317/8600 loss=4.5e-05  best=-inf wall=20.5h
  ep51 shard 4318/8600 loss=4e-05  best=-inf wall=20.506h
  ep51 shard 4319/8600 loss=3.2e-05  best=-inf wall=20.511h
  ep51 shard 4320/8600 loss=3.7e-05  best=-inf wall=20.516h
  ep51 shard 4321/8600 loss=2.9e-05  best=-inf wall=20.521h
  ep51 shard 4322/8600 loss=3.7e-05  best=-inf wall=20.526h
  ep51 shard 4323/8600 loss=2.8e-05  best=-inf wall=20.531h
  ep51 shard 4324/8600 loss=4e-05  best=-inf wall=20.536h
  ep51 shard 4325/8600 loss=3.3e-05  best=-inf wall=20.542h
  ep51 shard 4326/8600 loss=4.4e-05  best=-inf wall=20.547h
  ep51 shard 4327/8600 loss=3.3e-05  best=-inf wall=20.552h
  ep51 shard 4328/8600 loss=3.8e-05  best=-inf wall=20.554h
  ep51 shard 4329/8600 loss=3.2e-05  best=-inf wall=20.556h
  ep51 shard 4330/8600 loss=2.6e-05  best=-inf wall=20.561h
  ep51 shard 4331/8600 loss=2.6e-05  best=-inf wall=20.567h
  ep51 shard 4332/8600 loss=3.6e-05  best=-inf wall=20.572h
  ep51 shard 4333/8600 loss=3.7e-05  best=-inf wall=20.576h
  ep51 shard 4334/8600 loss=4e-05  best=-inf wall=20.581h
  ep51 shard 4335/8600 loss=3.9e-05  best=-inf wall=20.586h
  ep51 shard 4336/8600 loss=2.7e-05  best=-inf wall=20.591h
  ep51 shard 4337/8600 loss=3.8e-05  best=-inf wall=20.596h
  ep51 shard 4338/8600 loss=3.4e-05  best=-inf wall=20.602h
  ep51 shard 4339/8600 loss=3.4e-05  best=-inf wall=20.605h
  ep51 shard 4340/8600 loss=3.8e-05  best=-inf wall=20.608h
  ep51 shard 4341/8600 loss=2.3e-05  best=-inf wall=20.613h
  ep51 shard 4342/8600 loss=3.8e-05  best=-inf wall=20.618h
  ep51 shard 4343/8600 loss=3.4e-05  best=-inf wall=20.622h
  ep51 shard 4344/8600 loss=3e-05  best=-inf wall=20.625h
  ep51 shard 4345/8600 loss=4.4e-05  best=-inf wall=20.631h
  ep51 shard 4346/8600 loss=4.1e-05  best=-inf wall=20.636h
  ep51 shard 4347/8600 loss=2.9e-05  best=-inf wall=20.641h
  ep51 shard 4348/8600 loss=3e-05  best=-inf wall=20.646h
  ep51 shard 4349/8600 loss=3.7e-05  best=-inf wall=20.651h
  ep51 shard 4350/8600 loss=3e-05  best=-inf wall=20.654h
  ep51 shard 4351/8600 loss=3.2e-05  best=-inf wall=20.656h
  ep51 shard 4352/8600 loss=3.6e-05  best=-inf wall=20.661h
  ep51 shard 4353/8600 loss=4.9e-05  best=-inf wall=20.666h
  ep51 shard 4354/8600 loss=3.1e-05  best=-inf wall=20.669h
  ep51 shard 4355/8600 loss=3.7e-05  best=-inf wall=20.673h
  ep51 shard 4356/8600 loss=4.2e-05  best=-inf wall=20.676h
  ep51 shard 4357/8600 loss=3.5e-05  best=-inf wall=20.681h
  ep51 shard 4358/8600 loss=3.4e-05  best=-inf wall=20.687h
  ep51 shard 4359/8600 loss=3.8e-05  best=-inf wall=20.692h
  ep51 shard 4360/8600 loss=3.2e-05  best=-inf wall=20.697h
  ep51 shard 4361/8600 loss=4.1e-05  best=-inf wall=20.702h
  ep51 shard 4362/8600 loss=3e-05  best=-inf wall=20.707h
  ep51 shard 4363/8600 loss=3.5e-05  best=-inf wall=20.713h
  ep51 shard 4364/8600 loss=4e-05  best=-inf wall=20.716h
  ep51 shard 4365/8600 loss=4.1e-05  best=-inf wall=20.72h
  ep51 shard 4366/8600 loss=4.2e-05  best=-inf wall=20.725h
  ep51 shard 4367/8600 loss=2.9e-05  best=-inf wall=20.73h
  ep51 shard 4368/8600 loss=3.5e-05  best=-inf wall=20.734h
  ep51 shard 4369/8600 loss=3.6e-05  best=-inf wall=20.739h
  ep51 shard 4370/8600 loss=3.8e-05  best=-inf wall=20.745h
  ep51 shard 4371/8600 loss=3.1e-05  best=-inf wall=20.749h
  ep51 shard 4372/8600 loss=3e-05  best=-inf wall=20.752h
  ep51 shard 4373/8600 loss=3.1e-05  best=-inf wall=20.757h
  ep51 shard 4374/8600 loss=3.4e-05  best=-inf wall=20.762h
  ep51 shard 4375/8600 loss=3.1e-05  best=-inf wall=20.766h
  ep51 shard 4376/8600 loss=3.5e-05  best=-inf wall=20.771h
  ep51 shard 4377/8600 loss=4e-05  best=-inf wall=20.777h
  ep51 shard 4378/8600 loss=3.6e-05  best=-inf wall=20.782h
  ep51 shard 4379/8600 loss=6.9e-05  best=-inf wall=20.787h
  ep51 shard 4380/8600 loss=4.6e-05  best=-inf wall=20.792h
  ep51 shard 4381/8600 loss=4e-05  best=-inf wall=20.797h
  ep51 shard 4382/8600 loss=3.2e-05  best=-inf wall=20.8h
  ep51 shard 4383/8600 loss=2.9e-05  best=-inf wall=20.805h
  ep51 shard 4384/8600 loss=4.1e-05  best=-inf wall=20.81h
  ep51 shard 4385/8600 loss=2.9e-05  best=-inf wall=20.815h
  ep51 shard 4386/8600 loss=4.4e-05  best=-inf wall=20.821h
  saved epoch checkpoint -> experiments/exp029-longrun/combined100/checkpoints/ep51.pt
  ep52 shard 4387/8600 loss=3.3e-05  best=-inf wall=20.826h
  ep52 shard 4388/8600 loss=3.7e-05  best=-inf wall=20.831h
  ep52 shard 4389/8600 loss=4.4e-05  best=-inf wall=20.836h
  ep52 shard 4390/8600 loss=2.8e-05  best=-inf wall=20.842h
  ep52 shard 4391/8600 loss=3.4e-05  best=-inf wall=20.847h
  ep52 shard 4392/8600 loss=3.2e-05  best=-inf wall=20.852h
  ep52 shard 4393/8600 loss=3e-05  best=-inf wall=20.857h
  ep52 shard 4394/8600 loss=3.5e-05  best=-inf wall=20.862h
  ep52 shard 4395/8600 loss=2.9e-05  best=-inf wall=20.867h
  ep52 shard 4396/8600 loss=3.8e-05  best=-inf wall=20.872h
  ep52 shard 4397/8600 loss=2.9e-05  best=-inf wall=20.878h
  ep52 shard 4398/8600 loss=2.6e-05  best=-inf wall=20.882h
  ep52 shard 4399/8600 loss=4e-05  best=-inf wall=20.887h
  ep52 shard 4400/8600 loss=3.7e-05  best=-inf wall=20.89h
  ep52 shard 4401/8600 loss=3.7e-05  best=-inf wall=20.895h
  ep52 shard 4402/8600 loss=3.5e-05  best=-inf wall=20.898h
  ep52 shard 4403/8600 loss=2.9e-05  best=-inf wall=20.904h
  ep52 shard 4404/8600 loss=3.3e-05  best=-inf wall=20.909h
  ep52 shard 4405/8600 loss=3.7e-05  best=-inf wall=20.914h
  ep52 shard 4406/8600 loss=4e-05  best=-inf wall=20.918h
  ep52 shard 4407/8600 loss=3.1e-05  best=-inf wall=20.924h
  ep52 shard 4408/8600 loss=4.2e-05  best=-inf wall=20.929h
  ep52 shard 4409/8600 loss=3.7e-05  best=-inf wall=20.932h
  ep52 shard 4410/8600 loss=4e-05  best=-inf wall=20.935h
  ep52 shard 4411/8600 loss=2.7e-05  best=-inf wall=20.937h
  ep52 shard 4412/8600 loss=3.4e-05  best=-inf wall=20.942h
  ep52 shard 4413/8600 loss=2.8e-05  best=-inf wall=20.947h
  ep52 shard 4414/8600 loss=3.4e-05  best=-inf wall=20.95h
  ep52 shard 4415/8600 loss=3e-05  best=-inf wall=20.955h
  ep52 shard 4416/8600 loss=2.9e-05  best=-inf wall=20.96h
  ep52 shard 4417/8600 loss=3.3e-05  best=-inf wall=20.965h
  ep52 shard 4418/8600 loss=3.1e-05  best=-inf wall=20.968h
  ep52 shard 4419/8600 loss=3.1e-05  best=-inf wall=20.973h
  ep52 shard 4420/8600 loss=2.9e-05  best=-inf wall=20.979h
  ep52 shard 4421/8600 loss=3.3e-05  best=-inf wall=20.984h
  ep52 shard 4422/8600 loss=3.7e-05  best=-inf wall=20.989h
  ep52 shard 4423/8600 loss=3.1e-05  best=-inf wall=20.994h
  ep52 shard 4424/8600 loss=2.9e-05  best=-inf wall=20.999h
  ep52 shard 4425/8600 loss=3.2e-05  best=-inf wall=21.003h
  ep52 shard 4426/8600 loss=3.7e-05  best=-inf wall=21.005h
  ep52 shard 4427/8600 loss=3.4e-05  best=-inf wall=21.01h
  ep52 shard 4428/8600 loss=3.8e-05  best=-inf wall=21.016h
  ep52 shard 4429/8600 loss=3.6e-05  best=-inf wall=21.021h
  ep52 shard 4430/8600 loss=3.5e-05  best=-inf wall=21.023h
  ep52 shard 4431/8600 loss=4.6e-05  best=-inf wall=21.028h
  ep52 shard 4432/8600 loss=4.1e-05  best=-inf wall=21.033h
  ep52 shard 4433/8600 loss=3.7e-05  best=-inf wall=21.038h
  ep52 shard 4434/8600 loss=3.6e-05  best=-inf wall=21.043h
  ep52 shard 4435/8600 loss=3e-05  best=-inf wall=21.047h
  ep52 shard 4436/8600 loss=3.8e-05  best=-inf wall=21.052h
  ep52 shard 4437/8600 loss=3.8e-05  best=-inf wall=21.055h
  ep52 shard 4438/8600 loss=4.1e-05  best=-inf wall=21.059h
  ep52 shard 4439/8600 loss=4e-05  best=-inf wall=21.064h
  ep52 shard 4440/8600 loss=3.1e-05  best=-inf wall=21.069h
  ep52 shard 4441/8600 loss=2.3e-05  best=-inf wall=21.075h
  ep52 shard 4442/8600 loss=3.7e-05  best=-inf wall=21.08h
  ep52 shard 4443/8600 loss=3.7e-05  best=-inf wall=21.085h
  ep52 shard 4444/8600 loss=3.3e-05  best=-inf wall=21.09h
  ep52 shard 4445/8600 loss=3.5e-05  best=-inf wall=21.095h
  ep52 shard 4446/8600 loss=2.8e-05  best=-inf wall=21.101h
  ep52 shard 4447/8600 loss=3.9e-05  best=-inf wall=21.106h
  ep52 shard 4448/8600 loss=2.9e-05  best=-inf wall=21.111h
  ep52 shard 4449/8600 loss=3.4e-05  best=-inf wall=21.116h
  ep52 shard 4450/8600 loss=4e-05  best=-inf wall=21.12h
  ep52 shard 4451/8600 loss=4e-05  best=-inf wall=21.126h
  ep52 shard 4452/8600 loss=3e-05  best=-inf wall=21.131h
  ep52 shard 4453/8600 loss=5.1e-05  best=-inf wall=21.135h
  ep52 shard 4454/8600 loss=4.1e-05  best=-inf wall=21.14h
  ep52 shard 4455/8600 loss=3.5e-05  best=-inf wall=21.145h
  ep52 shard 4456/8600 loss=3.6e-05  best=-inf wall=21.15h
  ep52 shard 4457/8600 loss=3e-05  best=-inf wall=21.155h
  ep52 shard 4458/8600 loss=2.9e-05  best=-inf wall=21.16h
  ep52 shard 4459/8600 loss=3.6e-05  best=-inf wall=21.164h
  ep52 shard 4460/8600 loss=3.3e-05  best=-inf wall=21.169h
  ep52 shard 4461/8600 loss=2.8e-05  best=-inf wall=21.174h
  ep52 shard 4462/8600 loss=3.2e-05  best=-inf wall=21.179h
  ep52 shard 4463/8600 loss=3.2e-05  best=-inf wall=21.184h
  ep52 shard 4464/8600 loss=2.7e-05  best=-inf wall=21.187h
  ep52 shard 4465/8600 loss=2.5e-05  best=-inf wall=21.192h
  ep52 shard 4466/8600 loss=3.6e-05  best=-inf wall=21.198h
  ep52 shard 4467/8600 loss=2.9e-05  best=-inf wall=21.203h
  ep52 shard 4468/8600 loss=3.6e-05  best=-inf wall=21.206h
  ep52 shard 4469/8600 loss=3.7e-05  best=-inf wall=21.211h
  ep52 shard 4470/8600 loss=3.5e-05  best=-inf wall=21.216h
  ep52 shard 4471/8600 loss=3e-05  best=-inf wall=21.221h
  ep52 shard 4472/8600 loss=3.4e-05  best=-inf wall=21.226h
  saved epoch checkpoint -> experiments/exp029-longrun/combined100/checkpoints/ep52.pt
  ep53 shard 4473/8600 loss=3.1e-05  best=-inf wall=21.231h
  ep53 shard 4474/8600 loss=4.5e-05  best=-inf wall=21.236h
  ep53 shard 4475/8600 loss=3.8e-05  best=-inf wall=21.241h
  ep53 shard 4476/8600 loss=2.6e-05  best=-inf wall=21.244h
  ep53 shard 4477/8600 loss=3e-05  best=-inf wall=21.249h
  ep53 shard 4478/8600 loss=2.8e-05  best=-inf wall=21.253h
  ep53 shard 4479/8600 loss=3.3e-05  best=-inf wall=21.258h
  ep53 shard 4480/8600 loss=3.2e-05  best=-inf wall=21.264h
  ep53 shard 4481/8600 loss=3e-05  best=-inf wall=21.269h
  ep53 shard 4482/8600 loss=2.7e-05  best=-inf wall=21.274h
  ep53 shard 4483/8600 loss=3.3e-05  best=-inf wall=21.279h
  ep53 shard 4484/8600 loss=3e-05  best=-inf wall=21.282h
  ep53 shard 4485/8600 loss=3.6e-05  best=-inf wall=21.287h
  ep53 shard 4486/8600 loss=3.4e-05  best=-inf wall=21.291h
  ep53 shard 4487/8600 loss=3.8e-05  best=-inf wall=21.295h
  ep53 shard 4488/8600 loss=3.1e-05  best=-inf wall=21.301h
  ep53 shard 4489/8600 loss=3.7e-05  best=-inf wall=21.304h
  ep53 shard 4490/8600 loss=3.1e-05  best=-inf wall=21.309h
  ep53 shard 4491/8600 loss=2.4e-05  best=-inf wall=21.314h
  ep53 shard 4492/8600 loss=3.8e-05  best=-inf wall=21.319h
  ep53 shard 4493/8600 loss=2.7e-05  best=-inf wall=21.324h
  ep53 shard 4494/8600 loss=3.6e-05  best=-inf wall=21.329h
  ep53 shard 4495/8600 loss=3.5e-05  best=-inf wall=21.335h
  ep53 shard 4496/8600 loss=2.9e-05  best=-inf wall=21.34h
  ep53 shard 4497/8600 loss=9.3e-05  best=-inf wall=21.345h
  ep53 shard 4498/8600 loss=3.5e-05  best=-inf wall=21.347h
  ep53 shard 4499/8600 loss=3.8e-05  best=-inf wall=21.352h
  ep53 shard 4500/8600 loss=4.1e-05  best=-inf wall=21.357h
  ep53 shard 4501/8600 loss=3e-05  best=-inf wall=21.363h
  ep53 shard 4502/8600 loss=2.9e-05  best=-inf wall=21.366h
  ep53 shard 4503/8600 loss=4e-05  best=-inf wall=21.367h
  ep53 shard 4504/8600 loss=2.4e-05  best=-inf wall=21.373h
  ep53 shard 4505/8600 loss=3.5e-05  best=-inf wall=21.378h
  ep53 shard 4506/8600 loss=4.3e-05  best=-inf wall=21.383h
  ep53 shard 4507/8600 loss=2.3e-05  best=-inf wall=21.388h
  ep53 shard 4508/8600 loss=3.2e-05  best=-inf wall=21.393h
  ep53 shard 4509/8600 loss=3e-05  best=-inf wall=21.398h
  ep53 shard 4510/8600 loss=4.5e-05  best=-inf wall=21.403h
  ep53 shard 4511/8600 loss=3.5e-05  best=-inf wall=21.409h
  ep53 shard 4512/8600 loss=3.5e-05  best=-inf wall=21.414h
  ep53 shard 4513/8600 loss=3.6e-05  best=-inf wall=21.419h
  ep53 shard 4514/8600 loss=4.2e-05  best=-inf wall=21.421h
  ep53 shard 4515/8600 loss=3.4e-05  best=-inf wall=21.427h
  ep53 shard 4516/8600 loss=3.1e-05  best=-inf wall=21.432h
  ep53 shard 4517/8600 loss=3.7e-05  best=-inf wall=21.437h
  ep53 shard 4518/8600 loss=3.3e-05  best=-inf wall=21.442h
  ep53 shard 4519/8600 loss=3.9e-05  best=-inf wall=21.447h
  ep53 shard 4520/8600 loss=4.5e-05  best=-inf wall=21.453h
  ep53 shard 4521/8600 loss=3.5e-05  best=-inf wall=21.458h
  ep53 shard 4522/8600 loss=3.7e-05  best=-inf wall=21.463h
  ep53 shard 4523/8600 loss=2.7e-05  best=-inf wall=21.468h
  ep53 shard 4524/8600 loss=3.5e-05  best=-inf wall=21.473h
  ep53 shard 4525/8600 loss=3.2e-05  best=-inf wall=21.479h
  ep53 shard 4526/8600 loss=3.3e-05  best=-inf wall=21.484h
  ep53 shard 4527/8600 loss=3.9e-05  best=-inf wall=21.489h
  ep53 shard 4528/8600 loss=3.4e-05  best=-inf wall=21.494h
  ep53 shard 4529/8600 loss=3.6e-05  best=-inf wall=21.497h
  ep53 shard 4530/8600 loss=3.5e-05  best=-inf wall=21.5h
  ep53 shard 4531/8600 loss=3.2e-05  best=-inf wall=21.505h
  ep53 shard 4532/8600 loss=4e-05  best=-inf wall=21.51h
  ep53 shard 4533/8600 loss=3.6e-05  best=-inf wall=21.515h
  ep53 shard 4534/8600 loss=3.3e-05  best=-inf wall=21.521h
  ep53 shard 4535/8600 loss=3e-05  best=-inf wall=21.526h
  ep53 shard 4536/8600 loss=3.2e-05  best=-inf wall=21.529h
  ep53 shard 4537/8600 loss=4.2e-05  best=-inf wall=21.534h
  ep53 shard 4538/8600 loss=3.8e-05  best=-inf wall=21.539h
  ep53 shard 4539/8600 loss=2.9e-05  best=-inf wall=21.544h
  ep53 shard 4540/8600 loss=2.8e-05  best=-inf wall=21.549h
  ep53 shard 4541/8600 loss=2.9e-05  best=-inf wall=21.554h
  ep53 shard 4542/8600 loss=2.8e-05  best=-inf wall=21.559h
  ep53 shard 4543/8600 loss=5.4e-05  best=-inf wall=21.564h
  ep53 shard 4544/8600 loss=2.9e-05  best=-inf wall=21.567h
  ep53 shard 4545/8600 loss=4.4e-05  best=-inf wall=21.572h
  ep53 shard 4546/8600 loss=3.6e-05  best=-inf wall=21.577h
  ep53 shard 4547/8600 loss=2.6e-05  best=-inf wall=21.582h
  ep53 shard 4548/8600 loss=3e-05  best=-inf wall=21.588h
  ep53 shard 4549/8600 loss=3.9e-05  best=-inf wall=21.593h
  ep53 shard 4550/8600 loss=2.9e-05  best=-inf wall=21.595h
  ep53 shard 4551/8600 loss=3.4e-05  best=-inf wall=21.598h
  ep53 shard 4552/8600 loss=2.7e-05  best=-inf wall=21.603h
  ep53 shard 4553/8600 loss=2.7e-05  best=-inf wall=21.608h
  ep53 shard 4554/8600 loss=2.9e-05  best=-inf wall=21.613h
  ep53 shard 4555/8600 loss=3.1e-05  best=-inf wall=21.618h
  ep53 shard 4556/8600 loss=2.9e-05  best=-inf wall=21.622h
  ep53 shard 4557/8600 loss=3.8e-05  best=-inf wall=21.626h
  ep53 shard 4558/8600 loss=3.8e-05  best=-inf wall=21.631h
  saved epoch checkpoint -> experiments/exp029-longrun/combined100/checkpoints/ep53.pt
  ep54 shard 4559/8600 loss=2.9e-05  best=-inf wall=21.636h
  ep54 shard 4560/8600 loss=3.3e-05  best=-inf wall=21.642h
  ep54 shard 4561/8600 loss=5.4e-05  best=-inf wall=21.647h
  ep54 shard 4562/8600 loss=4.3e-05  best=-inf wall=21.652h
  ep54 shard 4563/8600 loss=3.1e-05  best=-inf wall=21.655h
  ep54 shard 4564/8600 loss=3.4e-05  best=-inf wall=21.66h
  ep54 shard 4565/8600 loss=3.9e-05  best=-inf wall=21.663h
  ep54 shard 4566/8600 loss=2.8e-05  best=-inf wall=21.668h
  ep54 shard 4567/8600 loss=3.8e-05  best=-inf wall=21.673h
  ep54 shard 4568/8600 loss=3.7e-05  best=-inf wall=21.676h
  ep54 shard 4569/8600 loss=4e-05  best=-inf wall=21.682h
  ep54 shard 4570/8600 loss=2.7e-05  best=-inf wall=21.687h
  ep54 shard 4571/8600 loss=3.2e-05  best=-inf wall=21.692h
  ep54 shard 4572/8600 loss=3.4e-05  best=-inf wall=21.697h
  ep54 shard 4573/8600 loss=3.3e-05  best=-inf wall=21.702h
  ep54 shard 4574/8600 loss=3.3e-05  best=-inf wall=21.707h
  ep54 shard 4575/8600 loss=2.5e-05  best=-inf wall=21.713h
  ep54 shard 4576/8600 loss=3.1e-05  best=-inf wall=21.718h
  ep54 shard 4577/8600 loss=4e-05  best=-inf wall=21.722h
  ep54 shard 4578/8600 loss=2.8e-05  best=-inf wall=21.727h
  ep54 shard 4579/8600 loss=2.9e-05  best=-inf wall=21.732h
  ep54 shard 4580/8600 loss=3.1e-05  best=-inf wall=21.738h
  ep54 shard 4581/8600 loss=3.2e-05  best=-inf wall=21.743h
  ep54 shard 4582/8600 loss=4.4e-05  best=-inf wall=21.747h
  ep54 shard 4583/8600 loss=2.7e-05  best=-inf wall=21.752h
  ep54 shard 4584/8600 loss=4.5e-05  best=-inf wall=21.757h
  ep54 shard 4585/8600 loss=3.7e-05  best=-inf wall=21.76h
  ep54 shard 4586/8600 loss=3.7e-05  best=-inf wall=21.766h
  ep54 shard 4587/8600 loss=2.8e-05  best=-inf wall=21.768h
  ep54 shard 4588/8600 loss=3.8e-05  best=-inf wall=21.771h
  ep54 shard 4589/8600 loss=3.2e-05  best=-inf wall=21.776h
  ep54 shard 4590/8600 loss=2.8e-05  best=-inf wall=21.782h
  ep54 shard 4591/8600 loss=2.9e-05  best=-inf wall=21.783h
  ep54 shard 4592/8600 loss=3.9e-05  best=-inf wall=21.788h
  ep54 shard 4593/8600 loss=4.2e-05  best=-inf wall=21.794h
  ep54 shard 4594/8600 loss=3.2e-05  best=-inf wall=21.799h
  ep54 shard 4595/8600 loss=4e-05  best=-inf wall=21.804h
  ep54 shard 4596/8600 loss=4e-05  best=-inf wall=21.809h
  ep54 shard 4597/8600 loss=4.2e-05  best=-inf wall=21.814h
  ep54 shard 4598/8600 loss=3.2e-05  best=-inf wall=21.82h
  ep54 shard 4599/8600 loss=3.4e-05  best=-inf wall=21.824h
  ep54 shard 4600/8600 loss=3.1e-05  best=-inf wall=21.829h
  ep54 shard 4601/8600 loss=3.5e-05  best=-inf wall=21.835h
  ep54 shard 4602/8600 loss=3.4e-05  best=-inf wall=21.836h
  ep54 shard 4603/8600 loss=2.4e-05  best=-inf wall=21.842h
  ep54 shard 4604/8600 loss=3e-05  best=-inf wall=21.845h
  ep54 shard 4605/8600 loss=4.9e-05  best=-inf wall=21.85h
  ep54 shard 4606/8600 loss=3.1e-05  best=-inf wall=21.855h
  ep54 shard 4607/8600 loss=2.6e-05  best=-inf wall=21.86h
  ep54 shard 4608/8600 loss=3.9e-05  best=-inf wall=21.864h
  ep54 shard 4609/8600 loss=3e-05  best=-inf wall=21.869h
  ep54 shard 4610/8600 loss=3.7e-05  best=-inf wall=21.874h
  ep54 shard 4611/8600 loss=3.1e-05  best=-inf wall=21.878h
  ep54 shard 4612/8600 loss=3.9e-05  best=-inf wall=21.884h
  ep54 shard 4613/8600 loss=3.1e-05  best=-inf wall=21.889h
  ep54 shard 4614/8600 loss=4.1e-05  best=-inf wall=21.894h
  ep54 shard 4615/8600 loss=3.1e-05  best=-inf wall=21.899h
  ep54 shard 4616/8600 loss=4.5e-05  best=-inf wall=21.905h
  ep54 shard 4617/8600 loss=3.1e-05  best=-inf wall=21.91h
  ep54 shard 4618/8600 loss=3.6e-05  best=-inf wall=21.913h
  ep54 shard 4619/8600 loss=3.2e-05  best=-inf wall=21.917h
  ep54 shard 4620/8600 loss=2.5e-05  best=-inf wall=21.922h
  ep54 shard 4621/8600 loss=3.3e-05  best=-inf wall=21.925h
  ep54 shard 4622/8600 loss=3.3e-05  best=-inf wall=21.93h
  ep54 shard 4623/8600 loss=3.6e-05  best=-inf wall=21.932h
  ep54 shard 4624/8600 loss=3.1e-05  best=-inf wall=21.936h
  ep54 shard 4625/8600 loss=4.5e-05  best=-inf wall=21.941h
  ep54 shard 4626/8600 loss=2.5e-05  best=-inf wall=21.947h
  ep54 shard 4627/8600 loss=3.4e-05  best=-inf wall=21.952h
  ep54 shard 4628/8600 loss=3.2e-05  best=-inf wall=21.957h
  ep54 shard 4629/8600 loss=3e-05  best=-inf wall=21.961h
  ep54 shard 4630/8600 loss=2.7e-05  best=-inf wall=21.966h
  ep54 shard 4631/8600 loss=5.3e-05  best=-inf wall=21.971h
  ep54 shard 4632/8600 loss=2.6e-05  best=-inf wall=21.976h
  ep54 shard 4633/8600 loss=3.4e-05  best=-inf wall=21.982h
  ep54 shard 4634/8600 loss=3.5e-05  best=-inf wall=21.987h
  ep54 shard 4635/8600 loss=3e-05  best=-inf wall=21.992h
  ep54 shard 4636/8600 loss=4.5e-05  best=-inf wall=21.997h
  ep54 shard 4637/8600 loss=3e-05  best=-inf wall=22.003h
  ep54 shard 4638/8600 loss=3.3e-05  best=-inf wall=22.008h
  ep54 shard 4639/8600 loss=2.9e-05  best=-inf wall=22.013h
  ep54 shard 4640/8600 loss=2.9e-05  best=-inf wall=22.018h
  ep54 shard 4641/8600 loss=3.8e-05  best=-inf wall=22.024h
  ep54 shard 4642/8600 loss=3e-05  best=-inf wall=22.029h
  ep54 shard 4643/8600 loss=4.1e-05  best=-inf wall=22.034h
  ep54 shard 4644/8600 loss=2.9e-05  best=-inf wall=22.037h
  saved epoch checkpoint -> experiments/exp029-longrun/combined100/checkpoints/ep54.pt
  ep55 shard 4645/8600 loss=2.9e-05  best=-inf wall=22.042h
  ep55 shard 4646/8600 loss=3.3e-05  best=-inf wall=22.048h
  ep55 shard 4647/8600 loss=3.5e-05  best=-inf wall=22.053h
  ep55 shard 4648/8600 loss=3e-05  best=-inf wall=22.058h
  ep55 shard 4649/8600 loss=3e-05  best=-inf wall=22.06h
  ep55 shard 4650/8600 loss=3e-05  best=-inf wall=22.063h
  ep55 shard 4651/8600 loss=3.4e-05  best=-inf wall=22.068h
  ep55 shard 4652/8600 loss=2.7e-05  best=-inf wall=22.073h
  ep55 shard 4653/8600 loss=3.1e-05  best=-inf wall=22.078h
  ep55 shard 4654/8600 loss=3e-05  best=-inf wall=22.083h
  ep55 shard 4655/8600 loss=2.5e-05  best=-inf wall=22.086h
  ep55 shard 4656/8600 loss=3.1e-05  best=-inf wall=22.091h
  ep55 shard 4657/8600 loss=3.7e-05  best=-inf wall=22.097h
  ep55 shard 4658/8600 loss=4.4e-05  best=-inf wall=22.102h
  ep55 shard 4659/8600 loss=3.3e-05  best=-inf wall=22.107h
  ep55 shard 4660/8600 loss=3.3e-05  best=-inf wall=22.113h
  ep55 shard 4661/8600 loss=2.7e-05  best=-inf wall=22.118h
  ep55 shard 4662/8600 loss=2.6e-05  best=-inf wall=22.123h
  ep55 shard 4663/8600 loss=3.5e-05  best=-inf wall=22.125h
  ep55 shard 4664/8600 loss=3.4e-05  best=-inf wall=22.13h
  ep55 shard 4665/8600 loss=3.4e-05  best=-inf wall=22.132h
  ep55 shard 4666/8600 loss=3.5e-05  best=-inf wall=22.137h
  ep55 shard 4667/8600 loss=2.5e-05  best=-inf wall=22.143h
  ep55 shard 4668/8600 loss=4e-05  best=-inf wall=22.148h
  ep55 shard 4669/8600 loss=3.6e-05  best=-inf wall=22.151h
  ep55 shard 4670/8600 loss=3.5e-05  best=-inf wall=22.156h
  ep55 shard 4671/8600 loss=3.4e-05  best=-inf wall=22.157h
  ep55 shard 4672/8600 loss=3.3e-05  best=-inf wall=22.163h
  ep55 shard 4673/8600 loss=3.2e-05  best=-inf wall=22.168h
  ep55 shard 4674/8600 loss=3.3e-05  best=-inf wall=22.173h
  ep55 shard 4675/8600 loss=4.4e-05  best=-inf wall=22.178h
  ep55 shard 4676/8600 loss=4.1e-05  best=-inf wall=22.183h
  ep55 shard 4677/8600 loss=2.8e-05  best=-inf wall=22.189h
  ep55 shard 4678/8600 loss=2.9e-05  best=-inf wall=22.194h
  ep55 shard 4679/8600 loss=3.2e-05  best=-inf wall=22.196h
  ep55 shard 4680/8600 loss=3.2e-05  best=-inf wall=22.2h
  ep55 shard 4681/8600 loss=2.8e-05  best=-inf wall=22.206h
  ep55 shard 4682/8600 loss=3.8e-05  best=-inf wall=22.211h
  ep55 shard 4683/8600 loss=2.5e-05  best=-inf wall=22.216h
  ep55 shard 4684/8600 loss=2.9e-05  best=-inf wall=22.22h
  ep55 shard 4685/8600 loss=3.8e-05  best=-inf wall=22.226h
  ep55 shard 4686/8600 loss=3.6e-05  best=-inf wall=22.231h
  ep55 shard 4687/8600 loss=3e-05  best=-inf wall=22.235h
  ep55 shard 4688/8600 loss=2.9e-05  best=-inf wall=22.24h
  ep55 shard 4689/8600 loss=3.3e-05  best=-inf wall=22.246h
  ep55 shard 4690/8600 loss=3.5e-05  best=-inf wall=22.249h
  ep55 shard 4691/8600 loss=3.7e-05  best=-inf wall=22.254h
  ep55 shard 4692/8600 loss=3.2e-05  best=-inf wall=22.259h
  ep55 shard 4693/8600 loss=3.1e-05  best=-inf wall=22.264h
  ep55 shard 4694/8600 loss=3e-05  best=-inf wall=22.268h
  ep55 shard 4695/8600 loss=3.9e-05  best=-inf wall=22.273h
  ep55 shard 4696/8600 loss=3.5e-05  best=-inf wall=22.278h
  ep55 shard 4697/8600 loss=3.4e-05  best=-inf wall=22.283h
  ep55 shard 4698/8600 loss=3.5e-05  best=-inf wall=22.286h
  ep55 shard 4699/8600 loss=4.3e-05  best=-inf wall=22.292h
  ep55 shard 4700/8600 loss=4e-05  best=-inf wall=22.297h
  ep55 shard 4701/8600 loss=4.8e-05  best=-inf wall=22.302h
  ep55 shard 4702/8600 loss=3.7e-05  best=-inf wall=22.307h
  ep55 shard 4703/8600 loss=3.4e-05  best=-inf wall=22.312h
  ep55 shard 4704/8600 loss=3.2e-05  best=-inf wall=22.318h
  ep55 shard 4705/8600 loss=2.9e-05  best=-inf wall=22.323h
  ep55 shard 4706/8600 loss=4.3e-05  best=-inf wall=22.328h
  ep55 shard 4707/8600 loss=3.5e-05  best=-inf wall=22.333h
  ep55 shard 4708/8600 loss=4e-05  best=-inf wall=22.338h
  ep55 shard 4709/8600 loss=3.4e-05  best=-inf wall=22.343h
  ep55 shard 4710/8600 loss=3.3e-05  best=-inf wall=22.348h
  ep55 shard 4711/8600 loss=3.2e-05  best=-inf wall=22.353h
  ep55 shard 4712/8600 loss=3.4e-05  best=-inf wall=22.358h
  ep55 shard 4713/8600 loss=3.9e-05  best=-inf wall=22.363h
  ep55 shard 4714/8600 loss=3.6e-05  best=-inf wall=22.366h
  ep55 shard 4715/8600 loss=3.3e-05  best=-inf wall=22.372h
  ep55 shard 4716/8600 loss=3.6e-05  best=-inf wall=22.377h
  ep55 shard 4717/8600 loss=3.4e-05  best=-inf wall=22.382h
  ep55 shard 4718/8600 loss=4.4e-05  best=-inf wall=22.387h
  ep55 shard 4719/8600 loss=2.2e-05  best=-inf wall=22.392h
  ep55 shard 4720/8600 loss=3.6e-05  best=-inf wall=22.397h
  ep55 shard 4721/8600 loss=2.7e-05  best=-inf wall=22.402h
  ep55 shard 4722/8600 loss=2.3e-05  best=-inf wall=22.408h
  ep55 shard 4723/8600 loss=3.1e-05  best=-inf wall=22.413h
  ep55 shard 4724/8600 loss=3.5e-05  best=-inf wall=22.417h
  ep55 shard 4725/8600 loss=4.6e-05  best=-inf wall=22.421h
  ep55 shard 4726/8600 loss=3.4e-05  best=-inf wall=22.424h
  ep55 shard 4727/8600 loss=2.6e-05  best=-inf wall=22.429h
  ep55 shard 4728/8600 loss=3.7e-05  best=-inf wall=22.435h
  ep55 shard 4729/8600 loss=4.4e-05  best=-inf wall=22.44h
  ep55 shard 4730/8600 loss=3.6e-05  best=-inf wall=22.443h
  saved epoch checkpoint -> experiments/exp029-longrun/combined100/checkpoints/ep55.pt
  ep56 shard 4731/8600 loss=3.8e-05  best=-inf wall=22.448h
  ep56 shard 4732/8600 loss=3.6e-05  best=-inf wall=22.453h
  ep56 shard 4733/8600 loss=3.8e-05  best=-inf wall=22.458h
  ep56 shard 4734/8600 loss=3.2e-05  best=-inf wall=22.464h
  ep56 shard 4735/8600 loss=2.8e-05  best=-inf wall=22.469h
  ep56 shard 4736/8600 loss=3.3e-05  best=-inf wall=22.474h
  ep56 shard 4737/8600 loss=2.4e-05  best=-inf wall=22.479h
  ep56 shard 4738/8600 loss=2.7e-05  best=-inf wall=22.484h
  ep56 shard 4739/8600 loss=2.5e-05  best=-inf wall=22.487h
  ep56 shard 4740/8600 loss=3e-05  best=-inf wall=22.493h
  ep56 shard 4741/8600 loss=3.9e-05  best=-inf wall=22.498h
  ep56 shard 4742/8600 loss=3.4e-05  best=-inf wall=22.501h
  ep56 shard 4743/8600 loss=3.3e-05  best=-inf wall=22.502h
  ep56 shard 4744/8600 loss=3.4e-05  best=-inf wall=22.505h
  ep56 shard 4745/8600 loss=3.6e-05  best=-inf wall=22.507h
  ep56 shard 4746/8600 loss=3.3e-05  best=-inf wall=22.511h
  ep56 shard 4747/8600 loss=2.6e-05  best=-inf wall=22.517h
  ep56 shard 4748/8600 loss=4.3e-05  best=-inf wall=22.522h
  ep56 shard 4749/8600 loss=3.5e-05  best=-inf wall=22.527h
  ep56 shard 4750/8600 loss=4.1e-05  best=-inf wall=22.532h
  ep56 shard 4751/8600 loss=3.2e-05  best=-inf wall=22.536h
  ep56 shard 4752/8600 loss=2.9e-05  best=-inf wall=22.542h
  ep56 shard 4753/8600 loss=3.9e-05  best=-inf wall=22.546h
  ep56 shard 4754/8600 loss=3.6e-05  best=-inf wall=22.551h
  ep56 shard 4755/8600 loss=3.4e-05  best=-inf wall=22.554h
  ep56 shard 4756/8600 loss=3.8e-05  best=-inf wall=22.559h
  ep56 shard 4757/8600 loss=3.4e-05  best=-inf wall=22.564h
  ep56 shard 4758/8600 loss=2.9e-05  best=-inf wall=22.569h
  ep56 shard 4759/8600 loss=3.5e-05  best=-inf wall=22.572h
  ep56 shard 4760/8600 loss=3.4e-05  best=-inf wall=22.577h
  ep56 shard 4761/8600 loss=3.4e-05  best=-inf wall=22.581h
  ep56 shard 4762/8600 loss=3.1e-05  best=-inf wall=22.587h
  ep56 shard 4763/8600 loss=3.2e-05  best=-inf wall=22.589h
  ep56 shard 4764/8600 loss=3.7e-05  best=-inf wall=22.594h
  ep56 shard 4765/8600 loss=3.2e-05  best=-inf wall=22.599h
  ep56 shard 4766/8600 loss=3.7e-05  best=-inf wall=22.605h
  ep56 shard 4767/8600 loss=4.5e-05  best=-inf wall=22.609h
  ep56 shard 4768/8600 loss=3.7e-05  best=-inf wall=22.611h
  ep56 shard 4769/8600 loss=2.6e-05  best=-inf wall=22.616h
  ep56 shard 4770/8600 loss=3.1e-05  best=-inf wall=22.621h
  ep56 shard 4771/8600 loss=4.1e-05  best=-inf wall=22.625h
  ep56 shard 4772/8600 loss=3.3e-05  best=-inf wall=22.63h
  ep56 shard 4773/8600 loss=3.9e-05  best=-inf wall=22.635h
  ep56 shard 4774/8600 loss=3.2e-05  best=-inf wall=22.64h
  ep56 shard 4775/8600 loss=3.8e-05  best=-inf wall=22.646h
  ep56 shard 4776/8600 loss=3.5e-05  best=-inf wall=22.651h
  ep56 shard 4777/8600 loss=3.5e-05  best=-inf wall=22.656h
  ep56 shard 4778/8600 loss=3.8e-05  best=-inf wall=22.661h
  ep56 shard 4779/8600 loss=3.1e-05  best=-inf wall=22.663h
  ep56 shard 4780/8600 loss=3.1e-05  best=-inf wall=22.668h
  ep56 shard 4781/8600 loss=3.5e-05  best=-inf wall=22.674h
  ep56 shard 4782/8600 loss=3.9e-05  best=-inf wall=22.679h
  ep56 shard 4783/8600 loss=4e-05  best=-inf wall=22.684h
  ep56 shard 4784/8600 loss=3.2e-05  best=-inf wall=22.689h
  ep56 shard 4785/8600 loss=2.9e-05  best=-inf wall=22.694h
  ep56 shard 4786/8600 loss=3.6e-05  best=-inf wall=22.699h
  ep56 shard 4787/8600 loss=3.9e-05  best=-inf wall=22.705h
  ep56 shard 4788/8600 loss=3.9e-05  best=-inf wall=22.71h
  ep56 shard 4789/8600 loss=3.6e-05  best=-inf wall=22.715h
  ep56 shard 4790/8600 loss=3.3e-05  best=-inf wall=22.718h
  ep56 shard 4791/8600 loss=2.9e-05  best=-inf wall=22.722h
  ep56 shard 4792/8600 loss=3.1e-05  best=-inf wall=22.728h
  ep56 shard 4793/8600 loss=3.4e-05  best=-inf wall=22.733h
  ep56 shard 4794/8600 loss=2.6e-05  best=-inf wall=22.738h
  ep56 shard 4795/8600 loss=3.9e-05  best=-inf wall=22.743h
  ep56 shard 4796/8600 loss=2.8e-05  best=-inf wall=22.748h
  ep56 shard 4797/8600 loss=3.5e-05  best=-inf wall=22.754h
  ep56 shard 4798/8600 loss=2.5e-05  best=-inf wall=22.759h
  ep56 shard 4799/8600 loss=4.2e-05  best=-inf wall=22.764h
  ep56 shard 4800/8600 loss=4.4e-05  best=-inf wall=22.769h
  ep56 shard 4801/8600 loss=3.7e-05  best=-inf wall=22.774h
  ep56 shard 4802/8600 loss=3e-05  best=-inf wall=22.78h
  ep56 shard 4803/8600 loss=3.9e-05  best=-inf wall=22.785h
  ep56 shard 4804/8600 loss=2.8e-05  best=-inf wall=22.79h
  ep56 shard 4805/8600 loss=4.7e-05  best=-inf wall=22.795h
  ep56 shard 4806/8600 loss=3e-05  best=-inf wall=22.8h
  ep56 shard 4807/8600 loss=3.4e-05  best=-inf wall=22.806h
  ep56 shard 4808/8600 loss=4.3e-05  best=-inf wall=22.81h
  ep56 shard 4809/8600 loss=4e-05  best=-inf wall=22.816h
  ep56 shard 4810/8600 loss=3.8e-05  best=-inf wall=22.819h
  ep56 shard 4811/8600 loss=3.5e-05  best=-inf wall=22.824h
  ep56 shard 4812/8600 loss=2.8e-05  best=-inf wall=22.829h
  ep56 shard 4813/8600 loss=2.8e-05  best=-inf wall=22.834h
  ep56 shard 4814/8600 loss=3.5e-05  best=-inf wall=22.837h
  ep56 shard 4815/8600 loss=2.8e-05  best=-inf wall=22.843h
  ep56 shard 4816/8600 loss=4.3e-05  best=-inf wall=22.848h
  saved epoch checkpoint -> experiments/exp029-longrun/combined100/checkpoints/ep56.pt
  ep57 shard 4817/8600 loss=3.4e-05  best=-inf wall=22.853h
  ep57 shard 4818/8600 loss=3.2e-05  best=-inf wall=22.858h
  ep57 shard 4819/8600 loss=3.5e-05  best=-inf wall=22.862h
  ep57 shard 4820/8600 loss=3.1e-05  best=-inf wall=22.867h
  ep57 shard 4821/8600 loss=3.8e-05  best=-inf wall=22.872h
  ep57 shard 4822/8600 loss=3.1e-05  best=-inf wall=22.877h
  ep57 shard 4823/8600 loss=3.2e-05  best=-inf wall=22.882h
  ep57 shard 4824/8600 loss=2.3e-05  best=-inf wall=22.888h
  ep57 shard 4825/8600 loss=2.8e-05  best=-inf wall=22.891h
  ep57 shard 4826/8600 loss=2.7e-05  best=-inf wall=22.893h
  ep57 shard 4827/8600 loss=3e-05  best=-inf wall=22.898h
  ep57 shard 4828/8600 loss=3.4e-05  best=-inf wall=22.904h
  ep57 shard 4829/8600 loss=3.6e-05  best=-inf wall=22.909h
  ep57 shard 4830/8600 loss=3.5e-05  best=-inf wall=22.915h
  ep57 shard 4831/8600 loss=2.6e-05  best=-inf wall=22.92h
  ep57 shard 4832/8600 loss=2.7e-05  best=-inf wall=22.925h
  ep57 shard 4833/8600 loss=2.6e-05  best=-inf wall=22.93h
  ep57 shard 4834/8600 loss=3.2e-05  best=-inf wall=22.935h
  ep57 shard 4835/8600 loss=3.3e-05  best=-inf wall=22.94h
  ep57 shard 4836/8600 loss=3.9e-05  best=-inf wall=22.945h
  ep57 shard 4837/8600 loss=3e-05  best=-inf wall=22.95h
  ep57 shard 4838/8600 loss=3.4e-05  best=-inf wall=22.955h
  ep57 shard 4839/8600 loss=4.6e-05  best=-inf wall=22.96h
  ep57 shard 4840/8600 loss=3.8e-05  best=-inf wall=22.965h
  ep57 shard 4841/8600 loss=3.4e-05  best=-inf wall=22.971h
  ep57 shard 4842/8600 loss=2.6e-05  best=-inf wall=22.976h
  ep57 shard 4843/8600 loss=3.7e-05  best=-inf wall=22.981h
  ep57 shard 4844/8600 loss=3.2e-05  best=-inf wall=22.986h
  ep57 shard 4845/8600 loss=3.1e-05  best=-inf wall=22.991h
  ep57 shard 4846/8600 loss=3e-05  best=-inf wall=22.997h
  ep57 shard 4847/8600 loss=4.3e-05  best=-inf wall=23.001h
  ep57 shard 4848/8600 loss=3.5e-05  best=-inf wall=23.006h
  ep57 shard 4849/8600 loss=4.1e-05  best=-inf wall=23.011h
  ep57 shard 4850/8600 loss=3.8e-05  best=-inf wall=23.016h
  ep57 shard 4851/8600 loss=3.4e-05  best=-inf wall=23.021h
  ep57 shard 4852/8600 loss=2.7e-05  best=-inf wall=23.026h
  ep57 shard 4853/8600 loss=3.2e-05  best=-inf wall=23.031h
  ep57 shard 4854/8600 loss=3e-05  best=-inf wall=23.036h
  ep57 shard 4855/8600 loss=3.8e-05  best=-inf wall=23.041h
  ep57 shard 4856/8600 loss=2.5e-05  best=-inf wall=23.046h
  ep57 shard 4857/8600 loss=2.4e-05  best=-inf wall=23.051h
  ep57 shard 4858/8600 loss=2.4e-05  best=-inf wall=23.056h
  ep57 shard 4859/8600 loss=3.2e-05  best=-inf wall=23.062h
  ep57 shard 4860/8600 loss=3e-05  best=-inf wall=23.065h
  ep57 shard 4861/8600 loss=2.9e-05  best=-inf wall=23.068h
  ep57 shard 4862/8600 loss=2.7e-05  best=-inf wall=23.073h
  ep57 shard 4863/8600 loss=3.2e-05  best=-inf wall=23.078h
  ep57 shard 4864/8600 loss=3.1e-05  best=-inf wall=23.083h
  ep57 shard 4865/8600 loss=3e-05  best=-inf wall=23.088h
  ep57 shard 4866/8600 loss=3.1e-05  best=-inf wall=23.094h
  ep57 shard 4867/8600 loss=3.6e-05  best=-inf wall=23.099h
  ep57 shard 4868/8600 loss=4e-05  best=-inf wall=23.101h
  ep57 shard 4869/8600 loss=3.3e-05  best=-inf wall=23.107h
  ep57 shard 4870/8600 loss=3.7e-05  best=-inf wall=23.112h
  ep57 shard 4871/8600 loss=3.9e-05  best=-inf wall=23.116h
  ep57 shard 4872/8600 loss=3e-05  best=-inf wall=23.122h
  ep57 shard 4873/8600 loss=3.5e-05  best=-inf wall=23.127h
  ep57 shard 4874/8600 loss=3.7e-05  best=-inf wall=23.132h
  ep57 shard 4875/8600 loss=3.4e-05  best=-inf wall=23.137h
  ep57 shard 4876/8600 loss=3e-05  best=-inf wall=23.143h
  ep57 shard 4877/8600 loss=4.2e-05  best=-inf wall=23.148h
  ep57 shard 4878/8600 loss=3.3e-05  best=-inf wall=23.15h
  ep57 shard 4879/8600 loss=3.8e-05  best=-inf wall=23.154h
  ep57 shard 4880/8600 loss=4.3e-05  best=-inf wall=23.159h
  ep57 shard 4881/8600 loss=3.5e-05  best=-inf wall=23.164h
  ep57 shard 4882/8600 loss=3e-05  best=-inf wall=23.17h
  ep57 shard 4883/8600 loss=3.3e-05  best=-inf wall=23.175h
  ep57 shard 4884/8600 loss=2.9e-05  best=-inf wall=23.18h
  ep57 shard 4885/8600 loss=2.2e-05  best=-inf wall=23.185h
  ep57 shard 4886/8600 loss=3.3e-05  best=-inf wall=23.19h
  ep57 shard 4887/8600 loss=2.5e-05  best=-inf wall=23.195h
  ep57 shard 4888/8600 loss=2.8e-05  best=-inf wall=23.198h
  ep57 shard 4889/8600 loss=3.3e-05  best=-inf wall=23.203h
  ep57 shard 4890/8600 loss=3.8e-05  best=-inf wall=23.205h
  ep57 shard 4891/8600 loss=3e-05  best=-inf wall=23.208h
  ep57 shard 4892/8600 loss=3.6e-05  best=-inf wall=23.212h
  ep57 shard 4893/8600 loss=3e-05  best=-inf wall=23.216h
  ep57 shard 4894/8600 loss=4.2e-05  best=-inf wall=23.218h
  ep57 shard 4895/8600 loss=4.7e-05  best=-inf wall=23.223h
  ep57 shard 4896/8600 loss=2.9e-05  best=-inf wall=23.226h
  ep57 shard 4897/8600 loss=3.7e-05  best=-inf wall=23.231h
  ep57 shard 4898/8600 loss=2.9e-05  best=-inf wall=23.237h
  ep57 shard 4899/8600 loss=3.5e-05  best=-inf wall=23.242h
  ep57 shard 4900/8600 loss=2.8e-05  best=-inf wall=23.247h
  ep57 shard 4901/8600 loss=2.7e-05  best=-inf wall=23.25h
  ep57 shard 4902/8600 loss=3.9e-05  best=-inf wall=23.253h
  saved epoch checkpoint -> experiments/exp029-longrun/combined100/checkpoints/ep57.pt
  ep58 shard 4903/8600 loss=3e-05  best=-inf wall=23.258h
  ep58 shard 4904/8600 loss=3e-05  best=-inf wall=23.264h
  ep58 shard 4905/8600 loss=3.8e-05  best=-inf wall=23.268h
  ep58 shard 4906/8600 loss=3.7e-05  best=-inf wall=23.273h
  ep58 shard 4907/8600 loss=3.2e-05  best=-inf wall=23.274h
  ep58 shard 4908/8600 loss=3.3e-05  best=-inf wall=23.28h
  ep58 shard 4909/8600 loss=2.8e-05  best=-inf wall=23.282h
  ep58 shard 4910/8600 loss=3.9e-05  best=-inf wall=23.287h
  ep58 shard 4911/8600 loss=4e-05  best=-inf wall=23.293h
  ep58 shard 4912/8600 loss=4e-05  best=-inf wall=23.298h
  ep58 shard 4913/8600 loss=3.2e-05  best=-inf wall=23.303h
  ep58 shard 4914/8600 loss=2.7e-05  best=-inf wall=23.309h
  ep58 shard 4915/8600 loss=3.4e-05  best=-inf wall=23.312h
  ep58 shard 4916/8600 loss=3.9e-05  best=-inf wall=23.317h
  ep58 shard 4917/8600 loss=3.1e-05  best=-inf wall=23.322h
  ep58 shard 4918/8600 loss=3e-05  best=-inf wall=23.325h
  ep58 shard 4919/8600 loss=2.7e-05  best=-inf wall=23.328h
  ep58 shard 4920/8600 loss=3.4e-05  best=-inf wall=23.334h
  ep58 shard 4921/8600 loss=3.4e-05  best=-inf wall=23.339h
  ep58 shard 4922/8600 loss=2.7e-05  best=-inf wall=23.344h
  ep58 shard 4923/8600 loss=3.5e-05  best=-inf wall=23.349h
  ep58 shard 4924/8600 loss=3.2e-05  best=-inf wall=23.354h
  ep58 shard 4925/8600 loss=3.6e-05  best=-inf wall=23.36h
  ep58 shard 4926/8600 loss=2.6e-05  best=-inf wall=23.365h
  ep58 shard 4927/8600 loss=3.2e-05  best=-inf wall=23.37h
  ep58 shard 4928/8600 loss=2.7e-05  best=-inf wall=23.375h
  ep58 shard 4929/8600 loss=3.7e-05  best=-inf wall=23.38h
  ep58 shard 4930/8600 loss=2.7e-05  best=-inf wall=23.385h
  ep58 shard 4931/8600 loss=3.1e-05  best=-inf wall=23.39h
  ep58 shard 4932/8600 loss=3.2e-05  best=-inf wall=23.396h
  ep58 shard 4933/8600 loss=3.4e-05  best=-inf wall=23.401h
  ep58 shard 4934/8600 loss=2.9e-05  best=-inf wall=23.406h
  ep58 shard 4935/8600 loss=3.1e-05  best=-inf wall=23.411h
  ep58 shard 4936/8600 loss=3.2e-05  best=-inf wall=23.417h
  ep58 shard 4937/8600 loss=3.5e-05  best=-inf wall=23.422h
  ep58 shard 4938/8600 loss=2.8e-05  best=-inf wall=23.427h
  ep58 shard 4939/8600 loss=2.5e-05  best=-inf wall=23.431h
  ep58 shard 4940/8600 loss=2.8e-05  best=-inf wall=23.436h
  ep58 shard 4941/8600 loss=4.8e-05  best=-inf wall=23.442h
  ep58 shard 4942/8600 loss=3.6e-05  best=-inf wall=23.447h
  ep58 shard 4943/8600 loss=2.7e-05  best=-inf wall=23.45h
  ep58 shard 4944/8600 loss=3.5e-05  best=-inf wall=23.455h
  ep58 shard 4945/8600 loss=3.2e-05  best=-inf wall=23.462h
  ep58 shard 4946/8600 loss=3.3e-05  best=-inf wall=23.469h
  ep58 shard 4947/8600 loss=3.1e-05  best=-inf wall=23.481h
  ep58 shard 4948/8600 loss=3.4e-05  best=-inf wall=23.487h
  ep58 shard 4949/8600 loss=2.4e-05  best=-inf wall=23.492h
  ep58 shard 4950/8600 loss=3.5e-05  best=-inf wall=23.496h
  ep58 shard 4951/8600 loss=2.2e-05  best=-inf wall=23.501h
  ep58 shard 4952/8600 loss=3.1e-05  best=-inf wall=23.507h
  ep58 shard 4953/8600 loss=3.6e-05  best=-inf wall=23.511h
  ep58 shard 4954/8600 loss=2.3e-05  best=-inf wall=23.517h
  ep58 shard 4955/8600 loss=3.8e-05  best=-inf wall=23.523h
  ep58 shard 4956/8600 loss=4.6e-05  best=-inf wall=23.529h
  ep58 shard 4957/8600 loss=3.6e-05  best=-inf wall=23.535h
  ep58 shard 4958/8600 loss=3.4e-05  best=-inf wall=23.54h
  ep58 shard 4959/8600 loss=2.9e-05  best=-inf wall=23.543h
  ep58 shard 4960/8600 loss=2.7e-05  best=-inf wall=23.547h
  ep58 shard 4961/8600 loss=2.6e-05  best=-inf wall=23.551h
  ep58 shard 4962/8600 loss=3.5e-05  best=-inf wall=23.556h
  ep58 shard 4963/8600 loss=3e-05  best=-inf wall=23.561h
  ep58 shard 4964/8600 loss=2.6e-05  best=-inf wall=23.567h
  ep58 shard 4965/8600 loss=4.1e-05  best=-inf wall=23.568h
  ep58 shard 4966/8600 loss=3.5e-05  best=-inf wall=23.57h
  ep58 shard 4967/8600 loss=3.6e-05  best=-inf wall=23.575h
  ep58 shard 4968/8600 loss=3.1e-05  best=-inf wall=23.58h
  ep58 shard 4969/8600 loss=2.8e-05  best=-inf wall=23.583h
  ep58 shard 4970/8600 loss=4e-05  best=-inf wall=23.589h
  ep58 shard 4971/8600 loss=2.8e-05  best=-inf wall=23.594h
  ep58 shard 4972/8600 loss=2.5e-05  best=-inf wall=23.599h
  ep58 shard 4973/8600 loss=3.1e-05  best=-inf wall=23.604h
  ep58 shard 4974/8600 loss=3.3e-05  best=-inf wall=23.609h
  ep58 shard 4975/8600 loss=2.9e-05  best=-inf wall=23.615h
  ep58 shard 4976/8600 loss=3.6e-05  best=-inf wall=23.62h
  ep58 shard 4977/8600 loss=3.5e-05  best=-inf wall=23.625h
  ep58 shard 4978/8600 loss=3e-05  best=-inf wall=23.63h
  ep58 shard 4979/8600 loss=3e-05  best=-inf wall=23.635h
  ep58 shard 4980/8600 loss=3.2e-05  best=-inf wall=23.64h
  ep58 shard 4981/8600 loss=2.6e-05  best=-inf wall=23.645h
  ep58 shard 4982/8600 loss=3.5e-05  best=-inf wall=23.65h
  ep58 shard 4983/8600 loss=2.7e-05  best=-inf wall=23.653h
  ep58 shard 4984/8600 loss=2.9e-05  best=-inf wall=23.656h
  ep58 shard 4985/8600 loss=2.6e-05  best=-inf wall=23.659h
  ep58 shard 4986/8600 loss=3e-05  best=-inf wall=23.665h
  ep58 shard 4987/8600 loss=3.9e-05  best=-inf wall=23.67h
  ep58 shard 4988/8600 loss=3.4e-05  best=-inf wall=23.675h
  saved epoch checkpoint -> experiments/exp029-longrun/combined100/checkpoints/ep58.pt
  ep59 shard 4989/8600 loss=2.8e-05  best=-inf wall=23.68h
  ep59 shard 4990/8600 loss=3.3e-05  best=-inf wall=23.685h
  ep59 shard 4991/8600 loss=4.5e-05  best=-inf wall=23.688h
  ep59 shard 4992/8600 loss=3.7e-05  best=-inf wall=23.691h
  ep59 shard 4993/8600 loss=4.4e-05  best=-inf wall=23.696h
  ep59 shard 4994/8600 loss=2.8e-05  best=-inf wall=23.701h
  ep59 shard 4995/8600 loss=3.4e-05  best=-inf wall=23.704h
  ep59 shard 4996/8600 loss=3.7e-05  best=-inf wall=23.71h
  ep59 shard 4997/8600 loss=3.1e-05  best=-inf wall=23.713h
  ep59 shard 4998/8600 loss=3.8e-05  best=-inf wall=23.718h
  ep59 shard 4999/8600 loss=2.4e-05  best=-inf wall=23.723h
  ep59 shard 5000/8600 loss=3.3e-05  best=-inf wall=23.728h
  ep59 shard 5001/8600 loss=2.9e-05  best=-inf wall=23.734h
  ep59 shard 5002/8600 loss=3.8e-05  best=-inf wall=23.739h
  ep59 shard 5003/8600 loss=3.8e-05  best=-inf wall=23.744h
  ep59 shard 5004/8600 loss=2.7e-05  best=-inf wall=23.749h
  ep59 shard 5005/8600 loss=2.8e-05  best=-inf wall=23.754h
  ep59 shard 5006/8600 loss=2.9e-05  best=-inf wall=23.759h
  ep59 shard 5007/8600 loss=2.7e-05  best=-inf wall=23.767h
  ep59 shard 5008/8600 loss=2.4e-05  best=-inf wall=23.773h
  ep59 shard 5009/8600 loss=2.4e-05  best=-inf wall=23.778h
  ep59 shard 5010/8600 loss=3.5e-05  best=-inf wall=23.783h
  ep59 shard 5011/8600 loss=3.5e-05  best=-inf wall=23.788h
  ep59 shard 5012/8600 loss=3.8e-05  best=-inf wall=23.791h
  ep59 shard 5013/8600 loss=3.8e-05  best=-inf wall=23.796h
  ep59 shard 5014/8600 loss=3.2e-05  best=-inf wall=23.801h
  ep59 shard 5015/8600 loss=3.6e-05  best=-inf wall=23.806h
  ep59 shard 5016/8600 loss=3.4e-05  best=-inf wall=23.808h
  ep59 shard 5017/8600 loss=3.2e-05  best=-inf wall=23.813h
  ep59 shard 5018/8600 loss=3.8e-05  best=-inf wall=23.815h
  ep59 shard 5019/8600 loss=2.9e-05  best=-inf wall=23.82h
  ep59 shard 5020/8600 loss=3.4e-05  best=-inf wall=23.825h
  ep59 shard 5021/8600 loss=3.3e-05  best=-inf wall=23.83h
  ep59 shard 5022/8600 loss=3.7e-05  best=-inf wall=23.835h
  ep59 shard 5023/8600 loss=3.1e-05  best=-inf wall=23.84h
  ep59 shard 5024/8600 loss=3.5e-05  best=-inf wall=23.845h
  ep59 shard 5025/8600 loss=4e-05  best=-inf wall=23.851h
  ep59 shard 5026/8600 loss=2.6e-05  best=-inf wall=23.853h
  ep59 shard 5027/8600 loss=2.5e-05  best=-inf wall=23.863h
  ep59 shard 5028/8600 loss=2.8e-05  best=-inf wall=23.878h
  ep59 shard 5029/8600 loss=3.6e-05  best=-inf wall=23.886h
  ep59 shard 5030/8600 loss=3.5e-05  best=-inf wall=23.894h
  ep59 shard 5031/8600 loss=3.7e-05  best=-inf wall=23.903h
  ep59 shard 5032/8600 loss=3.3e-05  best=-inf wall=23.908h
  ep59 shard 5033/8600 loss=3.8e-05  best=-inf wall=23.914h
  ep59 shard 5034/8600 loss=2.4e-05  best=-inf wall=23.919h
  ep59 shard 5035/8600 loss=3.5e-05  best=-inf wall=23.924h
  ep59 shard 5036/8600 loss=2.7e-05  best=-inf wall=23.929h
  ep59 shard 5037/8600 loss=2.8e-05  best=-inf wall=23.934h
  ep59 shard 5038/8600 loss=3.5e-05  best=-inf wall=23.939h
  ep59 shard 5039/8600 loss=4e-05  best=-inf wall=23.945h
  ep59 shard 5040/8600 loss=3.4e-05  best=-inf wall=23.95h
  ep59 shard 5041/8600 loss=2.9e-05  best=-inf wall=23.955h
  ep59 shard 5042/8600 loss=2.6e-05  best=-inf wall=23.96h
  ep59 shard 5043/8600 loss=2.7e-05  best=-inf wall=23.966h
  ep59 shard 5044/8600 loss=4.1e-05  best=-inf wall=23.971h
  ep59 shard 5045/8600 loss=2.9e-05  best=-inf wall=23.976h
  ep59 shard 5046/8600 loss=3.8e-05  best=-inf wall=23.981h
  ep59 shard 5047/8600 loss=3.1e-05  best=-inf wall=23.986h
  ep59 shard 5048/8600 loss=3.3e-05  best=-inf wall=23.991h
  ep59 shard 5049/8600 loss=3.1e-05  best=-inf wall=23.994h
  ep59 shard 5050/8600 loss=3e-05  best=-inf wall=24.0h
  ep59 shard 5051/8600 loss=3.8e-05  best=-inf wall=24.005h
  ep59 shard 5052/8600 loss=3.5e-05  best=-inf wall=24.01h
  ep59 shard 5053/8600 loss=2.9e-05  best=-inf wall=24.015h
  ep59 shard 5054/8600 loss=3.3e-05  best=-inf wall=24.021h
  ep59 shard 5055/8600 loss=2.9e-05  best=-inf wall=24.024h
  ep59 shard 5056/8600 loss=2.8e-05  best=-inf wall=24.029h
  ep59 shard 5057/8600 loss=2.4e-05  best=-inf wall=24.035h
  ep59 shard 5058/8600 loss=3.2e-05  best=-inf wall=24.04h
  ep59 shard 5059/8600 loss=3.8e-05  best=-inf wall=24.045h
  ep59 shard 5060/8600 loss=3.7e-05  best=-inf wall=24.051h
  ep59 shard 5061/8600 loss=3.2e-05  best=-inf wall=24.056h
  ep59 shard 5062/8600 loss=3.4e-05  best=-inf wall=24.061h
  ep59 shard 5063/8600 loss=3.6e-05  best=-inf wall=24.067h
  ep59 shard 5064/8600 loss=3.5e-05  best=-inf wall=24.07h
  ep59 shard 5065/8600 loss=3.3e-05  best=-inf wall=24.076h
  ep59 shard 5066/8600 loss=3.4e-05  best=-inf wall=24.081h
  ep59 shard 5067/8600 loss=2.8e-05  best=-inf wall=24.086h
  ep59 shard 5068/8600 loss=3.3e-05  best=-inf wall=24.092h
  ep59 shard 5069/8600 loss=2.4e-05  best=-inf wall=24.097h
  ep59 shard 5070/8600 loss=2.8e-05  best=-inf wall=24.1h
  ep59 shard 5071/8600 loss=4.6e-05  best=-inf wall=24.105h
  ep59 shard 5072/8600 loss=2.9e-05  best=-inf wall=24.111h
  ep59 shard 5073/8600 loss=3.5e-05  best=-inf wall=24.116h
  ep59 shard 5074/8600 loss=3.8e-05  best=-inf wall=24.121h
  saved epoch checkpoint -> experiments/exp029-longrun/combined100/checkpoints/ep59.pt
  ep60 shard 5075/8600 loss=3.1e-05  best=-inf wall=24.126h
  ep60 shard 5076/8600 loss=2.7e-05  best=-inf wall=24.128h
  ep60 shard 5077/8600 loss=3.1e-05  best=-inf wall=24.133h
  ep60 shard 5078/8600 loss=2.8e-05  best=-inf wall=24.138h
  ep60 shard 5079/8600 loss=4e-05  best=-inf wall=24.143h
  ep60 shard 5080/8600 loss=2.1e-05  best=-inf wall=24.148h
  ep60 shard 5081/8600 loss=3.8e-05  best=-inf wall=24.153h
  ep60 shard 5082/8600 loss=2.4e-05  best=-inf wall=24.155h
  ep60 shard 5083/8600 loss=4.9e-05  best=-inf wall=24.16h
  ep60 shard 5084/8600 loss=2.7e-05  best=-inf wall=24.165h
  ep60 shard 5085/8600 loss=4e-05  best=-inf wall=24.171h
  ep60 shard 5086/8600 loss=3e-05  best=-inf wall=24.176h
  ep60 shard 5087/8600 loss=3.1e-05  best=-inf wall=24.179h
  ep60 shard 5088/8600 loss=4.2e-05  best=-inf wall=24.184h
  ep60 shard 5089/8600 loss=3.1e-05  best=-inf wall=24.187h
  ep60 shard 5090/8600 loss=3.9e-05  best=-inf wall=24.193h
  ep60 shard 5091/8600 loss=2.5e-05  best=-inf wall=24.198h
  ep60 shard 5092/8600 loss=2.3e-05  best=-inf wall=24.203h
  ep60 shard 5093/8600 loss=3e-05  best=-inf wall=24.209h
  ep60 shard 5094/8600 loss=2.9e-05  best=-inf wall=24.214h
  ep60 shard 5095/8600 loss=2.7e-05  best=-inf wall=24.219h
  ep60 shard 5096/8600 loss=2.5e-05  best=-inf wall=24.224h
  ep60 shard 5097/8600 loss=2.8e-05  best=-inf wall=24.23h
  ep60 shard 5098/8600 loss=3.6e-05  best=-inf wall=24.235h
  ep60 shard 5099/8600 loss=3.2e-05  best=-inf wall=24.24h
  ep60 shard 5100/8600 loss=2.9e-05  best=-inf wall=24.246h
  ep60 shard 5101/8600 loss=2.9e-05  best=-inf wall=24.251h
  ep60 shard 5102/8600 loss=3.2e-05  best=-inf wall=24.256h
  ep60 shard 5103/8600 loss=3.2e-05  best=-inf wall=24.261h
  ep60 shard 5104/8600 loss=4.3e-05  best=-inf wall=24.267h
  ep60 shard 5105/8600 loss=3.3e-05  best=-inf wall=24.272h
  ep60 shard 5106/8600 loss=4e-05  best=-inf wall=24.277h
  ep60 shard 5107/8600 loss=3e-05  best=-inf wall=24.282h
  ep60 shard 5108/8600 loss=2.8e-05  best=-inf wall=24.287h
  ep60 shard 5109/8600 loss=2.9e-05  best=-inf wall=24.292h
  ep60 shard 5110/8600 loss=3.7e-05  best=-inf wall=24.297h
  ep60 shard 5111/8600 loss=4.1e-05  best=-inf wall=24.302h
  ep60 shard 5112/8600 loss=3.1e-05  best=-inf wall=24.307h
  ep60 shard 5113/8600 loss=3e-05  best=-inf wall=24.309h
  ep60 shard 5114/8600 loss=2.9e-05  best=-inf wall=24.312h
  ep60 shard 5115/8600 loss=4.1e-05  best=-inf wall=24.317h
  ep60 shard 5116/8600 loss=3.2e-05  best=-inf wall=24.322h
  ep60 shard 5117/8600 loss=3.4e-05  best=-inf wall=24.328h
  ep60 shard 5118/8600 loss=2.8e-05  best=-inf wall=24.333h
  ep60 shard 5119/8600 loss=3.2e-05  best=-inf wall=24.338h
  ep60 shard 5120/8600 loss=3.4e-05  best=-inf wall=24.341h
  ep60 shard 5121/8600 loss=3e-05  best=-inf wall=24.346h
  ep60 shard 5122/8600 loss=4.2e-05  best=-inf wall=24.351h
  ep60 shard 5123/8600 loss=3.3e-05  best=-inf wall=24.357h
  ep60 shard 5124/8600 loss=3e-05  best=-inf wall=24.362h
  ep60 shard 5125/8600 loss=3.1e-05  best=-inf wall=24.367h
  ep60 shard 5126/8600 loss=3.3e-05  best=-inf wall=24.372h
  ep60 shard 5127/8600 loss=3.4e-05  best=-inf wall=24.377h
  ep60 shard 5128/8600 loss=2.5e-05  best=-inf wall=24.382h
  ep60 shard 5129/8600 loss=3.8e-05  best=-inf wall=24.388h
  ep60 shard 5130/8600 loss=3.2e-05  best=-inf wall=24.393h
  ep60 shard 5131/8600 loss=3.5e-05  best=-inf wall=24.397h
  ep60 shard 5132/8600 loss=3.1e-05  best=-inf wall=24.402h
  ep60 shard 5133/8600 loss=3.9e-05  best=-inf wall=24.407h
  ep60 shard 5134/8600 loss=2.9e-05  best=-inf wall=24.41h
  ep60 shard 5135/8600 loss=2.4e-05  best=-inf wall=24.415h
  ep60 shard 5136/8600 loss=3.4e-05  best=-inf wall=24.421h
  ep60 shard 5137/8600 loss=3.3e-05  best=-inf wall=24.426h
  ep60 shard 5138/8600 loss=2.5e-05  best=-inf wall=24.431h
  ep60 shard 5139/8600 loss=3e-05  best=-inf wall=24.436h
  ep60 shard 5140/8600 loss=3.4e-05  best=-inf wall=24.441h
  ep60 shard 5141/8600 loss=2.7e-05  best=-inf wall=24.446h
  ep60 shard 5142/8600 loss=3.5e-05  best=-inf wall=24.452h
  ep60 shard 5143/8600 loss=2.8e-05  best=-inf wall=24.457h
  ep60 shard 5144/8600 loss=2.7e-05  best=-inf wall=24.46h
  ep60 shard 5145/8600 loss=3.2e-05  best=-inf wall=24.465h
  ep60 shard 5146/8600 loss=3.6e-05  best=-inf wall=24.467h
  ep60 shard 5147/8600 loss=3.3e-05  best=-inf wall=24.472h
  ep60 shard 5148/8600 loss=3e-05  best=-inf wall=24.477h
  ep60 shard 5149/8600 loss=3e-05  best=-inf wall=24.482h
  ep60 shard 5150/8600 loss=3.8e-05  best=-inf wall=24.487h
  ep60 shard 5151/8600 loss=2.8e-05  best=-inf wall=24.493h
  ep60 shard 5152/8600 loss=3e-05  best=-inf wall=24.496h
  ep60 shard 5153/8600 loss=2.2e-05  best=-inf wall=24.501h
  ep60 shard 5154/8600 loss=2.3e-05  best=-inf wall=24.506h
  ep60 shard 5155/8600 loss=2.9e-05  best=-inf wall=24.511h
  ep60 shard 5156/8600 loss=3.3e-05  best=-inf wall=24.516h
  ep60 shard 5157/8600 loss=3.4e-05  best=-inf wall=24.522h
  ep60 shard 5158/8600 loss=3.3e-05  best=-inf wall=24.527h
  ep60 shard 5159/8600 loss=4.2e-05  best=-inf wall=24.53h
  ep60 shard 5160/8600 loss=3.1e-05  best=-inf wall=24.535h
  saved epoch checkpoint -> experiments/exp029-longrun/combined100/checkpoints/ep60.pt
  ep61 shard 5161/8600 loss=2.9e-05  best=-inf wall=24.54h
  ep61 shard 5162/8600 loss=3.2e-05  best=-inf wall=24.545h
  ep61 shard 5163/8600 loss=3.1e-05  best=-inf wall=24.55h
  ep61 shard 5164/8600 loss=3.5e-05  best=-inf wall=24.553h
  ep61 shard 5165/8600 loss=3.7e-05  best=-inf wall=24.559h
  ep61 shard 5166/8600 loss=2.9e-05  best=-inf wall=24.564h
  ep61 shard 5167/8600 loss=2.3e-05  best=-inf wall=24.569h
  ep61 shard 5168/8600 loss=3.8e-05  best=-inf wall=24.574h
  ep61 shard 5169/8600 loss=3.4e-05  best=-inf wall=24.577h
  ep61 shard 5170/8600 loss=2.4e-05  best=-inf wall=24.582h
  ep61 shard 5171/8600 loss=2.8e-05  best=-inf wall=24.587h
  ep61 shard 5172/8600 loss=3.4e-05  best=-inf wall=24.59h
  ep61 shard 5173/8600 loss=3e-05  best=-inf wall=24.595h
  ep61 shard 5174/8600 loss=2.8e-05  best=-inf wall=24.6h
  ep61 shard 5175/8600 loss=3.6e-05  best=-inf wall=24.605h
  ep61 shard 5176/8600 loss=2.5e-05  best=-inf wall=24.61h
  ep61 shard 5177/8600 loss=3.8e-05  best=-inf wall=24.612h
  ep61 shard 5178/8600 loss=3.4e-05  best=-inf wall=24.617h
  ep61 shard 5179/8600 loss=2.3e-05  best=-inf wall=24.623h
  ep61 shard 5180/8600 loss=3.5e-05  best=-inf wall=24.628h
  ep61 shard 5181/8600 loss=3.4e-05  best=-inf wall=24.633h
  ep61 shard 5182/8600 loss=2.2e-05  best=-inf wall=24.639h
  ep61 shard 5183/8600 loss=3.8e-05  best=-inf wall=24.644h
  ep61 shard 5184/8600 loss=3.6e-05  best=-inf wall=24.649h
  ep61 shard 5185/8600 loss=4e-05  best=-inf wall=24.654h
  ep61 shard 5186/8600 loss=2.9e-05  best=-inf wall=24.66h
  ep61 shard 5187/8600 loss=2.9e-05  best=-inf wall=24.665h
  ep61 shard 5188/8600 loss=4e-05  best=-inf wall=24.67h
  ep61 shard 5189/8600 loss=4e-05  best=-inf wall=24.675h
  ep61 shard 5190/8600 loss=2.4e-05  best=-inf wall=24.68h
  ep61 shard 5191/8600 loss=2.8e-05  best=-inf wall=24.685h
  ep61 shard 5192/8600 loss=4.2e-05  best=-inf wall=24.687h
  ep61 shard 5193/8600 loss=3.6e-05  best=-inf wall=24.692h
  ep61 shard 5194/8600 loss=3.2e-05  best=-inf wall=24.698h
  ep61 shard 5195/8600 loss=3.1e-05  best=-inf wall=24.703h
  ep61 shard 5196/8600 loss=4.7e-05  best=-inf wall=24.708h
  ep61 shard 5197/8600 loss=3.5e-05  best=-inf wall=24.714h
  ep61 shard 5198/8600 loss=2.9e-05  best=-inf wall=24.719h
  ep61 shard 5199/8600 loss=3.5e-05  best=-inf wall=24.724h
  ep61 shard 5200/8600 loss=3.1e-05  best=-inf wall=24.729h
  ep61 shard 5201/8600 loss=2.6e-05  best=-inf wall=24.734h
  ep61 shard 5202/8600 loss=3e-05  best=-inf wall=24.74h
  ep61 shard 5203/8600 loss=3.5e-05  best=-inf wall=24.743h
  ep61 shard 5204/8600 loss=4.1e-05  best=-inf wall=24.748h
  ep61 shard 5205/8600 loss=3.2e-05  best=-inf wall=24.751h
  ep61 shard 5206/8600 loss=3.1e-05  best=-inf wall=24.756h
  ep61 shard 5207/8600 loss=3.3e-05  best=-inf wall=24.759h
  ep61 shard 5208/8600 loss=2.5e-05  best=-inf wall=24.765h
  ep61 shard 5209/8600 loss=3.5e-05  best=-inf wall=24.77h
  ep61 shard 5210/8600 loss=2.7e-05  best=-inf wall=24.775h
  ep61 shard 5211/8600 loss=4.2e-05  best=-inf wall=24.779h
  ep61 shard 5212/8600 loss=4e-05  best=-inf wall=24.781h
  ep61 shard 5213/8600 loss=2.4e-05  best=-inf wall=24.786h
  ep61 shard 5214/8600 loss=3.4e-05  best=-inf wall=24.789h
  ep61 shard 5215/8600 loss=2.6e-05  best=-inf wall=24.794h
  ep61 shard 5216/8600 loss=3.6e-05  best=-inf wall=24.8h
  ep61 shard 5217/8600 loss=2.6e-05  best=-inf wall=24.805h
  ep61 shard 5218/8600 loss=3.3e-05  best=-inf wall=24.808h
  ep61 shard 5219/8600 loss=3.4e-05  best=-inf wall=24.813h
  ep61 shard 5220/8600 loss=3.2e-05  best=-inf wall=24.818h
  ep61 shard 5221/8600 loss=3.1e-05  best=-inf wall=24.823h
  ep61 shard 5222/8600 loss=3e-05  best=-inf wall=24.829h
  ep61 shard 5223/8600 loss=2.7e-05  best=-inf wall=24.834h
  ep61 shard 5224/8600 loss=3.3e-05  best=-inf wall=24.839h
  ep61 shard 5225/8600 loss=4e-05  best=-inf wall=24.844h
  ep61 shard 5226/8600 loss=3.7e-05  best=-inf wall=24.85h
  ep61 shard 5227/8600 loss=3.4e-05  best=-inf wall=24.855h
  ep61 shard 5228/8600 loss=3.1e-05  best=-inf wall=24.86h
  ep61 shard 5229/8600 loss=3e-05  best=-inf wall=24.865h
  ep61 shard 5230/8600 loss=2.8e-05  best=-inf wall=24.87h
  ep61 shard 5231/8600 loss=3.6e-05  best=-inf wall=24.875h
  ep61 shard 5232/8600 loss=3.1e-05  best=-inf wall=24.881h
  ep61 shard 5233/8600 loss=3.5e-05  best=-inf wall=24.886h
  ep61 shard 5234/8600 loss=4.2e-05  best=-inf wall=24.891h
  ep61 shard 5235/8600 loss=3e-05  best=-inf wall=24.894h
  ep61 shard 5236/8600 loss=3.1e-05  best=-inf wall=24.897h
  ep61 shard 5237/8600 loss=3.3e-05  best=-inf wall=24.902h
  ep61 shard 5238/8600 loss=2.6e-05  best=-inf wall=24.907h
  ep61 shard 5239/8600 loss=2.9e-05  best=-inf wall=24.912h
  ep61 shard 5240/8600 loss=3.1e-05  best=-inf wall=24.917h
  ep61 shard 5241/8600 loss=2.9e-05  best=-inf wall=24.923h
  ep61 shard 5242/8600 loss=2.7e-05  best=-inf wall=24.928h
  ep61 shard 5243/8600 loss=2.7e-05  best=-inf wall=24.933h
  ep61 shard 5244/8600 loss=2.7e-05  best=-inf wall=24.938h
  ep61 shard 5245/8600 loss=3.2e-05  best=-inf wall=24.943h
  ep61 shard 5246/8600 loss=3.2e-05  best=-inf wall=24.948h
  saved epoch checkpoint -> experiments/exp029-longrun/combined100/checkpoints/ep61.pt
  ep62 shard 5247/8600 loss=2.5e-05  best=-inf wall=24.952h
  ep62 shard 5248/8600 loss=2.6e-05  best=-inf wall=24.958h
  ep62 shard 5249/8600 loss=3.6e-05  best=-inf wall=24.963h
  ep62 shard 5250/8600 loss=3.6e-05  best=-inf wall=24.967h
  ep62 shard 5251/8600 loss=2.6e-05  best=-inf wall=24.973h
  ep62 shard 5252/8600 loss=3.5e-05  best=-inf wall=24.974h
  ep62 shard 5253/8600 loss=3.2e-05  best=-inf wall=24.979h
  ep62 shard 5254/8600 loss=3.1e-05  best=-inf wall=24.985h
  ep62 shard 5255/8600 loss=2.8e-05  best=-inf wall=24.99h
  ep62 shard 5256/8600 loss=3.1e-05  best=-inf wall=24.995h
  ep62 shard 5257/8600 loss=3.4e-05  best=-inf wall=24.998h
  ep62 shard 5258/8600 loss=2.7e-05  best=-inf wall=25.003h
  ep62 shard 5259/8600 loss=3.6e-05  best=-inf wall=25.008h
  ep62 shard 5260/8600 loss=3.5e-05  best=-inf wall=25.011h
  ep62 shard 5261/8600 loss=3.9e-05  best=-inf wall=25.017h
  ep62 shard 5262/8600 loss=2.8e-05  best=-inf wall=25.019h
  ep62 shard 5263/8600 loss=4.9e-05  best=-inf wall=25.025h
  ep62 shard 5264/8600 loss=2.8e-05  best=-inf wall=25.03h
  ep62 shard 5265/8600 loss=3.6e-05  best=-inf wall=25.035h
  ep62 shard 5266/8600 loss=3.5e-05  best=-inf wall=25.04h
  ep62 shard 5267/8600 loss=2.8e-05  best=-inf wall=25.045h
  ep62 shard 5268/8600 loss=3.3e-05  best=-inf wall=25.047h
  ep62 shard 5269/8600 loss=2.1e-05  best=-inf wall=25.052h
  ep62 shard 5270/8600 loss=4.3e-05  best=-inf wall=25.058h
  ep62 shard 5271/8600 loss=2.9e-05  best=-inf wall=25.063h
  ep62 shard 5272/8600 loss=3.4e-05  best=-inf wall=25.066h
  ep62 shard 5273/8600 loss=3.2e-05  best=-inf wall=25.07h
  ep62 shard 5274/8600 loss=3.3e-05  best=-inf wall=25.073h
  ep62 shard 5275/8600 loss=3.4e-05  best=-inf wall=25.079h
  ep62 shard 5276/8600 loss=3.2e-05  best=-inf wall=25.084h
  ep62 shard 5277/8600 loss=3.3e-05  best=-inf wall=25.089h
  ep62 shard 5278/8600 loss=2.6e-05  best=-inf wall=25.094h
  ep62 shard 5279/8600 loss=2.7e-05  best=-inf wall=25.099h
  ep62 shard 5280/8600 loss=2.6e-05  best=-inf wall=25.105h
  ep62 shard 5281/8600 loss=3.2e-05  best=-inf wall=25.11h
  ep62 shard 5282/8600 loss=3.1e-05  best=-inf wall=25.115h
  ep62 shard 5283/8600 loss=2.2e-05  best=-inf wall=25.121h
  ep62 shard 5284/8600 loss=3.5e-05  best=-inf wall=25.126h
  ep62 shard 5285/8600 loss=2.5e-05  best=-inf wall=25.131h
  ep62 shard 5286/8600 loss=2.7e-05  best=-inf wall=25.136h
  ep62 shard 5287/8600 loss=6.1e-05  best=-inf wall=25.139h
  ep62 shard 5288/8600 loss=3.6e-05  best=-inf wall=25.142h
  ep62 shard 5289/8600 loss=2.3e-05  best=-inf wall=25.144h
  ep62 shard 5290/8600 loss=3.7e-05  best=-inf wall=25.149h
  ep62 shard 5291/8600 loss=3.2e-05  best=-inf wall=25.154h
  ep62 shard 5292/8600 loss=3.9e-05  best=-inf wall=25.16h
  ep62 shard 5293/8600 loss=3e-05  best=-inf wall=25.165h
  ep62 shard 5294/8600 loss=2.9e-05  best=-inf wall=25.17h
  ep62 shard 5295/8600 loss=4e-05  best=-inf wall=25.175h
  ep62 shard 5296/8600 loss=2.5e-05  best=-inf wall=25.18h
  ep62 shard 5297/8600 loss=3.4e-05  best=-inf wall=25.183h
  ep62 shard 5298/8600 loss=3.1e-05  best=-inf wall=25.189h
  ep62 shard 5299/8600 loss=2.8e-05  best=-inf wall=25.194h
  ep62 shard 5300/8600 loss=3.2e-05  best=-inf wall=25.197h
  ep62 shard 5301/8600 loss=2.7e-05  best=-inf wall=25.202h
  ep62 shard 5302/8600 loss=3.3e-05  best=-inf wall=25.207h
  ep62 shard 5303/8600 loss=3.5e-05  best=-inf wall=25.212h
  ep62 shard 5304/8600 loss=3e-05  best=-inf wall=25.217h
  ep62 shard 5305/8600 loss=3.2e-05  best=-inf wall=25.223h
  ep62 shard 5306/8600 loss=3.1e-05  best=-inf wall=25.228h
  ep62 shard 5307/8600 loss=2.7e-05  best=-inf wall=25.233h
  ep62 shard 5308/8600 loss=3.7e-05  best=-inf wall=25.238h
  ep62 shard 5309/8600 loss=3e-05  best=-inf wall=25.244h
  ep62 shard 5310/8600 loss=3.6e-05  best=-inf wall=25.249h
  ep62 shard 5311/8600 loss=3e-05  best=-inf wall=25.254h
  ep62 shard 5312/8600 loss=4.4e-05  best=-inf wall=25.259h
  ep62 shard 5313/8600 loss=3.8e-05  best=-inf wall=25.264h
  ep62 shard 5314/8600 loss=4.7e-05  best=-inf wall=25.27h
  ep62 shard 5315/8600 loss=3.4e-05  best=-inf wall=25.275h
  ep62 shard 5316/8600 loss=2.7e-05  best=-inf wall=25.28h
  ep62 shard 5317/8600 loss=3.4e-05  best=-inf wall=25.285h
  ep62 shard 5318/8600 loss=3.5e-05  best=-inf wall=25.29h
  ep62 shard 5319/8600 loss=2.9e-05  best=-inf wall=25.295h
  ep62 shard 5320/8600 loss=3.1e-05  best=-inf wall=25.298h
  ep62 shard 5321/8600 loss=3.8e-05  best=-inf wall=25.303h
  ep62 shard 5322/8600 loss=3.6e-05  best=-inf wall=25.308h
  ep62 shard 5323/8600 loss=2.6e-05  best=-inf wall=25.313h
  ep62 shard 5324/8600 loss=3.3e-05  best=-inf wall=25.318h
  ep62 shard 5325/8600 loss=3.2e-05  best=-inf wall=25.323h
  ep62 shard 5326/8600 loss=3.4e-05  best=-inf wall=25.328h
  ep62 shard 5327/8600 loss=3.6e-05  best=-inf wall=25.334h
  ep62 shard 5328/8600 loss=2.5e-05  best=-inf wall=25.339h
  ep62 shard 5329/8600 loss=4.2e-05  best=-inf wall=25.344h
  ep62 shard 5330/8600 loss=3.8e-05  best=-inf wall=25.349h
  ep62 shard 5331/8600 loss=3e-05  best=-inf wall=25.354h
  ep62 shard 5332/8600 loss=2.4e-05  best=-inf wall=25.36h
  saved epoch checkpoint -> experiments/exp029-longrun/combined100/checkpoints/ep62.pt
  ep63 shard 5333/8600 loss=4.3e-05  best=-inf wall=25.365h
  ep63 shard 5334/8600 loss=4.6e-05  best=-inf wall=25.37h
  ep63 shard 5335/8600 loss=3.8e-05  best=-inf wall=25.375h
  ep63 shard 5336/8600 loss=3.4e-05  best=-inf wall=25.38h
  ep63 shard 5337/8600 loss=3e-05  best=-inf wall=25.385h
  ep63 shard 5338/8600 loss=3.7e-05  best=-inf wall=25.391h
  ep63 shard 5339/8600 loss=3.2e-05  best=-inf wall=25.394h
  ep63 shard 5340/8600 loss=2.4e-05  best=-inf wall=25.399h
  ep63 shard 5341/8600 loss=2.1e-05  best=-inf wall=25.404h
  ep63 shard 5342/8600 loss=2.3e-05  best=-inf wall=25.41h
  ep63 shard 5343/8600 loss=2.7e-05  best=-inf wall=25.416h
  ep63 shard 5344/8600 loss=4.5e-05  best=-inf wall=25.422h
  ep63 shard 5345/8600 loss=4.3e-05  best=-inf wall=25.427h
  ep63 shard 5346/8600 loss=3.3e-05  best=-inf wall=25.432h
  ep63 shard 5347/8600 loss=3.6e-05  best=-inf wall=25.437h
  ep63 shard 5348/8600 loss=2.7e-05  best=-inf wall=25.443h
  ep63 shard 5349/8600 loss=2.8e-05  best=-inf wall=25.448h
  ep63 shard 5350/8600 loss=2.5e-05  best=-inf wall=25.453h
  ep63 shard 5351/8600 loss=3.4e-05  best=-inf wall=25.458h
  ep63 shard 5352/8600 loss=3.4e-05  best=-inf wall=25.463h
  ep63 shard 5353/8600 loss=3.4e-05  best=-inf wall=25.468h
  ep63 shard 5354/8600 loss=3e-05  best=-inf wall=25.473h
  ep63 shard 5355/8600 loss=2.9e-05  best=-inf wall=25.479h
  ep63 shard 5356/8600 loss=5.6e-05  best=-inf wall=25.484h
  ep63 shard 5357/8600 loss=4.2e-05  best=-inf wall=25.489h
  ep63 shard 5358/8600 loss=3.1e-05  best=-inf wall=25.494h
  ep63 shard 5359/8600 loss=3e-05  best=-inf wall=25.497h
  ep63 shard 5360/8600 loss=2.3e-05  best=-inf wall=25.503h
  ep63 shard 5361/8600 loss=3.1e-05  best=-inf wall=25.508h
  ep63 shard 5362/8600 loss=2.8e-05  best=-inf wall=25.513h
  ep63 shard 5363/8600 loss=2.7e-05  best=-inf wall=25.518h
  ep63 shard 5364/8600 loss=3.3e-05  best=-inf wall=25.522h
  ep63 shard 5365/8600 loss=2.9e-05  best=-inf wall=25.527h
  ep63 shard 5366/8600 loss=2e-05  best=-inf wall=25.532h
  ep63 shard 5367/8600 loss=2.7e-05  best=-inf wall=25.537h
  ep63 shard 5368/8600 loss=2.7e-05  best=-inf wall=25.542h
  ep63 shard 5369/8600 loss=3.2e-05  best=-inf wall=25.544h
  ep63 shard 5370/8600 loss=2.9e-05  best=-inf wall=25.549h
  ep63 shard 5371/8600 loss=2.7e-05  best=-inf wall=25.551h
  ep63 shard 5372/8600 loss=2.9e-05  best=-inf wall=25.556h
  ep63 shard 5373/8600 loss=3.2e-05  best=-inf wall=25.559h
  ep63 shard 5374/8600 loss=3.4e-05  best=-inf wall=25.564h
  ep63 shard 5375/8600 loss=3.1e-05  best=-inf wall=25.569h
  ep63 shard 5376/8600 loss=3e-05  best=-inf wall=25.574h
  ep63 shard 5377/8600 loss=3.7e-05  best=-inf wall=25.579h
  ep63 shard 5378/8600 loss=2.8e-05  best=-inf wall=25.585h
  ep63 shard 5379/8600 loss=3.7e-05  best=-inf wall=25.59h
  ep63 shard 5380/8600 loss=2.9e-05  best=-inf wall=25.595h
  ep63 shard 5381/8600 loss=3.4e-05  best=-inf wall=25.6h
  ep63 shard 5382/8600 loss=3.2e-05  best=-inf wall=25.603h
  ep63 shard 5383/8600 loss=2.8e-05  best=-inf wall=25.609h
  ep63 shard 5384/8600 loss=2.2e-05  best=-inf wall=25.614h
  ep63 shard 5385/8600 loss=3.2e-05  best=-inf wall=25.619h
  ep63 shard 5386/8600 loss=4.4e-05  best=-inf wall=25.625h
  ep63 shard 5387/8600 loss=3.3e-05  best=-inf wall=25.63h
  ep63 shard 5388/8600 loss=3.3e-05  best=-inf wall=25.634h
  ep63 shard 5389/8600 loss=3.6e-05  best=-inf wall=25.639h
  ep63 shard 5390/8600 loss=3.1e-05  best=-inf wall=25.645h
  ep63 shard 5391/8600 loss=3.5e-05  best=-inf wall=25.648h
  ep63 shard 5392/8600 loss=3.5e-05  best=-inf wall=25.653h
  ep63 shard 5393/8600 loss=2.3e-05  best=-inf wall=25.658h
  ep63 shard 5394/8600 loss=2.5e-05  best=-inf wall=25.663h
  ep63 shard 5395/8600 loss=3e-05  best=-inf wall=25.666h
  ep63 shard 5396/8600 loss=3.8e-05  best=-inf wall=25.671h
  ep63 shard 5397/8600 loss=4.5e-05  best=-inf wall=25.677h
  ep63 shard 5398/8600 loss=3.1e-05  best=-inf wall=25.682h
  ep63 shard 5399/8600 loss=3.4e-05  best=-inf wall=25.685h
  ep63 shard 5400/8600 loss=3.2e-05  best=-inf wall=25.69h
  ep63 shard 5401/8600 loss=3.5e-05  best=-inf wall=25.695h
  ep63 shard 5402/8600 loss=2.3e-05  best=-inf wall=25.701h
  ep63 shard 5403/8600 loss=4.2e-05  best=-inf wall=25.706h
  ep63 shard 5404/8600 loss=3.8e-05  best=-inf wall=25.711h
  ep63 shard 5405/8600 loss=2.4e-05  best=-inf wall=25.717h
  ep63 shard 5406/8600 loss=3.8e-05  best=-inf wall=25.722h
  ep63 shard 5407/8600 loss=3.3e-05  best=-inf wall=25.727h
  ep63 shard 5408/8600 loss=3e-05  best=-inf wall=25.729h
  ep63 shard 5409/8600 loss=2.3e-05  best=-inf wall=25.734h
  ep63 shard 5410/8600 loss=3.5e-05  best=-inf wall=25.737h
  ep63 shard 5411/8600 loss=4e-05  best=-inf wall=25.742h
  ep63 shard 5412/8600 loss=3.4e-05  best=-inf wall=25.748h
  ep63 shard 5413/8600 loss=3.1e-05  best=-inf wall=25.753h
  ep63 shard 5414/8600 loss=3e-05  best=-inf wall=25.758h
  ep63 shard 5415/8600 loss=3.4e-05  best=-inf wall=25.76h
  ep63 shard 5416/8600 loss=2.7e-05  best=-inf wall=25.765h
  ep63 shard 5417/8600 loss=3.2e-05  best=-inf wall=25.77h
  ep63 shard 5418/8600 loss=4.8e-05  best=-inf wall=25.776h
  saved epoch checkpoint -> experiments/exp029-longrun/combined100/checkpoints/ep63.pt
  ep64 shard 5419/8600 loss=3.3e-05  best=-inf wall=25.781h
  ep64 shard 5420/8600 loss=2.5e-05  best=-inf wall=25.786h
  ep64 shard 5421/8600 loss=3.2e-05  best=-inf wall=25.791h
  ep64 shard 5422/8600 loss=3.4e-05  best=-inf wall=25.796h
  ep64 shard 5423/8600 loss=2.7e-05  best=-inf wall=25.801h
  ep64 shard 5424/8600 loss=3.2e-05  best=-inf wall=25.807h
  ep64 shard 5425/8600 loss=3.2e-05  best=-inf wall=25.812h
  ep64 shard 5426/8600 loss=2.8e-05  best=-inf wall=25.817h
  ep64 shard 5427/8600 loss=2.7e-05  best=-inf wall=25.822h
  ep64 shard 5428/8600 loss=3.5e-05  best=-inf wall=25.827h
  ep64 shard 5429/8600 loss=2.8e-05  best=-inf wall=25.832h
  ep64 shard 5430/8600 loss=3.5e-05  best=-inf wall=25.838h
  ep64 shard 5431/8600 loss=3.1e-05  best=-inf wall=25.843h
  ep64 shard 5432/8600 loss=4.2e-05  best=-inf wall=25.846h
  ep64 shard 5433/8600 loss=3e-05  best=-inf wall=25.851h
  ep64 shard 5434/8600 loss=3.3e-05  best=-inf wall=25.856h
  ep64 shard 5435/8600 loss=2.5e-05  best=-inf wall=25.858h
  ep64 shard 5436/8600 loss=4.6e-05  best=-inf wall=25.863h
  ep64 shard 5437/8600 loss=3.1e-05  best=-inf wall=25.868h
  ep64 shard 5438/8600 loss=3.6e-05  best=-inf wall=25.873h
  ep64 shard 5439/8600 loss=3.7e-05  best=-inf wall=25.876h
  ep64 shard 5440/8600 loss=0.000103  best=-inf wall=25.881h
  ep64 shard 5441/8600 loss=4.4e-05  best=-inf wall=25.886h
  ep64 shard 5442/8600 loss=4.1e-05  best=-inf wall=25.891h
  ep64 shard 5443/8600 loss=2.9e-05  best=-inf wall=25.896h
  ep64 shard 5444/8600 loss=3e-05  best=-inf wall=25.902h
  ep64 shard 5445/8600 loss=3.4e-05  best=-inf wall=25.907h
  ep64 shard 5446/8600 loss=2.4e-05  best=-inf wall=25.912h
  ep64 shard 5447/8600 loss=4.9e-05  best=-inf wall=25.917h
  ep64 shard 5448/8600 loss=3e-05  best=-inf wall=25.922h
  ep64 shard 5449/8600 loss=3.5e-05  best=-inf wall=25.928h
  ep64 shard 5450/8600 loss=3.5e-05  best=-inf wall=25.933h
  ep64 shard 5451/8600 loss=3e-05  best=-inf wall=25.936h
  ep64 shard 5452/8600 loss=3.4e-05  best=-inf wall=25.941h
  ep64 shard 5453/8600 loss=3.1e-05  best=-inf wall=25.946h
  ep64 shard 5454/8600 loss=3e-05  best=-inf wall=25.952h
  ep64 shard 5455/8600 loss=3.5e-05  best=-inf wall=25.953h
  ep64 shard 5456/8600 loss=3.8e-05  best=-inf wall=25.958h
  ep64 shard 5457/8600 loss=2.8e-05  best=-inf wall=25.961h
  ep64 shard 5458/8600 loss=3e-05  best=-inf wall=25.966h
  ep64 shard 5459/8600 loss=3.4e-05  best=-inf wall=25.971h
  ep64 shard 5460/8600 loss=3.4e-05  best=-inf wall=25.976h
  ep64 shard 5461/8600 loss=3.5e-05  best=-inf wall=25.981h
  ep64 shard 5462/8600 loss=3.6e-05  best=-inf wall=25.986h
  ep64 shard 5463/8600 loss=3.4e-05  best=-inf wall=25.991h
  ep64 shard 5464/8600 loss=3e-05  best=-inf wall=25.994h
  ep64 shard 5465/8600 loss=2.6e-05  best=-inf wall=25.999h
  ep64 shard 5466/8600 loss=4.6e-05  best=-inf wall=26.004h
  ep64 shard 5467/8600 loss=3.1e-05  best=-inf wall=26.007h
  ep64 shard 5468/8600 loss=3e-05  best=-inf wall=26.013h
  ep64 shard 5469/8600 loss=2.6e-05  best=-inf wall=26.018h
  ep64 shard 5470/8600 loss=3.4e-05  best=-inf wall=26.023h
  ep64 shard 5471/8600 loss=2.9e-05  best=-inf wall=26.028h
  ep64 shard 5472/8600 loss=2.8e-05  best=-inf wall=26.033h
  ep64 shard 5473/8600 loss=3.9e-05  best=-inf wall=26.038h
  ep64 shard 5474/8600 loss=3.9e-05  best=-inf wall=26.044h
  ep64 shard 5475/8600 loss=3e-05  best=-inf wall=26.049h
  ep64 shard 5476/8600 loss=2.7e-05  best=-inf wall=26.054h
  ep64 shard 5477/8600 loss=3.3e-05  best=-inf wall=26.059h
  ep64 shard 5478/8600 loss=3.2e-05  best=-inf wall=26.065h
  ep64 shard 5479/8600 loss=3.7e-05  best=-inf wall=26.07h
  ep64 shard 5480/8600 loss=3.1e-05  best=-inf wall=26.073h
  ep64 shard 5481/8600 loss=3.3e-05  best=-inf wall=26.078h
  ep64 shard 5482/8600 loss=3e-05  best=-inf wall=26.083h
  ep64 shard 5483/8600 loss=2.8e-05  best=-inf wall=26.088h
  ep64 shard 5484/8600 loss=3.7e-05  best=-inf wall=26.094h
  ep64 shard 5485/8600 loss=3e-05  best=-inf wall=26.099h
  ep64 shard 5486/8600 loss=2.3e-05  best=-inf wall=26.104h
  ep64 shard 5487/8600 loss=3.6e-05  best=-inf wall=26.107h
  ep64 shard 5488/8600 loss=3.1e-05  best=-inf wall=26.112h
  ep64 shard 5489/8600 loss=4.7e-05  best=-inf wall=26.117h
  ep64 shard 5490/8600 loss=3.5e-05  best=-inf wall=26.119h
  ep64 shard 5491/8600 loss=3.6e-05  best=-inf wall=26.121h
  ep64 shard 5492/8600 loss=2.5e-05  best=-inf wall=26.127h
  ep64 shard 5493/8600 loss=3.5e-05  best=-inf wall=26.131h
  ep64 shard 5494/8600 loss=3.2e-05  best=-inf wall=26.137h
  ep64 shard 5495/8600 loss=3.7e-05  best=-inf wall=26.142h
  ep64 shard 5496/8600 loss=3.5e-05  best=-inf wall=26.148h
  ep64 shard 5497/8600 loss=2.7e-05  best=-inf wall=26.153h
  ep64 shard 5498/8600 loss=3.6e-05  best=-inf wall=26.158h
  ep64 shard 5499/8600 loss=3.5e-05  best=-inf wall=26.161h
  ep64 shard 5500/8600 loss=2.8e-05  best=-inf wall=26.166h
  ep64 shard 5501/8600 loss=3.8e-05  best=-inf wall=26.172h
  ep64 shard 5502/8600 loss=2.6e-05  best=-inf wall=26.177h
  ep64 shard 5503/8600 loss=3.5e-05  best=-inf wall=26.182h
  ep64 shard 5504/8600 loss=4.1e-05  best=-inf wall=26.186h
  saved epoch checkpoint -> experiments/exp029-longrun/combined100/checkpoints/ep64.pt
  ep65 shard 5505/8600 loss=3.6e-05  best=-inf wall=26.19h
  ep65 shard 5506/8600 loss=2.5e-05  best=-inf wall=26.195h
  ep65 shard 5507/8600 loss=3.2e-05  best=-inf wall=26.2h
  ep65 shard 5508/8600 loss=2.7e-05  best=-inf wall=26.205h
  ep65 shard 5509/8600 loss=2.5e-05  best=-inf wall=26.21h
  ep65 shard 5510/8600 loss=4e-05  best=-inf wall=26.215h
  ep65 shard 5511/8600 loss=3.2e-05  best=-inf wall=26.218h
  ep65 shard 5512/8600 loss=3.9e-05  best=-inf wall=26.223h
  ep65 shard 5513/8600 loss=2.5e-05  best=-inf wall=26.228h
  ep65 shard 5514/8600 loss=3e-05  best=-inf wall=26.234h
  ep65 shard 5515/8600 loss=3.1e-05  best=-inf wall=26.236h
  ep65 shard 5516/8600 loss=3.6e-05  best=-inf wall=26.241h
  ep65 shard 5517/8600 loss=4.8e-05  best=-inf wall=26.246h
  ep65 shard 5518/8600 loss=2.7e-05  best=-inf wall=26.248h
  ep65 shard 5519/8600 loss=3e-05  best=-inf wall=26.253h
  ep65 shard 5520/8600 loss=2.4e-05  best=-inf wall=26.258h
  ep65 shard 5521/8600 loss=3.9e-05  best=-inf wall=26.264h
  ep65 shard 5522/8600 loss=2.6e-05  best=-inf wall=26.269h
  ep65 shard 5523/8600 loss=3e-05  best=-inf wall=26.273h
  ep65 shard 5524/8600 loss=2.8e-05  best=-inf wall=26.279h
  ep65 shard 5525/8600 loss=4.2e-05  best=-inf wall=26.284h
  ep65 shard 5526/8600 loss=2.8e-05  best=-inf wall=26.289h
  ep65 shard 5527/8600 loss=3.1e-05  best=-inf wall=26.294h
  ep65 shard 5528/8600 loss=4.1e-05  best=-inf wall=26.299h
  ep65 shard 5529/8600 loss=3e-05  best=-inf wall=26.304h
  ep65 shard 5530/8600 loss=5.6e-05  best=-inf wall=26.309h
  ep65 shard 5531/8600 loss=3.1e-05  best=-inf wall=26.314h
  ep65 shard 5532/8600 loss=3.2e-05  best=-inf wall=26.319h
  ep65 shard 5533/8600 loss=3.6e-05  best=-inf wall=26.323h
  ep65 shard 5534/8600 loss=3.3e-05  best=-inf wall=26.328h
  ep65 shard 5535/8600 loss=3.5e-05  best=-inf wall=26.334h
  ep65 shard 5536/8600 loss=2.5e-05  best=-inf wall=26.339h
  ep65 shard 5537/8600 loss=3.7e-05  best=-inf wall=26.344h
  ep65 shard 5538/8600 loss=2.8e-05  best=-inf wall=26.349h
  ep65 shard 5539/8600 loss=3e-05  best=-inf wall=26.354h
  ep65 shard 5540/8600 loss=3.6e-05  best=-inf wall=26.359h
  ep65 shard 5541/8600 loss=2.9e-05  best=-inf wall=26.363h
  ep65 shard 5542/8600 loss=3.2e-05  best=-inf wall=26.369h
  ep65 shard 5543/8600 loss=3.6e-05  best=-inf wall=26.374h
  ep65 shard 5544/8600 loss=2.6e-05  best=-inf wall=26.379h
  ep65 shard 5545/8600 loss=3.4e-05  best=-inf wall=26.384h
  ep65 shard 5546/8600 loss=2.7e-05  best=-inf wall=26.39h
  ep65 shard 5547/8600 loss=4.5e-05  best=-inf wall=26.395h
  ep65 shard 5548/8600 loss=2.8e-05  best=-inf wall=26.398h
  ep65 shard 5549/8600 loss=3.4e-05  best=-inf wall=26.403h
  ep65 shard 5550/8600 loss=2.9e-05  best=-inf wall=26.408h
  ep65 shard 5551/8600 loss=3e-05  best=-inf wall=26.413h
  ep65 shard 5552/8600 loss=3.6e-05  best=-inf wall=26.418h
  ep65 shard 5553/8600 loss=2.9e-05  best=-inf wall=26.423h
  ep65 shard 5554/8600 loss=2.1e-05  best=-inf wall=26.429h
  ep65 shard 5555/8600 loss=3.3e-05  best=-inf wall=26.433h
  ep65 shard 5556/8600 loss=3.3e-05  best=-inf wall=26.438h
  ep65 shard 5557/8600 loss=2.8e-05  best=-inf wall=26.444h
  ep65 shard 5558/8600 loss=2.3e-05  best=-inf wall=26.445h
  ep65 shard 5559/8600 loss=4.1e-05  best=-inf wall=26.451h
  ep65 shard 5560/8600 loss=2.6e-05  best=-inf wall=26.456h
  ep65 shard 5561/8600 loss=3.9e-05  best=-inf wall=26.461h
  ep65 shard 5562/8600 loss=3.7e-05  best=-inf wall=26.466h
  ep65 shard 5563/8600 loss=3e-05  best=-inf wall=26.471h
  ep65 shard 5564/8600 loss=4.2e-05  best=-inf wall=26.476h
  ep65 shard 5565/8600 loss=3.3e-05  best=-inf wall=26.481h
  ep65 shard 5566/8600 loss=3.1e-05  best=-inf wall=26.484h
  ep65 shard 5567/8600 loss=3.1e-05  best=-inf wall=26.489h
  ep65 shard 5568/8600 loss=3.1e-05  best=-inf wall=26.494h
  ep65 shard 5569/8600 loss=3e-05  best=-inf wall=26.497h
  ep65 shard 5570/8600 loss=2.6e-05  best=-inf wall=26.502h
  ep65 shard 5571/8600 loss=3.6e-05  best=-inf wall=26.507h
  ep65 shard 5572/8600 loss=2.7e-05  best=-inf wall=26.51h
  ep65 shard 5573/8600 loss=3.2e-05  best=-inf wall=26.516h
  ep65 shard 5574/8600 loss=4.2e-05  best=-inf wall=26.521h
  ep65 shard 5575/8600 loss=3e-05  best=-inf wall=26.526h
  ep65 shard 5576/8600 loss=2.3e-05  best=-inf wall=26.532h
  ep65 shard 5577/8600 loss=2.9e-05  best=-inf wall=26.537h
  ep65 shard 5578/8600 loss=3.6e-05  best=-inf wall=26.539h
  ep65 shard 5579/8600 loss=2.8e-05  best=-inf wall=26.542h
  ep65 shard 5580/8600 loss=3.4e-05  best=-inf wall=26.547h
  ep65 shard 5581/8600 loss=3.4e-05  best=-inf wall=26.55h
  ep65 shard 5582/8600 loss=3.3e-05  best=-inf wall=26.553h
  ep65 shard 5583/8600 loss=2.8e-05  best=-inf wall=26.556h
  ep65 shard 5584/8600 loss=3e-05  best=-inf wall=26.561h
  ep65 shard 5585/8600 loss=3.5e-05  best=-inf wall=26.566h
  ep65 shard 5586/8600 loss=2.6e-05  best=-inf wall=26.572h
  ep65 shard 5587/8600 loss=5.4e-05  best=-inf wall=26.577h
  ep65 shard 5588/8600 loss=2.6e-05  best=-inf wall=26.582h
  ep65 shard 5589/8600 loss=3e-05  best=-inf wall=26.587h
  ep65 shard 5590/8600 loss=3.5e-05  best=-inf wall=26.592h
  saved epoch checkpoint -> experiments/exp029-longrun/combined100/checkpoints/ep65.pt
  ep66 shard 5591/8600 loss=2.7e-05  best=-inf wall=26.597h
  ep66 shard 5592/8600 loss=2.9e-05  best=-inf wall=26.602h
  ep66 shard 5593/8600 loss=3.4e-05  best=-inf wall=26.605h
  ep66 shard 5594/8600 loss=5.1e-05  best=-inf wall=26.61h
  ep66 shard 5595/8600 loss=4e-05  best=-inf wall=26.615h
  ep66 shard 5596/8600 loss=2.5e-05  best=-inf wall=26.62h
  ep66 shard 5597/8600 loss=3.6e-05  best=-inf wall=26.625h
  ep66 shard 5598/8600 loss=2.7e-05  best=-inf wall=26.631h
  ep66 shard 5599/8600 loss=3.6e-05  best=-inf wall=26.636h
  ep66 shard 5600/8600 loss=3.7e-05  best=-inf wall=26.641h
  ep66 shard 5601/8600 loss=4.1e-05  best=-inf wall=26.646h
  ep66 shard 5602/8600 loss=3e-05  best=-inf wall=26.651h
  ep66 shard 5603/8600 loss=2.9e-05  best=-inf wall=26.656h
  ep66 shard 5604/8600 loss=2.4e-05  best=-inf wall=26.662h
  ep66 shard 5605/8600 loss=3.2e-05  best=-inf wall=26.667h
  ep66 shard 5606/8600 loss=3.8e-05  best=-inf wall=26.672h
  ep66 shard 5607/8600 loss=2.8e-05  best=-inf wall=26.677h
  ep66 shard 5608/8600 loss=3.2e-05  best=-inf wall=26.682h
  ep66 shard 5609/8600 loss=2.9e-05  best=-inf wall=26.687h
  ep66 shard 5610/8600 loss=4.1e-05  best=-inf wall=26.69h
  ep66 shard 5611/8600 loss=3.6e-05  best=-inf wall=26.696h
  ep66 shard 5612/8600 loss=3e-05  best=-inf wall=26.701h
  ep66 shard 5613/8600 loss=2.6e-05  best=-inf wall=26.706h
  ep66 shard 5614/8600 loss=5.3e-05  best=-inf wall=26.711h
  ep66 shard 5615/8600 loss=2.7e-05  best=-inf wall=26.717h
  ep66 shard 5616/8600 loss=2.9e-05  best=-inf wall=26.721h
  ep66 shard 5617/8600 loss=3.1e-05  best=-inf wall=26.724h
  ep66 shard 5618/8600 loss=3.1e-05  best=-inf wall=26.73h
  ep66 shard 5619/8600 loss=4e-05  best=-inf wall=26.735h
  ep66 shard 5620/8600 loss=3.5e-05  best=-inf wall=26.74h
  ep66 shard 5621/8600 loss=2.6e-05  best=-inf wall=26.744h
  ep66 shard 5622/8600 loss=2.8e-05  best=-inf wall=26.75h
  ep66 shard 5623/8600 loss=3.2e-05  best=-inf wall=26.751h
  ep66 shard 5624/8600 loss=3.4e-05  best=-inf wall=26.757h
  ep66 shard 5625/8600 loss=3.1e-05  best=-inf wall=26.762h
  ep66 shard 5626/8600 loss=3.2e-05  best=-inf wall=26.767h
  ep66 shard 5627/8600 loss=3.6e-05  best=-inf wall=26.772h
  ep66 shard 5628/8600 loss=3.9e-05  best=-inf wall=26.778h
  ep66 shard 5629/8600 loss=2.6e-05  best=-inf wall=26.783h
  ep66 shard 5630/8600 loss=3.3e-05  best=-inf wall=26.788h
  ep66 shard 5631/8600 loss=3.5e-05  best=-inf wall=26.793h
  ep66 shard 5632/8600 loss=3e-05  best=-inf wall=26.796h
  ep66 shard 5633/8600 loss=3.3e-05  best=-inf wall=26.798h
  ep66 shard 5634/8600 loss=4e-05  best=-inf wall=26.803h
  ep66 shard 5635/8600 loss=3.3e-05  best=-inf wall=26.808h
  ep66 shard 5636/8600 loss=2.4e-05  best=-inf wall=26.813h
  ep66 shard 5637/8600 loss=2.9e-05  best=-inf wall=26.818h
  ep66 shard 5638/8600 loss=4.3e-05  best=-inf wall=26.823h
  ep66 shard 5639/8600 loss=3.5e-05  best=-inf wall=26.829h
  ep66 shard 5640/8600 loss=2.8e-05  best=-inf wall=26.834h
  ep66 shard 5641/8600 loss=2.9e-05  best=-inf wall=26.839h
  ep66 shard 5642/8600 loss=3.1e-05  best=-inf wall=26.842h
  ep66 shard 5643/8600 loss=3.3e-05  best=-inf wall=26.844h
  ep66 shard 5644/8600 loss=3.5e-05  best=-inf wall=26.849h
  ep66 shard 5645/8600 loss=3.7e-05  best=-inf wall=26.854h
  ep66 shard 5646/8600 loss=2.5e-05  best=-inf wall=26.86h
  ep66 shard 5647/8600 loss=2.8e-05  best=-inf wall=26.865h
  ep66 shard 5648/8600 loss=2.8e-05  best=-inf wall=26.87h
  ep66 shard 5649/8600 loss=3e-05  best=-inf wall=26.875h
  ep66 shard 5650/8600 loss=3.7e-05  best=-inf wall=26.878h
  ep66 shard 5651/8600 loss=3.5e-05  best=-inf wall=26.88h
  ep66 shard 5652/8600 loss=3e-05  best=-inf wall=26.886h
  ep66 shard 5653/8600 loss=3e-05  best=-inf wall=26.891h
  ep66 shard 5654/8600 loss=3e-05  best=-inf wall=26.896h
  ep66 shard 5655/8600 loss=3.3e-05  best=-inf wall=26.901h
  ep66 shard 5656/8600 loss=2.4e-05  best=-inf wall=26.906h
  ep66 shard 5657/8600 loss=3.4e-05  best=-inf wall=26.911h
  ep66 shard 5658/8600 loss=2.9e-05  best=-inf wall=26.917h
  ep66 shard 5659/8600 loss=3.2e-05  best=-inf wall=26.922h
  ep66 shard 5660/8600 loss=3.1e-05  best=-inf wall=26.927h
  ep66 shard 5661/8600 loss=2.9e-05  best=-inf wall=26.932h
  ep66 shard 5662/8600 loss=3.5e-05  best=-inf wall=26.937h
  ep66 shard 5663/8600 loss=2.5e-05  best=-inf wall=26.941h
  ep66 shard 5664/8600 loss=3.7e-05  best=-inf wall=26.946h
  ep66 shard 5665/8600 loss=3.3e-05  best=-inf wall=26.951h
  ep66 shard 5666/8600 loss=3.7e-05  best=-inf wall=26.956h
  ep66 shard 5667/8600 loss=2.5e-05  best=-inf wall=26.961h
  ep66 shard 5668/8600 loss=2.5e-05  best=-inf wall=26.966h
  ep66 shard 5669/8600 loss=2.7e-05  best=-inf wall=26.969h
  ep66 shard 5670/8600 loss=3.1e-05  best=-inf wall=26.975h
  ep66 shard 5671/8600 loss=3.3e-05  best=-inf wall=26.98h
  ep66 shard 5672/8600 loss=2.4e-05  best=-inf wall=26.982h
  ep66 shard 5673/8600 loss=3.5e-05  best=-inf wall=26.987h
  ep66 shard 5674/8600 loss=2.9e-05  best=-inf wall=26.99h
  ep66 shard 5675/8600 loss=2.8e-05  best=-inf wall=26.996h
  ep66 shard 5676/8600 loss=2.5e-05  best=-inf wall=27.0h
  saved epoch checkpoint -> experiments/exp029-longrun/combined100/checkpoints/ep66.pt
  ep67 shard 5677/8600 loss=2.8e-05  best=-inf wall=27.005h
  ep67 shard 5678/8600 loss=2.8e-05  best=-inf wall=27.008h
  ep67 shard 5679/8600 loss=3e-05  best=-inf wall=27.013h
  ep67 shard 5680/8600 loss=3.1e-05  best=-inf wall=27.018h
  ep67 shard 5681/8600 loss=2.8e-05  best=-inf wall=27.023h
  ep67 shard 5682/8600 loss=3.4e-05  best=-inf wall=27.025h
  ep67 shard 5683/8600 loss=3.3e-05  best=-inf wall=27.031h
  ep67 shard 5684/8600 loss=3.4e-05  best=-inf wall=27.034h
  ep67 shard 5685/8600 loss=2.6e-05  best=-inf wall=27.039h
  ep67 shard 5686/8600 loss=2.8e-05  best=-inf wall=27.043h
  ep67 shard 5687/8600 loss=3.8e-05  best=-inf wall=27.048h
  ep67 shard 5688/8600 loss=2.7e-05  best=-inf wall=27.053h
  ep67 shard 5689/8600 loss=3.1e-05  best=-inf wall=27.056h
  ep67 shard 5690/8600 loss=3.1e-05  best=-inf wall=27.061h
  ep67 shard 5691/8600 loss=3.7e-05  best=-inf wall=27.067h
  ep67 shard 5692/8600 loss=2.8e-05  best=-inf wall=27.072h
  ep67 shard 5693/8600 loss=2.9e-05  best=-inf wall=27.075h
  ep67 shard 5694/8600 loss=3e-05  best=-inf wall=27.08h
  ep67 shard 5695/8600 loss=4.1e-05  best=-inf wall=27.085h
  ep67 shard 5696/8600 loss=3.2e-05  best=-inf wall=27.091h
  ep67 shard 5697/8600 loss=3.4e-05  best=-inf wall=27.096h
  ep67 shard 5698/8600 loss=3.1e-05  best=-inf wall=27.101h
  ep67 shard 5699/8600 loss=4e-05  best=-inf wall=27.103h
  ep67 shard 5700/8600 loss=3.2e-05  best=-inf wall=27.108h
  ep67 shard 5701/8600 loss=3.9e-05  best=-inf wall=27.113h
  ep67 shard 5702/8600 loss=3.1e-05  best=-inf wall=27.118h
  ep67 shard 5703/8600 loss=2.9e-05  best=-inf wall=27.123h
  ep67 shard 5704/8600 loss=2.6e-05  best=-inf wall=27.126h
  ep67 shard 5705/8600 loss=3e-05  best=-inf wall=27.129h
  ep67 shard 5706/8600 loss=3e-05  best=-inf wall=27.135h
  ep67 shard 5707/8600 loss=2.7e-05  best=-inf wall=27.14h
  ep67 shard 5708/8600 loss=3e-05  best=-inf wall=27.145h
  ep67 shard 5709/8600 loss=2.9e-05  best=-inf wall=27.149h
  ep67 shard 5710/8600 loss=2.9e-05  best=-inf wall=27.154h
  ep67 shard 5711/8600 loss=3.7e-05  best=-inf wall=27.159h
  ep67 shard 5712/8600 loss=2.5e-05  best=-inf wall=27.165h
  ep67 shard 5713/8600 loss=2.7e-05  best=-inf wall=27.17h
  ep67 shard 5714/8600 loss=2.8e-05  best=-inf wall=27.174h
  ep67 shard 5715/8600 loss=3.2e-05  best=-inf wall=27.18h
  ep67 shard 5716/8600 loss=3e-05  best=-inf wall=27.181h
  ep67 shard 5717/8600 loss=3e-05  best=-inf wall=27.187h
  ep67 shard 5718/8600 loss=4e-05  best=-inf wall=27.192h
  ep67 shard 5719/8600 loss=3.4e-05  best=-inf wall=27.197h
  ep67 shard 5720/8600 loss=3.3e-05  best=-inf wall=27.202h
  ep67 shard 5721/8600 loss=3.6e-05  best=-inf wall=27.207h
  ep67 shard 5722/8600 loss=3.5e-05  best=-inf wall=27.212h
  ep67 shard 5723/8600 loss=3.6e-05  best=-inf wall=27.215h
  ep67 shard 5724/8600 loss=3.1e-05  best=-inf wall=27.22h
  ep67 shard 5725/8600 loss=3.3e-05  best=-inf wall=27.225h
  ep67 shard 5726/8600 loss=3.3e-05  best=-inf wall=27.23h
  ep67 shard 5727/8600 loss=2.6e-05  best=-inf wall=27.233h
  ep67 shard 5728/8600 loss=3e-05  best=-inf wall=27.238h
  ep67 shard 5729/8600 loss=3.7e-05  best=-inf wall=27.244h
  ep67 shard 5730/8600 loss=2.3e-05  best=-inf wall=27.246h
  ep67 shard 5731/8600 loss=2.6e-05  best=-inf wall=27.251h
  ep67 shard 5732/8600 loss=2.7e-05  best=-inf wall=27.256h
  ep67 shard 5733/8600 loss=2.9e-05  best=-inf wall=27.261h
  ep67 shard 5734/8600 loss=2.2e-05  best=-inf wall=27.267h
  ep67 shard 5735/8600 loss=3e-05  best=-inf wall=27.272h
  ep67 shard 5736/8600 loss=2.7e-05  best=-inf wall=27.276h
  ep67 shard 5737/8600 loss=2.8e-05  best=-inf wall=27.281h
  ep67 shard 5738/8600 loss=4.5e-05  best=-inf wall=27.287h
  ep67 shard 5739/8600 loss=2.7e-05  best=-inf wall=27.292h
  ep67 shard 5740/8600 loss=2.7e-05  best=-inf wall=27.297h
  ep67 shard 5741/8600 loss=3.1e-05  best=-inf wall=27.302h
  ep67 shard 5742/8600 loss=2.9e-05  best=-inf wall=27.306h
  ep67 shard 5743/8600 loss=2.8e-05  best=-inf wall=27.311h
  ep67 shard 5744/8600 loss=3.1e-05  best=-inf wall=27.316h
  ep67 shard 5745/8600 loss=4.3e-05  best=-inf wall=27.321h
  ep67 shard 5746/8600 loss=3.7e-05  best=-inf wall=27.326h
  ep67 shard 5747/8600 loss=3.7e-05  best=-inf wall=27.331h
  ep67 shard 5748/8600 loss=3e-05  best=-inf wall=27.336h
  ep67 shard 5749/8600 loss=2.8e-05  best=-inf wall=27.34h
  ep67 shard 5750/8600 loss=3.3e-05  best=-inf wall=27.346h
  ep67 shard 5751/8600 loss=3.4e-05  best=-inf wall=27.351h
  ep67 shard 5752/8600 loss=3.6e-05  best=-inf wall=27.355h
  ep67 shard 5753/8600 loss=3.3e-05  best=-inf wall=27.36h
  ep67 shard 5754/8600 loss=3.7e-05  best=-inf wall=27.365h
  ep67 shard 5755/8600 loss=2.7e-05  best=-inf wall=27.371h
  ep67 shard 5756/8600 loss=3.2e-05  best=-inf wall=27.376h
  ep67 shard 5757/8600 loss=3e-05  best=-inf wall=27.381h
  ep67 shard 5758/8600 loss=2.9e-05  best=-inf wall=27.386h
  ep67 shard 5759/8600 loss=3.4e-05  best=-inf wall=27.391h
  ep67 shard 5760/8600 loss=2.7e-05  best=-inf wall=27.396h
  ep67 shard 5761/8600 loss=2.7e-05  best=-inf wall=27.401h
  ep67 shard 5762/8600 loss=2.5e-05  best=-inf wall=27.406h
  saved epoch checkpoint -> experiments/exp029-longrun/combined100/checkpoints/ep67.pt
  ep68 shard 5763/8600 loss=3.5e-05  best=-inf wall=27.411h
  ep68 shard 5764/8600 loss=2.9e-05  best=-inf wall=27.416h
  ep68 shard 5765/8600 loss=3.7e-05  best=-inf wall=27.419h
  ep68 shard 5766/8600 loss=3.7e-05  best=-inf wall=27.424h
  ep68 shard 5767/8600 loss=3.5e-05  best=-inf wall=27.43h
  ep68 shard 5768/8600 loss=2.8e-05  best=-inf wall=27.432h
  ep68 shard 5769/8600 loss=3.4e-05  best=-inf wall=27.438h
  ep68 shard 5770/8600 loss=3.8e-05  best=-inf wall=27.443h
  ep68 shard 5771/8600 loss=2.9e-05  best=-inf wall=27.448h
  ep68 shard 5772/8600 loss=3e-05  best=-inf wall=27.453h
  ep68 shard 5773/8600 loss=2.8e-05  best=-inf wall=27.457h
  ep68 shard 5774/8600 loss=2.9e-05  best=-inf wall=27.46h
  ep68 shard 5775/8600 loss=3.3e-05  best=-inf wall=27.465h
  ep68 shard 5776/8600 loss=3.3e-05  best=-inf wall=27.47h
  ep68 shard 5777/8600 loss=2.8e-05  best=-inf wall=27.473h
  ep68 shard 5778/8600 loss=3.7e-05  best=-inf wall=27.479h
  ep68 shard 5779/8600 loss=3e-05  best=-inf wall=27.484h
  ep68 shard 5780/8600 loss=3.5e-05  best=-inf wall=27.489h
  ep68 shard 5781/8600 loss=2.1e-05  best=-inf wall=27.495h
  ep68 shard 5782/8600 loss=3.2e-05  best=-inf wall=27.499h
  ep68 shard 5783/8600 loss=4.2e-05  best=-inf wall=27.504h
  ep68 shard 5784/8600 loss=2.2e-05  best=-inf wall=27.509h
  ep68 shard 5785/8600 loss=4.1e-05  best=-inf wall=27.514h
  ep68 shard 5786/8600 loss=3.2e-05  best=-inf wall=27.519h
  ep68 shard 5787/8600 loss=3.5e-05  best=-inf wall=27.524h
  ep68 shard 5788/8600 loss=3e-05  best=-inf wall=27.528h
  ep68 shard 5789/8600 loss=3.8e-05  best=-inf wall=27.534h
  ep68 shard 5790/8600 loss=2.8e-05  best=-inf wall=27.538h
  ep68 shard 5791/8600 loss=2.5e-05  best=-inf wall=27.543h
  ep68 shard 5792/8600 loss=2.7e-05  best=-inf wall=27.548h
  ep68 shard 5793/8600 loss=3e-05  best=-inf wall=27.55h
  ep68 shard 5794/8600 loss=4.2e-05  best=-inf wall=27.555h
  ep68 shard 5795/8600 loss=2.3e-05  best=-inf wall=27.56h
  ep68 shard 5796/8600 loss=3.6e-05  best=-inf wall=27.563h
  ep68 shard 5797/8600 loss=2.6e-05  best=-inf wall=27.568h
  ep68 shard 5798/8600 loss=3.7e-05  best=-inf wall=27.574h
  ep68 shard 5799/8600 loss=3.4e-05  best=-inf wall=27.577h
  ep68 shard 5800/8600 loss=2.7e-05  best=-inf wall=27.582h
  ep68 shard 5801/8600 loss=2.6e-05  best=-inf wall=27.587h
  ep68 shard 5802/8600 loss=4.1e-05  best=-inf wall=27.592h
  ep68 shard 5803/8600 loss=3.4e-05  best=-inf wall=27.597h
  ep68 shard 5804/8600 loss=3e-05  best=-inf wall=27.6h
  ep68 shard 5805/8600 loss=3e-05  best=-inf wall=27.605h
  ep68 shard 5806/8600 loss=2.9e-05  best=-inf wall=27.61h
  ep68 shard 5807/8600 loss=3.2e-05  best=-inf wall=27.615h
  ep68 shard 5808/8600 loss=2.9e-05  best=-inf wall=27.62h
  ep68 shard 5809/8600 loss=3.1e-05  best=-inf wall=27.625h
  ep68 shard 5810/8600 loss=3.2e-05  best=-inf wall=27.63h
  ep68 shard 5811/8600 loss=3.5e-05  best=-inf wall=27.636h
  ep68 shard 5812/8600 loss=4.2e-05  best=-inf wall=27.641h
  ep68 shard 5813/8600 loss=3.6e-05  best=-inf wall=27.646h
  ep68 shard 5814/8600 loss=2.9e-05  best=-inf wall=27.651h
  ep68 shard 5815/8600 loss=4.3e-05  best=-inf wall=27.656h
  ep68 shard 5816/8600 loss=3e-05  best=-inf wall=27.661h
  ep68 shard 5817/8600 loss=3.2e-05  best=-inf wall=27.666h
  ep68 shard 5818/8600 loss=2.7e-05  best=-inf wall=27.671h
  ep68 shard 5819/8600 loss=2.7e-05  best=-inf wall=27.676h
  ep68 shard 5820/8600 loss=2.5e-05  best=-inf wall=27.679h
  ep68 shard 5821/8600 loss=3.2e-05  best=-inf wall=27.68h
  ep68 shard 5822/8600 loss=3.9e-05  best=-inf wall=27.686h
  ep68 shard 5823/8600 loss=3.9e-05  best=-inf wall=27.69h
  ep68 shard 5824/8600 loss=2.7e-05  best=-inf wall=27.695h
  ep68 shard 5825/8600 loss=3.2e-05  best=-inf wall=27.7h
  ep68 shard 5826/8600 loss=3.3e-05  best=-inf wall=27.706h
  ep68 shard 5827/8600 loss=2.6e-05  best=-inf wall=27.711h
  ep68 shard 5828/8600 loss=2.8e-05  best=-inf wall=27.716h
  ep68 shard 5829/8600 loss=2.5e-05  best=-inf wall=27.721h
  ep68 shard 5830/8600 loss=3.6e-05  best=-inf wall=27.727h
  ep68 shard 5831/8600 loss=3.2e-05  best=-inf wall=27.732h
  ep68 shard 5832/8600 loss=2.8e-05  best=-inf wall=27.734h
  ep68 shard 5833/8600 loss=3.5e-05  best=-inf wall=27.74h
  ep68 shard 5834/8600 loss=3.2e-05  best=-inf wall=27.745h
  ep68 shard 5835/8600 loss=3.2e-05  best=-inf wall=27.75h
  ep68 shard 5836/8600 loss=3.4e-05  best=-inf wall=27.755h
  ep68 shard 5837/8600 loss=2.3e-05  best=-inf wall=27.76h
  ep68 shard 5838/8600 loss=3.3e-05  best=-inf wall=27.765h
  ep68 shard 5839/8600 loss=3.9e-05  best=-inf wall=27.771h
  ep68 shard 5840/8600 loss=2.3e-05  best=-inf wall=27.772h
  ep68 shard 5841/8600 loss=3.7e-05  best=-inf wall=27.777h
  ep68 shard 5842/8600 loss=2.8e-05  best=-inf wall=27.783h
  ep68 shard 5843/8600 loss=3e-05  best=-inf wall=27.788h
  ep68 shard 5844/8600 loss=3.3e-05  best=-inf wall=27.793h
  ep68 shard 5845/8600 loss=3.3e-05  best=-inf wall=27.796h
  ep68 shard 5846/8600 loss=3.3e-05  best=-inf wall=27.8h
  ep68 shard 5847/8600 loss=2.5e-05  best=-inf wall=27.805h
  ep68 shard 5848/8600 loss=3.5e-05  best=-inf wall=27.81h
  saved epoch checkpoint -> experiments/exp029-longrun/combined100/checkpoints/ep68.pt
  ep69 shard 5849/8600 loss=3.2e-05  best=-inf wall=27.815h
  ep69 shard 5850/8600 loss=3.5e-05  best=-inf wall=27.816h
  ep69 shard 5851/8600 loss=2.7e-05  best=-inf wall=27.822h
  ep69 shard 5852/8600 loss=2.4e-05  best=-inf wall=27.826h
  ep69 shard 5853/8600 loss=3e-05  best=-inf wall=27.831h
  ep69 shard 5854/8600 loss=2.5e-05  best=-inf wall=27.836h
  ep69 shard 5855/8600 loss=2.6e-05  best=-inf wall=27.841h
  ep69 shard 5856/8600 loss=3e-05  best=-inf wall=27.846h
  ep69 shard 5857/8600 loss=2.4e-05  best=-inf wall=27.852h
  ep69 shard 5858/8600 loss=2.7e-05  best=-inf wall=27.857h
  ep69 shard 5859/8600 loss=3e-05  best=-inf wall=27.862h
  ep69 shard 5860/8600 loss=2.6e-05  best=-inf wall=27.864h
  ep69 shard 5861/8600 loss=3.2e-05  best=-inf wall=27.868h
  ep69 shard 5862/8600 loss=3.6e-05  best=-inf wall=27.873h
  ep69 shard 5863/8600 loss=2.6e-05  best=-inf wall=27.878h
  ep69 shard 5864/8600 loss=3e-05  best=-inf wall=27.883h
  ep69 shard 5865/8600 loss=3.6e-05  best=-inf wall=27.889h
  ep69 shard 5866/8600 loss=2.9e-05  best=-inf wall=27.894h
  ep69 shard 5867/8600 loss=2.6e-05  best=-inf wall=27.899h
  ep69 shard 5868/8600 loss=3e-05  best=-inf wall=27.904h
  ep69 shard 5869/8600 loss=3.2e-05  best=-inf wall=27.909h
  ep69 shard 5870/8600 loss=3.9e-05  best=-inf wall=27.912h
  ep69 shard 5871/8600 loss=3.3e-05  best=-inf wall=27.917h
  ep69 shard 5872/8600 loss=3e-05  best=-inf wall=27.922h
  ep69 shard 5873/8600 loss=3.1e-05  best=-inf wall=27.928h
  ep69 shard 5874/8600 loss=3.4e-05  best=-inf wall=27.933h
  ep69 shard 5875/8600 loss=3.3e-05  best=-inf wall=27.938h
  ep69 shard 5876/8600 loss=3.3e-05  best=-inf wall=27.944h
  ep69 shard 5877/8600 loss=2.6e-05  best=-inf wall=27.949h
  ep69 shard 5878/8600 loss=3.2e-05  best=-inf wall=27.953h
  ep69 shard 5879/8600 loss=2.9e-05  best=-inf wall=27.955h
  ep69 shard 5880/8600 loss=2.8e-05  best=-inf wall=27.96h
  ep69 shard 5881/8600 loss=3.9e-05  best=-inf wall=27.965h
  ep69 shard 5882/8600 loss=3.9e-05  best=-inf wall=27.97h
  ep69 shard 5883/8600 loss=2.5e-05  best=-inf wall=27.975h
  ep69 shard 5884/8600 loss=3.2e-05  best=-inf wall=27.98h
  ep69 shard 5885/8600 loss=3.8e-05  best=-inf wall=27.984h
  ep69 shard 5886/8600 loss=3.4e-05  best=-inf wall=27.989h
  ep69 shard 5887/8600 loss=2.4e-05  best=-inf wall=27.994h
  ep69 shard 5888/8600 loss=3.1e-05  best=-inf wall=27.999h
  ep69 shard 5889/8600 loss=2.6e-05  best=-inf wall=28.002h
  ep69 shard 5890/8600 loss=3.5e-05  best=-inf wall=28.007h
  ep69 shard 5891/8600 loss=3.3e-05  best=-inf wall=28.013h
  ep69 shard 5892/8600 loss=3.2e-05  best=-inf wall=28.018h
  ep69 shard 5893/8600 loss=2.4e-05  best=-inf wall=28.023h
  ep69 shard 5894/8600 loss=3e-05  best=-inf wall=28.028h
  ep69 shard 5895/8600 loss=2.9e-05  best=-inf wall=28.033h
  ep69 shard 5896/8600 loss=3.8e-05  best=-inf wall=28.039h
  ep69 shard 5897/8600 loss=3.5e-05  best=-inf wall=28.044h
  ep69 shard 5898/8600 loss=2.9e-05  best=-inf wall=28.047h
  ep69 shard 5899/8600 loss=2.7e-05  best=-inf wall=28.052h
  ep69 shard 5900/8600 loss=2.4e-05  best=-inf wall=28.057h
  ep69 shard 5901/8600 loss=3.1e-05  best=-inf wall=28.062h
  ep69 shard 5902/8600 loss=3.3e-05  best=-inf wall=28.067h
  ep69 shard 5903/8600 loss=2.7e-05  best=-inf wall=28.072h
  ep69 shard 5904/8600 loss=3.7e-05  best=-inf wall=28.078h
  ep69 shard 5905/8600 loss=3.4e-05  best=-inf wall=28.083h
  ep69 shard 5906/8600 loss=2.2e-05  best=-inf wall=28.088h
  ep69 shard 5907/8600 loss=3e-05  best=-inf wall=28.092h
  ep69 shard 5908/8600 loss=2.5e-05  best=-inf wall=28.097h
  ep69 shard 5909/8600 loss=2.7e-05  best=-inf wall=28.103h
  ep69 shard 5910/8600 loss=2.8e-05  best=-inf wall=28.106h
  ep69 shard 5911/8600 loss=2.8e-05  best=-inf wall=28.111h
  ep69 shard 5912/8600 loss=3.1e-05  best=-inf wall=28.116h
  ep69 shard 5913/8600 loss=4e-05  best=-inf wall=28.121h
  ep69 shard 5914/8600 loss=3.3e-05  best=-inf wall=28.126h
  ep69 shard 5915/8600 loss=2.4e-05  best=-inf wall=28.131h
  ep69 shard 5916/8600 loss=3.4e-05  best=-inf wall=28.137h
  ep69 shard 5917/8600 loss=2.6e-05  best=-inf wall=28.142h
  ep69 shard 5918/8600 loss=2.9e-05  best=-inf wall=28.145h
  ep69 shard 5919/8600 loss=2.7e-05  best=-inf wall=28.15h
  ep69 shard 5920/8600 loss=2.8e-05  best=-inf wall=28.155h
  ep69 shard 5921/8600 loss=3.5e-05  best=-inf wall=28.16h
  ep69 shard 5922/8600 loss=2.9e-05  best=-inf wall=28.165h
  ep69 shard 5923/8600 loss=2.5e-05  best=-inf wall=28.168h
  ep69 shard 5924/8600 loss=3.2e-05  best=-inf wall=28.171h
  ep69 shard 5925/8600 loss=3.4e-05  best=-inf wall=28.177h
  ep69 shard 5926/8600 loss=3.1e-05  best=-inf wall=28.18h
  ep69 shard 5927/8600 loss=3.2e-05  best=-inf wall=28.185h
  ep69 shard 5928/8600 loss=2.6e-05  best=-inf wall=28.19h
  ep69 shard 5929/8600 loss=3.2e-05  best=-inf wall=28.195h
  ep69 shard 5930/8600 loss=3.7e-05  best=-inf wall=28.198h
  ep69 shard 5931/8600 loss=3.4e-05  best=-inf wall=28.202h
  ep69 shard 5932/8600 loss=3.9e-05  best=-inf wall=28.207h
  ep69 shard 5933/8600 loss=2.8e-05  best=-inf wall=28.212h
  ep69 shard 5934/8600 loss=2.8e-05  best=-inf wall=28.215h
  saved epoch checkpoint -> experiments/exp029-longrun/combined100/checkpoints/ep69.pt
  ep70 shard 5935/8600 loss=2.9e-05  best=-inf wall=28.22h
  ep70 shard 5936/8600 loss=2.8e-05  best=-inf wall=28.226h
  ep70 shard 5937/8600 loss=2.9e-05  best=-inf wall=28.231h
  ep70 shard 5938/8600 loss=3.7e-05  best=-inf wall=28.236h
  ep70 shard 5939/8600 loss=3.2e-05  best=-inf wall=28.238h
  ep70 shard 5940/8600 loss=3.4e-05  best=-inf wall=28.244h
  ep70 shard 5941/8600 loss=3.4e-05  best=-inf wall=28.248h
  ep70 shard 5942/8600 loss=2.6e-05  best=-inf wall=28.25h
  ep70 shard 5943/8600 loss=3.1e-05  best=-inf wall=28.255h
  ep70 shard 5944/8600 loss=2.4e-05  best=-inf wall=28.259h
  ep70 shard 5945/8600 loss=3.4e-05  best=-inf wall=28.264h
  ep70 shard 5946/8600 loss=3e-05  best=-inf wall=28.269h
  ep70 shard 5947/8600 loss=3.8e-05  best=-inf wall=28.274h
  ep70 shard 5948/8600 loss=4.5e-05  best=-inf wall=28.28h
  ep70 shard 5949/8600 loss=3.5e-05  best=-inf wall=28.285h
  ep70 shard 5950/8600 loss=3.4e-05  best=-inf wall=28.29h
  ep70 shard 5951/8600 loss=3.3e-05  best=-inf wall=28.295h
  ep70 shard 5952/8600 loss=2.7e-05  best=-inf wall=28.3h
  ep70 shard 5953/8600 loss=4.8e-05  best=-inf wall=28.305h
  ep70 shard 5954/8600 loss=2.8e-05  best=-inf wall=28.31h
  ep70 shard 5955/8600 loss=3e-05  best=-inf wall=28.315h
  ep70 shard 5956/8600 loss=2.7e-05  best=-inf wall=28.319h
  ep70 shard 5957/8600 loss=4.2e-05  best=-inf wall=28.324h
  ep70 shard 5958/8600 loss=2.6e-05  best=-inf wall=28.327h
  ep70 shard 5959/8600 loss=2.4e-05  best=-inf wall=28.332h
  ep70 shard 5960/8600 loss=2.9e-05  best=-inf wall=28.337h
  ep70 shard 5961/8600 loss=3.8e-05  best=-inf wall=28.343h
  ep70 shard 5962/8600 loss=2.5e-05  best=-inf wall=28.348h
  ep70 shard 5963/8600 loss=3.4e-05  best=-inf wall=28.353h
  ep70 shard 5964/8600 loss=2.5e-05  best=-inf wall=28.358h
  ep70 shard 5965/8600 loss=3e-05  best=-inf wall=28.363h
  ep70 shard 5966/8600 loss=2.5e-05  best=-inf wall=28.369h
  ep70 shard 5967/8600 loss=3e-05  best=-inf wall=28.374h
  ep70 shard 5968/8600 loss=4.1e-05  best=-inf wall=28.379h
  ep70 shard 5969/8600 loss=2.5e-05  best=-inf wall=28.384h
  ep70 shard 5970/8600 loss=3.6e-05  best=-inf wall=28.389h
  ep70 shard 5971/8600 loss=2.8e-05  best=-inf wall=28.393h
  ep70 shard 5972/8600 loss=3.1e-05  best=-inf wall=28.399h
  ep70 shard 5973/8600 loss=2.5e-05  best=-inf wall=28.404h
  ep70 shard 5974/8600 loss=2.5e-05  best=-inf wall=28.408h
  ep70 shard 5975/8600 loss=3e-05  best=-inf wall=28.413h
  ep70 shard 5976/8600 loss=3.6e-05  best=-inf wall=28.419h
  ep70 shard 5977/8600 loss=2.4e-05  best=-inf wall=28.422h
  ep70 shard 5978/8600 loss=2.9e-05  best=-inf wall=28.427h
  ep70 shard 5979/8600 loss=2.9e-05  best=-inf wall=28.432h
  ep70 shard 5980/8600 loss=3e-05  best=-inf wall=28.435h
  ep70 shard 5981/8600 loss=3.3e-05  best=-inf wall=28.44h
  ep70 shard 5982/8600 loss=3.3e-05  best=-inf wall=28.445h
  ep70 shard 5983/8600 loss=3e-05  best=-inf wall=28.45h
  ep70 shard 5984/8600 loss=2.8e-05  best=-inf wall=28.453h
  ep70 shard 5985/8600 loss=3.1e-05  best=-inf wall=28.456h
  ep70 shard 5986/8600 loss=2.4e-05  best=-inf wall=28.462h
  ep70 shard 5987/8600 loss=3e-05  best=-inf wall=28.467h
  ep70 shard 5988/8600 loss=3.2e-05  best=-inf wall=28.472h
  ep70 shard 5989/8600 loss=3.2e-05  best=-inf wall=28.477h
  ep70 shard 5990/8600 loss=2.7e-05  best=-inf wall=28.483h
  ep70 shard 5991/8600 loss=2.6e-05  best=-inf wall=28.488h
  ep70 shard 5992/8600 loss=3.3e-05  best=-inf wall=28.493h
  ep70 shard 5993/8600 loss=3.4e-05  best=-inf wall=28.498h
  ep70 shard 5994/8600 loss=2.9e-05  best=-inf wall=28.503h
  ep70 shard 5995/8600 loss=2.1e-05  best=-inf wall=28.508h
  ep70 shard 5996/8600 loss=2.3e-05  best=-inf wall=28.514h
  ep70 shard 5997/8600 loss=3e-05  best=-inf wall=28.517h
  ep70 shard 5998/8600 loss=3.2e-05  best=-inf wall=28.522h
  ep70 shard 5999/8600 loss=3.2e-05  best=-inf wall=28.527h
  ep70 shard 6000/8600 loss=3.3e-05  best=-inf wall=28.53h
  ep70 shard 6001/8600 loss=3.4e-05  best=-inf wall=28.535h
  ep70 shard 6002/8600 loss=3.2e-05  best=-inf wall=28.54h
  ep70 shard 6003/8600 loss=3e-05  best=-inf wall=28.543h
  ep70 shard 6004/8600 loss=2.8e-05  best=-inf wall=28.546h
  ep70 shard 6005/8600 loss=2.6e-05  best=-inf wall=28.552h
  ep70 shard 6006/8600 loss=3.6e-05  best=-inf wall=28.557h
  ep70 shard 6007/8600 loss=2.3e-05  best=-inf wall=28.562h
  ep70 shard 6008/8600 loss=3.4e-05  best=-inf wall=28.567h
  ep70 shard 6009/8600 loss=3.4e-05  best=-inf wall=28.572h
  ep70 shard 6010/8600 loss=4.2e-05  best=-inf wall=28.578h
  ep70 shard 6011/8600 loss=2.7e-05  best=-inf wall=28.582h
  ep70 shard 6012/8600 loss=4.1e-05  best=-inf wall=28.587h
  ep70 shard 6013/8600 loss=2.6e-05  best=-inf wall=28.588h
  ep70 shard 6014/8600 loss=3.4e-05  best=-inf wall=28.594h
  ep70 shard 6015/8600 loss=3.5e-05  best=-inf wall=28.598h
  ep70 shard 6016/8600 loss=3e-05  best=-inf wall=28.603h
  ep70 shard 6017/8600 loss=2.9e-05  best=-inf wall=28.608h
  ep70 shard 6018/8600 loss=2.7e-05  best=-inf wall=28.61h
  ep70 shard 6019/8600 loss=4.6e-05  best=-inf wall=28.615h
  ep70 shard 6020/8600 loss=2.8e-05  best=-inf wall=28.62h
  saved epoch checkpoint -> experiments/exp029-longrun/combined100/checkpoints/ep70.pt
  ep71 shard 6021/8600 loss=2.9e-05  best=-inf wall=28.626h
  ep71 shard 6022/8600 loss=3.1e-05  best=-inf wall=28.629h
  ep71 shard 6023/8600 loss=3.4e-05  best=-inf wall=28.634h
  ep71 shard 6024/8600 loss=2.4e-05  best=-inf wall=28.639h
  ep71 shard 6025/8600 loss=3.2e-05  best=-inf wall=28.644h
  ep71 shard 6026/8600 loss=3.3e-05  best=-inf wall=28.649h
  ep71 shard 6027/8600 loss=2.7e-05  best=-inf wall=28.654h
  ep71 shard 6028/8600 loss=3.1e-05  best=-inf wall=28.66h
  ep71 shard 6029/8600 loss=2.9e-05  best=-inf wall=28.662h
  ep71 shard 6030/8600 loss=2.4e-05  best=-inf wall=28.667h
  ep71 shard 6031/8600 loss=2.3e-05  best=-inf wall=28.672h
  ep71 shard 6032/8600 loss=3.2e-05  best=-inf wall=28.674h
  ep71 shard 6033/8600 loss=3.4e-05  best=-inf wall=28.68h
  ep71 shard 6034/8600 loss=3.9e-05  best=-inf wall=28.683h
  ep71 shard 6035/8600 loss=2.5e-05  best=-inf wall=28.688h
  ep71 shard 6036/8600 loss=3.9e-05  best=-inf wall=28.693h
  ep71 shard 6037/8600 loss=4.1e-05  best=-inf wall=28.698h
  ep71 shard 6038/8600 loss=2.5e-05  best=-inf wall=28.703h
  ep71 shard 6039/8600 loss=3e-05  best=-inf wall=28.706h
  ep71 shard 6040/8600 loss=2.7e-05  best=-inf wall=28.712h
  ep71 shard 6041/8600 loss=2.6e-05  best=-inf wall=28.717h
  ep71 shard 6042/8600 loss=3e-05  best=-inf wall=28.722h
  ep71 shard 6043/8600 loss=4.2e-05  best=-inf wall=28.727h
  ep71 shard 6044/8600 loss=2.5e-05  best=-inf wall=28.732h
  ep71 shard 6045/8600 loss=3.3e-05  best=-inf wall=28.737h
  ep71 shard 6046/8600 loss=2.8e-05  best=-inf wall=28.742h
  ep71 shard 6047/8600 loss=3.1e-05  best=-inf wall=28.747h
  ep71 shard 6048/8600 loss=3.3e-05  best=-inf wall=28.752h
  ep71 shard 6049/8600 loss=3.3e-05  best=-inf wall=28.757h
  ep71 shard 6050/8600 loss=2.6e-05  best=-inf wall=28.762h
  ep71 shard 6051/8600 loss=2.8e-05  best=-inf wall=28.765h
  ep71 shard 6052/8600 loss=2.3e-05  best=-inf wall=28.771h
  ep71 shard 6053/8600 loss=3.1e-05  best=-inf wall=28.776h
  ep71 shard 6054/8600 loss=3.3e-05  best=-inf wall=28.781h
  ep71 shard 6055/8600 loss=3.4e-05  best=-inf wall=28.786h
  ep71 shard 6056/8600 loss=2.4e-05  best=-inf wall=28.791h
  ep71 shard 6057/8600 loss=3.4e-05  best=-inf wall=28.797h
  ep71 shard 6058/8600 loss=2.7e-05  best=-inf wall=28.802h
  ep71 shard 6059/8600 loss=2.7e-05  best=-inf wall=28.804h
  ep71 shard 6060/8600 loss=3.3e-05  best=-inf wall=28.808h
  ep71 shard 6061/8600 loss=2.4e-05  best=-inf wall=28.813h
  ep71 shard 6062/8600 loss=3.1e-05  best=-inf wall=28.818h
  ep71 shard 6063/8600 loss=3.2e-05  best=-inf wall=28.823h
  ep71 shard 6064/8600 loss=4.4e-05  best=-inf wall=28.828h
  ep71 shard 6065/8600 loss=3.3e-05  best=-inf wall=28.834h
  ep71 shard 6066/8600 loss=2.8e-05  best=-inf wall=28.839h
  ep71 shard 6067/8600 loss=3.4e-05  best=-inf wall=28.843h
  ep71 shard 6068/8600 loss=3e-05  best=-inf wall=28.847h
  ep71 shard 6069/8600 loss=3e-05  best=-inf wall=28.852h
  ep71 shard 6070/8600 loss=2.9e-05  best=-inf wall=28.857h
  ep71 shard 6071/8600 loss=3.2e-05  best=-inf wall=28.863h
  ep71 shard 6072/8600 loss=3.7e-05  best=-inf wall=28.868h
  ep71 shard 6073/8600 loss=3.5e-05  best=-inf wall=28.872h
  ep71 shard 6074/8600 loss=3.3e-05  best=-inf wall=28.876h
  ep71 shard 6075/8600 loss=2.8e-05  best=-inf wall=28.881h
  ep71 shard 6076/8600 loss=3.5e-05  best=-inf wall=28.887h
  ep71 shard 6077/8600 loss=2.9e-05  best=-inf wall=28.892h
  ep71 shard 6078/8600 loss=2.7e-05  best=-inf wall=28.897h
  ep71 shard 6079/8600 loss=3.3e-05  best=-inf wall=28.9h
  ep71 shard 6080/8600 loss=3.2e-05  best=-inf wall=28.906h
  ep71 shard 6081/8600 loss=3.1e-05  best=-inf wall=28.911h
  ep71 shard 6082/8600 loss=2.6e-05  best=-inf wall=28.916h
  ep71 shard 6083/8600 loss=2.9e-05  best=-inf wall=28.921h
  ep71 shard 6084/8600 loss=3.2e-05  best=-inf wall=28.927h
  ep71 shard 6085/8600 loss=3e-05  best=-inf wall=28.932h
  ep71 shard 6086/8600 loss=2.9e-05  best=-inf wall=28.937h
  ep71 shard 6087/8600 loss=3.1e-05  best=-inf wall=28.942h
  ep71 shard 6088/8600 loss=3e-05  best=-inf wall=28.947h
  ep71 shard 6089/8600 loss=3e-05  best=-inf wall=28.952h
  ep71 shard 6090/8600 loss=2.4e-05  best=-inf wall=28.954h
  ep71 shard 6091/8600 loss=2.8e-05  best=-inf wall=28.959h
  ep71 shard 6092/8600 loss=3.7e-05  best=-inf wall=28.964h
  ep71 shard 6093/8600 loss=3.3e-05  best=-inf wall=28.967h
  ep71 shard 6094/8600 loss=2.6e-05  best=-inf wall=28.972h
  ep71 shard 6095/8600 loss=3.7e-05  best=-inf wall=28.977h
  ep71 shard 6096/8600 loss=2.9e-05  best=-inf wall=28.98h
  ep71 shard 6097/8600 loss=2.9e-05  best=-inf wall=28.985h
  ep71 shard 6098/8600 loss=2.2e-05  best=-inf wall=28.99h
  ep71 shard 6099/8600 loss=2.9e-05  best=-inf wall=28.995h
  ep71 shard 6100/8600 loss=2.4e-05  best=-inf wall=28.999h
  ep71 shard 6101/8600 loss=3.2e-05  best=-inf wall=29.002h
  ep71 shard 6102/8600 loss=3.3e-05  best=-inf wall=29.007h
  ep71 shard 6103/8600 loss=2.7e-05  best=-inf wall=29.013h
  ep71 shard 6104/8600 loss=2.4e-05  best=-inf wall=29.017h
  ep71 shard 6105/8600 loss=3.4e-05  best=-inf wall=29.022h
  ep71 shard 6106/8600 loss=2.9e-05  best=-inf wall=29.025h
  saved epoch checkpoint -> experiments/exp029-longrun/combined100/checkpoints/ep71.pt
  ep72 shard 6107/8600 loss=2.6e-05  best=-inf wall=29.03h
  ep72 shard 6108/8600 loss=3.1e-05  best=-inf wall=29.033h
  ep72 shard 6109/8600 loss=3.7e-05  best=-inf wall=29.038h
  ep72 shard 6110/8600 loss=2.7e-05  best=-inf wall=29.043h
  ep72 shard 6111/8600 loss=2.8e-05  best=-inf wall=29.049h
  ep72 shard 6112/8600 loss=2.4e-05  best=-inf wall=29.053h
  ep72 shard 6113/8600 loss=3.4e-05  best=-inf wall=29.057h
  ep72 shard 6114/8600 loss=2.7e-05  best=-inf wall=29.062h
  ep72 shard 6115/8600 loss=2.9e-05  best=-inf wall=29.068h
  ep72 shard 6116/8600 loss=3.2e-05  best=-inf wall=29.072h
  ep72 shard 6117/8600 loss=3.1e-05  best=-inf wall=29.077h
  ep72 shard 6118/8600 loss=4.1e-05  best=-inf wall=29.082h
  ep72 shard 6119/8600 loss=3.1e-05  best=-inf wall=29.087h
  ep72 shard 6120/8600 loss=3e-05  best=-inf wall=29.092h
  ep72 shard 6121/8600 loss=2.5e-05  best=-inf wall=29.098h
  ep72 shard 6122/8600 loss=2.9e-05  best=-inf wall=29.103h
  ep72 shard 6123/8600 loss=3.1e-05  best=-inf wall=29.108h
  ep72 shard 6124/8600 loss=2.8e-05  best=-inf wall=29.112h
  ep72 shard 6125/8600 loss=3.3e-05  best=-inf wall=29.117h
  ep72 shard 6126/8600 loss=2.8e-05  best=-inf wall=29.122h
  ep72 shard 6127/8600 loss=3e-05  best=-inf wall=29.126h
  ep72 shard 6128/8600 loss=2.8e-05  best=-inf wall=29.131h
  ep72 shard 6129/8600 loss=2.5e-05  best=-inf wall=29.136h
  ep72 shard 6130/8600 loss=3.2e-05  best=-inf wall=29.142h
  ep72 shard 6131/8600 loss=2.8e-05  best=-inf wall=29.145h
  ep72 shard 6132/8600 loss=2.2e-05  best=-inf wall=29.15h
  ep72 shard 6133/8600 loss=2.8e-05  best=-inf wall=29.155h
  ep72 shard 6134/8600 loss=3.4e-05  best=-inf wall=29.16h
  ep72 shard 6135/8600 loss=3.7e-05  best=-inf wall=29.165h
  ep72 shard 6136/8600 loss=2.4e-05  best=-inf wall=29.169h
  ep72 shard 6137/8600 loss=3.7e-05  best=-inf wall=29.174h
  ep72 shard 6138/8600 loss=3.7e-05  best=-inf wall=29.179h
  ep72 shard 6139/8600 loss=2.2e-05  best=-inf wall=29.184h
  ep72 shard 6140/8600 loss=2.8e-05  best=-inf wall=29.189h
  ep72 shard 6141/8600 loss=2.6e-05  best=-inf wall=29.194h
  ep72 shard 6142/8600 loss=3.1e-05  best=-inf wall=29.197h
  ep72 shard 6143/8600 loss=3.2e-05  best=-inf wall=29.201h
  ep72 shard 6144/8600 loss=3.1e-05  best=-inf wall=29.204h
  ep72 shard 6145/8600 loss=2.6e-05  best=-inf wall=29.21h
  ep72 shard 6146/8600 loss=2.4e-05  best=-inf wall=29.213h
  ep72 shard 6147/8600 loss=4.1e-05  best=-inf wall=29.218h
  ep72 shard 6148/8600 loss=3.5e-05  best=-inf wall=29.223h
  ep72 shard 6149/8600 loss=2.8e-05  best=-inf wall=29.229h
  ep72 shard 6150/8600 loss=3.3e-05  best=-inf wall=29.234h
  ep72 shard 6151/8600 loss=3e-05  best=-inf wall=29.239h
  ep72 shard 6152/8600 loss=3.2e-05  best=-inf wall=29.244h
  ep72 shard 6153/8600 loss=3.4e-05  best=-inf wall=29.247h
  ep72 shard 6154/8600 loss=3.5e-05  best=-inf wall=29.252h
  ep72 shard 6155/8600 loss=3.2e-05  best=-inf wall=29.258h
  ep72 shard 6156/8600 loss=3.5e-05  best=-inf wall=29.263h
  ep72 shard 6157/8600 loss=4.1e-05  best=-inf wall=29.268h
  ep72 shard 6158/8600 loss=3.6e-05  best=-inf wall=29.273h
  ep72 shard 6159/8600 loss=3.8e-05  best=-inf wall=29.278h
  ep72 shard 6160/8600 loss=3.9e-05  best=-inf wall=29.284h
  ep72 shard 6161/8600 loss=3.5e-05  best=-inf wall=29.289h
  ep72 shard 6162/8600 loss=3.4e-05  best=-inf wall=29.294h
  ep72 shard 6163/8600 loss=3e-05  best=-inf wall=29.299h
  ep72 shard 6164/8600 loss=3.8e-05  best=-inf wall=29.305h
  ep72 shard 6165/8600 loss=2.8e-05  best=-inf wall=29.306h
  ep72 shard 6166/8600 loss=2.7e-05  best=-inf wall=29.311h
  ep72 shard 6167/8600 loss=2.7e-05  best=-inf wall=29.317h
  ep72 shard 6168/8600 loss=2.9e-05  best=-inf wall=29.322h
  ep72 shard 6169/8600 loss=2.3e-05  best=-inf wall=29.327h
  ep72 shard 6170/8600 loss=3.4e-05  best=-inf wall=29.329h
  ep72 shard 6171/8600 loss=2.7e-05  best=-inf wall=29.335h
  ep72 shard 6172/8600 loss=3.4e-05  best=-inf wall=29.34h
  ep72 shard 6173/8600 loss=2.6e-05  best=-inf wall=29.344h
  ep72 shard 6174/8600 loss=2.9e-05  best=-inf wall=29.349h
  ep72 shard 6175/8600 loss=4.4e-05  best=-inf wall=29.354h
  ep72 shard 6176/8600 loss=3.3e-05  best=-inf wall=29.357h
  ep72 shard 6177/8600 loss=3.9e-05  best=-inf wall=29.362h
  ep72 shard 6178/8600 loss=3e-05  best=-inf wall=29.365h
  ep72 shard 6179/8600 loss=3.3e-05  best=-inf wall=29.37h
  ep72 shard 6180/8600 loss=2.8e-05  best=-inf wall=29.371h
  ep72 shard 6181/8600 loss=2.5e-05  best=-inf wall=29.376h
  ep72 shard 6182/8600 loss=3e-05  best=-inf wall=29.382h
  ep72 shard 6183/8600 loss=2.6e-05  best=-inf wall=29.387h
  ep72 shard 6184/8600 loss=2.9e-05  best=-inf wall=29.392h
  ep72 shard 6185/8600 loss=3e-05  best=-inf wall=29.397h
  ep72 shard 6186/8600 loss=3.5e-05  best=-inf wall=29.403h
  ep72 shard 6187/8600 loss=3.3e-05  best=-inf wall=29.408h
  ep72 shard 6188/8600 loss=2.6e-05  best=-inf wall=29.413h
  ep72 shard 6189/8600 loss=2.8e-05  best=-inf wall=29.417h
  ep72 shard 6190/8600 loss=2.9e-05  best=-inf wall=29.423h
  ep72 shard 6191/8600 loss=4.2e-05  best=-inf wall=29.428h
  ep72 shard 6192/8600 loss=2.5e-05  best=-inf wall=29.429h
  saved epoch checkpoint -> experiments/exp029-longrun/combined100/checkpoints/ep72.pt
  ep73 shard 6193/8600 loss=3.1e-05  best=-inf wall=29.435h
  ep73 shard 6194/8600 loss=2.6e-05  best=-inf wall=29.44h
  ep73 shard 6195/8600 loss=2.5e-05  best=-inf wall=29.445h
  ep73 shard 6196/8600 loss=2.7e-05  best=-inf wall=29.45h
  ep73 shard 6197/8600 loss=3.6e-05  best=-inf wall=29.455h
  ep73 shard 6198/8600 loss=2.9e-05  best=-inf wall=29.46h
  ep73 shard 6199/8600 loss=3.1e-05  best=-inf wall=29.466h
  ep73 shard 6200/8600 loss=3.4e-05  best=-inf wall=29.47h
  ep73 shard 6201/8600 loss=2.9e-05  best=-inf wall=29.472h
  ep73 shard 6202/8600 loss=2.4e-05  best=-inf wall=29.477h
  ep73 shard 6203/8600 loss=2.4e-05  best=-inf wall=29.482h
  ep73 shard 6204/8600 loss=3.8e-05  best=-inf wall=29.488h
  ep73 shard 6205/8600 loss=2.8e-05  best=-inf wall=29.493h
  ep73 shard 6206/8600 loss=2.4e-05  best=-inf wall=29.498h
  ep73 shard 6207/8600 loss=3.2e-05  best=-inf wall=29.504h
  ep73 shard 6208/8600 loss=2.9e-05  best=-inf wall=29.508h
  ep73 shard 6209/8600 loss=1.9e-05  best=-inf wall=29.513h
  ep73 shard 6210/8600 loss=2.7e-05  best=-inf wall=29.518h
  ep73 shard 6211/8600 loss=2.8e-05  best=-inf wall=29.523h
  ep73 shard 6212/8600 loss=3e-05  best=-inf wall=29.525h
  ep73 shard 6213/8600 loss=3.2e-05  best=-inf wall=29.53h
  ep73 shard 6214/8600 loss=2.9e-05  best=-inf wall=29.535h
  ep73 shard 6215/8600 loss=2.8e-05  best=-inf wall=29.54h
  ep73 shard 6216/8600 loss=2.8e-05  best=-inf wall=29.545h
  ep73 shard 6217/8600 loss=2.9e-05  best=-inf wall=29.55h
  ep73 shard 6218/8600 loss=3.3e-05  best=-inf wall=29.556h
  ep73 shard 6219/8600 loss=2.8e-05  best=-inf wall=29.561h
  ep73 shard 6220/8600 loss=2.4e-05  best=-inf wall=29.566h
  ep73 shard 6221/8600 loss=3.2e-05  best=-inf wall=29.571h
  ep73 shard 6222/8600 loss=2e-05  best=-inf wall=29.576h
  ep73 shard 6223/8600 loss=3e-05  best=-inf wall=29.579h
  ep73 shard 6224/8600 loss=3.5e-05  best=-inf wall=29.584h
  ep73 shard 6225/8600 loss=2.8e-05  best=-inf wall=29.589h
  ep73 shard 6226/8600 loss=3.5e-05  best=-inf wall=29.595h
  ep73 shard 6227/8600 loss=4.3e-05  best=-inf wall=29.598h
  ep73 shard 6228/8600 loss=3.3e-05  best=-inf wall=29.602h
  ep73 shard 6229/8600 loss=3.1e-05  best=-inf wall=29.607h
  ep73 shard 6230/8600 loss=4.6e-05  best=-inf wall=29.611h
  ep73 shard 6231/8600 loss=2.8e-05  best=-inf wall=29.616h
  ep73 shard 6232/8600 loss=4.2e-05  best=-inf wall=29.621h
  ep73 shard 6233/8600 loss=2.5e-05  best=-inf wall=29.626h
  ep73 shard 6234/8600 loss=2.8e-05  best=-inf wall=29.632h
  ep73 shard 6235/8600 loss=3.8e-05  best=-inf wall=29.637h
  ep73 shard 6236/8600 loss=2.8e-05  best=-inf wall=29.642h
  ep73 shard 6237/8600 loss=3.1e-05  best=-inf wall=29.647h
  ep73 shard 6238/8600 loss=3.3e-05  best=-inf wall=29.652h
  ep73 shard 6239/8600 loss=2.9e-05  best=-inf wall=29.654h
  ep73 shard 6240/8600 loss=2.7e-05  best=-inf wall=29.659h
  ep73 shard 6241/8600 loss=2.1e-05  best=-inf wall=29.664h
  ep73 shard 6242/8600 loss=2.6e-05  best=-inf wall=29.67h
  ep73 shard 6243/8600 loss=3.2e-05  best=-inf wall=29.673h
  ep73 shard 6244/8600 loss=2.3e-05  best=-inf wall=29.678h
  ep73 shard 6245/8600 loss=2.8e-05  best=-inf wall=29.681h
  ep73 shard 6246/8600 loss=2.6e-05  best=-inf wall=29.685h
  ep73 shard 6247/8600 loss=2.7e-05  best=-inf wall=29.69h
  ep73 shard 6248/8600 loss=3.8e-05  best=-inf wall=29.695h
  ep73 shard 6249/8600 loss=2.9e-05  best=-inf wall=29.698h
  ep73 shard 6250/8600 loss=2.8e-05  best=-inf wall=29.703h
  ep73 shard 6251/8600 loss=3.4e-05  best=-inf wall=29.708h
  ep73 shard 6252/8600 loss=2.7e-05  best=-inf wall=29.714h
  ep73 shard 6253/8600 loss=2.9e-05  best=-inf wall=29.719h
  ep73 shard 6254/8600 loss=4.1e-05  best=-inf wall=29.724h
  ep73 shard 6255/8600 loss=3.1e-05  best=-inf wall=29.728h
  ep73 shard 6256/8600 loss=3.4e-05  best=-inf wall=29.733h
  ep73 shard 6257/8600 loss=2.9e-05  best=-inf wall=29.736h
  ep73 shard 6258/8600 loss=3.3e-05  best=-inf wall=29.742h
  ep73 shard 6259/8600 loss=2.4e-05  best=-inf wall=29.746h
  ep73 shard 6260/8600 loss=2.5e-05  best=-inf wall=29.75h
  ep73 shard 6261/8600 loss=2.7e-05  best=-inf wall=29.756h
  ep73 shard 6262/8600 loss=4.6e-05  best=-inf wall=29.761h
  ep73 shard 6263/8600 loss=3.3e-05  best=-inf wall=29.766h
  ep73 shard 6264/8600 loss=2.6e-05  best=-inf wall=29.772h
  ep73 shard 6265/8600 loss=3e-05  best=-inf wall=29.777h
  ep73 shard 6266/8600 loss=2.9e-05  best=-inf wall=29.782h
  ep73 shard 6267/8600 loss=3.2e-05  best=-inf wall=29.787h
  ep73 shard 6268/8600 loss=3.5e-05  best=-inf wall=29.792h
  ep73 shard 6269/8600 loss=3.2e-05  best=-inf wall=29.797h
  ep73 shard 6270/8600 loss=3.1e-05  best=-inf wall=29.799h
  ep73 shard 6271/8600 loss=2.8e-05  best=-inf wall=29.804h
  ep73 shard 6272/8600 loss=2.8e-05  best=-inf wall=29.807h
  ep73 shard 6273/8600 loss=3.8e-05  best=-inf wall=29.81h
  ep73 shard 6274/8600 loss=2.9e-05  best=-inf wall=29.816h
  ep73 shard 6275/8600 loss=3.1e-05  best=-inf wall=29.819h
  ep73 shard 6276/8600 loss=3.9e-05  best=-inf wall=29.824h
  ep73 shard 6277/8600 loss=2.8e-05  best=-inf wall=29.829h
  ep73 shard 6278/8600 loss=3.4e-05  best=-inf wall=29.834h
  saved epoch checkpoint -> experiments/exp029-longrun/combined100/checkpoints/ep73.pt
  ep74 shard 6279/8600 loss=3e-05  best=-inf wall=29.839h
  ep74 shard 6280/8600 loss=3.9e-05  best=-inf wall=29.844h
  ep74 shard 6281/8600 loss=3.5e-05  best=-inf wall=29.847h
  ep74 shard 6282/8600 loss=2.6e-05  best=-inf wall=29.852h
  ep74 shard 6283/8600 loss=3.4e-05  best=-inf wall=29.857h
  ep74 shard 6284/8600 loss=4e-05  best=-inf wall=29.862h
  ep74 shard 6285/8600 loss=2.4e-05  best=-inf wall=29.866h
  ep74 shard 6286/8600 loss=3.3e-05  best=-inf wall=29.871h
  ep74 shard 6287/8600 loss=2.7e-05  best=-inf wall=29.876h
  ep74 shard 6288/8600 loss=3.2e-05  best=-inf wall=29.879h
  ep74 shard 6289/8600 loss=3.6e-05  best=-inf wall=29.881h
  ep74 shard 6290/8600 loss=3.4e-05  best=-inf wall=29.886h
  ep74 shard 6291/8600 loss=2.5e-05  best=-inf wall=29.891h
  ep74 shard 6292/8600 loss=2.4e-05  best=-inf wall=29.896h
  ep74 shard 6293/8600 loss=2.6e-05  best=-inf wall=29.901h
  ep74 shard 6294/8600 loss=2.5e-05  best=-inf wall=29.904h
  ep74 shard 6295/8600 loss=3.1e-05  best=-inf wall=29.91h
  ep74 shard 6296/8600 loss=4.5e-05  best=-inf wall=29.915h
  ep74 shard 6297/8600 loss=2.8e-05  best=-inf wall=29.92h
  ep74 shard 6298/8600 loss=2.7e-05  best=-inf wall=29.925h
  ep74 shard 6299/8600 loss=2.8e-05  best=-inf wall=29.93h
  ep74 shard 6300/8600 loss=3.2e-05  best=-inf wall=29.935h
  ep74 shard 6301/8600 loss=2.8e-05  best=-inf wall=29.939h
  ep74 shard 6302/8600 loss=3.2e-05  best=-inf wall=29.945h
  ep74 shard 6303/8600 loss=3.6e-05  best=-inf wall=29.95h
  ep74 shard 6304/8600 loss=2.4e-05  best=-inf wall=29.951h
  ep74 shard 6305/8600 loss=2.3e-05  best=-inf wall=29.957h
  ep74 shard 6306/8600 loss=3.2e-05  best=-inf wall=29.962h
  ep74 shard 6307/8600 loss=4.3e-05  best=-inf wall=29.963h
  ep74 shard 6308/8600 loss=4.1e-05  best=-inf wall=29.969h
  ep74 shard 6309/8600 loss=3.3e-05  best=-inf wall=29.974h
  ep74 shard 6310/8600 loss=2.7e-05  best=-inf wall=29.979h
  ep74 shard 6311/8600 loss=2.8e-05  best=-inf wall=29.984h
  ep74 shard 6312/8600 loss=3e-05  best=-inf wall=29.989h
  ep74 shard 6313/8600 loss=3.2e-05  best=-inf wall=29.994h
  ep74 shard 6314/8600 loss=3.7e-05  best=-inf wall=30.0h
  ep74 shard 6315/8600 loss=3.3e-05  best=-inf wall=30.004h
  ep74 shard 6316/8600 loss=3.6e-05  best=-inf wall=30.007h
  ep74 shard 6317/8600 loss=2.6e-05  best=-inf wall=30.012h
  ep74 shard 6318/8600 loss=2.7e-05  best=-inf wall=30.017h
  ep74 shard 6319/8600 loss=2.9e-05  best=-inf wall=30.022h
  ep74 shard 6320/8600 loss=4e-05  best=-inf wall=30.028h
  ep74 shard 6321/8600 loss=3.4e-05  best=-inf wall=30.031h
  ep74 shard 6322/8600 loss=2.3e-05  best=-inf wall=30.036h
  ep74 shard 6323/8600 loss=2.6e-05  best=-inf wall=30.041h
  ep74 shard 6324/8600 loss=2.4e-05  best=-inf wall=30.047h
  ep74 shard 6325/8600 loss=2.8e-05  best=-inf wall=30.049h
  ep74 shard 6326/8600 loss=3e-05  best=-inf wall=30.053h
  ep74 shard 6327/8600 loss=2.9e-05  best=-inf wall=30.058h
  ep74 shard 6328/8600 loss=2.7e-05  best=-inf wall=30.064h
  ep74 shard 6329/8600 loss=3.5e-05  best=-inf wall=30.067h
  ep74 shard 6330/8600 loss=3.5e-05  best=-inf wall=30.071h
  ep74 shard 6331/8600 loss=4.2e-05  best=-inf wall=30.076h
  ep74 shard 6332/8600 loss=3.5e-05  best=-inf wall=30.081h
  ep74 shard 6333/8600 loss=3.1e-05  best=-inf wall=30.084h
  ep74 shard 6334/8600 loss=3e-05  best=-inf wall=30.09h
  ep74 shard 6335/8600 loss=3.3e-05  best=-inf wall=30.095h
  ep74 shard 6336/8600 loss=3.3e-05  best=-inf wall=30.1h
  ep74 shard 6337/8600 loss=2.9e-05  best=-inf wall=30.105h
  ep74 shard 6338/8600 loss=4e-05  best=-inf wall=30.111h
  ep74 shard 6339/8600 loss=3.5e-05  best=-inf wall=30.116h
  ep74 shard 6340/8600 loss=3.1e-05  best=-inf wall=30.119h
  ep74 shard 6341/8600 loss=3e-05  best=-inf wall=30.125h
  ep74 shard 6342/8600 loss=2.6e-05  best=-inf wall=30.13h
  ep74 shard 6343/8600 loss=3.5e-05  best=-inf wall=30.135h
  ep74 shard 6344/8600 loss=2.9e-05  best=-inf wall=30.14h
  ep74 shard 6345/8600 loss=3.2e-05  best=-inf wall=30.146h
  ep74 shard 6346/8600 loss=3.2e-05  best=-inf wall=30.151h
  ep74 shard 6347/8600 loss=3.1e-05  best=-inf wall=30.154h
  ep74 shard 6348/8600 loss=3.2e-05  best=-inf wall=30.159h
  ep74 shard 6349/8600 loss=4e-05  best=-inf wall=30.164h
  ep74 shard 6350/8600 loss=3.3e-05  best=-inf wall=30.169h
  ep74 shard 6351/8600 loss=2.8e-05  best=-inf wall=30.174h
  ep74 shard 6352/8600 loss=2.8e-05  best=-inf wall=30.179h
  ep74 shard 6353/8600 loss=2.6e-05  best=-inf wall=30.184h
  ep74 shard 6354/8600 loss=3.6e-05  best=-inf wall=30.188h
  ep74 shard 6355/8600 loss=2.4e-05  best=-inf wall=30.193h
  ep74 shard 6356/8600 loss=3e-05  best=-inf wall=30.199h
  ep74 shard 6357/8600 loss=2.8e-05  best=-inf wall=30.204h
  ep74 shard 6358/8600 loss=3e-05  best=-inf wall=30.209h
  ep74 shard 6359/8600 loss=3.7e-05  best=-inf wall=30.214h
  ep74 shard 6360/8600 loss=3.2e-05  best=-inf wall=30.219h
  ep74 shard 6361/8600 loss=2.7e-05  best=-inf wall=30.224h
  ep74 shard 6362/8600 loss=4e-05  best=-inf wall=30.228h
  ep74 shard 6363/8600 loss=2.7e-05  best=-inf wall=30.234h
  ep74 shard 6364/8600 loss=3.2e-05  best=-inf wall=30.239h
  saved epoch checkpoint -> experiments/exp029-longrun/combined100/checkpoints/ep74.pt
  ep75 shard 6365/8600 loss=2.6e-05  best=-inf wall=30.243h
  ep75 shard 6366/8600 loss=2.8e-05  best=-inf wall=30.248h
  ep75 shard 6367/8600 loss=2.5e-05  best=-inf wall=30.253h
  ep75 shard 6368/8600 loss=3.3e-05  best=-inf wall=30.259h
  ep75 shard 6369/8600 loss=3.6e-05  best=-inf wall=30.264h
  ep75 shard 6370/8600 loss=2.9e-05  best=-inf wall=30.269h
  ep75 shard 6371/8600 loss=3.2e-05  best=-inf wall=30.275h
  ep75 shard 6372/8600 loss=3.1e-05  best=-inf wall=30.28h
  ep75 shard 6373/8600 loss=2.9e-05  best=-inf wall=30.285h
  ep75 shard 6374/8600 loss=3.1e-05  best=-inf wall=30.288h
  ep75 shard 6375/8600 loss=2.9e-05  best=-inf wall=30.293h
  ep75 shard 6376/8600 loss=3.4e-05  best=-inf wall=30.299h
  ep75 shard 6377/8600 loss=3e-05  best=-inf wall=30.301h
  ep75 shard 6378/8600 loss=2.4e-05  best=-inf wall=30.303h
  ep75 shard 6379/8600 loss=3.4e-05  best=-inf wall=30.308h
  ep75 shard 6380/8600 loss=3.8e-05  best=-inf wall=30.313h
  ep75 shard 6381/8600 loss=2.9e-05  best=-inf wall=30.317h
  ep75 shard 6382/8600 loss=2.7e-05  best=-inf wall=30.323h
  ep75 shard 6383/8600 loss=3.2e-05  best=-inf wall=30.328h
  ep75 shard 6384/8600 loss=2.5e-05  best=-inf wall=30.333h
  ep75 shard 6385/8600 loss=3e-05  best=-inf wall=30.339h
  ep75 shard 6386/8600 loss=3e-05  best=-inf wall=30.344h
  ep75 shard 6387/8600 loss=3.1e-05  best=-inf wall=30.349h
  ep75 shard 6388/8600 loss=3.1e-05  best=-inf wall=30.354h
  ep75 shard 6389/8600 loss=3e-05  best=-inf wall=30.359h
  ep75 shard 6390/8600 loss=3.4e-05  best=-inf wall=30.364h
  ep75 shard 6391/8600 loss=2.7e-05  best=-inf wall=30.369h
  ep75 shard 6392/8600 loss=2.8e-05  best=-inf wall=30.375h
  ep75 shard 6393/8600 loss=2.5e-05  best=-inf wall=30.379h
  ep75 shard 6394/8600 loss=3e-05  best=-inf wall=30.384h
  ep75 shard 6395/8600 loss=3e-05  best=-inf wall=30.389h
  ep75 shard 6396/8600 loss=3e-05  best=-inf wall=30.394h
  ep75 shard 6397/8600 loss=3e-05  best=-inf wall=30.4h
  ep75 shard 6398/8600 loss=3e-05  best=-inf wall=30.405h
  ep75 shard 6399/8600 loss=2.9e-05  best=-inf wall=30.41h
  ep75 shard 6400/8600 loss=2.6e-05  best=-inf wall=30.414h
  ep75 shard 6401/8600 loss=2.1e-05  best=-inf wall=30.419h
  ep75 shard 6402/8600 loss=2.7e-05  best=-inf wall=30.424h
  ep75 shard 6403/8600 loss=3e-05  best=-inf wall=30.428h
  ep75 shard 6404/8600 loss=3.3e-05  best=-inf wall=30.433h
  ep75 shard 6405/8600 loss=2.5e-05  best=-inf wall=30.436h
  ep75 shard 6406/8600 loss=2.8e-05  best=-inf wall=30.439h
  ep75 shard 6407/8600 loss=2.6e-05  best=-inf wall=30.444h
  ep75 shard 6408/8600 loss=3.8e-05  best=-inf wall=30.446h
  ep75 shard 6409/8600 loss=3.2e-05  best=-inf wall=30.451h
  ep75 shard 6410/8600 loss=2.3e-05  best=-inf wall=30.454h
  ep75 shard 6411/8600 loss=3.1e-05  best=-inf wall=30.457h
  ep75 shard 6412/8600 loss=4.2e-05  best=-inf wall=30.461h
  ep75 shard 6413/8600 loss=3.3e-05  best=-inf wall=30.463h
  ep75 shard 6414/8600 loss=2.9e-05  best=-inf wall=30.468h
  ep75 shard 6415/8600 loss=3e-05  best=-inf wall=30.473h
  ep75 shard 6416/8600 loss=2.7e-05  best=-inf wall=30.479h
  ep75 shard 6417/8600 loss=3e-05  best=-inf wall=30.484h
  ep75 shard 6418/8600 loss=3.6e-05  best=-inf wall=30.489h
  ep75 shard 6419/8600 loss=2.7e-05  best=-inf wall=30.494h
  ep75 shard 6420/8600 loss=3.2e-05  best=-inf wall=30.499h
  ep75 shard 6421/8600 loss=3.1e-05  best=-inf wall=30.505h
  ep75 shard 6422/8600 loss=3.5e-05  best=-inf wall=30.51h
  ep75 shard 6423/8600 loss=3e-05  best=-inf wall=30.515h
  ep75 shard 6424/8600 loss=2.9e-05  best=-inf wall=30.517h
  ep75 shard 6425/8600 loss=3e-05  best=-inf wall=30.522h
  ep75 shard 6426/8600 loss=3.2e-05  best=-inf wall=30.527h
  ep75 shard 6427/8600 loss=2.9e-05  best=-inf wall=30.53h
  ep75 shard 6428/8600 loss=2.9e-05  best=-inf wall=30.536h
  ep75 shard 6429/8600 loss=3.3e-05  best=-inf wall=30.54h
  ep75 shard 6430/8600 loss=2.5e-05  best=-inf wall=30.545h
  ep75 shard 6431/8600 loss=2.3e-05  best=-inf wall=30.551h
  ep75 shard 6432/8600 loss=2.9e-05  best=-inf wall=30.553h
  ep75 shard 6433/8600 loss=2.7e-05  best=-inf wall=30.559h
  ep75 shard 6434/8600 loss=2.8e-05  best=-inf wall=30.564h
  ep75 shard 6435/8600 loss=2.3e-05  best=-inf wall=30.568h
  ep75 shard 6436/8600 loss=3.5e-05  best=-inf wall=30.573h
  ep75 shard 6437/8600 loss=3.4e-05  best=-inf wall=30.576h
  ep75 shard 6438/8600 loss=3.8e-05  best=-inf wall=30.582h
  ep75 shard 6439/8600 loss=3.1e-05  best=-inf wall=30.587h
  ep75 shard 6440/8600 loss=2.9e-05  best=-inf wall=30.592h
  ep75 shard 6441/8600 loss=3e-05  best=-inf wall=30.597h
  ep75 shard 6442/8600 loss=2.8e-05  best=-inf wall=30.603h
  ep75 shard 6443/8600 loss=3.4e-05  best=-inf wall=30.608h
  ep75 shard 6444/8600 loss=2.2e-05  best=-inf wall=30.613h
  ep75 shard 6445/8600 loss=3.4e-05  best=-inf wall=30.617h
  ep75 shard 6446/8600 loss=2.5e-05  best=-inf wall=30.623h
  ep75 shard 6447/8600 loss=3e-05  best=-inf wall=30.628h
  ep75 shard 6448/8600 loss=3e-05  best=-inf wall=30.633h
  ep75 shard 6449/8600 loss=3.2e-05  best=-inf wall=30.638h
  ep75 shard 6450/8600 loss=3e-05  best=-inf wall=30.643h
  saved epoch checkpoint -> experiments/exp029-longrun/combined100/checkpoints/ep75.pt
  ep76 shard 6451/8600 loss=3.3e-05  best=-inf wall=30.649h
  ep76 shard 6452/8600 loss=3.8e-05  best=-inf wall=30.654h
  ep76 shard 6453/8600 loss=2.9e-05  best=-inf wall=30.659h
  ep76 shard 6454/8600 loss=2.8e-05  best=-inf wall=30.663h
  ep76 shard 6455/8600 loss=3.1e-05  best=-inf wall=30.668h
  ep76 shard 6456/8600 loss=2.8e-05  best=-inf wall=30.673h
  ep76 shard 6457/8600 loss=2.9e-05  best=-inf wall=30.678h
  ep76 shard 6458/8600 loss=2.6e-05  best=-inf wall=30.683h
  ep76 shard 6459/8600 loss=2.9e-05  best=-inf wall=30.688h
  ep76 shard 6460/8600 loss=2.7e-05  best=-inf wall=30.694h
  ep76 shard 6461/8600 loss=3.9e-05  best=-inf wall=30.698h
  ep76 shard 6462/8600 loss=3.3e-05  best=-inf wall=30.703h
  ep76 shard 6463/8600 loss=3.2e-05  best=-inf wall=30.709h
  ep76 shard 6464/8600 loss=3e-05  best=-inf wall=30.714h
  ep76 shard 6465/8600 loss=2.2e-05  best=-inf wall=30.719h
  ep76 shard 6466/8600 loss=2.7e-05  best=-inf wall=30.724h
  ep76 shard 6467/8600 loss=2.8e-05  best=-inf wall=30.727h
  ep76 shard 6468/8600 loss=3.2e-05  best=-inf wall=30.733h
  ep76 shard 6469/8600 loss=2.4e-05  best=-inf wall=30.738h
  ep76 shard 6470/8600 loss=2.9e-05  best=-inf wall=30.743h
  ep76 shard 6471/8600 loss=2.2e-05  best=-inf wall=30.745h
  ep76 shard 6472/8600 loss=2.7e-05  best=-inf wall=30.75h
  ep76 shard 6473/8600 loss=2.2e-05  best=-inf wall=30.755h
  ep76 shard 6474/8600 loss=2.6e-05  best=-inf wall=30.76h
  ep76 shard 6475/8600 loss=3.3e-05  best=-inf wall=30.765h
  ep76 shard 6476/8600 loss=2.5e-05  best=-inf wall=30.77h
  ep76 shard 6477/8600 loss=3.5e-05  best=-inf wall=30.774h
  ep76 shard 6478/8600 loss=3.1e-05  best=-inf wall=30.78h
  ep76 shard 6479/8600 loss=4.5e-05  best=-inf wall=30.785h
  ep76 shard 6480/8600 loss=3e-05  best=-inf wall=30.79h
  ep76 shard 6481/8600 loss=3e-05  best=-inf wall=30.794h
  ep76 shard 6482/8600 loss=2.8e-05  best=-inf wall=30.799h
  ep76 shard 6483/8600 loss=3.9e-05  best=-inf wall=30.801h
  ep76 shard 6484/8600 loss=3.5e-05  best=-inf wall=30.805h
  ep76 shard 6485/8600 loss=1.9e-05  best=-inf wall=30.81h
  ep76 shard 6486/8600 loss=3.3e-05  best=-inf wall=30.816h
  ep76 shard 6487/8600 loss=2.9e-05  best=-inf wall=30.821h
  ep76 shard 6488/8600 loss=2.5e-05  best=-inf wall=30.826h
  ep76 shard 6489/8600 loss=3.2e-05  best=-inf wall=30.829h
  ep76 shard 6490/8600 loss=3.2e-05  best=-inf wall=30.834h
  ep76 shard 6491/8600 loss=2.9e-05  best=-inf wall=30.84h
  ep76 shard 6492/8600 loss=3.3e-05  best=-inf wall=30.844h
  ep76 shard 6493/8600 loss=2.6e-05  best=-inf wall=30.85h
  ep76 shard 6494/8600 loss=2.8e-05  best=-inf wall=30.854h
  ep76 shard 6495/8600 loss=2.2e-05  best=-inf wall=30.859h
  ep76 shard 6496/8600 loss=3.5e-05  best=-inf wall=30.864h
  ep76 shard 6497/8600 loss=2.8e-05  best=-inf wall=30.867h
  ep76 shard 6498/8600 loss=2.4e-05  best=-inf wall=30.869h
  ep76 shard 6499/8600 loss=2.6e-05  best=-inf wall=30.874h
  ep76 shard 6500/8600 loss=3e-05  best=-inf wall=30.879h
  ep76 shard 6501/8600 loss=3.1e-05  best=-inf wall=30.883h
  ep76 shard 6502/8600 loss=3.4e-05  best=-inf wall=30.889h
  ep76 shard 6503/8600 loss=3.7e-05  best=-inf wall=30.894h
  ep76 shard 6504/8600 loss=2.7e-05  best=-inf wall=30.899h
  ep76 shard 6505/8600 loss=2.9e-05  best=-inf wall=30.904h
  ep76 shard 6506/8600 loss=4.1e-05  best=-inf wall=30.909h
  ep76 shard 6507/8600 loss=2.9e-05  best=-inf wall=30.912h
  ep76 shard 6508/8600 loss=3.3e-05  best=-inf wall=30.917h
  ep76 shard 6509/8600 loss=3.1e-05  best=-inf wall=30.922h
  ep76 shard 6510/8600 loss=2.3e-05  best=-inf wall=30.927h
  ep76 shard 6511/8600 loss=3.4e-05  best=-inf wall=30.93h
  ep76 shard 6512/8600 loss=3.2e-05  best=-inf wall=30.934h
  ep76 shard 6513/8600 loss=2.5e-05  best=-inf wall=30.939h
  ep76 shard 6514/8600 loss=2.5e-05  best=-inf wall=30.942h
  ep76 shard 6515/8600 loss=2.6e-05  best=-inf wall=30.947h
  ep76 shard 6516/8600 loss=2.6e-05  best=-inf wall=30.952h
  ep76 shard 6517/8600 loss=3.2e-05  best=-inf wall=30.955h
  ep76 shard 6518/8600 loss=2.3e-05  best=-inf wall=30.96h
  ep76 shard 6519/8600 loss=2.4e-05  best=-inf wall=30.965h
  ep76 shard 6520/8600 loss=3.1e-05  best=-inf wall=30.971h
  ep76 shard 6521/8600 loss=2.9e-05  best=-inf wall=30.976h
  ep76 shard 6522/8600 loss=4.4e-05  best=-inf wall=30.978h
  ep76 shard 6523/8600 loss=3.3e-05  best=-inf wall=30.983h
  ep76 shard 6524/8600 loss=3.2e-05  best=-inf wall=30.988h
  ep76 shard 6525/8600 loss=2.8e-05  best=-inf wall=30.993h
  ep76 shard 6526/8600 loss=2.6e-05  best=-inf wall=30.998h
  ep76 shard 6527/8600 loss=2.9e-05  best=-inf wall=31.004h
  ep76 shard 6528/8600 loss=2.7e-05  best=-inf wall=31.007h
  ep76 shard 6529/8600 loss=2.9e-05  best=-inf wall=31.012h
  ep76 shard 6530/8600 loss=3.2e-05  best=-inf wall=31.017h
  ep76 shard 6531/8600 loss=2.7e-05  best=-inf wall=31.02h
  ep76 shard 6532/8600 loss=3.1e-05  best=-inf wall=31.025h
  ep76 shard 6533/8600 loss=2.5e-05  best=-inf wall=31.03h
  ep76 shard 6534/8600 loss=2.2e-05  best=-inf wall=31.036h
  ep76 shard 6535/8600 loss=2.3e-05  best=-inf wall=31.041h
  ep76 shard 6536/8600 loss=2.9e-05  best=-inf wall=31.046h
  saved epoch checkpoint -> experiments/exp029-longrun/combined100/checkpoints/ep76.pt
  ep77 shard 6537/8600 loss=3.2e-05  best=-inf wall=31.051h
  ep77 shard 6538/8600 loss=2.9e-05  best=-inf wall=31.057h
  ep77 shard 6539/8600 loss=2.7e-05  best=-inf wall=31.062h
  ep77 shard 6540/8600 loss=2.7e-05  best=-inf wall=31.067h
  ep77 shard 6541/8600 loss=3.6e-05  best=-inf wall=31.072h
  ep77 shard 6542/8600 loss=2.7e-05  best=-inf wall=31.075h
  ep77 shard 6543/8600 loss=2.9e-05  best=-inf wall=31.08h
  ep77 shard 6544/8600 loss=3e-05  best=-inf wall=31.083h
  ep77 shard 6545/8600 loss=2.4e-05  best=-inf wall=31.088h
  ep77 shard 6546/8600 loss=2.5e-05  best=-inf wall=31.094h
  ep77 shard 6547/8600 loss=2.6e-05  best=-inf wall=31.099h
  ep77 shard 6548/8600 loss=2.9e-05  best=-inf wall=31.104h
  ep77 shard 6549/8600 loss=2.7e-05  best=-inf wall=31.109h
  ep77 shard 6550/8600 loss=2.3e-05  best=-inf wall=31.114h
  ep77 shard 6551/8600 loss=3.6e-05  best=-inf wall=31.119h
  ep77 shard 6552/8600 loss=2.7e-05  best=-inf wall=31.123h
  ep77 shard 6553/8600 loss=3.3e-05  best=-inf wall=31.125h
  ep77 shard 6554/8600 loss=2.9e-05  best=-inf wall=31.13h
  ep77 shard 6555/8600 loss=2.4e-05  best=-inf wall=31.136h
  ep77 shard 6556/8600 loss=2.8e-05  best=-inf wall=31.141h
  ep77 shard 6557/8600 loss=2.6e-05  best=-inf wall=31.146h
  ep77 shard 6558/8600 loss=2.6e-05  best=-inf wall=31.151h
  ep77 shard 6559/8600 loss=3.7e-05  best=-inf wall=31.156h
  ep77 shard 6560/8600 loss=2.5e-05  best=-inf wall=31.161h
  ep77 shard 6561/8600 loss=3.9e-05  best=-inf wall=31.164h
  ep77 shard 6562/8600 loss=3.1e-05  best=-inf wall=31.169h
  ep77 shard 6563/8600 loss=2.9e-05  best=-inf wall=31.175h
  ep77 shard 6564/8600 loss=2.6e-05  best=-inf wall=31.181h
  ep77 shard 6565/8600 loss=2.3e-05  best=-inf wall=31.186h
  ep77 shard 6566/8600 loss=2.4e-05  best=-inf wall=31.191h
  ep77 shard 6567/8600 loss=2.8e-05  best=-inf wall=31.196h
  ep77 shard 6568/8600 loss=3.4e-05  best=-inf wall=31.202h
  ep77 shard 6569/8600 loss=3e-05  best=-inf wall=31.207h
  ep77 shard 6570/8600 loss=3.6e-05  best=-inf wall=31.211h
  ep77 shard 6571/8600 loss=3e-05  best=-inf wall=31.216h
  ep77 shard 6572/8600 loss=2.6e-05  best=-inf wall=31.221h
  ep77 shard 6573/8600 loss=3.9e-05  best=-inf wall=31.226h
  ep77 shard 6574/8600 loss=3.5e-05  best=-inf wall=31.231h
  ep77 shard 6575/8600 loss=2.6e-05  best=-inf wall=31.237h
  ep77 shard 6576/8600 loss=2.8e-05  best=-inf wall=31.242h
  ep77 shard 6577/8600 loss=3.4e-05  best=-inf wall=31.247h
  ep77 shard 6578/8600 loss=2.6e-05  best=-inf wall=31.25h
  ep77 shard 6579/8600 loss=2.5e-05  best=-inf wall=31.253h
  ep77 shard 6580/8600 loss=2.9e-05  best=-inf wall=31.258h
  ep77 shard 6581/8600 loss=3.3e-05  best=-inf wall=31.264h
  ep77 shard 6582/8600 loss=3.1e-05  best=-inf wall=31.267h
  ep77 shard 6583/8600 loss=2.9e-05  best=-inf wall=31.272h
  ep77 shard 6584/8600 loss=3e-05  best=-inf wall=31.277h
  ep77 shard 6585/8600 loss=2.8e-05  best=-inf wall=31.279h
  ep77 shard 6586/8600 loss=2.3e-05  best=-inf wall=31.284h
  ep77 shard 6587/8600 loss=2.9e-05  best=-inf wall=31.289h
  ep77 shard 6588/8600 loss=2.5e-05  best=-inf wall=31.294h
  ep77 shard 6589/8600 loss=3.5e-05  best=-inf wall=31.299h
  ep77 shard 6590/8600 loss=2.8e-05  best=-inf wall=31.304h
  ep77 shard 6591/8600 loss=3.6e-05  best=-inf wall=31.307h
  ep77 shard 6592/8600 loss=2.6e-05  best=-inf wall=31.313h
  ep77 shard 6593/8600 loss=3.1e-05  best=-inf wall=31.318h
  ep77 shard 6594/8600 loss=2.1e-05  best=-inf wall=31.323h
  ep77 shard 6595/8600 loss=3e-05  best=-inf wall=31.326h
  ep77 shard 6596/8600 loss=3.1e-05  best=-inf wall=31.33h
  ep77 shard 6597/8600 loss=3.3e-05  best=-inf wall=31.332h
  ep77 shard 6598/8600 loss=3.3e-05  best=-inf wall=31.337h
  ep77 shard 6599/8600 loss=3.3e-05  best=-inf wall=31.342h
  ep77 shard 6600/8600 loss=2.5e-05  best=-inf wall=31.346h
  ep77 shard 6601/8600 loss=2.7e-05  best=-inf wall=31.352h
  ep77 shard 6602/8600 loss=3.2e-05  best=-inf wall=31.357h
  ep77 shard 6603/8600 loss=2.6e-05  best=-inf wall=31.36h
  ep77 shard 6604/8600 loss=2.5e-05  best=-inf wall=31.365h
  ep77 shard 6605/8600 loss=3e-05  best=-inf wall=31.37h
  ep77 shard 6606/8600 loss=3e-05  best=-inf wall=31.375h
  ep77 shard 6607/8600 loss=3.5e-05  best=-inf wall=31.38h
  ep77 shard 6608/8600 loss=2.9e-05  best=-inf wall=31.384h
  ep77 shard 6609/8600 loss=4.1e-05  best=-inf wall=31.39h
  ep77 shard 6610/8600 loss=2.3e-05  best=-inf wall=31.394h
  ep77 shard 6611/8600 loss=2.5e-05  best=-inf wall=31.398h
  ep77 shard 6612/8600 loss=3.1e-05  best=-inf wall=31.403h
  ep77 shard 6613/8600 loss=3e-05  best=-inf wall=31.407h
  ep77 shard 6614/8600 loss=2.4e-05  best=-inf wall=31.413h
  ep77 shard 6615/8600 loss=3.2e-05  best=-inf wall=31.418h
  ep77 shard 6616/8600 loss=3.1e-05  best=-inf wall=31.42h
  ep77 shard 6617/8600 loss=3e-05  best=-inf wall=31.426h
  ep77 shard 6618/8600 loss=3.3e-05  best=-inf wall=31.431h
  ep77 shard 6619/8600 loss=3.1e-05  best=-inf wall=31.436h
  ep77 shard 6620/8600 loss=2.7e-05  best=-inf wall=31.441h
  ep77 shard 6621/8600 loss=3.5e-05  best=-inf wall=31.446h
  ep77 shard 6622/8600 loss=2.4e-05  best=-inf wall=31.451h
  saved epoch checkpoint -> experiments/exp029-longrun/combined100/checkpoints/ep77.pt
  ep78 shard 6623/8600 loss=2.4e-05  best=-inf wall=31.456h
  ep78 shard 6624/8600 loss=3.5e-05  best=-inf wall=31.461h
  ep78 shard 6625/8600 loss=3.5e-05  best=-inf wall=31.466h
  ep78 shard 6626/8600 loss=2.9e-05  best=-inf wall=31.467h
  ep78 shard 6627/8600 loss=2.8e-05  best=-inf wall=31.47h
  ep78 shard 6628/8600 loss=4.4e-05  best=-inf wall=31.474h
  ep78 shard 6629/8600 loss=3.2e-05  best=-inf wall=31.48h
  ep78 shard 6630/8600 loss=2.9e-05  best=-inf wall=31.485h
  ep78 shard 6631/8600 loss=3.2e-05  best=-inf wall=31.49h
  ep78 shard 6632/8600 loss=2.8e-05  best=-inf wall=31.495h
  ep78 shard 6633/8600 loss=2.9e-05  best=-inf wall=31.5h
  ep78 shard 6634/8600 loss=2.2e-05  best=-inf wall=31.505h
  ep78 shard 6635/8600 loss=3.7e-05  best=-inf wall=31.511h
  ep78 shard 6636/8600 loss=3.3e-05  best=-inf wall=31.516h
  ep78 shard 6637/8600 loss=2.7e-05  best=-inf wall=31.518h
  ep78 shard 6638/8600 loss=2.6e-05  best=-inf wall=31.523h
  ep78 shard 6639/8600 loss=2.5e-05  best=-inf wall=31.529h
  ep78 shard 6640/8600 loss=3.5e-05  best=-inf wall=31.534h
  ep78 shard 6641/8600 loss=2.9e-05  best=-inf wall=31.539h
  ep78 shard 6642/8600 loss=2.9e-05  best=-inf wall=31.544h
  ep78 shard 6643/8600 loss=2.6e-05  best=-inf wall=31.549h
  ep78 shard 6644/8600 loss=3.1e-05  best=-inf wall=31.554h
  ep78 shard 6645/8600 loss=2.6e-05  best=-inf wall=31.559h
  ep78 shard 6646/8600 loss=3.4e-05  best=-inf wall=31.565h
  ep78 shard 6647/8600 loss=3e-05  best=-inf wall=31.569h
  ep78 shard 6648/8600 loss=2.1e-05  best=-inf wall=31.574h
  ep78 shard 6649/8600 loss=2.7e-05  best=-inf wall=31.59h
  ep78 shard 6650/8600 loss=2.5e-05  best=-inf wall=31.595h
  ep78 shard 6651/8600 loss=2.6e-05  best=-inf wall=31.6h
  ep78 shard 6652/8600 loss=2.9e-05  best=-inf wall=31.605h
  ep78 shard 6653/8600 loss=2.7e-05  best=-inf wall=31.611h
  ep78 shard 6654/8600 loss=2.5e-05  best=-inf wall=31.616h
  ep78 shard 6655/8600 loss=2.5e-05  best=-inf wall=31.621h
  ep78 shard 6656/8600 loss=2.7e-05  best=-inf wall=31.624h
  ep78 shard 6657/8600 loss=2.1e-05  best=-inf wall=31.629h
  ep78 shard 6658/8600 loss=2.6e-05  best=-inf wall=31.634h
  ep78 shard 6659/8600 loss=4.1e-05  best=-inf wall=31.639h
  ep78 shard 6660/8600 loss=2.9e-05  best=-inf wall=31.644h
  ep78 shard 6661/8600 loss=2.7e-05  best=-inf wall=31.649h
  ep78 shard 6662/8600 loss=3e-05  best=-inf wall=31.654h
  ep78 shard 6663/8600 loss=3.1e-05  best=-inf wall=31.659h
  ep78 shard 6664/8600 loss=3.3e-05  best=-inf wall=31.664h
  ep78 shard 6665/8600 loss=3.2e-05  best=-inf wall=31.667h
  ep78 shard 6666/8600 loss=4.2e-05  best=-inf wall=31.672h
  ep78 shard 6667/8600 loss=2.5e-05  best=-inf wall=31.677h
  ep78 shard 6668/8600 loss=2.8e-05  best=-inf wall=31.682h
  ep78 shard 6669/8600 loss=2.6e-05  best=-inf wall=31.687h
  ep78 shard 6670/8600 loss=2.9e-05  best=-inf wall=31.692h
  ep78 shard 6671/8600 loss=2.3e-05  best=-inf wall=31.697h
  ep78 shard 6672/8600 loss=3.1e-05  best=-inf wall=31.702h
  ep78 shard 6673/8600 loss=2.1e-05  best=-inf wall=31.703h
  ep78 shard 6674/8600 loss=3.1e-05  best=-inf wall=31.708h
  ep78 shard 6675/8600 loss=2.1e-05  best=-inf wall=31.714h
  ep78 shard 6676/8600 loss=2.6e-05  best=-inf wall=31.715h
  ep78 shard 6677/8600 loss=3.1e-05  best=-inf wall=31.718h
  ep78 shard 6678/8600 loss=3.2e-05  best=-inf wall=31.724h
  ep78 shard 6679/8600 loss=2.9e-05  best=-inf wall=31.727h
  ep78 shard 6680/8600 loss=2.7e-05  best=-inf wall=31.731h
  ep78 shard 6681/8600 loss=2.6e-05  best=-inf wall=31.736h
  ep78 shard 6682/8600 loss=2.3e-05  best=-inf wall=31.741h
  ep78 shard 6683/8600 loss=3.4e-05  best=-inf wall=31.747h
  ep78 shard 6684/8600 loss=3.1e-05  best=-inf wall=31.751h
  ep78 shard 6685/8600 loss=3.1e-05  best=-inf wall=31.757h
  ep78 shard 6686/8600 loss=2.7e-05  best=-inf wall=31.762h
  ep78 shard 6687/8600 loss=2.2e-05  best=-inf wall=31.768h
  ep78 shard 6688/8600 loss=3e-05  best=-inf wall=31.773h
  ep78 shard 6689/8600 loss=2.9e-05  best=-inf wall=31.776h
  ep78 shard 6690/8600 loss=3.3e-05  best=-inf wall=31.781h
  ep78 shard 6691/8600 loss=2.7e-05  best=-inf wall=31.786h
  ep78 shard 6692/8600 loss=2.5e-05  best=-inf wall=31.789h
  ep78 shard 6693/8600 loss=2.9e-05  best=-inf wall=31.795h
  ep78 shard 6694/8600 loss=3.1e-05  best=-inf wall=31.8h
  ep78 shard 6695/8600 loss=2.3e-05  best=-inf wall=31.805h
  ep78 shard 6696/8600 loss=3e-05  best=-inf wall=31.81h
  ep78 shard 6697/8600 loss=3e-05  best=-inf wall=31.816h
  ep78 shard 6698/8600 loss=3.2e-05  best=-inf wall=31.821h
  ep78 shard 6699/8600 loss=3.2e-05  best=-inf wall=31.824h
  ep78 shard 6700/8600 loss=2.7e-05  best=-inf wall=31.829h
  ep78 shard 6701/8600 loss=3.4e-05  best=-inf wall=31.834h
  ep78 shard 6702/8600 loss=2.8e-05  best=-inf wall=31.839h
  ep78 shard 6703/8600 loss=3.5e-05  best=-inf wall=31.844h
  ep78 shard 6704/8600 loss=2.4e-05  best=-inf wall=31.849h
  ep78 shard 6705/8600 loss=2.4e-05  best=-inf wall=31.852h
  ep78 shard 6706/8600 loss=2.9e-05  best=-inf wall=31.857h
  ep78 shard 6707/8600 loss=3.1e-05  best=-inf wall=31.861h
  ep78 shard 6708/8600 loss=2.7e-05  best=-inf wall=31.867h
  saved epoch checkpoint -> experiments/exp029-longrun/combined100/checkpoints/ep78.pt
  ep79 shard 6709/8600 loss=3.7e-05  best=-inf wall=31.872h
  ep79 shard 6710/8600 loss=2.9e-05  best=-inf wall=31.877h
  ep79 shard 6711/8600 loss=2.6e-05  best=-inf wall=31.882h
  ep79 shard 6712/8600 loss=3.2e-05  best=-inf wall=31.886h
  ep79 shard 6713/8600 loss=2.9e-05  best=-inf wall=31.892h
  ep79 shard 6714/8600 loss=3.1e-05  best=-inf wall=31.895h
  ep79 shard 6715/8600 loss=3.2e-05  best=-inf wall=31.9h
  ep79 shard 6716/8600 loss=2.5e-05  best=-inf wall=31.905h
  ep79 shard 6717/8600 loss=3e-05  best=-inf wall=31.908h
  ep79 shard 6718/8600 loss=3e-05  best=-inf wall=31.911h
  ep79 shard 6719/8600 loss=2.2e-05  best=-inf wall=31.917h
  ep79 shard 6720/8600 loss=2.8e-05  best=-inf wall=31.922h
  ep79 shard 6721/8600 loss=2.5e-05  best=-inf wall=31.927h
  ep79 shard 6722/8600 loss=2.7e-05  best=-inf wall=31.929h
  ep79 shard 6723/8600 loss=2.2e-05  best=-inf wall=31.933h
  ep79 shard 6724/8600 loss=2.9e-05  best=-inf wall=31.938h
  ep79 shard 6725/8600 loss=4.3e-05  best=-inf wall=31.943h
  ep79 shard 6726/8600 loss=2.4e-05  best=-inf wall=31.948h
  ep79 shard 6727/8600 loss=3.7e-05  best=-inf wall=31.953h
  ep79 shard 6728/8600 loss=3.5e-05  best=-inf wall=31.959h
  ep79 shard 6729/8600 loss=2.6e-05  best=-inf wall=31.964h
  ep79 shard 6730/8600 loss=3.5e-05  best=-inf wall=31.969h
  ep79 shard 6731/8600 loss=4e-05  best=-inf wall=31.973h
  ep79 shard 6732/8600 loss=3e-05  best=-inf wall=31.979h
  ep79 shard 6733/8600 loss=2.9e-05  best=-inf wall=31.984h
  ep79 shard 6734/8600 loss=3.2e-05  best=-inf wall=31.989h
  ep79 shard 6735/8600 loss=3.3e-05  best=-inf wall=31.994h
  ep79 shard 6736/8600 loss=2.2e-05  best=-inf wall=31.999h
  ep79 shard 6737/8600 loss=2.6e-05  best=-inf wall=32.004h
  ep79 shard 6738/8600 loss=2.3e-05  best=-inf wall=32.009h
  ep79 shard 6739/8600 loss=3.4e-05  best=-inf wall=32.015h
  ep79 shard 6740/8600 loss=3e-05  best=-inf wall=32.02h
  ep79 shard 6741/8600 loss=4.2e-05  best=-inf wall=32.024h
  ep79 shard 6742/8600 loss=2.7e-05  best=-inf wall=32.027h
  ep79 shard 6743/8600 loss=3.4e-05  best=-inf wall=32.032h
  ep79 shard 6744/8600 loss=2.6e-05  best=-inf wall=32.037h
  ep79 shard 6745/8600 loss=3.1e-05  best=-inf wall=32.042h
  ep79 shard 6746/8600 loss=3.2e-05  best=-inf wall=32.047h
  ep79 shard 6747/8600 loss=2.9e-05  best=-inf wall=32.049h
  ep79 shard 6748/8600 loss=3.5e-05  best=-inf wall=32.054h
  ep79 shard 6749/8600 loss=2.6e-05  best=-inf wall=32.058h
  ep79 shard 6750/8600 loss=2.8e-05  best=-inf wall=32.064h
  ep79 shard 6751/8600 loss=2.9e-05  best=-inf wall=32.068h
  ep79 shard 6752/8600 loss=2.5e-05  best=-inf wall=32.073h
  ep79 shard 6753/8600 loss=3.8e-05  best=-inf wall=32.078h
  ep79 shard 6754/8600 loss=2.3e-05  best=-inf wall=32.08h
  ep79 shard 6755/8600 loss=3.2e-05  best=-inf wall=32.085h
  ep79 shard 6756/8600 loss=3.6e-05  best=-inf wall=32.09h
  ep79 shard 6757/8600 loss=3.2e-05  best=-inf wall=32.095h
  ep79 shard 6758/8600 loss=2.4e-05  best=-inf wall=32.1h
  ep79 shard 6759/8600 loss=2.8e-05  best=-inf wall=32.105h
  ep79 shard 6760/8600 loss=2.3e-05  best=-inf wall=32.11h
  ep79 shard 6761/8600 loss=2.8e-05  best=-inf wall=32.115h
  ep79 shard 6762/8600 loss=3e-05  best=-inf wall=32.118h
  ep79 shard 6763/8600 loss=2.7e-05  best=-inf wall=32.123h
  ep79 shard 6764/8600 loss=3.2e-05  best=-inf wall=32.128h
  ep79 shard 6765/8600 loss=3.1e-05  best=-inf wall=32.131h
  ep79 shard 6766/8600 loss=2.5e-05  best=-inf wall=32.137h
  ep79 shard 6767/8600 loss=2.8e-05  best=-inf wall=32.142h
  ep79 shard 6768/8600 loss=2.6e-05  best=-inf wall=32.147h
  ep79 shard 6769/8600 loss=2.9e-05  best=-inf wall=32.152h
  ep79 shard 6770/8600 loss=3e-05  best=-inf wall=32.157h
  ep79 shard 6771/8600 loss=3.8e-05  best=-inf wall=32.162h
  ep79 shard 6772/8600 loss=2.1e-05  best=-inf wall=32.168h
  ep79 shard 6773/8600 loss=2.5e-05  best=-inf wall=32.173h
  ep79 shard 6774/8600 loss=2.7e-05  best=-inf wall=32.178h
  ep79 shard 6775/8600 loss=3.2e-05  best=-inf wall=32.184h
  ep79 shard 6776/8600 loss=2.9e-05  best=-inf wall=32.189h
  ep79 shard 6777/8600 loss=4.3e-05  best=-inf wall=32.194h
  ep79 shard 6778/8600 loss=2.9e-05  best=-inf wall=32.199h
  ep79 shard 6779/8600 loss=2.9e-05  best=-inf wall=32.202h
  ep79 shard 6780/8600 loss=3.4e-05  best=-inf wall=32.205h
  ep79 shard 6781/8600 loss=3.3e-05  best=-inf wall=32.21h
  ep79 shard 6782/8600 loss=2.7e-05  best=-inf wall=32.215h
  ep79 shard 6783/8600 loss=2.6e-05  best=-inf wall=32.22h
  ep79 shard 6784/8600 loss=2.3e-05  best=-inf wall=32.223h
  ep79 shard 6785/8600 loss=3.3e-05  best=-inf wall=32.229h
  ep79 shard 6786/8600 loss=2.9e-05  best=-inf wall=32.234h
  ep79 shard 6787/8600 loss=2.8e-05  best=-inf wall=32.237h
  ep79 shard 6788/8600 loss=2.9e-05  best=-inf wall=32.242h
  ep79 shard 6789/8600 loss=2.3e-05  best=-inf wall=32.248h
  ep79 shard 6790/8600 loss=2.9e-05  best=-inf wall=32.252h
  ep79 shard 6791/8600 loss=2.9e-05  best=-inf wall=32.257h
  ep79 shard 6792/8600 loss=2.2e-05  best=-inf wall=32.262h
  ep79 shard 6793/8600 loss=3.2e-05  best=-inf wall=32.267h
  ep79 shard 6794/8600 loss=3.2e-05  best=-inf wall=32.273h
  saved epoch checkpoint -> experiments/exp029-longrun/combined100/checkpoints/ep79.pt
  ep80 shard 6795/8600 loss=3.6e-05  best=-inf wall=32.278h
  ep80 shard 6796/8600 loss=2.8e-05  best=-inf wall=32.282h
  ep80 shard 6797/8600 loss=3e-05  best=-inf wall=32.286h
  ep80 shard 6798/8600 loss=3.8e-05  best=-inf wall=32.292h
  ep80 shard 6799/8600 loss=2.9e-05  best=-inf wall=32.297h
  ep80 shard 6800/8600 loss=3.1e-05  best=-inf wall=32.302h
  ep80 shard 6801/8600 loss=2.5e-05  best=-inf wall=32.305h
  ep80 shard 6802/8600 loss=2.4e-05  best=-inf wall=32.31h
  ep80 shard 6803/8600 loss=2.7e-05  best=-inf wall=32.316h
  ep80 shard 6804/8600 loss=2.7e-05  best=-inf wall=32.321h
  ep80 shard 6805/8600 loss=2.4e-05  best=-inf wall=32.325h
  ep80 shard 6806/8600 loss=3.3e-05  best=-inf wall=32.33h
  ep80 shard 6807/8600 loss=2.7e-05  best=-inf wall=32.335h
  ep80 shard 6808/8600 loss=3.9e-05  best=-inf wall=32.339h
  ep80 shard 6809/8600 loss=3.6e-05  best=-inf wall=32.341h
  ep80 shard 6810/8600 loss=3.5e-05  best=-inf wall=32.347h
  ep80 shard 6811/8600 loss=2.2e-05  best=-inf wall=32.352h
  ep80 shard 6812/8600 loss=2.7e-05  best=-inf wall=32.357h
  ep80 shard 6813/8600 loss=3.2e-05  best=-inf wall=32.362h
  ep80 shard 6814/8600 loss=2.3e-05  best=-inf wall=32.367h
  ep80 shard 6815/8600 loss=2.4e-05  best=-inf wall=32.372h
  ep80 shard 6816/8600 loss=2.3e-05  best=-inf wall=32.377h
  ep80 shard 6817/8600 loss=2.7e-05  best=-inf wall=32.383h
  ep80 shard 6818/8600 loss=2.3e-05  best=-inf wall=32.387h
  ep80 shard 6819/8600 loss=2.9e-05  best=-inf wall=32.392h
  ep80 shard 6820/8600 loss=2.3e-05  best=-inf wall=32.396h
  ep80 shard 6821/8600 loss=3.2e-05  best=-inf wall=32.401h
  ep80 shard 6822/8600 loss=2.1e-05  best=-inf wall=32.406h
  ep80 shard 6823/8600 loss=3.2e-05  best=-inf wall=32.412h
  ep80 shard 6824/8600 loss=3.1e-05  best=-inf wall=32.417h
  ep80 shard 6825/8600 loss=2.3e-05  best=-inf wall=32.421h
  ep80 shard 6826/8600 loss=3.4e-05  best=-inf wall=32.426h
  ep80 shard 6827/8600 loss=2.8e-05  best=-inf wall=32.429h
  ep80 shard 6828/8600 loss=2.3e-05  best=-inf wall=32.434h
  ep80 shard 6829/8600 loss=3.1e-05  best=-inf wall=32.439h
  ep80 shard 6830/8600 loss=3.6e-05  best=-inf wall=32.444h
  ep80 shard 6831/8600 loss=3.2e-05  best=-inf wall=32.447h
  ep80 shard 6832/8600 loss=3.5e-05  best=-inf wall=32.452h
  ep80 shard 6833/8600 loss=2.9e-05  best=-inf wall=32.458h
  ep80 shard 6834/8600 loss=3.1e-05  best=-inf wall=32.461h
  ep80 shard 6835/8600 loss=2.6e-05  best=-inf wall=32.462h
  ep80 shard 6836/8600 loss=2.7e-05  best=-inf wall=32.467h
  ep80 shard 6837/8600 loss=3.7e-05  best=-inf wall=32.47h
  ep80 shard 6838/8600 loss=3.3e-05  best=-inf wall=32.475h
  ep80 shard 6839/8600 loss=2.7e-05  best=-inf wall=32.477h
  ep80 shard 6840/8600 loss=2.8e-05  best=-inf wall=32.482h
  ep80 shard 6841/8600 loss=2.1e-05  best=-inf wall=32.487h
  ep80 shard 6842/8600 loss=3.3e-05  best=-inf wall=32.492h
  ep80 shard 6843/8600 loss=2.8e-05  best=-inf wall=32.498h
  ep80 shard 6844/8600 loss=2.9e-05  best=-inf wall=32.503h
  ep80 shard 6845/8600 loss=4e-05  best=-inf wall=32.508h
  ep80 shard 6846/8600 loss=2.7e-05  best=-inf wall=32.514h
  ep80 shard 6847/8600 loss=2.7e-05  best=-inf wall=32.519h
  ep80 shard 6848/8600 loss=4e-05  best=-inf wall=32.524h
  ep80 shard 6849/8600 loss=4e-05  best=-inf wall=32.529h
  ep80 shard 6850/8600 loss=3.3e-05  best=-inf wall=32.532h
  ep80 shard 6851/8600 loss=2.5e-05  best=-inf wall=32.538h
  ep80 shard 6852/8600 loss=3.4e-05  best=-inf wall=32.543h
  ep80 shard 6853/8600 loss=3e-05  best=-inf wall=32.548h
  ep80 shard 6854/8600 loss=3.7e-05  best=-inf wall=32.552h
  ep80 shard 6855/8600 loss=2.9e-05  best=-inf wall=32.558h
  ep80 shard 6856/8600 loss=2.7e-05  best=-inf wall=32.563h
  ep80 shard 6857/8600 loss=2.9e-05  best=-inf wall=32.568h
  ep80 shard 6858/8600 loss=4.1e-05  best=-inf wall=32.573h
  ep80 shard 6859/8600 loss=3e-05  best=-inf wall=32.577h
  ep80 shard 6860/8600 loss=2.7e-05  best=-inf wall=32.582h
  ep80 shard 6861/8600 loss=2.6e-05  best=-inf wall=32.585h
  ep80 shard 6862/8600 loss=3.4e-05  best=-inf wall=32.591h
  ep80 shard 6863/8600 loss=3.3e-05  best=-inf wall=32.594h
  ep80 shard 6864/8600 loss=3.5e-05  best=-inf wall=32.599h
  ep80 shard 6865/8600 loss=2.2e-05  best=-inf wall=32.604h
  ep80 shard 6866/8600 loss=4.1e-05  best=-inf wall=32.609h
  ep80 shard 6867/8600 loss=2.3e-05  best=-inf wall=32.615h
  ep80 shard 6868/8600 loss=2.7e-05  best=-inf wall=32.618h
  ep80 shard 6869/8600 loss=3e-05  best=-inf wall=32.621h
  ep80 shard 6870/8600 loss=3.1e-05  best=-inf wall=32.626h
  ep80 shard 6871/8600 loss=2.6e-05  best=-inf wall=32.631h
  ep80 shard 6872/8600 loss=3.4e-05  best=-inf wall=32.637h
  ep80 shard 6873/8600 loss=3.2e-05  best=-inf wall=32.641h
  ep80 shard 6874/8600 loss=2.9e-05  best=-inf wall=32.646h
  ep80 shard 6875/8600 loss=2.8e-05  best=-inf wall=32.651h
  ep80 shard 6876/8600 loss=2.9e-05  best=-inf wall=32.657h
  ep80 shard 6877/8600 loss=2.9e-05  best=-inf wall=32.662h
  ep80 shard 6878/8600 loss=2.4e-05  best=-inf wall=32.667h
  ep80 shard 6879/8600 loss=2.4e-05  best=-inf wall=32.672h
  ep80 shard 6880/8600 loss=4.4e-05  best=-inf wall=32.678h
  saved epoch checkpoint -> experiments/exp029-longrun/combined100/checkpoints/ep80.pt
  ep81 shard 6881/8600 loss=2.4e-05  best=-inf wall=32.683h
  ep81 shard 6882/8600 loss=2.9e-05  best=-inf wall=32.686h
  ep81 shard 6883/8600 loss=2.8e-05  best=-inf wall=32.69h
  ep81 shard 6884/8600 loss=3.8e-05  best=-inf wall=32.694h
  ep81 shard 6885/8600 loss=2.8e-05  best=-inf wall=32.699h
  ep81 shard 6886/8600 loss=3.7e-05  best=-inf wall=32.704h
  ep81 shard 6887/8600 loss=3.1e-05  best=-inf wall=32.708h
  ep81 shard 6888/8600 loss=2.6e-05  best=-inf wall=32.714h
  ep81 shard 6889/8600 loss=2.8e-05  best=-inf wall=32.719h
  ep81 shard 6890/8600 loss=3.7e-05  best=-inf wall=32.722h
  ep81 shard 6891/8600 loss=3.3e-05  best=-inf wall=32.724h
  ep81 shard 6892/8600 loss=2.8e-05  best=-inf wall=32.727h
  ep81 shard 6893/8600 loss=2.7e-05  best=-inf wall=32.732h
  ep81 shard 6894/8600 loss=2.5e-05  best=-inf wall=32.737h
  ep81 shard 6895/8600 loss=3.5e-05  best=-inf wall=32.742h
  ep81 shard 6896/8600 loss=4.4e-05  best=-inf wall=32.747h
  ep81 shard 6897/8600 loss=2.6e-05  best=-inf wall=32.751h
  ep81 shard 6898/8600 loss=2.6e-05  best=-inf wall=32.756h
  ep81 shard 6899/8600 loss=2.7e-05  best=-inf wall=32.758h
  ep81 shard 6900/8600 loss=2.6e-05  best=-inf wall=32.763h
  ep81 shard 6901/8600 loss=3.2e-05  best=-inf wall=32.768h
  ep81 shard 6902/8600 loss=1.9e-05  best=-inf wall=32.773h
  ep81 shard 6903/8600 loss=2.6e-05  best=-inf wall=32.778h
  ep81 shard 6904/8600 loss=2.4e-05  best=-inf wall=32.784h
  ep81 shard 6905/8600 loss=3.2e-05  best=-inf wall=32.787h
  ep81 shard 6906/8600 loss=2.3e-05  best=-inf wall=32.792h
  ep81 shard 6907/8600 loss=3.2e-05  best=-inf wall=32.797h
  ep81 shard 6908/8600 loss=3.3e-05  best=-inf wall=32.802h
  ep81 shard 6909/8600 loss=2.6e-05  best=-inf wall=32.807h
  ep81 shard 6910/8600 loss=3.5e-05  best=-inf wall=32.813h
  ep81 shard 6911/8600 loss=2.5e-05  best=-inf wall=32.818h
  ep81 shard 6912/8600 loss=2.4e-05  best=-inf wall=32.823h
  ep81 shard 6913/8600 loss=2.6e-05  best=-inf wall=32.828h
  ep81 shard 6914/8600 loss=2.6e-05  best=-inf wall=32.833h
  ep81 shard 6915/8600 loss=3.1e-05  best=-inf wall=32.839h
  ep81 shard 6916/8600 loss=2.7e-05  best=-inf wall=32.844h
  ep81 shard 6917/8600 loss=2.4e-05  best=-inf wall=32.849h
  ep81 shard 6918/8600 loss=2.4e-05  best=-inf wall=32.854h
  ep81 shard 6919/8600 loss=3.1e-05  best=-inf wall=32.857h
  ep81 shard 6920/8600 loss=2.8e-05  best=-inf wall=32.86h
  ep81 shard 6921/8600 loss=2.3e-05  best=-inf wall=32.866h
  ep81 shard 6922/8600 loss=2.5e-05  best=-inf wall=32.871h
  ep81 shard 6923/8600 loss=3.1e-05  best=-inf wall=32.876h
  ep81 shard 6924/8600 loss=3.8e-05  best=-inf wall=32.881h
  ep81 shard 6925/8600 loss=3e-05  best=-inf wall=32.886h
  ep81 shard 6926/8600 loss=2.9e-05  best=-inf wall=32.891h
  ep81 shard 6927/8600 loss=3.3e-05  best=-inf wall=32.897h
  ep81 shard 6928/8600 loss=2.3e-05  best=-inf wall=32.902h
  ep81 shard 6929/8600 loss=2.7e-05  best=-inf wall=32.907h
  ep81 shard 6930/8600 loss=3.1e-05  best=-inf wall=32.912h
  ep81 shard 6931/8600 loss=3e-05  best=-inf wall=32.915h
  ep81 shard 6932/8600 loss=3.7e-05  best=-inf wall=32.92h
  ep81 shard 6933/8600 loss=2.5e-05  best=-inf wall=32.925h
  ep81 shard 6934/8600 loss=3.1e-05  best=-inf wall=32.928h
  ep81 shard 6935/8600 loss=2.7e-05  best=-inf wall=32.933h
  ep81 shard 6936/8600 loss=2.5e-05  best=-inf wall=32.938h
  ep81 shard 6937/8600 loss=2.9e-05  best=-inf wall=32.94h
  ep81 shard 6938/8600 loss=3.1e-05  best=-inf wall=32.945h
  ep81 shard 6939/8600 loss=2.7e-05  best=-inf wall=32.95h
  ep81 shard 6940/8600 loss=2.4e-05  best=-inf wall=32.955h
  ep81 shard 6941/8600 loss=2.6e-05  best=-inf wall=32.96h
  ep81 shard 6942/8600 loss=2.5e-05  best=-inf wall=32.966h
  ep81 shard 6943/8600 loss=3.6e-05  best=-inf wall=32.969h
  ep81 shard 6944/8600 loss=4e-05  best=-inf wall=32.974h
  ep81 shard 6945/8600 loss=3.2e-05  best=-inf wall=32.979h
  ep81 shard 6946/8600 loss=2.9e-05  best=-inf wall=32.984h
  ep81 shard 6947/8600 loss=2e-05  best=-inf wall=32.99h
  ep81 shard 6948/8600 loss=2.1e-05  best=-inf wall=32.995h
  ep81 shard 6949/8600 loss=2.9e-05  best=-inf wall=33.0h
  ep81 shard 6950/8600 loss=2.7e-05  best=-inf wall=33.005h
  ep81 shard 6951/8600 loss=4e-05  best=-inf wall=33.01h
  ep81 shard 6952/8600 loss=3e-05  best=-inf wall=33.016h
  ep81 shard 6953/8600 loss=3e-05  best=-inf wall=33.021h
  ep81 shard 6954/8600 loss=2.3e-05  best=-inf wall=33.026h
  ep81 shard 6955/8600 loss=2.6e-05  best=-inf wall=33.032h
  ep81 shard 6956/8600 loss=2.7e-05  best=-inf wall=33.037h
  ep81 shard 6957/8600 loss=3.2e-05  best=-inf wall=33.042h
  ep81 shard 6958/8600 loss=3.1e-05  best=-inf wall=33.046h
  ep81 shard 6959/8600 loss=3.1e-05  best=-inf wall=33.051h
  ep81 shard 6960/8600 loss=2.6e-05  best=-inf wall=33.054h
  ep81 shard 6961/8600 loss=2.3e-05  best=-inf wall=33.059h
  ep81 shard 6962/8600 loss=3.1e-05  best=-inf wall=33.065h
  ep81 shard 6963/8600 loss=2.3e-05  best=-inf wall=33.069h
  ep81 shard 6964/8600 loss=3.1e-05  best=-inf wall=33.073h
  ep81 shard 6965/8600 loss=3.7e-05  best=-inf wall=33.078h
  ep81 shard 6966/8600 loss=2.8e-05  best=-inf wall=33.083h
  saved epoch checkpoint -> experiments/exp029-longrun/combined100/checkpoints/ep81.pt
  ep82 shard 6967/8600 loss=2.7e-05  best=-inf wall=33.086h
  ep82 shard 6968/8600 loss=2.9e-05  best=-inf wall=33.091h
  ep82 shard 6969/8600 loss=3.2e-05  best=-inf wall=33.097h
  ep82 shard 6970/8600 loss=3e-05  best=-inf wall=33.102h
  ep82 shard 6971/8600 loss=3.5e-05  best=-inf wall=33.107h
  ep82 shard 6972/8600 loss=2.9e-05  best=-inf wall=33.112h
  ep82 shard 6973/8600 loss=3.3e-05  best=-inf wall=33.118h
  ep82 shard 6974/8600 loss=2.4e-05  best=-inf wall=33.123h
  ep82 shard 6975/8600 loss=3.1e-05  best=-inf wall=33.128h
  ep82 shard 6976/8600 loss=3.2e-05  best=-inf wall=33.133h
  ep82 shard 6977/8600 loss=2.8e-05  best=-inf wall=33.138h
  ep82 shard 6978/8600 loss=3.5e-05  best=-inf wall=33.142h
  ep82 shard 6979/8600 loss=2.8e-05  best=-inf wall=33.147h
  ep82 shard 6980/8600 loss=2.4e-05  best=-inf wall=33.15h
  ep82 shard 6981/8600 loss=2.7e-05  best=-inf wall=33.155h
  ep82 shard 6982/8600 loss=3.9e-05  best=-inf wall=33.16h
  ep82 shard 6983/8600 loss=3e-05  best=-inf wall=33.165h
  ep82 shard 6984/8600 loss=2.5e-05  best=-inf wall=33.171h
  ep82 shard 6985/8600 loss=3.1e-05  best=-inf wall=33.176h
  ep82 shard 6986/8600 loss=3.3e-05  best=-inf wall=33.181h
  ep82 shard 6987/8600 loss=2.4e-05  best=-inf wall=33.186h
  ep82 shard 6988/8600 loss=3e-05  best=-inf wall=33.192h
  ep82 shard 6989/8600 loss=2.7e-05  best=-inf wall=33.196h
  ep82 shard 6990/8600 loss=2.2e-05  best=-inf wall=33.201h
  ep82 shard 6991/8600 loss=2.9e-05  best=-inf wall=33.205h
  ep82 shard 6992/8600 loss=2.4e-05  best=-inf wall=33.21h
  ep82 shard 6993/8600 loss=3.1e-05  best=-inf wall=33.214h
  ep82 shard 6994/8600 loss=3.3e-05  best=-inf wall=33.22h
  ep82 shard 6995/8600 loss=2.8e-05  best=-inf wall=33.225h
  ep82 shard 6996/8600 loss=3.1e-05  best=-inf wall=33.229h
  ep82 shard 6997/8600 loss=3.2e-05  best=-inf wall=33.234h
  ep82 shard 6998/8600 loss=3e-05  best=-inf wall=33.239h
  ep82 shard 6999/8600 loss=2.7e-05  best=-inf wall=33.244h
  ep82 shard 7000/8600 loss=2.5e-05  best=-inf wall=33.247h
  ep82 shard 7001/8600 loss=4.5e-05  best=-inf wall=33.252h
  ep82 shard 7002/8600 loss=2.4e-05  best=-inf wall=33.257h
  ep82 shard 7003/8600 loss=2.6e-05  best=-inf wall=33.261h
  ep82 shard 7004/8600 loss=3.2e-05  best=-inf wall=33.267h
  ep82 shard 7005/8600 loss=2.6e-05  best=-inf wall=33.27h
  ep82 shard 7006/8600 loss=3.1e-05  best=-inf wall=33.275h
  ep82 shard 7007/8600 loss=3.7e-05  best=-inf wall=33.28h
  ep82 shard 7008/8600 loss=2.7e-05  best=-inf wall=33.285h
  ep82 shard 7009/8600 loss=3.8e-05  best=-inf wall=33.29h
  ep82 shard 7010/8600 loss=2.4e-05  best=-inf wall=33.296h
  ep82 shard 7011/8600 loss=3e-05  best=-inf wall=33.301h
  ep82 shard 7012/8600 loss=3e-05  best=-inf wall=33.306h
  ep82 shard 7013/8600 loss=3.7e-05  best=-inf wall=33.311h
  ep82 shard 7014/8600 loss=2.7e-05  best=-inf wall=33.316h
  ep82 shard 7015/8600 loss=3.3e-05  best=-inf wall=33.322h
  ep82 shard 7016/8600 loss=3.6e-05  best=-inf wall=33.327h
  ep82 shard 7017/8600 loss=2.9e-05  best=-inf wall=33.332h
  ep82 shard 7018/8600 loss=3e-05  best=-inf wall=33.338h
  ep82 shard 7019/8600 loss=3.2e-05  best=-inf wall=33.343h
  ep82 shard 7020/8600 loss=3.2e-05  best=-inf wall=33.348h
  ep82 shard 7021/8600 loss=3e-05  best=-inf wall=33.353h
  ep82 shard 7022/8600 loss=3e-05  best=-inf wall=33.358h
  ep82 shard 7023/8600 loss=2.3e-05  best=-inf wall=33.364h
  ep82 shard 7024/8600 loss=2.7e-05  best=-inf wall=33.369h
  ep82 shard 7025/8600 loss=3.1e-05  best=-inf wall=33.372h
  ep82 shard 7026/8600 loss=4.3e-05  best=-inf wall=33.377h
  ep82 shard 7027/8600 loss=2.5e-05  best=-inf wall=33.38h
  ep82 shard 7028/8600 loss=2.3e-05  best=-inf wall=33.385h
  ep82 shard 7029/8600 loss=2.5e-05  best=-inf wall=33.387h
  ep82 shard 7030/8600 loss=2.3e-05  best=-inf wall=33.393h
  ep82 shard 7031/8600 loss=3e-05  best=-inf wall=33.397h
  ep82 shard 7032/8600 loss=2.8e-05  best=-inf wall=33.403h
  ep82 shard 7033/8600 loss=2.9e-05  best=-inf wall=33.408h
  ep82 shard 7034/8600 loss=3.7e-05  best=-inf wall=33.413h
  ep82 shard 7035/8600 loss=3e-05  best=-inf wall=33.418h
  ep82 shard 7036/8600 loss=2.7e-05  best=-inf wall=33.422h
  ep82 shard 7037/8600 loss=2.9e-05  best=-inf wall=33.427h
  ep82 shard 7038/8600 loss=2.6e-05  best=-inf wall=33.43h
  ep82 shard 7039/8600 loss=2.7e-05  best=-inf wall=33.435h
  ep82 shard 7040/8600 loss=3.4e-05  best=-inf wall=33.44h
  ep82 shard 7041/8600 loss=2.6e-05  best=-inf wall=33.442h
  ep82 shard 7042/8600 loss=2.5e-05  best=-inf wall=33.447h
  ep82 shard 7043/8600 loss=3e-05  best=-inf wall=33.45h
  ep82 shard 7044/8600 loss=2.3e-05  best=-inf wall=33.452h
  ep82 shard 7045/8600 loss=3.2e-05  best=-inf wall=33.457h
  ep82 shard 7046/8600 loss=2.7e-05  best=-inf wall=33.462h
  ep82 shard 7047/8600 loss=3.6e-05  best=-inf wall=33.467h
  ep82 shard 7048/8600 loss=2.6e-05  best=-inf wall=33.473h
  ep82 shard 7049/8600 loss=3.2e-05  best=-inf wall=33.474h
  ep82 shard 7050/8600 loss=2.4e-05  best=-inf wall=33.478h
  ep82 shard 7051/8600 loss=3.1e-05  best=-inf wall=33.483h
  ep82 shard 7052/8600 loss=2.9e-05  best=-inf wall=33.489h
  saved epoch checkpoint -> experiments/exp029-longrun/combined100/checkpoints/ep82.pt
  ep83 shard 7053/8600 loss=2.8e-05  best=-inf wall=33.493h
  ep83 shard 7054/8600 loss=3e-05  best=-inf wall=33.498h
  ep83 shard 7055/8600 loss=3.1e-05  best=-inf wall=33.503h
  ep83 shard 7056/8600 loss=3.9e-05  best=-inf wall=33.509h
  ep83 shard 7057/8600 loss=2.6e-05  best=-inf wall=33.513h
  ep83 shard 7058/8600 loss=3.5e-05  best=-inf wall=33.518h
  ep83 shard 7059/8600 loss=2.7e-05  best=-inf wall=33.521h
  ep83 shard 7060/8600 loss=3.4e-05  best=-inf wall=33.526h
  ep83 shard 7061/8600 loss=2.6e-05  best=-inf wall=33.532h
  ep83 shard 7062/8600 loss=2.9e-05  best=-inf wall=33.537h
  ep83 shard 7063/8600 loss=3.5e-05  best=-inf wall=33.542h
  ep83 shard 7064/8600 loss=2.2e-05  best=-inf wall=33.548h
  ep83 shard 7065/8600 loss=2.7e-05  best=-inf wall=33.553h
  ep83 shard 7066/8600 loss=2.5e-05  best=-inf wall=33.556h
  ep83 shard 7067/8600 loss=2.5e-05  best=-inf wall=33.561h
  ep83 shard 7068/8600 loss=3.3e-05  best=-inf wall=33.566h
  ep83 shard 7069/8600 loss=2.8e-05  best=-inf wall=33.571h
  ep83 shard 7070/8600 loss=3.2e-05  best=-inf wall=33.576h
  ep83 shard 7071/8600 loss=2.8e-05  best=-inf wall=33.582h
  ep83 shard 7072/8600 loss=2.6e-05  best=-inf wall=33.587h
  ep83 shard 7073/8600 loss=3.8e-05  best=-inf wall=33.591h
  ep83 shard 7074/8600 loss=3.2e-05  best=-inf wall=33.595h
  ep83 shard 7075/8600 loss=2.4e-05  best=-inf wall=33.599h
  ep83 shard 7076/8600 loss=2.5e-05  best=-inf wall=33.604h
  ep83 shard 7077/8600 loss=2.7e-05  best=-inf wall=33.61h
  ep83 shard 7078/8600 loss=2.6e-05  best=-inf wall=33.613h
  ep83 shard 7079/8600 loss=3.9e-05  best=-inf wall=33.618h
  ep83 shard 7080/8600 loss=3.3e-05  best=-inf wall=33.621h
  ep83 shard 7081/8600 loss=3.1e-05  best=-inf wall=33.626h
  ep83 shard 7082/8600 loss=2.4e-05  best=-inf wall=33.631h
  ep83 shard 7083/8600 loss=2.9e-05  best=-inf wall=33.636h
  ep83 shard 7084/8600 loss=2.6e-05  best=-inf wall=33.641h
  ep83 shard 7085/8600 loss=3.4e-05  best=-inf wall=33.643h
  ep83 shard 7086/8600 loss=3.6e-05  best=-inf wall=33.647h
  ep83 shard 7087/8600 loss=3.3e-05  best=-inf wall=33.652h
  ep83 shard 7088/8600 loss=2.9e-05  best=-inf wall=33.657h
  ep83 shard 7089/8600 loss=3.2e-05  best=-inf wall=33.663h
  ep83 shard 7090/8600 loss=3.2e-05  best=-inf wall=33.668h
  ep83 shard 7091/8600 loss=2.5e-05  best=-inf wall=33.671h
  ep83 shard 7092/8600 loss=2.6e-05  best=-inf wall=33.676h
  ep83 shard 7093/8600 loss=2.6e-05  best=-inf wall=33.681h
  ep83 shard 7094/8600 loss=3.1e-05  best=-inf wall=33.686h
  ep83 shard 7095/8600 loss=3.4e-05  best=-inf wall=33.691h
  ep83 shard 7096/8600 loss=4.6e-05  best=-inf wall=33.696h
  ep83 shard 7097/8600 loss=3.2e-05  best=-inf wall=33.701h
  ep83 shard 7098/8600 loss=3e-05  best=-inf wall=33.704h
  ep83 shard 7099/8600 loss=3.7e-05  best=-inf wall=33.709h
  ep83 shard 7100/8600 loss=2.2e-05  best=-inf wall=33.715h
  ep83 shard 7101/8600 loss=2.6e-05  best=-inf wall=33.72h
  ep83 shard 7102/8600 loss=3e-05  best=-inf wall=33.725h
  ep83 shard 7103/8600 loss=3.6e-05  best=-inf wall=33.73h
  ep83 shard 7104/8600 loss=3.2e-05  best=-inf wall=33.736h
  ep83 shard 7105/8600 loss=3.2e-05  best=-inf wall=33.74h
  ep83 shard 7106/8600 loss=2.8e-05  best=-inf wall=33.746h
  ep83 shard 7107/8600 loss=2.8e-05  best=-inf wall=33.751h
  ep83 shard 7108/8600 loss=2.8e-05  best=-inf wall=33.756h
  ep83 shard 7109/8600 loss=3.6e-05  best=-inf wall=33.761h
  ep83 shard 7110/8600 loss=4e-05  best=-inf wall=33.766h
  ep83 shard 7111/8600 loss=3e-05  best=-inf wall=33.771h
  ep83 shard 7112/8600 loss=3e-05  best=-inf wall=33.776h
  ep83 shard 7113/8600 loss=3e-05  best=-inf wall=33.781h
  ep83 shard 7114/8600 loss=2.9e-05  best=-inf wall=33.786h
  ep83 shard 7115/8600 loss=3.8e-05  best=-inf wall=33.791h
  ep83 shard 7116/8600 loss=3.1e-05  best=-inf wall=33.796h
  ep83 shard 7117/8600 loss=3.4e-05  best=-inf wall=33.801h
  ep83 shard 7118/8600 loss=3.9e-05  best=-inf wall=33.803h
  ep83 shard 7119/8600 loss=3.5e-05  best=-inf wall=33.808h
  ep83 shard 7120/8600 loss=1.6e-05  best=-inf wall=33.813h
  ep83 shard 7121/8600 loss=2.5e-05  best=-inf wall=33.816h
  ep83 shard 7122/8600 loss=3.6e-05  best=-inf wall=33.822h
  ep83 shard 7123/8600 loss=5.1e-05  best=-inf wall=33.827h
  ep83 shard 7124/8600 loss=3.5e-05  best=-inf wall=33.832h
  ep83 shard 7125/8600 loss=3.2e-05  best=-inf wall=33.837h
  ep83 shard 7126/8600 loss=3.6e-05  best=-inf wall=33.842h
  ep83 shard 7127/8600 loss=2.8e-05  best=-inf wall=33.845h
  ep83 shard 7128/8600 loss=2.2e-05  best=-inf wall=33.85h
  ep83 shard 7129/8600 loss=3.8e-05  best=-inf wall=33.855h
  ep83 shard 7130/8600 loss=2.5e-05  best=-inf wall=33.86h
  ep83 shard 7131/8600 loss=2.6e-05  best=-inf wall=33.863h
  ep83 shard 7132/8600 loss=3e-05  best=-inf wall=33.867h
  ep83 shard 7133/8600 loss=2e-05  best=-inf wall=33.869h
  ep83 shard 7134/8600 loss=2.6e-05  best=-inf wall=33.872h
  ep83 shard 7135/8600 loss=2.5e-05  best=-inf wall=33.877h
  ep83 shard 7136/8600 loss=2.6e-05  best=-inf wall=33.883h
  ep83 shard 7137/8600 loss=4e-05  best=-inf wall=33.887h
  ep83 shard 7138/8600 loss=3.2e-05  best=-inf wall=33.893h
  saved epoch checkpoint -> experiments/exp029-longrun/combined100/checkpoints/ep83.pt
  ep84 shard 7139/8600 loss=3.1e-05  best=-inf wall=33.898h
  ep84 shard 7140/8600 loss=3e-05  best=-inf wall=33.903h
  ep84 shard 7141/8600 loss=3.9e-05  best=-inf wall=33.908h
  ep84 shard 7142/8600 loss=3.1e-05  best=-inf wall=33.913h
  ep84 shard 7143/8600 loss=2.2e-05  best=-inf wall=33.918h
  ep84 shard 7144/8600 loss=2.2e-05  best=-inf wall=33.923h
  ep84 shard 7145/8600 loss=2.8e-05  best=-inf wall=33.928h
  ep84 shard 7146/8600 loss=3.9e-05  best=-inf wall=33.933h
  ep84 shard 7147/8600 loss=2.8e-05  best=-inf wall=33.938h
  ep84 shard 7148/8600 loss=3.2e-05  best=-inf wall=33.944h
  ep84 shard 7149/8600 loss=2.8e-05  best=-inf wall=33.949h
  ep84 shard 7150/8600 loss=2.3e-05  best=-inf wall=33.954h
  ep84 shard 7151/8600 loss=3.7e-05  best=-inf wall=33.957h
  ep84 shard 7152/8600 loss=3e-05  best=-inf wall=33.961h
  ep84 shard 7153/8600 loss=2.9e-05  best=-inf wall=33.966h
  ep84 shard 7154/8600 loss=2.8e-05  best=-inf wall=33.972h
  ep84 shard 7155/8600 loss=2.6e-05  best=-inf wall=33.977h
  ep84 shard 7156/8600 loss=3e-05  best=-inf wall=33.979h
  ep84 shard 7157/8600 loss=3.1e-05  best=-inf wall=33.984h
  ep84 shard 7158/8600 loss=2.2e-05  best=-inf wall=33.99h
  ep84 shard 7159/8600 loss=3.4e-05  best=-inf wall=33.995h
  ep84 shard 7160/8600 loss=2.5e-05  best=-inf wall=34.0h
  ep84 shard 7161/8600 loss=2.9e-05  best=-inf wall=34.005h
  ep84 shard 7162/8600 loss=2.1e-05  best=-inf wall=34.01h
  ep84 shard 7163/8600 loss=2.6e-05  best=-inf wall=34.016h
  ep84 shard 7164/8600 loss=3.7e-05  best=-inf wall=34.021h
  ep84 shard 7165/8600 loss=4.4e-05  best=-inf wall=34.023h
  ep84 shard 7166/8600 loss=3.4e-05  best=-inf wall=34.028h
  ep84 shard 7167/8600 loss=2.8e-05  best=-inf wall=34.031h
  ep84 shard 7168/8600 loss=3.5e-05  best=-inf wall=34.036h
  ep84 shard 7169/8600 loss=3.1e-05  best=-inf wall=34.041h
  ep84 shard 7170/8600 loss=2.3e-05  best=-inf wall=34.046h
  ep84 shard 7171/8600 loss=2.5e-05  best=-inf wall=34.051h
  ep84 shard 7172/8600 loss=3.5e-05  best=-inf wall=34.056h
  ep84 shard 7173/8600 loss=3.1e-05  best=-inf wall=34.062h
  ep84 shard 7174/8600 loss=2.2e-05  best=-inf wall=34.067h
  ep84 shard 7175/8600 loss=3e-05  best=-inf wall=34.072h
  ep84 shard 7176/8600 loss=3.1e-05  best=-inf wall=34.076h
  ep84 shard 7177/8600 loss=2.8e-05  best=-inf wall=34.081h
  ep84 shard 7178/8600 loss=6e-05  best=-inf wall=34.086h
  ep84 shard 7179/8600 loss=3.2e-05  best=-inf wall=34.088h
  ep84 shard 7180/8600 loss=2.5e-05  best=-inf wall=34.091h
  ep84 shard 7181/8600 loss=3.1e-05  best=-inf wall=34.096h
  ep84 shard 7182/8600 loss=2.6e-05  best=-inf wall=34.102h
  ep84 shard 7183/8600 loss=2.1e-05  best=-inf wall=34.107h
  ep84 shard 7184/8600 loss=3.2e-05  best=-inf wall=34.112h
  ep84 shard 7185/8600 loss=2.8e-05  best=-inf wall=34.116h
  ep84 shard 7186/8600 loss=2.5e-05  best=-inf wall=34.121h
  ep84 shard 7187/8600 loss=3.8e-05  best=-inf wall=34.125h
  ep84 shard 7188/8600 loss=3.3e-05  best=-inf wall=34.128h
  ep84 shard 7189/8600 loss=3.5e-05  best=-inf wall=34.131h
  ep84 shard 7190/8600 loss=3e-05  best=-inf wall=34.136h
  ep84 shard 7191/8600 loss=3.9e-05  best=-inf wall=34.14h
  ep84 shard 7192/8600 loss=3.3e-05  best=-inf wall=34.145h
  ep84 shard 7193/8600 loss=2.6e-05  best=-inf wall=34.151h
  ep84 shard 7194/8600 loss=3.3e-05  best=-inf wall=34.156h
  ep84 shard 7195/8600 loss=2.9e-05  best=-inf wall=34.161h
  ep84 shard 7196/8600 loss=3.4e-05  best=-inf wall=34.166h
  ep84 shard 7197/8600 loss=2.2e-05  best=-inf wall=34.171h
  ep84 shard 7198/8600 loss=2.7e-05  best=-inf wall=34.175h
  ep84 shard 7199/8600 loss=2.9e-05  best=-inf wall=34.18h
  ep84 shard 7200/8600 loss=5.7e-05  best=-inf wall=34.185h
  ep84 shard 7201/8600 loss=2.3e-05  best=-inf wall=34.189h
  ep84 shard 7202/8600 loss=2.9e-05  best=-inf wall=34.192h
  ep84 shard 7203/8600 loss=3.7e-05  best=-inf wall=34.197h
  ep84 shard 7204/8600 loss=2.6e-05  best=-inf wall=34.203h
  ep84 shard 7205/8600 loss=3e-05  best=-inf wall=34.208h
  ep84 shard 7206/8600 loss=3.7e-05  best=-inf wall=34.213h
  ep84 shard 7207/8600 loss=3.9e-05  best=-inf wall=34.216h
  ep84 shard 7208/8600 loss=1.9e-05  best=-inf wall=34.221h
  ep84 shard 7209/8600 loss=2.8e-05  best=-inf wall=34.224h
  ep84 shard 7210/8600 loss=2.7e-05  best=-inf wall=34.229h
  ep84 shard 7211/8600 loss=3.1e-05  best=-inf wall=34.234h
  ep84 shard 7212/8600 loss=2.9e-05  best=-inf wall=34.24h
  ep84 shard 7213/8600 loss=3.3e-05  best=-inf wall=34.245h
  ep84 shard 7214/8600 loss=2.3e-05  best=-inf wall=34.249h
  ep84 shard 7215/8600 loss=2.5e-05  best=-inf wall=34.251h
  ep84 shard 7216/8600 loss=2e-05  best=-inf wall=34.256h
  ep84 shard 7217/8600 loss=3.1e-05  best=-inf wall=34.261h
  ep84 shard 7218/8600 loss=3.4e-05  best=-inf wall=34.267h
  ep84 shard 7219/8600 loss=2.4e-05  best=-inf wall=34.272h
  ep84 shard 7220/8600 loss=3.4e-05  best=-inf wall=34.277h
  ep84 shard 7221/8600 loss=3.1e-05  best=-inf wall=34.282h
  ep84 shard 7222/8600 loss=2.8e-05  best=-inf wall=34.287h
  ep84 shard 7223/8600 loss=3.7e-05  best=-inf wall=34.292h
  ep84 shard 7224/8600 loss=3.2e-05  best=-inf wall=34.297h
  saved epoch checkpoint -> experiments/exp029-longrun/combined100/checkpoints/ep84.pt
  ep85 shard 7225/8600 loss=3e-05  best=-inf wall=34.303h
  ep85 shard 7226/8600 loss=3.2e-05  best=-inf wall=34.307h
  ep85 shard 7227/8600 loss=2.7e-05  best=-inf wall=34.313h
  ep85 shard 7228/8600 loss=2.5e-05  best=-inf wall=34.314h
  ep85 shard 7229/8600 loss=2.6e-05  best=-inf wall=34.32h
  ep85 shard 7230/8600 loss=1.9e-05  best=-inf wall=34.325h
  ep85 shard 7231/8600 loss=3.7e-05  best=-inf wall=34.33h
  ep85 shard 7232/8600 loss=2.9e-05  best=-inf wall=34.335h
  ep85 shard 7233/8600 loss=2.7e-05  best=-inf wall=34.338h
  ep85 shard 7234/8600 loss=2.2e-05  best=-inf wall=34.341h
  ep85 shard 7235/8600 loss=3.2e-05  best=-inf wall=34.347h
  ep85 shard 7236/8600 loss=3.1e-05  best=-inf wall=34.352h
  ep85 shard 7237/8600 loss=2.2e-05  best=-inf wall=34.353h
  ep85 shard 7238/8600 loss=2.9e-05  best=-inf wall=34.356h
  ep85 shard 7239/8600 loss=2.4e-05  best=-inf wall=34.36h
  ep85 shard 7240/8600 loss=2.8e-05  best=-inf wall=34.366h
  ep85 shard 7241/8600 loss=2.3e-05  best=-inf wall=34.371h
  ep85 shard 7242/8600 loss=2.5e-05  best=-inf wall=34.376h
  ep85 shard 7243/8600 loss=3.1e-05  best=-inf wall=34.38h
  ep85 shard 7244/8600 loss=2.5e-05  best=-inf wall=34.385h
  ep85 shard 7245/8600 loss=2.3e-05  best=-inf wall=34.39h
  ep85 shard 7246/8600 loss=2.8e-05  best=-inf wall=34.396h
  ep85 shard 7247/8600 loss=2.3e-05  best=-inf wall=34.401h
  ep85 shard 7248/8600 loss=2.8e-05  best=-inf wall=34.403h
  ep85 shard 7249/8600 loss=2.6e-05  best=-inf wall=34.409h
  ep85 shard 7250/8600 loss=2.9e-05  best=-inf wall=34.413h
  ep85 shard 7251/8600 loss=2.4e-05  best=-inf wall=34.418h
  ep85 shard 7252/8600 loss=3.2e-05  best=-inf wall=34.423h
  ep85 shard 7253/8600 loss=2.6e-05  best=-inf wall=34.428h
  ep85 shard 7254/8600 loss=2.8e-05  best=-inf wall=34.434h
  ep85 shard 7255/8600 loss=2.9e-05  best=-inf wall=34.439h
  ep85 shard 7256/8600 loss=2.5e-05  best=-inf wall=34.443h
  ep85 shard 7257/8600 loss=2.6e-05  best=-inf wall=34.448h
  ep85 shard 7258/8600 loss=2.9e-05  best=-inf wall=34.452h
  ep85 shard 7259/8600 loss=3.1e-05  best=-inf wall=34.457h
  ep85 shard 7260/8600 loss=2.9e-05  best=-inf wall=34.463h
  ep85 shard 7261/8600 loss=3.5e-05  best=-inf wall=34.468h
  ep85 shard 7262/8600 loss=3.5e-05  best=-inf wall=34.472h
  ep85 shard 7263/8600 loss=3.5e-05  best=-inf wall=34.477h
  ep85 shard 7264/8600 loss=3.3e-05  best=-inf wall=34.483h
  ep85 shard 7265/8600 loss=3.1e-05  best=-inf wall=34.488h
  ep85 shard 7266/8600 loss=2.9e-05  best=-inf wall=34.493h
  ep85 shard 7267/8600 loss=2.7e-05  best=-inf wall=34.498h
  ep85 shard 7268/8600 loss=1.9e-05  best=-inf wall=34.504h
  ep85 shard 7269/8600 loss=2.3e-05  best=-inf wall=34.509h
  ep85 shard 7270/8600 loss=3.4e-05  best=-inf wall=34.514h
  ep85 shard 7271/8600 loss=2.7e-05  best=-inf wall=34.519h
  ep85 shard 7272/8600 loss=2.7e-05  best=-inf wall=34.523h
  ep85 shard 7273/8600 loss=2.6e-05  best=-inf wall=34.528h
  ep85 shard 7274/8600 loss=2.3e-05  best=-inf wall=34.533h
  ep85 shard 7275/8600 loss=2.5e-05  best=-inf wall=34.538h
  ep85 shard 7276/8600 loss=3.1e-05  best=-inf wall=34.544h
  ep85 shard 7277/8600 loss=2.3e-05  best=-inf wall=34.545h
  ep85 shard 7278/8600 loss=2.2e-05  best=-inf wall=34.551h
  ep85 shard 7279/8600 loss=2.6e-05  best=-inf wall=34.556h
  ep85 shard 7280/8600 loss=2.3e-05  best=-inf wall=34.561h
  ep85 shard 7281/8600 loss=3.3e-05  best=-inf wall=34.566h
  ep85 shard 7282/8600 loss=2.7e-05  best=-inf wall=34.571h
  ep85 shard 7283/8600 loss=4.3e-05  best=-inf wall=34.577h
  ep85 shard 7284/8600 loss=2.9e-05  best=-inf wall=34.581h
  ep85 shard 7285/8600 loss=2.3e-05  best=-inf wall=34.584h
  ep85 shard 7286/8600 loss=2.5e-05  best=-inf wall=34.587h
  ep85 shard 7287/8600 loss=2.5e-05  best=-inf wall=34.59h
  ep85 shard 7288/8600 loss=3.5e-05  best=-inf wall=34.595h
  ep85 shard 7289/8600 loss=2.8e-05  best=-inf wall=34.6h
  ep85 shard 7290/8600 loss=2.9e-05  best=-inf wall=34.605h
  ep85 shard 7291/8600 loss=2.7e-05  best=-inf wall=34.61h
  ep85 shard 7292/8600 loss=2.6e-05  best=-inf wall=34.615h
  ep85 shard 7293/8600 loss=4.3e-05  best=-inf wall=34.621h
  ep85 shard 7294/8600 loss=2.8e-05  best=-inf wall=34.623h
  ep85 shard 7295/8600 loss=3.3e-05  best=-inf wall=34.628h
  ep85 shard 7296/8600 loss=2.7e-05  best=-inf wall=34.634h
  ep85 shard 7297/8600 loss=2.4e-05  best=-inf wall=34.639h
  ep85 shard 7298/8600 loss=3.3e-05  best=-inf wall=34.644h
  ep85 shard 7299/8600 loss=3.1e-05  best=-inf wall=34.649h
  ep85 shard 7300/8600 loss=3.4e-05  best=-inf wall=34.654h
  ep85 shard 7301/8600 loss=3.4e-05  best=-inf wall=34.66h
  ep85 shard 7302/8600 loss=3.3e-05  best=-inf wall=34.665h
  ep85 shard 7303/8600 loss=2.8e-05  best=-inf wall=34.67h
  ep85 shard 7304/8600 loss=2.5e-05  best=-inf wall=34.676h
  ep85 shard 7305/8600 loss=2.5e-05  best=-inf wall=34.681h
  ep85 shard 7306/8600 loss=2.5e-05  best=-inf wall=34.684h
  ep85 shard 7307/8600 loss=2.6e-05  best=-inf wall=34.689h
  ep85 shard 7308/8600 loss=2.5e-05  best=-inf wall=34.695h
  ep85 shard 7309/8600 loss=2.8e-05  best=-inf wall=34.7h
  ep85 shard 7310/8600 loss=2.8e-05  best=-inf wall=34.703h
  saved epoch checkpoint -> experiments/exp029-longrun/combined100/checkpoints/ep85.pt
  ep86 shard 7311/8600 loss=2.5e-05  best=-inf wall=34.707h
  ep86 shard 7312/8600 loss=3.1e-05  best=-inf wall=34.713h
  ep86 shard 7313/8600 loss=2.8e-05  best=-inf wall=34.714h
  ep86 shard 7314/8600 loss=2.7e-05  best=-inf wall=34.72h
  ep86 shard 7315/8600 loss=3.5e-05  best=-inf wall=34.725h
  ep86 shard 7316/8600 loss=2.7e-05  best=-inf wall=34.731h
  ep86 shard 7317/8600 loss=2.6e-05  best=-inf wall=34.737h
  ep86 shard 7318/8600 loss=2.4e-05  best=-inf wall=34.742h
  ep86 shard 7319/8600 loss=2.4e-05  best=-inf wall=34.747h
  ep86 shard 7320/8600 loss=2.3e-05  best=-inf wall=34.752h
  ep86 shard 7321/8600 loss=2.8e-05  best=-inf wall=34.757h
  ep86 shard 7322/8600 loss=2.8e-05  best=-inf wall=34.762h
  ep86 shard 7323/8600 loss=3.1e-05  best=-inf wall=34.768h
  ep86 shard 7324/8600 loss=3.3e-05  best=-inf wall=34.771h
  ep86 shard 7325/8600 loss=3.4e-05  best=-inf wall=34.776h
  ep86 shard 7326/8600 loss=2.8e-05  best=-inf wall=34.781h
  ep86 shard 7327/8600 loss=2.8e-05  best=-inf wall=34.787h
  ep86 shard 7328/8600 loss=2.4e-05  best=-inf wall=34.792h
  ep86 shard 7329/8600 loss=2.1e-05  best=-inf wall=34.797h
  ep86 shard 7330/8600 loss=2.9e-05  best=-inf wall=34.802h
  ep86 shard 7331/8600 loss=3e-05  best=-inf wall=34.808h
  ep86 shard 7332/8600 loss=2.7e-05  best=-inf wall=34.813h
  ep86 shard 7333/8600 loss=2.7e-05  best=-inf wall=34.818h
  ep86 shard 7334/8600 loss=2.9e-05  best=-inf wall=34.823h
  ep86 shard 7335/8600 loss=3.1e-05  best=-inf wall=34.828h
  ep86 shard 7336/8600 loss=2.8e-05  best=-inf wall=34.834h
  ep86 shard 7337/8600 loss=3.3e-05  best=-inf wall=34.839h
  ep86 shard 7338/8600 loss=2.9e-05  best=-inf wall=34.842h
  ep86 shard 7339/8600 loss=3e-05  best=-inf wall=34.847h
  ep86 shard 7340/8600 loss=2.7e-05  best=-inf wall=34.85h
  ep86 shard 7341/8600 loss=2.4e-05  best=-inf wall=34.855h
  ep86 shard 7342/8600 loss=3.1e-05  best=-inf wall=34.86h
  ep86 shard 7343/8600 loss=2.8e-05  best=-inf wall=34.866h
  ep86 shard 7344/8600 loss=3.1e-05  best=-inf wall=34.871h
  ep86 shard 7345/8600 loss=2.9e-05  best=-inf wall=34.874h
  ep86 shard 7346/8600 loss=2.3e-05  best=-inf wall=34.879h
  ep86 shard 7347/8600 loss=2.9e-05  best=-inf wall=34.881h
  ep86 shard 7348/8600 loss=3.1e-05  best=-inf wall=34.887h
  ep86 shard 7349/8600 loss=3e-05  best=-inf wall=34.892h
  ep86 shard 7350/8600 loss=2.4e-05  best=-inf wall=34.897h
  ep86 shard 7351/8600 loss=2.7e-05  best=-inf wall=34.9h
  ep86 shard 7352/8600 loss=2e-05  best=-inf wall=34.905h
  ep86 shard 7353/8600 loss=2.3e-05  best=-inf wall=34.91h
  ep86 shard 7354/8600 loss=2.8e-05  best=-inf wall=34.915h
  ep86 shard 7355/8600 loss=3e-05  best=-inf wall=34.921h
  ep86 shard 7356/8600 loss=3.5e-05  best=-inf wall=34.924h
  ep86 shard 7357/8600 loss=3.7e-05  best=-inf wall=34.929h
  ep86 shard 7358/8600 loss=2.9e-05  best=-inf wall=34.933h
  ep86 shard 7359/8600 loss=2.5e-05  best=-inf wall=34.938h
  ep86 shard 7360/8600 loss=3.9e-05  best=-inf wall=34.943h
  ep86 shard 7361/8600 loss=3e-05  best=-inf wall=34.948h
  ep86 shard 7362/8600 loss=2.9e-05  best=-inf wall=34.953h
  ep86 shard 7363/8600 loss=3.1e-05  best=-inf wall=34.958h
  ep86 shard 7364/8600 loss=2.7e-05  best=-inf wall=34.963h
  ep86 shard 7365/8600 loss=2.8e-05  best=-inf wall=34.968h
  ep86 shard 7366/8600 loss=3.2e-05  best=-inf wall=34.973h
  ep86 shard 7367/8600 loss=2.7e-05  best=-inf wall=34.978h
  ep86 shard 7368/8600 loss=3.2e-05  best=-inf wall=34.981h
  ep86 shard 7369/8600 loss=3.9e-05  best=-inf wall=34.983h
  ep86 shard 7370/8600 loss=2.4e-05  best=-inf wall=34.988h
  ep86 shard 7371/8600 loss=2.1e-05  best=-inf wall=34.992h
  ep86 shard 7372/8600 loss=2.1e-05  best=-inf wall=34.997h
  ep86 shard 7373/8600 loss=2.5e-05  best=-inf wall=35.002h
  ep86 shard 7374/8600 loss=2.9e-05  best=-inf wall=35.006h
  ep86 shard 7375/8600 loss=3.4e-05  best=-inf wall=35.009h
  ep86 shard 7376/8600 loss=2.2e-05  best=-inf wall=35.014h
  ep86 shard 7377/8600 loss=3.4e-05  best=-inf wall=35.02h
  ep86 shard 7378/8600 loss=2.4e-05  best=-inf wall=35.025h
  ep86 shard 7379/8600 loss=2.7e-05  best=-inf wall=35.03h
  ep86 shard 7380/8600 loss=2.8e-05  best=-inf wall=35.035h
  ep86 shard 7381/8600 loss=3.3e-05  best=-inf wall=35.039h
  ep86 shard 7382/8600 loss=3.3e-05  best=-inf wall=35.045h
  ep86 shard 7383/8600 loss=2.5e-05  best=-inf wall=35.05h
  ep86 shard 7384/8600 loss=3.8e-05  best=-inf wall=35.055h
  ep86 shard 7385/8600 loss=2.8e-05  best=-inf wall=35.06h
  ep86 shard 7386/8600 loss=2.9e-05  best=-inf wall=35.062h
  ep86 shard 7387/8600 loss=3.1e-05  best=-inf wall=35.067h
  ep86 shard 7388/8600 loss=3.3e-05  best=-inf wall=35.072h
  ep86 shard 7389/8600 loss=2.8e-05  best=-inf wall=35.078h
  ep86 shard 7390/8600 loss=2.7e-05  best=-inf wall=35.082h
  ep86 shard 7391/8600 loss=3.8e-05  best=-inf wall=35.087h
  ep86 shard 7392/8600 loss=3e-05  best=-inf wall=35.09h
  ep86 shard 7393/8600 loss=2.9e-05  best=-inf wall=35.094h
  ep86 shard 7394/8600 loss=4.2e-05  best=-inf wall=35.099h
  ep86 shard 7395/8600 loss=3.4e-05  best=-inf wall=35.104h
  ep86 shard 7396/8600 loss=3.2e-05  best=-inf wall=35.11h
  saved epoch checkpoint -> experiments/exp029-longrun/combined100/checkpoints/ep86.pt
  ep87 shard 7397/8600 loss=2.8e-05  best=-inf wall=35.115h
  ep87 shard 7398/8600 loss=2.9e-05  best=-inf wall=35.12h
  ep87 shard 7399/8600 loss=2.9e-05  best=-inf wall=35.125h
  ep87 shard 7400/8600 loss=3.1e-05  best=-inf wall=35.13h
  ep87 shard 7401/8600 loss=2.5e-05  best=-inf wall=35.133h
  ep87 shard 7402/8600 loss=2.5e-05  best=-inf wall=35.139h
  ep87 shard 7403/8600 loss=2.7e-05  best=-inf wall=35.144h
  ep87 shard 7404/8600 loss=2.6e-05  best=-inf wall=35.149h
  ep87 shard 7405/8600 loss=2.7e-05  best=-inf wall=35.153h
  ep87 shard 7406/8600 loss=3.8e-05  best=-inf wall=35.158h
  ep87 shard 7407/8600 loss=2.7e-05  best=-inf wall=35.164h
  ep87 shard 7408/8600 loss=2.6e-05  best=-inf wall=35.169h
  ep87 shard 7409/8600 loss=2.5e-05  best=-inf wall=35.173h
  ep87 shard 7410/8600 loss=2.8e-05  best=-inf wall=35.178h
  ep87 shard 7411/8600 loss=3.5e-05  best=-inf wall=35.181h
  ep87 shard 7412/8600 loss=2.9e-05  best=-inf wall=35.186h
  ep87 shard 7413/8600 loss=3.8e-05  best=-inf wall=35.191h
  ep87 shard 7414/8600 loss=3e-05  best=-inf wall=35.197h
  ep87 shard 7415/8600 loss=2.4e-05  best=-inf wall=35.202h
  ep87 shard 7416/8600 loss=2.4e-05  best=-inf wall=35.207h
  ep87 shard 7417/8600 loss=2.7e-05  best=-inf wall=35.212h
  ep87 shard 7418/8600 loss=2.9e-05  best=-inf wall=35.217h
  ep87 shard 7419/8600 loss=3.3e-05  best=-inf wall=35.223h
  ep87 shard 7420/8600 loss=2.8e-05  best=-inf wall=35.228h
  ep87 shard 7421/8600 loss=2.6e-05  best=-inf wall=35.233h
  ep87 shard 7422/8600 loss=2.9e-05  best=-inf wall=35.237h
  ep87 shard 7423/8600 loss=3.9e-05  best=-inf wall=35.242h
  ep87 shard 7424/8600 loss=3.3e-05  best=-inf wall=35.248h
  ep87 shard 7425/8600 loss=2.5e-05  best=-inf wall=35.252h
  ep87 shard 7426/8600 loss=3.2e-05  best=-inf wall=35.257h
  ep87 shard 7427/8600 loss=3.2e-05  best=-inf wall=35.263h
  ep87 shard 7428/8600 loss=3e-05  best=-inf wall=35.268h
  ep87 shard 7429/8600 loss=2.7e-05  best=-inf wall=35.273h
  ep87 shard 7430/8600 loss=2.4e-05  best=-inf wall=35.278h
  ep87 shard 7431/8600 loss=2e-05  best=-inf wall=35.284h
  ep87 shard 7432/8600 loss=2.8e-05  best=-inf wall=35.289h
  ep87 shard 7433/8600 loss=3.2e-05  best=-inf wall=35.292h
  ep87 shard 7434/8600 loss=1.8e-05  best=-inf wall=35.297h
  ep87 shard 7435/8600 loss=3.1e-05  best=-inf wall=35.302h
  ep87 shard 7436/8600 loss=2.8e-05  best=-inf wall=35.307h
  ep87 shard 7437/8600 loss=3e-05  best=-inf wall=35.309h
  ep87 shard 7438/8600 loss=2.8e-05  best=-inf wall=35.311h
  ep87 shard 7439/8600 loss=2.3e-05  best=-inf wall=35.316h
  ep87 shard 7440/8600 loss=3.1e-05  best=-inf wall=35.321h
  ep87 shard 7441/8600 loss=2.2e-05  best=-inf wall=35.327h
  ep87 shard 7442/8600 loss=2.4e-05  best=-inf wall=35.33h
  ep87 shard 7443/8600 loss=3e-05  best=-inf wall=35.335h
  ep87 shard 7444/8600 loss=3.1e-05  best=-inf wall=35.34h
  ep87 shard 7445/8600 loss=3.3e-05  best=-inf wall=35.346h
  ep87 shard 7446/8600 loss=2.5e-05  best=-inf wall=35.351h
  ep87 shard 7447/8600 loss=2.6e-05  best=-inf wall=35.356h
  ep87 shard 7448/8600 loss=3.2e-05  best=-inf wall=35.361h
  ep87 shard 7449/8600 loss=3.6e-05  best=-inf wall=35.367h
  ep87 shard 7450/8600 loss=2.4e-05  best=-inf wall=35.372h
  ep87 shard 7451/8600 loss=2.1e-05  best=-inf wall=35.374h
  ep87 shard 7452/8600 loss=2.7e-05  best=-inf wall=35.377h
  ep87 shard 7453/8600 loss=2.8e-05  best=-inf wall=35.381h
  ep87 shard 7454/8600 loss=2.2e-05  best=-inf wall=35.386h
  ep87 shard 7455/8600 loss=2.9e-05  best=-inf wall=35.391h
  ep87 shard 7456/8600 loss=2.4e-05  best=-inf wall=35.394h
  ep87 shard 7457/8600 loss=2.6e-05  best=-inf wall=35.4h
  ep87 shard 7458/8600 loss=3e-05  best=-inf wall=35.405h
  ep87 shard 7459/8600 loss=2.5e-05  best=-inf wall=35.41h
  ep87 shard 7460/8600 loss=3.2e-05  best=-inf wall=35.415h
  ep87 shard 7461/8600 loss=2.5e-05  best=-inf wall=35.418h
  ep87 shard 7462/8600 loss=2.7e-05  best=-inf wall=35.423h
  ep87 shard 7463/8600 loss=2.7e-05  best=-inf wall=35.429h
  ep87 shard 7464/8600 loss=3.2e-05  best=-inf wall=35.432h
  ep87 shard 7465/8600 loss=3e-05  best=-inf wall=35.437h
  ep87 shard 7466/8600 loss=2.8e-05  best=-inf wall=35.442h
  ep87 shard 7467/8600 loss=3.1e-05  best=-inf wall=35.447h
  ep87 shard 7468/8600 loss=3.5e-05  best=-inf wall=35.449h
  ep87 shard 7469/8600 loss=2.4e-05  best=-inf wall=35.453h
  ep87 shard 7470/8600 loss=2.9e-05  best=-inf wall=35.458h
  ep87 shard 7471/8600 loss=3.7e-05  best=-inf wall=35.463h
  ep87 shard 7472/8600 loss=2.5e-05  best=-inf wall=35.468h
  ep87 shard 7473/8600 loss=4.8e-05  best=-inf wall=35.473h
  ep87 shard 7474/8600 loss=2.9e-05  best=-inf wall=35.478h
  ep87 shard 7475/8600 loss=2.5e-05  best=-inf wall=35.482h
  ep87 shard 7476/8600 loss=2.5e-05  best=-inf wall=35.486h
  ep87 shard 7477/8600 loss=3.2e-05  best=-inf wall=35.492h
  ep87 shard 7478/8600 loss=3e-05  best=-inf wall=35.495h
  ep87 shard 7479/8600 loss=2.9e-05  best=-inf wall=35.499h
  ep87 shard 7480/8600 loss=4.2e-05  best=-inf wall=35.504h
  ep87 shard 7481/8600 loss=2.7e-05  best=-inf wall=35.509h
  ep87 shard 7482/8600 loss=2.9e-05  best=-inf wall=35.514h
  saved epoch checkpoint -> experiments/exp029-longrun/combined100/checkpoints/ep87.pt
  ep88 shard 7483/8600 loss=3.2e-05  best=-inf wall=35.517h
  ep88 shard 7484/8600 loss=2.4e-05  best=-inf wall=35.522h
  ep88 shard 7485/8600 loss=2.8e-05  best=-inf wall=35.524h
  ep88 shard 7486/8600 loss=2.6e-05  best=-inf wall=35.529h
  ep88 shard 7487/8600 loss=3.1e-05  best=-inf wall=35.534h
  ep88 shard 7488/8600 loss=2.7e-05  best=-inf wall=35.537h
  ep88 shard 7489/8600 loss=2.8e-05  best=-inf wall=35.542h
  ep88 shard 7490/8600 loss=2.6e-05  best=-inf wall=35.548h
  ep88 shard 7491/8600 loss=3.5e-05  best=-inf wall=35.553h
  ep88 shard 7492/8600 loss=2.8e-05  best=-inf wall=35.557h
  ep88 shard 7493/8600 loss=3.6e-05  best=-inf wall=35.562h
  ep88 shard 7494/8600 loss=2.7e-05  best=-inf wall=35.567h
  ep88 shard 7495/8600 loss=2.1e-05  best=-inf wall=35.573h
  ep88 shard 7496/8600 loss=3.2e-05  best=-inf wall=35.578h
  ep88 shard 7497/8600 loss=2.2e-05  best=-inf wall=35.583h
  ep88 shard 7498/8600 loss=3.1e-05  best=-inf wall=35.588h
  ep88 shard 7499/8600 loss=3.1e-05  best=-inf wall=35.593h
  ep88 shard 7500/8600 loss=2.8e-05  best=-inf wall=35.596h
  ep88 shard 7501/8600 loss=2.6e-05  best=-inf wall=35.601h
  ep88 shard 7502/8600 loss=3.6e-05  best=-inf wall=35.604h
  ep88 shard 7503/8600 loss=2.6e-05  best=-inf wall=35.61h
  ep88 shard 7504/8600 loss=3.5e-05  best=-inf wall=35.613h
  ep88 shard 7505/8600 loss=2.8e-05  best=-inf wall=35.618h
  ep88 shard 7506/8600 loss=2.6e-05  best=-inf wall=35.623h
  ep88 shard 7507/8600 loss=3.9e-05  best=-inf wall=35.629h
  ep88 shard 7508/8600 loss=2.8e-05  best=-inf wall=35.634h
  ep88 shard 7509/8600 loss=2.5e-05  best=-inf wall=35.639h
  ep88 shard 7510/8600 loss=3.7e-05  best=-inf wall=35.644h
  ep88 shard 7511/8600 loss=2.5e-05  best=-inf wall=35.649h
  ep88 shard 7512/8600 loss=3.7e-05  best=-inf wall=35.654h
  ep88 shard 7513/8600 loss=2.9e-05  best=-inf wall=35.657h
  ep88 shard 7514/8600 loss=3.7e-05  best=-inf wall=35.662h
  ep88 shard 7515/8600 loss=2.9e-05  best=-inf wall=35.668h
  ep88 shard 7516/8600 loss=2.6e-05  best=-inf wall=35.673h
  ep88 shard 7517/8600 loss=3e-05  best=-inf wall=35.678h
  ep88 shard 7518/8600 loss=2.4e-05  best=-inf wall=35.683h
  ep88 shard 7519/8600 loss=3.3e-05  best=-inf wall=35.688h
  ep88 shard 7520/8600 loss=3e-05  best=-inf wall=35.693h
  ep88 shard 7521/8600 loss=3.5e-05  best=-inf wall=35.699h
  ep88 shard 7522/8600 loss=2.9e-05  best=-inf wall=35.704h
  ep88 shard 7523/8600 loss=2.6e-05  best=-inf wall=35.709h
  ep88 shard 7524/8600 loss=3e-05  best=-inf wall=35.714h
  ep88 shard 7525/8600 loss=2.7e-05  best=-inf wall=35.72h
  ep88 shard 7526/8600 loss=2.5e-05  best=-inf wall=35.722h
  ep88 shard 7527/8600 loss=2.5e-05  best=-inf wall=35.727h
  ep88 shard 7528/8600 loss=2.7e-05  best=-inf wall=35.732h
  ep88 shard 7529/8600 loss=2.3e-05  best=-inf wall=35.737h
  ep88 shard 7530/8600 loss=2.7e-05  best=-inf wall=35.741h
  ep88 shard 7531/8600 loss=3e-05  best=-inf wall=35.745h
  ep88 shard 7532/8600 loss=2.7e-05  best=-inf wall=35.75h
  ep88 shard 7533/8600 loss=2.8e-05  best=-inf wall=35.753h
  ep88 shard 7534/8600 loss=3.5e-05  best=-inf wall=35.758h
  ep88 shard 7535/8600 loss=2.5e-05  best=-inf wall=35.764h
  ep88 shard 7536/8600 loss=2.6e-05  best=-inf wall=35.767h
  ep88 shard 7537/8600 loss=3.4e-05  best=-inf wall=35.768h
  ep88 shard 7538/8600 loss=2.6e-05  best=-inf wall=35.774h
  ep88 shard 7539/8600 loss=3.8e-05  best=-inf wall=35.775h
  ep88 shard 7540/8600 loss=3e-05  best=-inf wall=35.781h
  ep88 shard 7541/8600 loss=3.4e-05  best=-inf wall=35.786h
  ep88 shard 7542/8600 loss=3.7e-05  best=-inf wall=35.791h
  ep88 shard 7543/8600 loss=2.8e-05  best=-inf wall=35.795h
  ep88 shard 7544/8600 loss=3.1e-05  best=-inf wall=35.801h
  ep88 shard 7545/8600 loss=2.6e-05  best=-inf wall=35.806h
  ep88 shard 7546/8600 loss=3.4e-05  best=-inf wall=35.811h
  ep88 shard 7547/8600 loss=2.4e-05  best=-inf wall=35.816h
  ep88 shard 7548/8600 loss=3.5e-05  best=-inf wall=35.821h
  ep88 shard 7549/8600 loss=3e-05  best=-inf wall=35.826h
  ep88 shard 7550/8600 loss=2.2e-05  best=-inf wall=35.832h
  ep88 shard 7551/8600 loss=3.6e-05  best=-inf wall=35.837h
  ep88 shard 7552/8600 loss=1.8e-05  best=-inf wall=35.842h
  ep88 shard 7553/8600 loss=3.2e-05  best=-inf wall=35.847h
  ep88 shard 7554/8600 loss=2.9e-05  best=-inf wall=35.852h
  ep88 shard 7555/8600 loss=2.8e-05  best=-inf wall=35.858h
  ep88 shard 7556/8600 loss=4.6e-05  best=-inf wall=35.86h
  ep88 shard 7557/8600 loss=1.8e-05  best=-inf wall=35.866h
  ep88 shard 7558/8600 loss=2.8e-05  best=-inf wall=35.871h
  ep88 shard 7559/8600 loss=2.4e-05  best=-inf wall=35.876h
  ep88 shard 7560/8600 loss=3.4e-05  best=-inf wall=35.88h
  ep88 shard 7561/8600 loss=2.4e-05  best=-inf wall=35.884h
  ep88 shard 7562/8600 loss=2.8e-05  best=-inf wall=35.889h
  ep88 shard 7563/8600 loss=3.5e-05  best=-inf wall=35.894h
  ep88 shard 7564/8600 loss=2.6e-05  best=-inf wall=35.9h
  ep88 shard 7565/8600 loss=3.4e-05  best=-inf wall=35.904h
  ep88 shard 7566/8600 loss=3.4e-05  best=-inf wall=35.908h
  ep88 shard 7567/8600 loss=3.7e-05  best=-inf wall=35.914h
  ep88 shard 7568/8600 loss=2.4e-05  best=-inf wall=35.919h
  saved epoch checkpoint -> experiments/exp029-longrun/combined100/checkpoints/ep88.pt
  ep89 shard 7569/8600 loss=2.2e-05  best=-inf wall=35.924h
  ep89 shard 7570/8600 loss=3.2e-05  best=-inf wall=35.927h
  ep89 shard 7571/8600 loss=2.7e-05  best=-inf wall=35.932h
  ep89 shard 7572/8600 loss=2.8e-05  best=-inf wall=35.937h
  ep89 shard 7573/8600 loss=2.3e-05  best=-inf wall=35.943h
  ep89 shard 7574/8600 loss=3.2e-05  best=-inf wall=35.948h
  ep89 shard 7575/8600 loss=2.5e-05  best=-inf wall=35.95h
  ep89 shard 7576/8600 loss=4e-05  best=-inf wall=35.956h
  ep89 shard 7577/8600 loss=3.3e-05  best=-inf wall=35.961h
  ep89 shard 7578/8600 loss=3.2e-05  best=-inf wall=35.966h
  ep89 shard 7579/8600 loss=2.6e-05  best=-inf wall=35.972h
  ep89 shard 7580/8600 loss=4.5e-05  best=-inf wall=35.974h
  ep89 shard 7581/8600 loss=3.6e-05  best=-inf wall=35.979h
  ep89 shard 7582/8600 loss=2.8e-05  best=-inf wall=35.981h
  ep89 shard 7583/8600 loss=2.9e-05  best=-inf wall=35.986h
  ep89 shard 7584/8600 loss=3.1e-05  best=-inf wall=35.992h
  ep89 shard 7585/8600 loss=3.1e-05  best=-inf wall=35.997h
  ep89 shard 7586/8600 loss=2.8e-05  best=-inf wall=36.002h
  ep89 shard 7587/8600 loss=2.2e-05  best=-inf wall=36.007h
  ep89 shard 7588/8600 loss=2.9e-05  best=-inf wall=36.011h
  ep89 shard 7589/8600 loss=2.3e-05  best=-inf wall=36.016h
  ep89 shard 7590/8600 loss=2.9e-05  best=-inf wall=36.021h
  ep89 shard 7591/8600 loss=2.8e-05  best=-inf wall=36.026h
  ep89 shard 7592/8600 loss=2.3e-05  best=-inf wall=36.031h
  ep89 shard 7593/8600 loss=2.5e-05  best=-inf wall=36.036h
  ep89 shard 7594/8600 loss=2.7e-05  best=-inf wall=36.041h
  ep89 shard 7595/8600 loss=3.2e-05  best=-inf wall=36.044h
  ep89 shard 7596/8600 loss=3.1e-05  best=-inf wall=36.047h
  ep89 shard 7597/8600 loss=3.5e-05  best=-inf wall=36.052h
  ep89 shard 7598/8600 loss=3.1e-05  best=-inf wall=36.058h
  ep89 shard 7599/8600 loss=2.2e-05  best=-inf wall=36.063h
  ep89 shard 7600/8600 loss=3.3e-05  best=-inf wall=36.068h
  ep89 shard 7601/8600 loss=2.7e-05  best=-inf wall=36.073h
  ep89 shard 7602/8600 loss=4.2e-05  best=-inf wall=36.078h
  ep89 shard 7603/8600 loss=3.1e-05  best=-inf wall=36.083h
  ep89 shard 7604/8600 loss=2.8e-05  best=-inf wall=36.086h
  ep89 shard 7605/8600 loss=3e-05  best=-inf wall=36.091h
  ep89 shard 7606/8600 loss=3.3e-05  best=-inf wall=36.096h
  ep89 shard 7607/8600 loss=2.8e-05  best=-inf wall=36.099h
  ep89 shard 7608/8600 loss=3.4e-05  best=-inf wall=36.104h
  ep89 shard 7609/8600 loss=2.3e-05  best=-inf wall=36.106h
  ep89 shard 7610/8600 loss=3.4e-05  best=-inf wall=36.111h
  ep89 shard 7611/8600 loss=3.1e-05  best=-inf wall=36.116h
  ep89 shard 7612/8600 loss=2.8e-05  best=-inf wall=36.121h
  ep89 shard 7613/8600 loss=2.8e-05  best=-inf wall=36.127h
  ep89 shard 7614/8600 loss=3.1e-05  best=-inf wall=36.132h
  ep89 shard 7615/8600 loss=2.9e-05  best=-inf wall=36.136h
  ep89 shard 7616/8600 loss=3.3e-05  best=-inf wall=36.141h
  ep89 shard 7617/8600 loss=2.4e-05  best=-inf wall=36.146h
  ep89 shard 7618/8600 loss=3.2e-05  best=-inf wall=36.15h
  ep89 shard 7619/8600 loss=2.2e-05  best=-inf wall=36.156h
  ep89 shard 7620/8600 loss=3.3e-05  best=-inf wall=36.161h
  ep89 shard 7621/8600 loss=2.9e-05  best=-inf wall=36.166h
  ep89 shard 7622/8600 loss=3.3e-05  best=-inf wall=36.171h
  ep89 shard 7623/8600 loss=2.5e-05  best=-inf wall=36.177h
  ep89 shard 7624/8600 loss=3.7e-05  best=-inf wall=36.182h
  ep89 shard 7625/8600 loss=2.7e-05  best=-inf wall=36.187h
  ep89 shard 7626/8600 loss=3.1e-05  best=-inf wall=36.19h
  ep89 shard 7627/8600 loss=3.4e-05  best=-inf wall=36.195h
  ep89 shard 7628/8600 loss=2.3e-05  best=-inf wall=36.198h
  ep89 shard 7629/8600 loss=2.5e-05  best=-inf wall=36.202h
  ep89 shard 7630/8600 loss=3.5e-05  best=-inf wall=36.207h
  ep89 shard 7631/8600 loss=2.4e-05  best=-inf wall=36.213h
  ep89 shard 7632/8600 loss=3.4e-05  best=-inf wall=36.218h
  ep89 shard 7633/8600 loss=2.2e-05  best=-inf wall=36.223h
  ep89 shard 7634/8600 loss=2.2e-05  best=-inf wall=36.228h
  ep89 shard 7635/8600 loss=2.1e-05  best=-inf wall=36.233h
  ep89 shard 7636/8600 loss=3e-05  best=-inf wall=36.237h
  ep89 shard 7637/8600 loss=3.2e-05  best=-inf wall=36.243h
  ep89 shard 7638/8600 loss=3.9e-05  best=-inf wall=36.249h
  ep89 shard 7639/8600 loss=3.6e-05  best=-inf wall=36.259h
  ep89 shard 7640/8600 loss=3.2e-05  best=-inf wall=36.273h
  ep89 shard 7641/8600 loss=4.3e-05  best=-inf wall=36.282h
  ep89 shard 7642/8600 loss=2e-05  best=-inf wall=36.287h
  ep89 shard 7643/8600 loss=3.1e-05  best=-inf wall=36.289h
  ep89 shard 7644/8600 loss=3.6e-05  best=-inf wall=36.294h
  ep89 shard 7645/8600 loss=2.5e-05  best=-inf wall=36.299h
  ep89 shard 7646/8600 loss=3.1e-05  best=-inf wall=36.304h
  ep89 shard 7647/8600 loss=2.6e-05  best=-inf wall=36.309h
  ep89 shard 7648/8600 loss=2.5e-05  best=-inf wall=36.314h
  ep89 shard 7649/8600 loss=2.5e-05  best=-inf wall=36.317h
  ep89 shard 7650/8600 loss=2.6e-05  best=-inf wall=36.321h
  ep89 shard 7651/8600 loss=2.5e-05  best=-inf wall=36.326h
  ep89 shard 7652/8600 loss=2.3e-05  best=-inf wall=36.331h
  ep89 shard 7653/8600 loss=2.4e-05  best=-inf wall=36.336h
  ep89 shard 7654/8600 loss=2.8e-05  best=-inf wall=36.341h
  saved epoch checkpoint -> experiments/exp029-longrun/combined100/checkpoints/ep89.pt
  ep90 shard 7655/8600 loss=2.9e-05  best=-inf wall=36.343h
  ep90 shard 7656/8600 loss=3e-05  best=-inf wall=36.349h
  ep90 shard 7657/8600 loss=3e-05  best=-inf wall=36.354h
  ep90 shard 7658/8600 loss=2e-05  best=-inf wall=36.359h
  ep90 shard 7659/8600 loss=3e-05  best=-inf wall=36.364h
  ep90 shard 7660/8600 loss=3.8e-05  best=-inf wall=36.37h
  ep90 shard 7661/8600 loss=3.1e-05  best=-inf wall=36.375h
  ep90 shard 7662/8600 loss=2.9e-05  best=-inf wall=36.38h
  ep90 shard 7663/8600 loss=2.7e-05  best=-inf wall=36.385h
  ep90 shard 7664/8600 loss=2.6e-05  best=-inf wall=36.39h
  ep90 shard 7665/8600 loss=2.4e-05  best=-inf wall=36.395h
  ep90 shard 7666/8600 loss=2.5e-05  best=-inf wall=36.398h
  ep90 shard 7667/8600 loss=2.3e-05  best=-inf wall=36.403h
  ep90 shard 7668/8600 loss=2.7e-05  best=-inf wall=36.408h
  ep90 shard 7669/8600 loss=4.4e-05  best=-inf wall=36.414h
  ep90 shard 7670/8600 loss=2.4e-05  best=-inf wall=36.418h
  ep90 shard 7671/8600 loss=3.4e-05  best=-inf wall=36.425h
  ep90 shard 7672/8600 loss=2.7e-05  best=-inf wall=36.428h
  ep90 shard 7673/8600 loss=3.4e-05  best=-inf wall=36.434h
  ep90 shard 7674/8600 loss=2.4e-05  best=-inf wall=36.439h
  ep90 shard 7675/8600 loss=2.3e-05  best=-inf wall=36.444h
  ep90 shard 7676/8600 loss=2.5e-05  best=-inf wall=36.449h
  ep90 shard 7677/8600 loss=2.5e-05  best=-inf wall=36.454h
  ep90 shard 7678/8600 loss=3.1e-05  best=-inf wall=36.457h
  ep90 shard 7679/8600 loss=3.4e-05  best=-inf wall=36.462h
  ep90 shard 7680/8600 loss=2.8e-05  best=-inf wall=36.467h
  ep90 shard 7681/8600 loss=3.1e-05  best=-inf wall=36.471h
  ep90 shard 7682/8600 loss=2.2e-05  best=-inf wall=36.473h
  ep90 shard 7683/8600 loss=3.1e-05  best=-inf wall=36.477h
  ep90 shard 7684/8600 loss=2.6e-05  best=-inf wall=36.482h
  ep90 shard 7685/8600 loss=2.6e-05  best=-inf wall=36.485h
  ep90 shard 7686/8600 loss=3.8e-05  best=-inf wall=36.491h
  ep90 shard 7687/8600 loss=3e-05  best=-inf wall=36.496h
  ep90 shard 7688/8600 loss=2.4e-05  best=-inf wall=36.501h
  ep90 shard 7689/8600 loss=2.2e-05  best=-inf wall=36.506h
  ep90 shard 7690/8600 loss=2.5e-05  best=-inf wall=36.511h
  ep90 shard 7691/8600 loss=2.2e-05  best=-inf wall=36.515h
  ep90 shard 7692/8600 loss=2.7e-05  best=-inf wall=36.518h
  ep90 shard 7693/8600 loss=2.5e-05  best=-inf wall=36.522h
  ep90 shard 7694/8600 loss=4e-05  best=-inf wall=36.527h
  ep90 shard 7695/8600 loss=3.3e-05  best=-inf wall=36.531h
  ep90 shard 7696/8600 loss=2.6e-05  best=-inf wall=36.536h
  ep90 shard 7697/8600 loss=2.3e-05  best=-inf wall=36.542h
  ep90 shard 7698/8600 loss=2.8e-05  best=-inf wall=36.547h
  ep90 shard 7699/8600 loss=2.8e-05  best=-inf wall=36.552h
  ep90 shard 7700/8600 loss=2.7e-05  best=-inf wall=36.557h
  ep90 shard 7701/8600 loss=2.3e-05  best=-inf wall=36.563h
  ep90 shard 7702/8600 loss=2.8e-05  best=-inf wall=36.568h
  ep90 shard 7703/8600 loss=2.7e-05  best=-inf wall=36.57h
  ep90 shard 7704/8600 loss=2.9e-05  best=-inf wall=36.575h
  ep90 shard 7705/8600 loss=2.9e-05  best=-inf wall=36.58h
  ep90 shard 7706/8600 loss=2.5e-05  best=-inf wall=36.584h
  ep90 shard 7707/8600 loss=2.9e-05  best=-inf wall=36.589h
  ep90 shard 7708/8600 loss=2.8e-05  best=-inf wall=36.592h
  ep90 shard 7709/8600 loss=2.7e-05  best=-inf wall=36.598h
  ep90 shard 7710/8600 loss=2.3e-05  best=-inf wall=36.603h
  ep90 shard 7711/8600 loss=3.2e-05  best=-inf wall=36.608h
  ep90 shard 7712/8600 loss=2.7e-05  best=-inf wall=36.611h
  ep90 shard 7713/8600 loss=3.4e-05  best=-inf wall=36.616h
  ep90 shard 7714/8600 loss=3.3e-05  best=-inf wall=36.621h
  ep90 shard 7715/8600 loss=2.4e-05  best=-inf wall=36.626h
  ep90 shard 7716/8600 loss=2.6e-05  best=-inf wall=36.632h
  ep90 shard 7717/8600 loss=2.6e-05  best=-inf wall=36.637h
  ep90 shard 7718/8600 loss=2.2e-05  best=-inf wall=36.642h
  ep90 shard 7719/8600 loss=3.2e-05  best=-inf wall=36.647h
  ep90 shard 7720/8600 loss=2.8e-05  best=-inf wall=36.652h
  ep90 shard 7721/8600 loss=2.2e-05  best=-inf wall=36.657h
  ep90 shard 7722/8600 loss=3.3e-05  best=-inf wall=36.663h
  ep90 shard 7723/8600 loss=2.8e-05  best=-inf wall=36.666h
  ep90 shard 7724/8600 loss=2.4e-05  best=-inf wall=36.671h
  ep90 shard 7725/8600 loss=2.6e-05  best=-inf wall=36.676h
  ep90 shard 7726/8600 loss=3.6e-05  best=-inf wall=36.679h
  ep90 shard 7727/8600 loss=2.7e-05  best=-inf wall=36.684h
  ep90 shard 7728/8600 loss=2.5e-05  best=-inf wall=36.689h
  ep90 shard 7729/8600 loss=3.1e-05  best=-inf wall=36.694h
  ep90 shard 7730/8600 loss=3.7e-05  best=-inf wall=36.699h
  ep90 shard 7731/8600 loss=3.3e-05  best=-inf wall=36.704h
  ep90 shard 7732/8600 loss=3.1e-05  best=-inf wall=36.71h
  ep90 shard 7733/8600 loss=2.4e-05  best=-inf wall=36.715h
  ep90 shard 7734/8600 loss=3e-05  best=-inf wall=36.72h
  ep90 shard 7735/8600 loss=3.5e-05  best=-inf wall=36.725h
  ep90 shard 7736/8600 loss=2.3e-05  best=-inf wall=36.728h
  ep90 shard 7737/8600 loss=2.1e-05  best=-inf wall=36.732h
  ep90 shard 7738/8600 loss=2.8e-05  best=-inf wall=36.738h
  ep90 shard 7739/8600 loss=4.1e-05  best=-inf wall=36.743h
  ep90 shard 7740/8600 loss=3.1e-05  best=-inf wall=36.748h
  saved epoch checkpoint -> experiments/exp029-longrun/combined100/checkpoints/ep90.pt
  ep91 shard 7741/8600 loss=4e-05  best=-inf wall=36.753h
  ep91 shard 7742/8600 loss=2.2e-05  best=-inf wall=36.758h
  ep91 shard 7743/8600 loss=3.8e-05  best=-inf wall=36.764h
  ep91 shard 7744/8600 loss=2.4e-05  best=-inf wall=36.769h
  ep91 shard 7745/8600 loss=2.8e-05  best=-inf wall=36.77h
  ep91 shard 7746/8600 loss=3.5e-05  best=-inf wall=36.776h
  ep91 shard 7747/8600 loss=2.7e-05  best=-inf wall=36.781h
  ep91 shard 7748/8600 loss=2.1e-05  best=-inf wall=36.786h
  ep91 shard 7749/8600 loss=3.1e-05  best=-inf wall=36.791h
  ep91 shard 7750/8600 loss=2.5e-05  best=-inf wall=36.796h
  ep91 shard 7751/8600 loss=2.1e-05  best=-inf wall=36.802h
  ep91 shard 7752/8600 loss=2.9e-05  best=-inf wall=36.807h
  ep91 shard 7753/8600 loss=2.2e-05  best=-inf wall=36.812h
  ep91 shard 7754/8600 loss=2.7e-05  best=-inf wall=36.817h
  ep91 shard 7755/8600 loss=2.9e-05  best=-inf wall=36.82h
  ep91 shard 7756/8600 loss=2.9e-05  best=-inf wall=36.823h
  ep91 shard 7757/8600 loss=2.5e-05  best=-inf wall=36.829h
  ep91 shard 7758/8600 loss=2.6e-05  best=-inf wall=36.832h
  ep91 shard 7759/8600 loss=3.3e-05  best=-inf wall=36.837h
  ep91 shard 7760/8600 loss=1.9e-05  best=-inf wall=36.841h
  ep91 shard 7761/8600 loss=3.8e-05  best=-inf wall=36.847h
  ep91 shard 7762/8600 loss=2.7e-05  best=-inf wall=36.852h
  ep91 shard 7763/8600 loss=3.2e-05  best=-inf wall=36.857h
  ep91 shard 7764/8600 loss=2.6e-05  best=-inf wall=36.861h
  ep91 shard 7765/8600 loss=3.6e-05  best=-inf wall=36.866h
  ep91 shard 7766/8600 loss=3.5e-05  best=-inf wall=36.872h
  ep91 shard 7767/8600 loss=2.5e-05  best=-inf wall=36.877h
  ep91 shard 7768/8600 loss=2.8e-05  best=-inf wall=36.88h
  ep91 shard 7769/8600 loss=2.3e-05  best=-inf wall=36.885h
  ep91 shard 7770/8600 loss=2.7e-05  best=-inf wall=36.89h
  ep91 shard 7771/8600 loss=2.5e-05  best=-inf wall=36.896h
  ep91 shard 7772/8600 loss=2.3e-05  best=-inf wall=36.901h
  ep91 shard 7773/8600 loss=3e-05  best=-inf wall=36.905h
  ep91 shard 7774/8600 loss=3.2e-05  best=-inf wall=36.91h
  ep91 shard 7775/8600 loss=2.9e-05  best=-inf wall=36.914h
  ep91 shard 7776/8600 loss=2.9e-05  best=-inf wall=36.92h
  ep91 shard 7777/8600 loss=2.5e-05  best=-inf wall=36.925h
  ep91 shard 7778/8600 loss=2.6e-05  best=-inf wall=36.93h
  ep91 shard 7779/8600 loss=2.6e-05  best=-inf wall=36.935h
  ep91 shard 7780/8600 loss=2.6e-05  best=-inf wall=36.941h
  ep91 shard 7781/8600 loss=2.9e-05  best=-inf wall=36.946h
  ep91 shard 7782/8600 loss=3.5e-05  best=-inf wall=36.951h
  ep91 shard 7783/8600 loss=3.6e-05  best=-inf wall=36.956h
  ep91 shard 7784/8600 loss=2.8e-05  best=-inf wall=36.961h
  ep91 shard 7785/8600 loss=2.9e-05  best=-inf wall=36.966h
  ep91 shard 7786/8600 loss=2.8e-05  best=-inf wall=36.972h
  ep91 shard 7787/8600 loss=2.6e-05  best=-inf wall=36.975h
  ep91 shard 7788/8600 loss=3.2e-05  best=-inf wall=36.979h
  ep91 shard 7789/8600 loss=2.3e-05  best=-inf wall=36.984h
  ep91 shard 7790/8600 loss=2.7e-05  best=-inf wall=36.989h
  ep91 shard 7791/8600 loss=3.7e-05  best=-inf wall=36.993h
  ep91 shard 7792/8600 loss=3.5e-05  best=-inf wall=36.996h
  ep91 shard 7793/8600 loss=2.4e-05  best=-inf wall=37.002h
  ep91 shard 7794/8600 loss=2.6e-05  best=-inf wall=37.007h
  ep91 shard 7795/8600 loss=3.1e-05  best=-inf wall=37.012h
  ep91 shard 7796/8600 loss=3.1e-05  best=-inf wall=37.017h
  ep91 shard 7797/8600 loss=2.2e-05  best=-inf wall=37.022h
  ep91 shard 7798/8600 loss=4e-05  best=-inf wall=37.028h
  ep91 shard 7799/8600 loss=2.9e-05  best=-inf wall=37.03h
  ep91 shard 7800/8600 loss=3e-05  best=-inf wall=37.035h
  ep91 shard 7801/8600 loss=3.2e-05  best=-inf wall=37.041h
  ep91 shard 7802/8600 loss=3e-05  best=-inf wall=37.045h
  ep91 shard 7803/8600 loss=2.3e-05  best=-inf wall=37.05h
  ep91 shard 7804/8600 loss=2.7e-05  best=-inf wall=37.055h
  ep91 shard 7805/8600 loss=2.8e-05  best=-inf wall=37.06h
  ep91 shard 7806/8600 loss=3.4e-05  best=-inf wall=37.066h
  ep91 shard 7807/8600 loss=2.6e-05  best=-inf wall=37.07h
  ep91 shard 7808/8600 loss=2.5e-05  best=-inf wall=37.075h
  ep91 shard 7809/8600 loss=2.3e-05  best=-inf wall=37.08h
  ep91 shard 7810/8600 loss=2.5e-05  best=-inf wall=37.086h
  ep91 shard 7811/8600 loss=2.4e-05  best=-inf wall=37.088h
  ep91 shard 7812/8600 loss=4.1e-05  best=-inf wall=37.093h
  ep91 shard 7813/8600 loss=2.5e-05  best=-inf wall=37.098h
  ep91 shard 7814/8600 loss=2.6e-05  best=-inf wall=37.103h
  ep91 shard 7815/8600 loss=2.3e-05  best=-inf wall=37.109h
  ep91 shard 7816/8600 loss=2.9e-05  best=-inf wall=37.114h
  ep91 shard 7817/8600 loss=2.3e-05  best=-inf wall=37.118h
  ep91 shard 7818/8600 loss=2.5e-05  best=-inf wall=37.123h
  ep91 shard 7819/8600 loss=2.9e-05  best=-inf wall=37.128h
  ep91 shard 7820/8600 loss=3.3e-05  best=-inf wall=37.132h
  ep91 shard 7821/8600 loss=2.9e-05  best=-inf wall=37.135h
  ep91 shard 7822/8600 loss=3.2e-05  best=-inf wall=37.137h
  ep91 shard 7823/8600 loss=2.4e-05  best=-inf wall=37.142h
  ep91 shard 7824/8600 loss=2.7e-05  best=-inf wall=37.145h
  ep91 shard 7825/8600 loss=2.5e-05  best=-inf wall=37.15h
  ep91 shard 7826/8600 loss=2.4e-05  best=-inf wall=37.153h
  saved epoch checkpoint -> experiments/exp029-longrun/combined100/checkpoints/ep91.pt
  ep92 shard 7827/8600 loss=3.4e-05  best=-inf wall=37.158h
  ep92 shard 7828/8600 loss=3.4e-05  best=-inf wall=37.164h
  ep92 shard 7829/8600 loss=2.6e-05  best=-inf wall=37.168h
  ep92 shard 7830/8600 loss=3.5e-05  best=-inf wall=37.173h
  ep92 shard 7831/8600 loss=3.5e-05  best=-inf wall=37.177h
  ep92 shard 7832/8600 loss=2.2e-05  best=-inf wall=37.182h
  ep92 shard 7833/8600 loss=3.4e-05  best=-inf wall=37.187h
  ep92 shard 7834/8600 loss=2.7e-05  best=-inf wall=37.193h
  ep92 shard 7835/8600 loss=2.3e-05  best=-inf wall=37.198h
  ep92 shard 7836/8600 loss=2.6e-05  best=-inf wall=37.201h
  ep92 shard 7837/8600 loss=2.7e-05  best=-inf wall=37.205h
  ep92 shard 7838/8600 loss=2.1e-05  best=-inf wall=37.21h
  ep92 shard 7839/8600 loss=3.3e-05  best=-inf wall=37.215h
  ep92 shard 7840/8600 loss=2.8e-05  best=-inf wall=37.22h
  ep92 shard 7841/8600 loss=2.7e-05  best=-inf wall=37.225h
  ep92 shard 7842/8600 loss=2.3e-05  best=-inf wall=37.226h
  ep92 shard 7843/8600 loss=3.3e-05  best=-inf wall=37.231h
  ep92 shard 7844/8600 loss=3.3e-05  best=-inf wall=37.236h
  ep92 shard 7845/8600 loss=2.2e-05  best=-inf wall=37.241h
  ep92 shard 7846/8600 loss=2.3e-05  best=-inf wall=37.246h
  ep92 shard 7847/8600 loss=3.2e-05  best=-inf wall=37.251h
  ep92 shard 7848/8600 loss=2.2e-05  best=-inf wall=37.257h
  ep92 shard 7849/8600 loss=3e-05  best=-inf wall=37.262h
  ep92 shard 7850/8600 loss=2.9e-05  best=-inf wall=37.265h
  ep92 shard 7851/8600 loss=2.4e-05  best=-inf wall=37.27h
  ep92 shard 7852/8600 loss=2.5e-05  best=-inf wall=37.275h
  ep92 shard 7853/8600 loss=3.5e-05  best=-inf wall=37.28h
  ep92 shard 7854/8600 loss=3.2e-05  best=-inf wall=37.285h
  ep92 shard 7855/8600 loss=3.1e-05  best=-inf wall=37.289h
  ep92 shard 7856/8600 loss=3e-05  best=-inf wall=37.294h
  ep92 shard 7857/8600 loss=2.1e-05  best=-inf wall=37.3h
  ep92 shard 7858/8600 loss=2.9e-05  best=-inf wall=37.305h
  ep92 shard 7859/8600 loss=3.5e-05  best=-inf wall=37.31h
  ep92 shard 7860/8600 loss=2.9e-05  best=-inf wall=37.316h
  ep92 shard 7861/8600 loss=2.7e-05  best=-inf wall=37.321h
  ep92 shard 7862/8600 loss=2.5e-05  best=-inf wall=37.326h
  ep92 shard 7863/8600 loss=2.8e-05  best=-inf wall=37.331h
  ep92 shard 7864/8600 loss=3.2e-05  best=-inf wall=37.336h
  ep92 shard 7865/8600 loss=4e-05  best=-inf wall=37.342h
  ep92 shard 7866/8600 loss=3.3e-05  best=-inf wall=37.347h
  ep92 shard 7867/8600 loss=3e-05  best=-inf wall=37.352h
  ep92 shard 7868/8600 loss=2.3e-05  best=-inf wall=37.357h
  ep92 shard 7869/8600 loss=2.5e-05  best=-inf wall=37.362h
  ep92 shard 7870/8600 loss=3e-05  best=-inf wall=37.368h
  ep92 shard 7871/8600 loss=3.1e-05  best=-inf wall=37.373h
  ep92 shard 7872/8600 loss=3e-05  best=-inf wall=37.374h
  ep92 shard 7873/8600 loss=2.3e-05  best=-inf wall=37.379h
  ep92 shard 7874/8600 loss=2.7e-05  best=-inf wall=37.384h
  ep92 shard 7875/8600 loss=2.7e-05  best=-inf wall=37.389h
  ep92 shard 7876/8600 loss=2.9e-05  best=-inf wall=37.394h
  ep92 shard 7877/8600 loss=2.9e-05  best=-inf wall=37.399h
  ep92 shard 7878/8600 loss=2.9e-05  best=-inf wall=37.405h
  ep92 shard 7879/8600 loss=2.7e-05  best=-inf wall=37.41h
  ep92 shard 7880/8600 loss=3.3e-05  best=-inf wall=37.415h
  ep92 shard 7881/8600 loss=1.9e-05  best=-inf wall=37.42h
  ep92 shard 7882/8600 loss=2.5e-05  best=-inf wall=37.425h
  ep92 shard 7883/8600 loss=3.4e-05  best=-inf wall=37.428h
  ep92 shard 7884/8600 loss=3.3e-05  best=-inf wall=37.431h
  ep92 shard 7885/8600 loss=2.7e-05  best=-inf wall=37.434h
  ep92 shard 7886/8600 loss=3.5e-05  best=-inf wall=37.439h
  ep92 shard 7887/8600 loss=2.9e-05  best=-inf wall=37.445h
  ep92 shard 7888/8600 loss=3.2e-05  best=-inf wall=37.45h
  ep92 shard 7889/8600 loss=3.2e-05  best=-inf wall=37.453h
  ep92 shard 7890/8600 loss=3e-05  best=-inf wall=37.456h
  ep92 shard 7891/8600 loss=2.9e-05  best=-inf wall=37.46h
  ep92 shard 7892/8600 loss=3.4e-05  best=-inf wall=37.465h
  ep92 shard 7893/8600 loss=2.4e-05  best=-inf wall=37.468h
  ep92 shard 7894/8600 loss=3.5e-05  best=-inf wall=37.471h
  ep92 shard 7895/8600 loss=3.8e-05  best=-inf wall=37.476h
  ep92 shard 7896/8600 loss=2.8e-05  best=-inf wall=37.482h
  ep92 shard 7897/8600 loss=2.4e-05  best=-inf wall=37.487h
  ep92 shard 7898/8600 loss=3.5e-05  best=-inf wall=37.492h
  ep92 shard 7899/8600 loss=2.2e-05  best=-inf wall=37.497h
  ep92 shard 7900/8600 loss=3e-05  best=-inf wall=37.502h
  ep92 shard 7901/8600 loss=3.1e-05  best=-inf wall=37.505h
  ep92 shard 7902/8600 loss=2.2e-05  best=-inf wall=37.51h
  ep92 shard 7903/8600 loss=3.8e-05  best=-inf wall=37.515h
  ep92 shard 7904/8600 loss=3.1e-05  best=-inf wall=37.517h
  ep92 shard 7905/8600 loss=3.1e-05  best=-inf wall=37.522h
  ep92 shard 7906/8600 loss=3e-05  best=-inf wall=37.527h
  ep92 shard 7907/8600 loss=2.6e-05  best=-inf wall=37.532h
  ep92 shard 7908/8600 loss=2.7e-05  best=-inf wall=37.537h
  ep92 shard 7909/8600 loss=2.6e-05  best=-inf wall=37.542h
  ep92 shard 7910/8600 loss=3.5e-05  best=-inf wall=37.547h
  ep92 shard 7911/8600 loss=2.9e-05  best=-inf wall=37.553h
  ep92 shard 7912/8600 loss=2.4e-05  best=-inf wall=37.558h
  saved epoch checkpoint -> experiments/exp029-longrun/combined100/checkpoints/ep92.pt
  ep93 shard 7913/8600 loss=2e-05  best=-inf wall=37.563h
  ep93 shard 7914/8600 loss=2.7e-05  best=-inf wall=37.566h
  ep93 shard 7915/8600 loss=3e-05  best=-inf wall=37.571h
  ep93 shard 7916/8600 loss=2.6e-05  best=-inf wall=37.576h
  ep93 shard 7917/8600 loss=2.5e-05  best=-inf wall=37.582h
  ep93 shard 7918/8600 loss=3.2e-05  best=-inf wall=37.587h
  ep93 shard 7919/8600 loss=2.1e-05  best=-inf wall=37.59h
  ep93 shard 7920/8600 loss=2.4e-05  best=-inf wall=37.595h
  ep93 shard 7921/8600 loss=3.7e-05  best=-inf wall=37.6h
  ep93 shard 7922/8600 loss=3.1e-05  best=-inf wall=37.605h
  ep93 shard 7923/8600 loss=2.6e-05  best=-inf wall=37.611h
  ep93 shard 7924/8600 loss=2.8e-05  best=-inf wall=37.615h
  ep93 shard 7925/8600 loss=3.3e-05  best=-inf wall=37.62h
  ep93 shard 7926/8600 loss=2.9e-05  best=-inf wall=37.625h
  ep93 shard 7927/8600 loss=3.2e-05  best=-inf wall=37.63h
  ep93 shard 7928/8600 loss=3.6e-05  best=-inf wall=37.636h
  ep93 shard 7929/8600 loss=2.7e-05  best=-inf wall=37.641h
  ep93 shard 7930/8600 loss=3e-05  best=-inf wall=37.646h
  ep93 shard 7931/8600 loss=3e-05  best=-inf wall=37.648h
  ep93 shard 7932/8600 loss=2.5e-05  best=-inf wall=37.652h
  ep93 shard 7933/8600 loss=2.7e-05  best=-inf wall=37.654h
  ep93 shard 7934/8600 loss=2.8e-05  best=-inf wall=37.66h
  ep93 shard 7935/8600 loss=2.4e-05  best=-inf wall=37.664h
  ep93 shard 7936/8600 loss=3.4e-05  best=-inf wall=37.668h
  ep93 shard 7937/8600 loss=2.5e-05  best=-inf wall=37.672h
  ep93 shard 7938/8600 loss=2.3e-05  best=-inf wall=37.678h
  ep93 shard 7939/8600 loss=2.9e-05  best=-inf wall=37.683h
  ep93 shard 7940/8600 loss=3.5e-05  best=-inf wall=37.688h
  ep93 shard 7941/8600 loss=2.7e-05  best=-inf wall=37.693h
  ep93 shard 7942/8600 loss=2.2e-05  best=-inf wall=37.696h
  ep93 shard 7943/8600 loss=3e-05  best=-inf wall=37.697h
  ep93 shard 7944/8600 loss=2.4e-05  best=-inf wall=37.703h
  ep93 shard 7945/8600 loss=3.2e-05  best=-inf wall=37.708h
  ep93 shard 7946/8600 loss=2.2e-05  best=-inf wall=37.714h
  ep93 shard 7947/8600 loss=3e-05  best=-inf wall=37.719h
  ep93 shard 7948/8600 loss=2.6e-05  best=-inf wall=37.724h
  ep93 shard 7949/8600 loss=3.1e-05  best=-inf wall=37.728h
  ep93 shard 7950/8600 loss=3.4e-05  best=-inf wall=37.733h
  ep93 shard 7951/8600 loss=3.5e-05  best=-inf wall=37.738h
  ep93 shard 7952/8600 loss=2.8e-05  best=-inf wall=37.743h
  ep93 shard 7953/8600 loss=2.6e-05  best=-inf wall=37.749h
  ep93 shard 7954/8600 loss=3.2e-05  best=-inf wall=37.754h
  ep93 shard 7955/8600 loss=3.3e-05  best=-inf wall=37.755h
  ep93 shard 7956/8600 loss=2.5e-05  best=-inf wall=37.758h
  ep93 shard 7957/8600 loss=2.7e-05  best=-inf wall=37.764h
  ep93 shard 7958/8600 loss=2.8e-05  best=-inf wall=37.769h
  ep93 shard 7959/8600 loss=2.5e-05  best=-inf wall=37.774h
  ep93 shard 7960/8600 loss=3.1e-05  best=-inf wall=37.779h
  ep93 shard 7961/8600 loss=2.5e-05  best=-inf wall=37.785h
  ep93 shard 7962/8600 loss=3.7e-05  best=-inf wall=37.79h
  ep93 shard 7963/8600 loss=2.3e-05  best=-inf wall=37.793h
  ep93 shard 7964/8600 loss=3.1e-05  best=-inf wall=37.798h
  ep93 shard 7965/8600 loss=1.8e-05  best=-inf wall=37.803h
  ep93 shard 7966/8600 loss=2.7e-05  best=-inf wall=37.806h
  ep93 shard 7967/8600 loss=3.4e-05  best=-inf wall=37.811h
  ep93 shard 7968/8600 loss=3.1e-05  best=-inf wall=37.816h
  ep93 shard 7969/8600 loss=2.9e-05  best=-inf wall=37.822h
  ep93 shard 7970/8600 loss=2e-05  best=-inf wall=37.827h
  ep93 shard 7971/8600 loss=2.2e-05  best=-inf wall=37.832h
  ep93 shard 7972/8600 loss=3e-05  best=-inf wall=37.837h
  ep93 shard 7973/8600 loss=2.7e-05  best=-inf wall=37.841h
  ep93 shard 7974/8600 loss=2.6e-05  best=-inf wall=37.846h
  ep93 shard 7975/8600 loss=3e-05  best=-inf wall=37.852h
  ep93 shard 7976/8600 loss=4.4e-05  best=-inf wall=37.857h
  ep93 shard 7977/8600 loss=3.7e-05  best=-inf wall=37.862h
  ep93 shard 7978/8600 loss=3.3e-05  best=-inf wall=37.865h
  ep93 shard 7979/8600 loss=3e-05  best=-inf wall=37.87h
  ep93 shard 7980/8600 loss=2.7e-05  best=-inf wall=37.876h
  ep93 shard 7981/8600 loss=3e-05  best=-inf wall=37.881h
  ep93 shard 7982/8600 loss=2.9e-05  best=-inf wall=37.886h
  ep93 shard 7983/8600 loss=3e-05  best=-inf wall=37.89h
  ep93 shard 7984/8600 loss=2.1e-05  best=-inf wall=37.894h
  ep93 shard 7985/8600 loss=2.3e-05  best=-inf wall=37.899h
  ep93 shard 7986/8600 loss=3.1e-05  best=-inf wall=37.904h
  ep93 shard 7987/8600 loss=2.5e-05  best=-inf wall=37.91h
  ep93 shard 7988/8600 loss=3e-05  best=-inf wall=37.915h
  ep93 shard 7989/8600 loss=2.5e-05  best=-inf wall=37.92h
  ep93 shard 7990/8600 loss=2.6e-05  best=-inf wall=37.923h
  ep93 shard 7991/8600 loss=2.6e-05  best=-inf wall=37.928h
  ep93 shard 7992/8600 loss=3.6e-05  best=-inf wall=37.933h
  ep93 shard 7993/8600 loss=2.8e-05  best=-inf wall=37.938h
  ep93 shard 7994/8600 loss=2.7e-05  best=-inf wall=37.943h
  ep93 shard 7995/8600 loss=2e-05  best=-inf wall=37.949h
  ep93 shard 7996/8600 loss=2.5e-05  best=-inf wall=37.952h
  ep93 shard 7997/8600 loss=3.4e-05  best=-inf wall=37.957h
  ep93 shard 7998/8600 loss=3.9e-05  best=-inf wall=37.962h
  saved epoch checkpoint -> experiments/exp029-longrun/combined100/checkpoints/ep93.pt
  ep94 shard 7999/8600 loss=2.7e-05  best=-inf wall=37.967h
  ep94 shard 8000/8600 loss=2.6e-05  best=-inf wall=37.973h
  ep94 shard 8001/8600 loss=3e-05  best=-inf wall=37.978h
  ep94 shard 8002/8600 loss=2.9e-05  best=-inf wall=37.981h
  ep94 shard 8003/8600 loss=2.9e-05  best=-inf wall=37.986h
  ep94 shard 8004/8600 loss=2.9e-05  best=-inf wall=37.991h
  ep94 shard 8005/8600 loss=2.7e-05  best=-inf wall=37.995h
  ep94 shard 8006/8600 loss=3e-05  best=-inf wall=38.0h
  ep94 shard 8007/8600 loss=2.1e-05  best=-inf wall=38.003h
  ep94 shard 8008/8600 loss=3.4e-05  best=-inf wall=38.008h
  ep94 shard 8009/8600 loss=2.8e-05  best=-inf wall=38.012h
  ep94 shard 8010/8600 loss=2.8e-05  best=-inf wall=38.017h
  ep94 shard 8011/8600 loss=2.5e-05  best=-inf wall=38.022h
  ep94 shard 8012/8600 loss=1.8e-05  best=-inf wall=38.027h
  ep94 shard 8013/8600 loss=2.9e-05  best=-inf wall=38.032h
  ep94 shard 8014/8600 loss=2.6e-05  best=-inf wall=38.036h
  ep94 shard 8015/8600 loss=3.1e-05  best=-inf wall=38.041h
  ep94 shard 8016/8600 loss=3.1e-05  best=-inf wall=38.047h
  ep94 shard 8017/8600 loss=3.4e-05  best=-inf wall=38.048h
  ep94 shard 8018/8600 loss=2.9e-05  best=-inf wall=38.054h
  ep94 shard 8019/8600 loss=2.7e-05  best=-inf wall=38.059h
  ep94 shard 8020/8600 loss=2.6e-05  best=-inf wall=38.064h
  ep94 shard 8021/8600 loss=2.4e-05  best=-inf wall=38.068h
  ep94 shard 8022/8600 loss=2.5e-05  best=-inf wall=38.073h
  ep94 shard 8023/8600 loss=2.9e-05  best=-inf wall=38.077h
  ep94 shard 8024/8600 loss=2.7e-05  best=-inf wall=38.083h
  ep94 shard 8025/8600 loss=2.6e-05  best=-inf wall=38.088h
  ep94 shard 8026/8600 loss=2.5e-05  best=-inf wall=38.093h
  ep94 shard 8027/8600 loss=2.9e-05  best=-inf wall=38.098h
  ep94 shard 8028/8600 loss=2.9e-05  best=-inf wall=38.103h
  ep94 shard 8029/8600 loss=3.3e-05  best=-inf wall=38.106h
  ep94 shard 8030/8600 loss=3e-05  best=-inf wall=38.111h
  ep94 shard 8031/8600 loss=3.1e-05  best=-inf wall=38.116h
  ep94 shard 8032/8600 loss=2.5e-05  best=-inf wall=38.122h
  ep94 shard 8033/8600 loss=3e-05  best=-inf wall=38.126h
  ep94 shard 8034/8600 loss=2.3e-05  best=-inf wall=38.13h
  ep94 shard 8035/8600 loss=2.5e-05  best=-inf wall=38.135h
  ep94 shard 8036/8600 loss=2.6e-05  best=-inf wall=38.14h
  ep94 shard 8037/8600 loss=3.5e-05  best=-inf wall=38.145h
  ep94 shard 8038/8600 loss=2.2e-05  best=-inf wall=38.149h
  ep94 shard 8039/8600 loss=3e-05  best=-inf wall=38.154h
  ep94 shard 8040/8600 loss=3.3e-05  best=-inf wall=38.159h
  ep94 shard 8041/8600 loss=2.6e-05  best=-inf wall=38.164h
  ep94 shard 8042/8600 loss=2.5e-05  best=-inf wall=38.169h
  ep94 shard 8043/8600 loss=2.5e-05  best=-inf wall=38.175h
  ep94 shard 8044/8600 loss=2.7e-05  best=-inf wall=38.179h
  ep94 shard 8045/8600 loss=2.4e-05  best=-inf wall=38.182h
  ep94 shard 8046/8600 loss=3.2e-05  best=-inf wall=38.187h
  ep94 shard 8047/8600 loss=2.7e-05  best=-inf wall=38.19h
  ep94 shard 8048/8600 loss=3e-05  best=-inf wall=38.195h
  ep94 shard 8049/8600 loss=3.3e-05  best=-inf wall=38.2h
  ep94 shard 8050/8600 loss=2.7e-05  best=-inf wall=38.205h
  ep94 shard 8051/8600 loss=2.5e-05  best=-inf wall=38.211h
  ep94 shard 8052/8600 loss=2.5e-05  best=-inf wall=38.216h
  ep94 shard 8053/8600 loss=2.6e-05  best=-inf wall=38.221h
  ep94 shard 8054/8600 loss=2.7e-05  best=-inf wall=38.226h
  ep94 shard 8055/8600 loss=3.5e-05  best=-inf wall=38.228h
  ep94 shard 8056/8600 loss=2.8e-05  best=-inf wall=38.234h
  ep94 shard 8057/8600 loss=2.4e-05  best=-inf wall=38.238h
  ep94 shard 8058/8600 loss=3e-05  best=-inf wall=38.243h
  ep94 shard 8059/8600 loss=3.1e-05  best=-inf wall=38.248h
  ep94 shard 8060/8600 loss=3.2e-05  best=-inf wall=38.251h
  ep94 shard 8061/8600 loss=2.2e-05  best=-inf wall=38.253h
  ep94 shard 8062/8600 loss=3.4e-05  best=-inf wall=38.258h
  ep94 shard 8063/8600 loss=2.7e-05  best=-inf wall=38.263h
  ep94 shard 8064/8600 loss=3.4e-05  best=-inf wall=38.268h
  ep94 shard 8065/8600 loss=3.1e-05  best=-inf wall=38.273h
  ep94 shard 8066/8600 loss=3e-05  best=-inf wall=38.279h
  ep94 shard 8067/8600 loss=2.2e-05  best=-inf wall=38.284h
  ep94 shard 8068/8600 loss=2.4e-05  best=-inf wall=38.289h
  ep94 shard 8069/8600 loss=2.8e-05  best=-inf wall=38.295h
  ep94 shard 8070/8600 loss=2.7e-05  best=-inf wall=38.3h
  ep94 shard 8071/8600 loss=2.9e-05  best=-inf wall=38.305h
  ep94 shard 8072/8600 loss=2.8e-05  best=-inf wall=38.307h
  ep94 shard 8073/8600 loss=3e-05  best=-inf wall=38.312h
  ep94 shard 8074/8600 loss=3.1e-05  best=-inf wall=38.317h
  ep94 shard 8075/8600 loss=3.3e-05  best=-inf wall=38.322h
  ep94 shard 8076/8600 loss=2.8e-05  best=-inf wall=38.328h
  ep94 shard 8077/8600 loss=2.9e-05  best=-inf wall=38.333h
  ep94 shard 8078/8600 loss=2.7e-05  best=-inf wall=38.338h
  ep94 shard 8079/8600 loss=3.3e-05  best=-inf wall=38.343h
  ep94 shard 8080/8600 loss=2.5e-05  best=-inf wall=38.348h
  ep94 shard 8081/8600 loss=2.6e-05  best=-inf wall=38.353h
  ep94 shard 8082/8600 loss=3.3e-05  best=-inf wall=38.356h
  ep94 shard 8083/8600 loss=2.7e-05  best=-inf wall=38.362h
  ep94 shard 8084/8600 loss=2.1e-05  best=-inf wall=38.367h
  saved epoch checkpoint -> experiments/exp029-longrun/combined100/checkpoints/ep94.pt
  ep95 shard 8085/8600 loss=2.7e-05  best=-inf wall=38.372h
  ep95 shard 8086/8600 loss=3.3e-05  best=-inf wall=38.377h
  ep95 shard 8087/8600 loss=3.2e-05  best=-inf wall=38.382h
  ep95 shard 8088/8600 loss=2.5e-05  best=-inf wall=38.387h
  ep95 shard 8089/8600 loss=2.7e-05  best=-inf wall=38.392h
  ep95 shard 8090/8600 loss=3.1e-05  best=-inf wall=38.398h
  ep95 shard 8091/8600 loss=2.4e-05  best=-inf wall=38.403h
  ep95 shard 8092/8600 loss=2.5e-05  best=-inf wall=38.408h
  ep95 shard 8093/8600 loss=3e-05  best=-inf wall=38.413h
  ep95 shard 8094/8600 loss=2.5e-05  best=-inf wall=38.418h
  ep95 shard 8095/8600 loss=3.5e-05  best=-inf wall=38.423h
  ep95 shard 8096/8600 loss=2.7e-05  best=-inf wall=38.426h
  ep95 shard 8097/8600 loss=2.7e-05  best=-inf wall=38.431h
  ep95 shard 8098/8600 loss=2.2e-05  best=-inf wall=38.435h
  ep95 shard 8099/8600 loss=2.8e-05  best=-inf wall=38.44h
  ep95 shard 8100/8600 loss=3.4e-05  best=-inf wall=38.446h
  ep95 shard 8101/8600 loss=3e-05  best=-inf wall=38.449h
  ep95 shard 8102/8600 loss=2.6e-05  best=-inf wall=38.454h
  ep95 shard 8103/8600 loss=2.5e-05  best=-inf wall=38.459h
  ep95 shard 8104/8600 loss=2.9e-05  best=-inf wall=38.464h
  ep95 shard 8105/8600 loss=2.2e-05  best=-inf wall=38.47h
  ep95 shard 8106/8600 loss=2.9e-05  best=-inf wall=38.475h
  ep95 shard 8107/8600 loss=3e-05  best=-inf wall=38.48h
  ep95 shard 8108/8600 loss=4.1e-05  best=-inf wall=38.483h
  ep95 shard 8109/8600 loss=2.4e-05  best=-inf wall=38.488h
  ep95 shard 8110/8600 loss=2.9e-05  best=-inf wall=38.492h
  ep95 shard 8111/8600 loss=2.4e-05  best=-inf wall=38.498h
  ep95 shard 8112/8600 loss=2.6e-05  best=-inf wall=38.503h
  ep95 shard 8113/8600 loss=3.3e-05  best=-inf wall=38.507h
  ep95 shard 8114/8600 loss=3e-05  best=-inf wall=38.51h
  ep95 shard 8115/8600 loss=3.1e-05  best=-inf wall=38.515h
  ep95 shard 8116/8600 loss=2.9e-05  best=-inf wall=38.518h
  ep95 shard 8117/8600 loss=3e-05  best=-inf wall=38.523h
  ep95 shard 8118/8600 loss=3.4e-05  best=-inf wall=38.528h
  ep95 shard 8119/8600 loss=2.4e-05  best=-inf wall=38.534h
  ep95 shard 8120/8600 loss=3e-05  best=-inf wall=38.539h
  ep95 shard 8121/8600 loss=2.6e-05  best=-inf wall=38.544h
  ep95 shard 8122/8600 loss=3.9e-05  best=-inf wall=38.549h
  ep95 shard 8123/8600 loss=2.9e-05  best=-inf wall=38.554h
  ep95 shard 8124/8600 loss=2.7e-05  best=-inf wall=38.559h
  ep95 shard 8125/8600 loss=1.8e-05  best=-inf wall=38.565h
  ep95 shard 8126/8600 loss=2.4e-05  best=-inf wall=38.57h
  ep95 shard 8127/8600 loss=3.3e-05  best=-inf wall=38.575h
  ep95 shard 8128/8600 loss=2.4e-05  best=-inf wall=38.58h
  ep95 shard 8129/8600 loss=3.6e-05  best=-inf wall=38.585h
  ep95 shard 8130/8600 loss=2.3e-05  best=-inf wall=38.591h
  ep95 shard 8131/8600 loss=2.2e-05  best=-inf wall=38.596h
  ep95 shard 8132/8600 loss=3e-05  best=-inf wall=38.601h
  ep95 shard 8133/8600 loss=2.9e-05  best=-inf wall=38.605h
  ep95 shard 8134/8600 loss=3.6e-05  best=-inf wall=38.61h
  ep95 shard 8135/8600 loss=2.7e-05  best=-inf wall=38.613h
  ep95 shard 8136/8600 loss=2.8e-05  best=-inf wall=38.618h
  ep95 shard 8137/8600 loss=2.9e-05  best=-inf wall=38.623h
  ep95 shard 8138/8600 loss=2.8e-05  best=-inf wall=38.626h
  ep95 shard 8139/8600 loss=2.3e-05  best=-inf wall=38.631h
  ep95 shard 8140/8600 loss=3.7e-05  best=-inf wall=38.637h
  ep95 shard 8141/8600 loss=2.1e-05  best=-inf wall=38.642h
  ep95 shard 8142/8600 loss=3.1e-05  best=-inf wall=38.647h
  ep95 shard 8143/8600 loss=3.1e-05  best=-inf wall=38.652h
  ep95 shard 8144/8600 loss=2.9e-05  best=-inf wall=38.655h
  ep95 shard 8145/8600 loss=3.5e-05  best=-inf wall=38.657h
  ep95 shard 8146/8600 loss=3e-05  best=-inf wall=38.659h
  ep95 shard 8147/8600 loss=2.6e-05  best=-inf wall=38.663h
  ep95 shard 8148/8600 loss=3.1e-05  best=-inf wall=38.668h
  ep95 shard 8149/8600 loss=3.1e-05  best=-inf wall=38.673h
  ep95 shard 8150/8600 loss=4.4e-05  best=-inf wall=38.679h
  ep95 shard 8151/8600 loss=2.9e-05  best=-inf wall=38.682h
  ep95 shard 8152/8600 loss=3.3e-05  best=-inf wall=38.687h
  ep95 shard 8153/8600 loss=2.6e-05  best=-inf wall=38.692h
  ep95 shard 8154/8600 loss=3.1e-05  best=-inf wall=38.697h
  ep95 shard 8155/8600 loss=2.2e-05  best=-inf wall=38.702h
  ep95 shard 8156/8600 loss=2.7e-05  best=-inf wall=38.707h
  ep95 shard 8157/8600 loss=2.8e-05  best=-inf wall=38.713h
  ep95 shard 8158/8600 loss=2.3e-05  best=-inf wall=38.716h
  ep95 shard 8159/8600 loss=2.7e-05  best=-inf wall=38.721h
  ep95 shard 8160/8600 loss=2.9e-05  best=-inf wall=38.726h
  ep95 shard 8161/8600 loss=2.3e-05  best=-inf wall=38.731h
  ep95 shard 8162/8600 loss=2.2e-05  best=-inf wall=38.737h
  ep95 shard 8163/8600 loss=3e-05  best=-inf wall=38.741h
  ep95 shard 8164/8600 loss=2.2e-05  best=-inf wall=38.746h
  ep95 shard 8165/8600 loss=3.7e-05  best=-inf wall=38.751h
  ep95 shard 8166/8600 loss=2.6e-05  best=-inf wall=38.756h
  ep95 shard 8167/8600 loss=2.6e-05  best=-inf wall=38.76h
  ep95 shard 8168/8600 loss=3e-05  best=-inf wall=38.766h
  ep95 shard 8169/8600 loss=2.1e-05  best=-inf wall=38.77h
  ep95 shard 8170/8600 loss=2.5e-05  best=-inf wall=38.771h
  saved epoch checkpoint -> experiments/exp029-longrun/combined100/checkpoints/ep95.pt
  ep96 shard 8171/8600 loss=3.4e-05  best=-inf wall=38.777h
  ep96 shard 8172/8600 loss=3.1e-05  best=-inf wall=38.779h
  ep96 shard 8173/8600 loss=2.8e-05  best=-inf wall=38.784h
  ep96 shard 8174/8600 loss=3.3e-05  best=-inf wall=38.789h
  ep96 shard 8175/8600 loss=2.7e-05  best=-inf wall=38.794h
  ep96 shard 8176/8600 loss=2.9e-05  best=-inf wall=38.799h
  ep96 shard 8177/8600 loss=2.5e-05  best=-inf wall=38.803h
  ep96 shard 8178/8600 loss=2.4e-05  best=-inf wall=38.808h
  ep96 shard 8179/8600 loss=3.5e-05  best=-inf wall=38.813h
  ep96 shard 8180/8600 loss=2.2e-05  best=-inf wall=38.818h
  ep96 shard 8181/8600 loss=2.1e-05  best=-inf wall=38.82h
  ep96 shard 8182/8600 loss=2.8e-05  best=-inf wall=38.822h
  ep96 shard 8183/8600 loss=2.5e-05  best=-inf wall=38.824h
  ep96 shard 8184/8600 loss=3e-05  best=-inf wall=38.829h
  ep96 shard 8185/8600 loss=2.3e-05  best=-inf wall=38.834h
  ep96 shard 8186/8600 loss=2.2e-05  best=-inf wall=38.839h
  ep96 shard 8187/8600 loss=2.3e-05  best=-inf wall=38.845h
  ep96 shard 8188/8600 loss=3.6e-05  best=-inf wall=38.85h
  ep96 shard 8189/8600 loss=3.1e-05  best=-inf wall=38.855h
  ep96 shard 8190/8600 loss=2.8e-05  best=-inf wall=38.86h
  ep96 shard 8191/8600 loss=2.7e-05  best=-inf wall=38.863h
  ep96 shard 8192/8600 loss=2.6e-05  best=-inf wall=38.868h
  ep96 shard 8193/8600 loss=3.5e-05  best=-inf wall=38.874h
  ep96 shard 8194/8600 loss=2.2e-05  best=-inf wall=38.879h
  ep96 shard 8195/8600 loss=3.2e-05  best=-inf wall=38.884h
  ep96 shard 8196/8600 loss=3.1e-05  best=-inf wall=38.888h
  ep96 shard 8197/8600 loss=2.9e-05  best=-inf wall=38.893h
  ep96 shard 8198/8600 loss=2.2e-05  best=-inf wall=38.896h
  ep96 shard 8199/8600 loss=2.8e-05  best=-inf wall=38.901h
  ep96 shard 8200/8600 loss=2.7e-05  best=-inf wall=38.904h
  ep96 shard 8201/8600 loss=3.1e-05  best=-inf wall=38.909h
  ep96 shard 8202/8600 loss=3e-05  best=-inf wall=38.913h
  ep96 shard 8203/8600 loss=2.9e-05  best=-inf wall=38.917h
  ep96 shard 8204/8600 loss=2.6e-05  best=-inf wall=38.922h
  ep96 shard 8205/8600 loss=4.6e-05  best=-inf wall=38.927h
  ep96 shard 8206/8600 loss=2.2e-05  best=-inf wall=38.932h
  ep96 shard 8207/8600 loss=3.8e-05  best=-inf wall=38.937h
  ep96 shard 8208/8600 loss=2.7e-05  best=-inf wall=38.942h
  ep96 shard 8209/8600 loss=3.3e-05  best=-inf wall=38.947h
  ep96 shard 8210/8600 loss=2.8e-05  best=-inf wall=38.952h
  ep96 shard 8211/8600 loss=4.2e-05  best=-inf wall=38.957h
  ep96 shard 8212/8600 loss=3.3e-05  best=-inf wall=38.963h
  ep96 shard 8213/8600 loss=3.4e-05  best=-inf wall=38.968h
  ep96 shard 8214/8600 loss=2.7e-05  best=-inf wall=38.972h
  ep96 shard 8215/8600 loss=2.7e-05  best=-inf wall=38.977h
  ep96 shard 8216/8600 loss=2.7e-05  best=-inf wall=38.982h
  ep96 shard 8217/8600 loss=2.5e-05  best=-inf wall=38.987h
  ep96 shard 8218/8600 loss=3.4e-05  best=-inf wall=38.993h
  ep96 shard 8219/8600 loss=3.5e-05  best=-inf wall=38.998h
  ep96 shard 8220/8600 loss=2.6e-05  best=-inf wall=39.001h
  ep96 shard 8221/8600 loss=2.7e-05  best=-inf wall=39.006h
  ep96 shard 8222/8600 loss=3.2e-05  best=-inf wall=39.011h
  ep96 shard 8223/8600 loss=2.8e-05  best=-inf wall=39.017h
  ep96 shard 8224/8600 loss=2.9e-05  best=-inf wall=39.02h
  ep96 shard 8225/8600 loss=2.7e-05  best=-inf wall=39.025h
  ep96 shard 8226/8600 loss=3e-05  best=-inf wall=39.03h
  ep96 shard 8227/8600 loss=3.2e-05  best=-inf wall=39.035h
  ep96 shard 8228/8600 loss=2.8e-05  best=-inf wall=39.038h
  ep96 shard 8229/8600 loss=2.2e-05  best=-inf wall=39.043h
  ep96 shard 8230/8600 loss=2.4e-05  best=-inf wall=39.048h
  ep96 shard 8231/8600 loss=3.3e-05  best=-inf wall=39.054h
  ep96 shard 8232/8600 loss=3.5e-05  best=-inf wall=39.059h
  ep96 shard 8233/8600 loss=2e-05  best=-inf wall=39.064h
  ep96 shard 8234/8600 loss=3e-05  best=-inf wall=39.069h
  ep96 shard 8235/8600 loss=3.1e-05  best=-inf wall=39.071h
  ep96 shard 8236/8600 loss=2.9e-05  best=-inf wall=39.076h
  ep96 shard 8237/8600 loss=2.9e-05  best=-inf wall=39.08h
  ep96 shard 8238/8600 loss=3.3e-05  best=-inf wall=39.086h
  ep96 shard 8239/8600 loss=7.2e-05  best=-inf wall=39.091h
  ep96 shard 8240/8600 loss=2.7e-05  best=-inf wall=39.096h
  ep96 shard 8241/8600 loss=2.7e-05  best=-inf wall=39.099h
  ep96 shard 8242/8600 loss=2.9e-05  best=-inf wall=39.105h
  ep96 shard 8243/8600 loss=3e-05  best=-inf wall=39.109h
  ep96 shard 8244/8600 loss=2.9e-05  best=-inf wall=39.115h
  ep96 shard 8245/8600 loss=3e-05  best=-inf wall=39.12h
  ep96 shard 8246/8600 loss=3.5e-05  best=-inf wall=39.126h
  ep96 shard 8247/8600 loss=2.6e-05  best=-inf wall=39.131h
  ep96 shard 8248/8600 loss=2.7e-05  best=-inf wall=39.136h
  ep96 shard 8249/8600 loss=2.1e-05  best=-inf wall=39.142h
  ep96 shard 8250/8600 loss=2.5e-05  best=-inf wall=39.147h
  ep96 shard 8251/8600 loss=3e-05  best=-inf wall=39.152h
  ep96 shard 8252/8600 loss=2.5e-05  best=-inf wall=39.157h
  ep96 shard 8253/8600 loss=3.3e-05  best=-inf wall=39.162h
  ep96 shard 8254/8600 loss=2.9e-05  best=-inf wall=39.168h
  ep96 shard 8255/8600 loss=2.8e-05  best=-inf wall=39.173h
  ep96 shard 8256/8600 loss=2.4e-05  best=-inf wall=39.178h
  saved epoch checkpoint -> experiments/exp029-longrun/combined100/checkpoints/ep96.pt
  ep97 shard 8257/8600 loss=2.7e-05  best=-inf wall=39.183h
  ep97 shard 8258/8600 loss=2.7e-05  best=-inf wall=39.188h
  ep97 shard 8259/8600 loss=2.6e-05  best=-inf wall=39.193h
  ep97 shard 8260/8600 loss=3.3e-05  best=-inf wall=39.198h
  ep97 shard 8261/8600 loss=2.7e-05  best=-inf wall=39.201h
  ep97 shard 8262/8600 loss=2.3e-05  best=-inf wall=39.207h
  ep97 shard 8263/8600 loss=2.6e-05  best=-inf wall=39.21h
  ep97 shard 8264/8600 loss=2.7e-05  best=-inf wall=39.215h
  ep97 shard 8265/8600 loss=3.1e-05  best=-inf wall=39.22h
  ep97 shard 8266/8600 loss=2.2e-05  best=-inf wall=39.225h
  ep97 shard 8267/8600 loss=3.2e-05  best=-inf wall=39.23h
  ep97 shard 8268/8600 loss=2.8e-05  best=-inf wall=39.235h
  ep97 shard 8269/8600 loss=3.8e-05  best=-inf wall=39.24h
  ep97 shard 8270/8600 loss=3.1e-05  best=-inf wall=39.246h
  ep97 shard 8271/8600 loss=3.2e-05  best=-inf wall=39.251h
  ep97 shard 8272/8600 loss=3e-05  best=-inf wall=39.256h
  ep97 shard 8273/8600 loss=3.2e-05  best=-inf wall=39.261h
  ep97 shard 8274/8600 loss=2.7e-05  best=-inf wall=39.266h
  ep97 shard 8275/8600 loss=2.9e-05  best=-inf wall=39.271h
  ep97 shard 8276/8600 loss=3.8e-05  best=-inf wall=39.277h
  ep97 shard 8277/8600 loss=2.9e-05  best=-inf wall=39.282h
  ep97 shard 8278/8600 loss=2.6e-05  best=-inf wall=39.287h
  ep97 shard 8279/8600 loss=3.6e-05  best=-inf wall=39.292h
  ep97 shard 8280/8600 loss=2.3e-05  best=-inf wall=39.298h
  ep97 shard 8281/8600 loss=3e-05  best=-inf wall=39.302h
  ep97 shard 8282/8600 loss=3.2e-05  best=-inf wall=39.308h
  ep97 shard 8283/8600 loss=2.6e-05  best=-inf wall=39.313h
  ep97 shard 8284/8600 loss=2.7e-05  best=-inf wall=39.318h
  ep97 shard 8285/8600 loss=2.5e-05  best=-inf wall=39.324h
  ep97 shard 8286/8600 loss=3.3e-05  best=-inf wall=39.334h
  ep97 shard 8287/8600 loss=2.7e-05  best=-inf wall=39.339h
  ep97 shard 8288/8600 loss=2.6e-05  best=-inf wall=39.344h
  ep97 shard 8289/8600 loss=2.4e-05  best=-inf wall=39.349h
  ep97 shard 8290/8600 loss=2.6e-05  best=-inf wall=39.354h
  ep97 shard 8291/8600 loss=2.4e-05  best=-inf wall=39.359h
  ep97 shard 8292/8600 loss=3.1e-05  best=-inf wall=39.364h
  ep97 shard 8293/8600 loss=2.4e-05  best=-inf wall=39.367h
  ep97 shard 8294/8600 loss=3e-05  best=-inf wall=39.372h
  ep97 shard 8295/8600 loss=3.3e-05  best=-inf wall=39.377h
  ep97 shard 8296/8600 loss=3.2e-05  best=-inf wall=39.382h
  ep97 shard 8297/8600 loss=2.4e-05  best=-inf wall=39.387h
  ep97 shard 8298/8600 loss=2.2e-05  best=-inf wall=39.39h
  ep97 shard 8299/8600 loss=3.1e-05  best=-inf wall=39.395h
  ep97 shard 8300/8600 loss=2.7e-05  best=-inf wall=39.4h
  ep97 shard 8301/8600 loss=3.1e-05  best=-inf wall=39.405h
  ep97 shard 8302/8600 loss=2.5e-05  best=-inf wall=39.41h
  ep97 shard 8303/8600 loss=2.4e-05  best=-inf wall=39.412h
  ep97 shard 8304/8600 loss=2.8e-05  best=-inf wall=39.417h
  ep97 shard 8305/8600 loss=3.9e-05  best=-inf wall=39.423h
  ep97 shard 8306/8600 loss=4.4e-05  best=-inf wall=39.427h
  ep97 shard 8307/8600 loss=4e-05  best=-inf wall=39.432h
  ep97 shard 8308/8600 loss=3.7e-05  best=-inf wall=39.437h
  ep97 shard 8309/8600 loss=2.6e-05  best=-inf wall=39.442h
  ep97 shard 8310/8600 loss=2.2e-05  best=-inf wall=39.448h
  ep97 shard 8311/8600 loss=3.6e-05  best=-inf wall=39.452h
  ep97 shard 8312/8600 loss=3.5e-05  best=-inf wall=39.457h
  ep97 shard 8313/8600 loss=3e-05  best=-inf wall=39.46h
  ep97 shard 8314/8600 loss=3.7e-05  best=-inf wall=39.465h
  ep97 shard 8315/8600 loss=3.5e-05  best=-inf wall=39.471h
  ep97 shard 8316/8600 loss=2.5e-05  best=-inf wall=39.476h
  ep97 shard 8317/8600 loss=2.4e-05  best=-inf wall=39.481h
  ep97 shard 8318/8600 loss=3.7e-05  best=-inf wall=39.486h
  ep97 shard 8319/8600 loss=2.7e-05  best=-inf wall=39.491h
  ep97 shard 8320/8600 loss=2.6e-05  best=-inf wall=39.494h
  ep97 shard 8321/8600 loss=2.6e-05  best=-inf wall=39.496h
  ep97 shard 8322/8600 loss=3.3e-05  best=-inf wall=39.498h
  ep97 shard 8323/8600 loss=2.1e-05  best=-inf wall=39.503h
  ep97 shard 8324/8600 loss=2.2e-05  best=-inf wall=39.507h
  ep97 shard 8325/8600 loss=4.3e-05  best=-inf wall=39.513h
  ep97 shard 8326/8600 loss=3.3e-05  best=-inf wall=39.517h
  ep97 shard 8327/8600 loss=3.9e-05  best=-inf wall=39.522h
  ep97 shard 8328/8600 loss=2.5e-05  best=-inf wall=39.528h
  ep97 shard 8329/8600 loss=2.8e-05  best=-inf wall=39.533h
  ep97 shard 8330/8600 loss=3.1e-05  best=-inf wall=39.535h
  ep97 shard 8331/8600 loss=4.3e-05  best=-inf wall=39.539h
  ep97 shard 8332/8600 loss=3.3e-05  best=-inf wall=39.545h
  ep97 shard 8333/8600 loss=2.6e-05  best=-inf wall=39.55h
  ep97 shard 8334/8600 loss=2.8e-05  best=-inf wall=39.553h
  ep97 shard 8335/8600 loss=4.1e-05  best=-inf wall=39.558h
  ep97 shard 8336/8600 loss=2.7e-05  best=-inf wall=39.561h
  ep97 shard 8337/8600 loss=2.2e-05  best=-inf wall=39.566h
  ep97 shard 8338/8600 loss=2.9e-05  best=-inf wall=39.571h
  ep97 shard 8339/8600 loss=2.9e-05  best=-inf wall=39.576h
  ep97 shard 8340/8600 loss=3.6e-05  best=-inf wall=39.581h
  ep97 shard 8341/8600 loss=3.4e-05  best=-inf wall=39.586h
  ep97 shard 8342/8600 loss=2.4e-05  best=-inf wall=39.591h
  saved epoch checkpoint -> experiments/exp029-longrun/combined100/checkpoints/ep97.pt
  ep98 shard 8343/8600 loss=4.2e-05  best=-inf wall=39.595h
  ep98 shard 8344/8600 loss=2.9e-05  best=-inf wall=39.6h
  ep98 shard 8345/8600 loss=2.2e-05  best=-inf wall=39.605h
  ep98 shard 8346/8600 loss=2.9e-05  best=-inf wall=39.611h
  ep98 shard 8347/8600 loss=2.9e-05  best=-inf wall=39.616h
  ep98 shard 8348/8600 loss=2.7e-05  best=-inf wall=39.621h
  ep98 shard 8349/8600 loss=3.3e-05  best=-inf wall=39.625h
  ep98 shard 8350/8600 loss=3.4e-05  best=-inf wall=39.63h
  ep98 shard 8351/8600 loss=2.7e-05  best=-inf wall=39.634h
  ep98 shard 8352/8600 loss=3.2e-05  best=-inf wall=39.639h
  ep98 shard 8353/8600 loss=2.5e-05  best=-inf wall=39.644h
  ep98 shard 8354/8600 loss=2.5e-05  best=-inf wall=39.649h
  ep98 shard 8355/8600 loss=2.2e-05  best=-inf wall=39.654h
  ep98 shard 8356/8600 loss=2.4e-05  best=-inf wall=39.659h
  ep98 shard 8357/8600 loss=2.2e-05  best=-inf wall=39.665h
  ep98 shard 8358/8600 loss=2.3e-05  best=-inf wall=39.67h
  ep98 shard 8359/8600 loss=3e-05  best=-inf wall=39.675h
  ep98 shard 8360/8600 loss=3.4e-05  best=-inf wall=39.678h
  ep98 shard 8361/8600 loss=2.9e-05  best=-inf wall=39.683h
  ep98 shard 8362/8600 loss=2.3e-05  best=-inf wall=39.688h
  ep98 shard 8363/8600 loss=2.3e-05  best=-inf wall=39.693h
  ep98 shard 8364/8600 loss=3e-05  best=-inf wall=39.699h
  ep98 shard 8365/8600 loss=2.9e-05  best=-inf wall=39.704h
  ep98 shard 8366/8600 loss=2.6e-05  best=-inf wall=39.709h
  ep98 shard 8367/8600 loss=2.6e-05  best=-inf wall=39.714h
  ep98 shard 8368/8600 loss=3.6e-05  best=-inf wall=39.719h
  ep98 shard 8369/8600 loss=2.5e-05  best=-inf wall=39.724h
  ep98 shard 8370/8600 loss=2.8e-05  best=-inf wall=39.727h
  ep98 shard 8371/8600 loss=2.2e-05  best=-inf wall=39.733h
  ep98 shard 8372/8600 loss=2e-05  best=-inf wall=39.738h
  ep98 shard 8373/8600 loss=2.6e-05  best=-inf wall=39.743h
  ep98 shard 8374/8600 loss=2.3e-05  best=-inf wall=39.748h
  ep98 shard 8375/8600 loss=2.6e-05  best=-inf wall=39.753h
  ep98 shard 8376/8600 loss=3e-05  best=-inf wall=39.759h
  ep98 shard 8377/8600 loss=2.4e-05  best=-inf wall=39.764h
  ep98 shard 8378/8600 loss=2.4e-05  best=-inf wall=39.769h
  ep98 shard 8379/8600 loss=2.5e-05  best=-inf wall=39.774h
  ep98 shard 8380/8600 loss=2.4e-05  best=-inf wall=39.777h
  ep98 shard 8381/8600 loss=2.4e-05  best=-inf wall=39.782h
  ep98 shard 8382/8600 loss=3.1e-05  best=-inf wall=39.787h
  ep98 shard 8383/8600 loss=2.4e-05  best=-inf wall=39.79h
  ep98 shard 8384/8600 loss=3.7e-05  best=-inf wall=39.795h
  ep98 shard 8385/8600 loss=3e-05  best=-inf wall=39.8h
  ep98 shard 8386/8600 loss=3.3e-05  best=-inf wall=39.805h
  ep98 shard 8387/8600 loss=3.5e-05  best=-inf wall=39.808h
  ep98 shard 8388/8600 loss=3.4e-05  best=-inf wall=39.814h
  ep98 shard 8389/8600 loss=2e-05  best=-inf wall=39.819h
  ep98 shard 8390/8600 loss=3.6e-05  best=-inf wall=39.823h
  ep98 shard 8391/8600 loss=3.3e-05  best=-inf wall=39.828h
  ep98 shard 8392/8600 loss=2.9e-05  best=-inf wall=39.833h
  ep98 shard 8393/8600 loss=2.9e-05  best=-inf wall=39.838h
  ep98 shard 8394/8600 loss=2.9e-05  best=-inf wall=39.842h
  ep98 shard 8395/8600 loss=2.8e-05  best=-inf wall=39.847h
  ep98 shard 8396/8600 loss=3.4e-05  best=-inf wall=39.852h
  ep98 shard 8397/8600 loss=2.7e-05  best=-inf wall=39.856h
  ep98 shard 8398/8600 loss=4.1e-05  best=-inf wall=39.861h
  ep98 shard 8399/8600 loss=2.1e-05  best=-inf wall=39.866h
  ep98 shard 8400/8600 loss=2.5e-05  best=-inf wall=39.871h
  ep98 shard 8401/8600 loss=2.3e-05  best=-inf wall=39.873h
  ep98 shard 8402/8600 loss=3.4e-05  best=-inf wall=39.876h
  ep98 shard 8403/8600 loss=2.1e-05  best=-inf wall=39.877h
  ep98 shard 8404/8600 loss=2.4e-05  best=-inf wall=39.883h
  ep98 shard 8405/8600 loss=3.6e-05  best=-inf wall=39.887h
  ep98 shard 8406/8600 loss=3.1e-05  best=-inf wall=39.892h
  ep98 shard 8407/8600 loss=4e-05  best=-inf wall=39.898h
  ep98 shard 8408/8600 loss=2.2e-05  best=-inf wall=39.902h
  ep98 shard 8409/8600 loss=3.2e-05  best=-inf wall=39.907h
  ep98 shard 8410/8600 loss=2.8e-05  best=-inf wall=39.912h
  ep98 shard 8411/8600 loss=2.4e-05  best=-inf wall=39.917h
  ep98 shard 8412/8600 loss=3e-05  best=-inf wall=39.922h
  ep98 shard 8413/8600 loss=2.7e-05  best=-inf wall=39.927h
  ep98 shard 8414/8600 loss=2.8e-05  best=-inf wall=39.932h
  ep98 shard 8415/8600 loss=3e-05  best=-inf wall=39.935h
  ep98 shard 8416/8600 loss=2.3e-05  best=-inf wall=39.941h
  ep98 shard 8417/8600 loss=2.7e-05  best=-inf wall=39.946h
  ep98 shard 8418/8600 loss=3.7e-05  best=-inf wall=39.951h
  ep98 shard 8419/8600 loss=3.1e-05  best=-inf wall=39.954h
  ep98 shard 8420/8600 loss=2.4e-05  best=-inf wall=39.959h
  ep98 shard 8421/8600 loss=3e-05  best=-inf wall=39.961h
  ep98 shard 8422/8600 loss=3.6e-05  best=-inf wall=39.966h
  ep98 shard 8423/8600 loss=2e-05  best=-inf wall=39.971h
  ep98 shard 8424/8600 loss=3.3e-05  best=-inf wall=39.977h
  ep98 shard 8425/8600 loss=3.4e-05  best=-inf wall=39.981h
  ep98 shard 8426/8600 loss=2.5e-05  best=-inf wall=39.986h
  ep98 shard 8427/8600 loss=2.2e-05  best=-inf wall=39.991h
  ep98 shard 8428/8600 loss=2.8e-05  best=-inf wall=39.994h
  saved epoch checkpoint -> experiments/exp029-longrun/combined100/checkpoints/ep98.pt
  ep99 shard 8429/8600 loss=3.1e-05  best=-inf wall=39.999h
  ep99 shard 8430/8600 loss=3.4e-05  best=-inf wall=40.005h
  ep99 shard 8431/8600 loss=3.1e-05  best=-inf wall=40.009h
  ep99 shard 8432/8600 loss=2.9e-05  best=-inf wall=40.014h
  ep99 shard 8433/8600 loss=2.7e-05  best=-inf wall=40.017h
  ep99 shard 8434/8600 loss=2.5e-05  best=-inf wall=40.022h
  ep99 shard 8435/8600 loss=3.1e-05  best=-inf wall=40.027h
  ep99 shard 8436/8600 loss=3.1e-05  best=-inf wall=40.032h
  ep99 shard 8437/8600 loss=2.7e-05  best=-inf wall=40.037h
  ep99 shard 8438/8600 loss=2.3e-05  best=-inf wall=40.042h
  ep99 shard 8439/8600 loss=3e-05  best=-inf wall=40.047h
  ep99 shard 8440/8600 loss=2.7e-05  best=-inf wall=40.052h
  ep99 shard 8441/8600 loss=3e-05  best=-inf wall=40.058h
  ep99 shard 8442/8600 loss=3e-05  best=-inf wall=40.06h
  ep99 shard 8443/8600 loss=2.9e-05  best=-inf wall=40.065h
  ep99 shard 8444/8600 loss=3.3e-05  best=-inf wall=40.069h
  ep99 shard 8445/8600 loss=2.3e-05  best=-inf wall=40.074h
  ep99 shard 8446/8600 loss=2.6e-05  best=-inf wall=40.08h
  ep99 shard 8447/8600 loss=3.4e-05  best=-inf wall=40.085h
  ep99 shard 8448/8600 loss=3.6e-05  best=-inf wall=40.09h
  ep99 shard 8449/8600 loss=2.6e-05  best=-inf wall=40.095h
  ep99 shard 8450/8600 loss=2.4e-05  best=-inf wall=40.1h
  ep99 shard 8451/8600 loss=2.3e-05  best=-inf wall=40.103h
  ep99 shard 8452/8600 loss=2.8e-05  best=-inf wall=40.109h
  ep99 shard 8453/8600 loss=2.7e-05  best=-inf wall=40.112h
  ep99 shard 8454/8600 loss=4.8e-05  best=-inf wall=40.117h
  ep99 shard 8455/8600 loss=2.7e-05  best=-inf wall=40.122h
  ep99 shard 8456/8600 loss=2.8e-05  best=-inf wall=40.124h
  ep99 shard 8457/8600 loss=2.9e-05  best=-inf wall=40.127h
  ep99 shard 8458/8600 loss=2.8e-05  best=-inf wall=40.132h
  ep99 shard 8459/8600 loss=2.7e-05  best=-inf wall=40.135h
  ep99 shard 8460/8600 loss=4.8e-05  best=-inf wall=40.14h
  ep99 shard 8461/8600 loss=2.5e-05  best=-inf wall=40.144h
  ep99 shard 8462/8600 loss=3.3e-05  best=-inf wall=40.149h
  ep99 shard 8463/8600 loss=2.1e-05  best=-inf wall=40.155h
  ep99 shard 8464/8600 loss=2.9e-05  best=-inf wall=40.158h
  ep99 shard 8465/8600 loss=2.6e-05  best=-inf wall=40.163h
  ep99 shard 8466/8600 loss=2.3e-05  best=-inf wall=40.168h
  ep99 shard 8467/8600 loss=3.4e-05  best=-inf wall=40.173h
  ep99 shard 8468/8600 loss=2.9e-05  best=-inf wall=40.178h
  ep99 shard 8469/8600 loss=2.6e-05  best=-inf wall=40.182h
  ep99 shard 8470/8600 loss=3.6e-05  best=-inf wall=40.188h
  ep99 shard 8471/8600 loss=2.9e-05  best=-inf wall=40.193h
  ep99 shard 8472/8600 loss=2.6e-05  best=-inf wall=40.198h
  ep99 shard 8473/8600 loss=2.7e-05  best=-inf wall=40.203h
  ep99 shard 8474/8600 loss=2.9e-05  best=-inf wall=40.208h
  ep99 shard 8475/8600 loss=2.7e-05  best=-inf wall=40.212h
  ep99 shard 8476/8600 loss=2.1e-05  best=-inf wall=40.218h
  ep99 shard 8477/8600 loss=3e-05  best=-inf wall=40.221h
  ep99 shard 8478/8600 loss=2.7e-05  best=-inf wall=40.226h
  ep99 shard 8479/8600 loss=2.8e-05  best=-inf wall=40.23h
  ep99 shard 8480/8600 loss=2.9e-05  best=-inf wall=40.233h
  ep99 shard 8481/8600 loss=1.9e-05  best=-inf wall=40.238h
  ep99 shard 8482/8600 loss=2.9e-05  best=-inf wall=40.244h
  ep99 shard 8483/8600 loss=2.7e-05  best=-inf wall=40.248h
  ep99 shard 8484/8600 loss=2.7e-05  best=-inf wall=40.253h
  ep99 shard 8485/8600 loss=2.9e-05  best=-inf wall=40.258h
  ep99 shard 8486/8600 loss=3e-05  best=-inf wall=40.263h
  ep99 shard 8487/8600 loss=2.5e-05  best=-inf wall=40.268h
  ep99 shard 8488/8600 loss=3.2e-05  best=-inf wall=40.273h
  ep99 shard 8489/8600 loss=2.6e-05  best=-inf wall=40.279h
  ep99 shard 8490/8600 loss=3.4e-05  best=-inf wall=40.284h
  ep99 shard 8491/8600 loss=2.4e-05  best=-inf wall=40.289h
  ep99 shard 8492/8600 loss=2.4e-05  best=-inf wall=40.294h
  ep99 shard 8493/8600 loss=2.6e-05  best=-inf wall=40.297h
  ep99 shard 8494/8600 loss=3.1e-05  best=-inf wall=40.302h
  ep99 shard 8495/8600 loss=2.5e-05  best=-inf wall=40.308h
  ep99 shard 8496/8600 loss=2.6e-05  best=-inf wall=40.313h
  ep99 shard 8497/8600 loss=2.4e-05  best=-inf wall=40.318h
  ep99 shard 8498/8600 loss=3.2e-05  best=-inf wall=40.323h
  ep99 shard 8499/8600 loss=2.3e-05  best=-inf wall=40.328h
  ep99 shard 8500/8600 loss=3.1e-05  best=-inf wall=40.333h
  ep99 shard 8501/8600 loss=3e-05  best=-inf wall=40.339h
  ep99 shard 8502/8600 loss=4e-05  best=-inf wall=40.344h
  ep99 shard 8503/8600 loss=2.1e-05  best=-inf wall=40.349h
  ep99 shard 8504/8600 loss=2.6e-05  best=-inf wall=40.354h
  ep99 shard 8505/8600 loss=3.2e-05  best=-inf wall=40.36h
  ep99 shard 8506/8600 loss=2.5e-05  best=-inf wall=40.361h
  ep99 shard 8507/8600 loss=2.8e-05  best=-inf wall=40.366h
  ep99 shard 8508/8600 loss=2.6e-05  best=-inf wall=40.371h
  ep99 shard 8509/8600 loss=3.4e-05  best=-inf wall=40.377h
  ep99 shard 8510/8600 loss=2.8e-05  best=-inf wall=40.382h
  ep99 shard 8511/8600 loss=2e-05  best=-inf wall=40.387h
  ep99 shard 8512/8600 loss=3.1e-05  best=-inf wall=40.389h
  ep99 shard 8513/8600 loss=2.5e-05  best=-inf wall=40.393h
  ep99 shard 8514/8600 loss=2.8e-05  best=-inf wall=40.398h
  saved epoch checkpoint -> experiments/exp029-longrun/combined100/checkpoints/ep99.pt
  ep100 shard 8515/8600 loss=3.1e-05  best=-inf wall=40.403h
  ep100 shard 8516/8600 loss=3.2e-05  best=-inf wall=40.408h
  ep100 shard 8517/8600 loss=4.3e-05  best=-inf wall=40.413h
  ep100 shard 8518/8600 loss=3.4e-05  best=-inf wall=40.418h
  ep100 shard 8519/8600 loss=2.4e-05  best=-inf wall=40.423h
  ep100 shard 8520/8600 loss=1.9e-05  best=-inf wall=40.428h
  ep100 shard 8521/8600 loss=2.8e-05  best=-inf wall=40.434h
  ep100 shard 8522/8600 loss=2.9e-05  best=-inf wall=40.438h
  ep100 shard 8523/8600 loss=2.8e-05  best=-inf wall=40.443h
  ep100 shard 8524/8600 loss=2.5e-05  best=-inf wall=40.448h
  ep100 shard 8525/8600 loss=2.8e-05  best=-inf wall=40.453h
  ep100 shard 8526/8600 loss=2.6e-05  best=-inf wall=40.457h
  ep100 shard 8527/8600 loss=3.7e-05  best=-inf wall=40.462h
  ep100 shard 8528/8600 loss=2.8e-05  best=-inf wall=40.467h
  ep100 shard 8529/8600 loss=2.8e-05  best=-inf wall=40.47h
  ep100 shard 8530/8600 loss=3.5e-05  best=-inf wall=40.475h
  ep100 shard 8531/8600 loss=2.5e-05  best=-inf wall=40.48h
  ep100 shard 8532/8600 loss=3.1e-05  best=-inf wall=40.486h
  ep100 shard 8533/8600 loss=2.5e-05  best=-inf wall=40.491h
  ep100 shard 8534/8600 loss=2.1e-05  best=-inf wall=40.496h
  ep100 shard 8535/8600 loss=2.5e-05  best=-inf wall=40.501h
  ep100 shard 8536/8600 loss=2.9e-05  best=-inf wall=40.503h
  ep100 shard 8537/8600 loss=2.7e-05  best=-inf wall=40.506h
  ep100 shard 8538/8600 loss=3.2e-05  best=-inf wall=40.511h
  ep100 shard 8539/8600 loss=2.6e-05  best=-inf wall=40.517h
  ep100 shard 8540/8600 loss=3.3e-05  best=-inf wall=40.522h
  ep100 shard 8541/8600 loss=3e-05  best=-inf wall=40.527h
  ep100 shard 8542/8600 loss=2.2e-05  best=-inf wall=40.532h
  ep100 shard 8543/8600 loss=2.8e-05  best=-inf wall=40.535h
  ep100 shard 8544/8600 loss=2.6e-05  best=-inf wall=40.54h
  ep100 shard 8545/8600 loss=2.3e-05  best=-inf wall=40.546h
  ep100 shard 8546/8600 loss=2.5e-05  best=-inf wall=40.551h
  ep100 shard 8547/8600 loss=2.9e-05  best=-inf wall=40.556h
  ep100 shard 8548/8600 loss=2.2e-05  best=-inf wall=40.561h
  ep100 shard 8549/8600 loss=2.7e-05  best=-inf wall=40.566h
  ep100 shard 8550/8600 loss=3.3e-05  best=-inf wall=40.571h
  ep100 shard 8551/8600 loss=3.6e-05  best=-inf wall=40.576h
  ep100 shard 8552/8600 loss=3.1e-05  best=-inf wall=40.581h
  ep100 shard 8553/8600 loss=3.1e-05  best=-inf wall=40.585h
  ep100 shard 8554/8600 loss=3.3e-05  best=-inf wall=40.59h
  ep100 shard 8555/8600 loss=2.7e-05  best=-inf wall=40.596h
  ep100 shard 8556/8600 loss=2.9e-05  best=-inf wall=40.599h
  ep100 shard 8557/8600 loss=4.7e-05  best=-inf wall=40.603h
  ep100 shard 8558/8600 loss=2.6e-05  best=-inf wall=40.606h
  ep100 shard 8559/8600 loss=2.8e-05  best=-inf wall=40.611h
  ep100 shard 8560/8600 loss=3.6e-05  best=-inf wall=40.613h
  ep100 shard 8561/8600 loss=2e-05  best=-inf wall=40.618h
  ep100 shard 8562/8600 loss=3.1e-05  best=-inf wall=40.623h
  ep100 shard 8563/8600 loss=2.2e-05  best=-inf wall=40.626h
  ep100 shard 8564/8600 loss=2.9e-05  best=-inf wall=40.631h
  ep100 shard 8565/8600 loss=2.2e-05  best=-inf wall=40.633h
  ep100 shard 8566/8600 loss=2.5e-05  best=-inf wall=40.638h
  ep100 shard 8567/8600 loss=2.6e-05  best=-inf wall=40.644h
  ep100 shard 8568/8600 loss=2.9e-05  best=-inf wall=40.649h
  ep100 shard 8569/8600 loss=3.6e-05  best=-inf wall=40.654h
  ep100 shard 8570/8600 loss=2.7e-05  best=-inf wall=40.659h
  ep100 shard 8571/8600 loss=2.6e-05  best=-inf wall=40.664h
  ep100 shard 8572/8600 loss=3.4e-05  best=-inf wall=40.667h
  ep100 shard 8573/8600 loss=2.3e-05  best=-inf wall=40.672h
  ep100 shard 8574/8600 loss=2.4e-05  best=-inf wall=40.678h
  ep100 shard 8575/8600 loss=2.7e-05  best=-inf wall=40.683h
  ep100 shard 8576/8600 loss=1.9e-05  best=-inf wall=40.688h
  ep100 shard 8577/8600 loss=2.7e-05  best=-inf wall=40.693h
  ep100 shard 8578/8600 loss=2.2e-05  best=-inf wall=40.698h
  ep100 shard 8579/8600 loss=2.7e-05  best=-inf wall=40.703h
  ep100 shard 8580/8600 loss=3.2e-05  best=-inf wall=40.708h
  ep100 shard 8581/8600 loss=3.7e-05  best=-inf wall=40.712h
  ep100 shard 8582/8600 loss=2.9e-05  best=-inf wall=40.717h
  ep100 shard 8583/8600 loss=3.7e-05  best=-inf wall=40.722h
  ep100 shard 8584/8600 loss=2.8e-05  best=-inf wall=40.725h
  ep100 shard 8585/8600 loss=3.2e-05  best=-inf wall=40.73h
  ep100 shard 8586/8600 loss=2.8e-05  best=-inf wall=40.733h
  ep100 shard 8587/8600 loss=2.9e-05  best=-inf wall=40.736h
  ep100 shard 8588/8600 loss=2.4e-05  best=-inf wall=40.741h
  ep100 shard 8589/8600 loss=2.8e-05  best=-inf wall=40.746h
  ep100 shard 8590/8600 loss=2.9e-05  best=-inf wall=40.751h
  ep100 shard 8591/8600 loss=3.3e-05  best=-inf wall=40.756h
  ep100 shard 8592/8600 loss=2.6e-05  best=-inf wall=40.761h
  ep100 shard 8593/8600 loss=2.3e-05  best=-inf wall=40.766h
  ep100 shard 8594/8600 loss=3e-05  best=-inf wall=40.771h
  ep100 shard 8595/8600 loss=3e-05  best=-inf wall=40.776h
  ep100 shard 8596/8600 loss=2.6e-05  best=-inf wall=40.78h
  ep100 shard 8597/8600 loss=2.4e-05  best=-inf wall=40.785h
  ep100 shard 8598/8600 loss=2.7e-05  best=-inf wall=40.791h
  ep100 shard 8599/8600 loss=2.8e-05  best=-inf wall=40.796h
  ep100 shard 8600/8600 loss=3.2e-05 gnubg=-0.15 best=-0.150 wall=40.801h
  saved epoch checkpoint -> experiments/exp029-longrun/combined100/checkpoints/ep100.pt

===== ARM DONE (scalar) reason=epochs_complete best vs GNUBG-0ply = -0.1500 ppg  -> experiments/exp029-longrun/combined100/checkpoints/best.pt
