[arch] mlp hidden [1024, 1024, 512, 512] in=201, 2.738M params (2.044M deployable)
exp011 scalar [cpu]: 86 shards x 20 epochs, lr=0.001 holdout_frac=0.0 split_seed=14
[resume] experiments/exp030-capacity/width2x/checkpoints/latest.pt absent — starting fresh
  ep1 shard 1/1720 loss=0.002781  best=-inf wall=0.004h
  ep1 shard 2/1720 loss=0.000936  best=-inf wall=0.018h
  ep1 shard 3/1720 loss=0.001248  best=-inf wall=0.031h
  ep1 shard 4/1720 loss=0.000587  best=-inf wall=0.038h
  ep1 shard 5/1720 loss=0.000571  best=-inf wall=0.045h
  ep1 shard 6/1720 loss=0.000518  best=-inf wall=0.048h
  ep1 shard 7/1720 loss=0.000434  best=-inf wall=0.06h
  ep1 shard 8/1720 loss=0.000333  best=-inf wall=0.071h
  ep1 shard 9/1720 loss=0.000527  best=-inf wall=0.082h
  ep1 shard 10/1720 loss=0.000384  best=-inf wall=0.093h
  ep1 shard 11/1720 loss=0.000312  best=-inf wall=0.1h
  ep1 shard 12/1720 loss=0.000299  best=-inf wall=0.111h
  ep1 shard 13/1720 loss=0.000322  best=-inf wall=0.122h
  ep1 shard 14/1720 loss=0.000384  best=-inf wall=0.133h
  ep1 shard 15/1720 loss=0.000409  best=-inf wall=0.146h
  ep1 shard 16/1720 loss=0.00042  best=-inf wall=0.157h
  ep1 shard 17/1720 loss=0.000284  best=-inf wall=0.168h
  ep1 shard 18/1720 loss=0.000356  best=-inf wall=0.179h
  ep1 shard 19/1720 loss=0.000221  best=-inf wall=0.19h
  ep1 shard 20/1720 loss=0.000321  best=-inf wall=0.202h
  ep1 shard 21/1720 loss=0.000237  best=-inf wall=0.213h
  ep1 shard 22/1720 loss=0.000191  best=-inf wall=0.224h
  ep1 shard 23/1720 loss=0.00026  best=-inf wall=0.235h
  ep1 shard 24/1720 loss=0.000268  best=-inf wall=0.246h
  ep1 shard 25/1720 loss=0.000143  best=-inf wall=0.258h
  ep1 shard 26/1720 loss=0.00017  best=-inf wall=0.269h
  ep1 shard 27/1720 loss=0.000162  best=-inf wall=0.28h
  ep1 shard 28/1720 loss=0.000224  best=-inf wall=0.287h
  ep1 shard 29/1720 loss=0.000223  best=-inf wall=0.299h
  ep1 shard 30/1720 loss=0.000173  best=-inf wall=0.31h
  ep1 shard 31/1720 loss=0.000187  best=-inf wall=0.321h
  ep1 shard 32/1720 loss=0.000218  best=-inf wall=0.332h
  ep1 shard 33/1720 loss=0.000201  best=-inf wall=0.339h
  ep1 shard 34/1720 loss=0.000163  best=-inf wall=0.351h
  ep1 shard 35/1720 loss=0.000163  best=-inf wall=0.362h
  ep1 shard 36/1720 loss=0.000174  best=-inf wall=0.373h
  ep1 shard 37/1720 loss=0.000188  best=-inf wall=0.385h
  ep1 shard 38/1720 loss=0.000133  best=-inf wall=0.396h
  ep1 shard 39/1720 loss=0.000183  best=-inf wall=0.407h
  ep1 shard 40/1720 loss=0.000145  best=-inf wall=0.419h
  ep1 shard 41/1720 loss=0.000133  best=-inf wall=0.431h
  ep1 shard 42/1720 loss=0.000174  best=-inf wall=0.442h
  ep1 shard 43/1720 loss=0.000135  best=-inf wall=0.454h
  ep1 shard 44/1720 loss=0.000128  best=-inf wall=0.466h
  ep1 shard 45/1720 loss=0.000154  best=-inf wall=0.478h
  ep1 shard 46/1720 loss=0.000113  best=-inf wall=0.49h
  ep1 shard 47/1720 loss=0.000183  best=-inf wall=0.498h
  ep1 shard 48/1720 loss=0.000118  best=-inf wall=0.51h
  ep1 shard 49/1720 loss=0.000151  best=-inf wall=0.522h
  ep1 shard 50/1720 loss=0.000117  best=-inf wall=0.527h
  ep1 shard 51/1720 loss=0.000104  best=-inf wall=0.539h
  ep1 shard 52/1720 loss=0.000105  best=-inf wall=0.547h
  ep1 shard 53/1720 loss=0.000202  best=-inf wall=0.559h
  ep1 shard 54/1720 loss=0.000117  best=-inf wall=0.571h
  ep1 shard 55/1720 loss=0.000129  best=-inf wall=0.584h
  ep1 shard 56/1720 loss=0.000169  best=-inf wall=0.597h
  ep1 shard 57/1720 loss=8.7e-05  best=-inf wall=0.609h
  ep1 shard 58/1720 loss=0.000132  best=-inf wall=0.622h
  ep1 shard 59/1720 loss=0.000141  best=-inf wall=0.635h
  ep1 shard 60/1720 loss=0.000149  best=-inf wall=0.647h
  ep1 shard 61/1720 loss=9.9e-05  best=-inf wall=0.66h
  ep1 shard 62/1720 loss=0.000125  best=-inf wall=0.673h
  ep1 shard 63/1720 loss=0.000105  best=-inf wall=0.685h
  ep1 shard 64/1720 loss=0.00011  best=-inf wall=0.698h
  ep1 shard 65/1720 loss=0.000119  best=-inf wall=0.705h
  ep1 shard 66/1720 loss=0.000113  best=-inf wall=0.718h
  ep1 shard 67/1720 loss=0.000133  best=-inf wall=0.731h
  ep1 shard 68/1720 loss=0.000123  best=-inf wall=0.744h
  ep1 shard 69/1720 loss=0.000127  best=-inf wall=0.756h
  ep1 shard 70/1720 loss=0.000108  best=-inf wall=0.769h
  ep1 shard 71/1720 loss=0.000157  best=-inf wall=0.781h
  ep1 shard 72/1720 loss=9.4e-05  best=-inf wall=0.793h
  ep1 shard 73/1720 loss=0.000109  best=-inf wall=0.806h
  ep1 shard 74/1720 loss=8.8e-05  best=-inf wall=0.818h
  ep1 shard 75/1720 loss=7.1e-05  best=-inf wall=0.831h
  ep1 shard 76/1720 loss=9.9e-05  best=-inf wall=0.843h
  ep1 shard 77/1720 loss=9.8e-05  best=-inf wall=0.855h
  ep1 shard 78/1720 loss=0.000135  best=-inf wall=0.867h
  ep1 shard 79/1720 loss=0.000129  best=-inf wall=0.874h
  ep1 shard 80/1720 loss=0.000113  best=-inf wall=0.886h
  ep1 shard 81/1720 loss=0.000122  best=-inf wall=0.899h
  ep1 shard 82/1720 loss=0.000114  best=-inf wall=0.911h
  ep1 shard 83/1720 loss=0.000112  best=-inf wall=0.923h
  ep1 shard 84/1720 loss=8.4e-05  best=-inf wall=0.93h
  ep1 shard 85/1720 loss=9.9e-05  best=-inf wall=0.942h
  ep1 shard 86/1720 loss=8e-05  best=-inf wall=0.955h
  saved epoch checkpoint -> experiments/exp030-capacity/width2x/checkpoints/ep1.pt
  ep2 shard 87/1720 loss=9.5e-05  best=-inf wall=0.962h
  ep2 shard 88/1720 loss=9.7e-05  best=-inf wall=0.974h
  ep2 shard 89/1720 loss=7.3e-05  best=-inf wall=0.986h
  ep2 shard 90/1720 loss=0.000145  best=-inf wall=0.99h
  ep2 shard 91/1720 loss=7.4e-05  best=-inf wall=1.002h
  ep2 shard 92/1720 loss=0.000116  best=-inf wall=1.014h
  ep2 shard 93/1720 loss=8.1e-05  best=-inf wall=1.018h
  ep2 shard 94/1720 loss=7.7e-05  best=-inf wall=1.025h
  ep2 shard 95/1720 loss=9.5e-05  best=-inf wall=1.036h
  ep2 shard 96/1720 loss=0.000102  best=-inf wall=1.047h
  ep2 shard 97/1720 loss=8.7e-05  best=-inf wall=1.06h
  ep2 shard 98/1720 loss=8.7e-05  best=-inf wall=1.07h
  ep2 shard 99/1720 loss=0.00011  best=-inf wall=1.082h
  ep2 shard 100/1720 loss=9.5e-05  best=-inf wall=1.089h
  ep2 shard 101/1720 loss=8.4e-05  best=-inf wall=1.101h
  ep2 shard 102/1720 loss=7.9e-05  best=-inf wall=1.113h
  ep2 shard 103/1720 loss=0.000143  best=-inf wall=1.125h
  ep2 shard 104/1720 loss=0.00014  best=-inf wall=1.136h
  ep2 shard 105/1720 loss=9.7e-05  best=-inf wall=1.148h
  ep2 shard 106/1720 loss=9e-05  best=-inf wall=1.16h
  ep2 shard 107/1720 loss=7.3e-05  best=-inf wall=1.171h
  ep2 shard 108/1720 loss=9.4e-05  best=-inf wall=1.178h
  ep2 shard 109/1720 loss=7.9e-05  best=-inf wall=1.19h
  ep2 shard 110/1720 loss=8.1e-05  best=-inf wall=1.202h
  ep2 shard 111/1720 loss=9.9e-05  best=-inf wall=1.214h
  ep2 shard 112/1720 loss=6.9e-05  best=-inf wall=1.226h
  ep2 shard 113/1720 loss=8.2e-05  best=-inf wall=1.237h
  ep2 shard 114/1720 loss=8.6e-05  best=-inf wall=1.249h
  ep2 shard 115/1720 loss=9.8e-05  best=-inf wall=1.261h
  ep2 shard 116/1720 loss=9.6e-05  best=-inf wall=1.273h
  ep2 shard 117/1720 loss=0.000119  best=-inf wall=1.284h
  ep2 shard 118/1720 loss=0.000119  best=-inf wall=1.296h
  ep2 shard 119/1720 loss=8.8e-05  best=-inf wall=1.308h
  ep2 shard 120/1720 loss=8.6e-05  best=-inf wall=1.32h
  ep2 shard 121/1720 loss=9.1e-05  best=-inf wall=1.331h
  ep2 shard 122/1720 loss=7.3e-05  best=-inf wall=1.343h
  ep2 shard 123/1720 loss=9e-05  best=-inf wall=1.355h
  ep2 shard 124/1720 loss=7.8e-05  best=-inf wall=1.359h
  ep2 shard 125/1720 loss=7e-05  best=-inf wall=1.366h
  ep2 shard 126/1720 loss=9.9e-05  best=-inf wall=1.378h
  ep2 shard 127/1720 loss=7.3e-05  best=-inf wall=1.389h
  ep2 shard 128/1720 loss=0.000109  best=-inf wall=1.401h
  ep2 shard 129/1720 loss=7.8e-05  best=-inf wall=1.412h
  ep2 shard 130/1720 loss=8.4e-05  best=-inf wall=1.424h
  ep2 shard 131/1720 loss=7.5e-05  best=-inf wall=1.436h
  ep2 shard 132/1720 loss=7e-05  best=-inf wall=1.447h
  ep2 shard 133/1720 loss=8.3e-05  best=-inf wall=1.459h
  ep2 shard 134/1720 loss=0.000123  best=-inf wall=1.471h
  ep2 shard 135/1720 loss=8e-05  best=-inf wall=1.483h
  ep2 shard 136/1720 loss=9.6e-05  best=-inf wall=1.494h
  ep2 shard 137/1720 loss=7.2e-05  best=-inf wall=1.501h
  ep2 shard 138/1720 loss=5.7e-05  best=-inf wall=1.513h
  ep2 shard 139/1720 loss=9.1e-05  best=-inf wall=1.525h
  ep2 shard 140/1720 loss=8.6e-05  best=-inf wall=1.536h
  ep2 shard 141/1720 loss=7.8e-05  best=-inf wall=1.548h
  ep2 shard 142/1720 loss=7.8e-05  best=-inf wall=1.56h
  ep2 shard 143/1720 loss=6.2e-05  best=-inf wall=1.567h
  ep2 shard 144/1720 loss=9.7e-05  best=-inf wall=1.579h
  ep2 shard 145/1720 loss=8.3e-05  best=-inf wall=1.591h
  ep2 shard 146/1720 loss=6.9e-05  best=-inf wall=1.598h
  ep2 shard 147/1720 loss=6.5e-05  best=-inf wall=1.61h
  ep2 shard 148/1720 loss=0.0001  best=-inf wall=1.622h
  ep2 shard 149/1720 loss=9.6e-05  best=-inf wall=1.633h
  ep2 shard 150/1720 loss=5.2e-05  best=-inf wall=1.645h
  ep2 shard 151/1720 loss=6.9e-05  best=-inf wall=1.656h
  ep2 shard 152/1720 loss=0.000147  best=-inf wall=1.668h
  ep2 shard 153/1720 loss=6.5e-05  best=-inf wall=1.679h
  ep2 shard 154/1720 loss=0.000124  best=-inf wall=1.691h
  ep2 shard 155/1720 loss=8.1e-05  best=-inf wall=1.698h
  ep2 shard 156/1720 loss=8.4e-05  best=-inf wall=1.71h
  ep2 shard 157/1720 loss=0.00013  best=-inf wall=1.721h
  ep2 shard 158/1720 loss=0.000103  best=-inf wall=1.733h
  ep2 shard 159/1720 loss=6.4e-05  best=-inf wall=1.745h
  ep2 shard 160/1720 loss=6.3e-05  best=-inf wall=1.756h
  ep2 shard 161/1720 loss=0.000114  best=-inf wall=1.768h
  ep2 shard 162/1720 loss=8.1e-05  best=-inf wall=1.779h
  ep2 shard 163/1720 loss=6.3e-05  best=-inf wall=1.786h
  ep2 shard 164/1720 loss=7.6e-05  best=-inf wall=1.798h
  ep2 shard 165/1720 loss=8.7e-05  best=-inf wall=1.81h
  ep2 shard 166/1720 loss=7.2e-05  best=-inf wall=1.821h
  ep2 shard 167/1720 loss=7e-05  best=-inf wall=1.833h
  ep2 shard 168/1720 loss=8.1e-05  best=-inf wall=1.844h
  ep2 shard 169/1720 loss=8.3e-05  best=-inf wall=1.856h
  ep2 shard 170/1720 loss=7.1e-05  best=-inf wall=1.867h
  ep2 shard 171/1720 loss=0.000106  best=-inf wall=1.879h
  ep2 shard 172/1720 loss=8.7e-05  best=-inf wall=1.89h
  saved epoch checkpoint -> experiments/exp030-capacity/width2x/checkpoints/ep2.pt
  ep3 shard 173/1720 loss=0.000107  best=-inf wall=1.902h
  ep3 shard 174/1720 loss=7.2e-05  best=-inf wall=1.914h
  ep3 shard 175/1720 loss=7.6e-05  best=-inf wall=1.925h
  ep3 shard 176/1720 loss=7e-05  best=-inf wall=1.937h
  ep3 shard 177/1720 loss=5.7e-05  best=-inf wall=1.949h
  ep3 shard 178/1720 loss=6.8e-05  best=-inf wall=1.952h
  ep3 shard 179/1720 loss=8.2e-05  best=-inf wall=1.964h
  ep3 shard 180/1720 loss=8.5e-05  best=-inf wall=1.976h
  ep3 shard 181/1720 loss=7.5e-05  best=-inf wall=1.988h
  ep3 shard 182/1720 loss=8.9e-05  best=-inf wall=2.0h
  ep3 shard 183/1720 loss=6.7e-05  best=-inf wall=2.011h
  ep3 shard 184/1720 loss=8e-05  best=-inf wall=2.023h
  ep3 shard 185/1720 loss=6.7e-05  best=-inf wall=2.035h
  ep3 shard 186/1720 loss=5.3e-05  best=-inf wall=2.046h
  ep3 shard 187/1720 loss=7.6e-05  best=-inf wall=2.058h
  ep3 shard 188/1720 loss=7.2e-05  best=-inf wall=2.065h
  ep3 shard 189/1720 loss=0.000115  best=-inf wall=2.069h
  ep3 shard 190/1720 loss=9.5e-05  best=-inf wall=2.08h
  ep3 shard 191/1720 loss=9e-05  best=-inf wall=2.087h
  ep3 shard 192/1720 loss=8.1e-05  best=-inf wall=2.099h
  ep3 shard 193/1720 loss=8.1e-05  best=-inf wall=2.11h
  ep3 shard 194/1720 loss=9.4e-05  best=-inf wall=2.117h
  ep3 shard 195/1720 loss=9.5e-05  best=-inf wall=2.129h
  ep3 shard 196/1720 loss=7.6e-05  best=-inf wall=2.141h
  ep3 shard 197/1720 loss=7e-05  best=-inf wall=2.152h
  ep3 shard 198/1720 loss=6.9e-05  best=-inf wall=2.164h
  ep3 shard 199/1720 loss=7.3e-05  best=-inf wall=2.175h
  ep3 shard 200/1720 loss=6.9e-05  best=-inf wall=2.187h
  ep3 shard 201/1720 loss=7.2e-05  best=-inf wall=2.199h
  ep3 shard 202/1720 loss=6.9e-05  best=-inf wall=2.21h
  ep3 shard 203/1720 loss=6.7e-05  best=-inf wall=2.222h
  ep3 shard 204/1720 loss=5.8e-05  best=-inf wall=2.233h
  ep3 shard 205/1720 loss=6e-05  best=-inf wall=2.245h
  ep3 shard 206/1720 loss=6.4e-05  best=-inf wall=2.257h
  ep3 shard 207/1720 loss=6e-05  best=-inf wall=2.268h
  ep3 shard 208/1720 loss=7.3e-05  best=-inf wall=2.28h
  ep3 shard 209/1720 loss=6.3e-05  best=-inf wall=2.292h
  ep3 shard 210/1720 loss=6.5e-05  best=-inf wall=2.303h
  ep3 shard 211/1720 loss=6.5e-05  best=-inf wall=2.315h
  ep3 shard 212/1720 loss=7.8e-05  best=-inf wall=2.327h
  ep3 shard 213/1720 loss=6.8e-05  best=-inf wall=2.339h
  ep3 shard 214/1720 loss=6.7e-05  best=-inf wall=2.35h
  ep3 shard 215/1720 loss=8.1e-05  best=-inf wall=2.362h
  ep3 shard 216/1720 loss=6.7e-05  best=-inf wall=2.369h
  ep3 shard 217/1720 loss=7.5e-05  best=-inf wall=2.381h
  ep3 shard 218/1720 loss=7.7e-05  best=-inf wall=2.392h
  ep3 shard 219/1720 loss=5.7e-05  best=-inf wall=2.404h
  ep3 shard 220/1720 loss=7.7e-05  best=-inf wall=2.416h
  ep3 shard 221/1720 loss=9.1e-05  best=-inf wall=2.427h
  ep3 shard 222/1720 loss=6.4e-05  best=-inf wall=2.434h
  ep3 shard 223/1720 loss=6.6e-05  best=-inf wall=2.445h
  ep3 shard 224/1720 loss=7.1e-05  best=-inf wall=2.457h
  ep3 shard 225/1720 loss=6.7e-05  best=-inf wall=2.468h
  ep3 shard 226/1720 loss=6.8e-05  best=-inf wall=2.48h
  ep3 shard 227/1720 loss=5.6e-05  best=-inf wall=2.487h
  ep3 shard 228/1720 loss=7.4e-05  best=-inf wall=2.499h
  ep3 shard 229/1720 loss=6.5e-05  best=-inf wall=2.506h
  ep3 shard 230/1720 loss=5.9e-05  best=-inf wall=2.518h
  ep3 shard 231/1720 loss=6.1e-05  best=-inf wall=2.529h
  ep3 shard 232/1720 loss=8.9e-05  best=-inf wall=2.541h
  ep3 shard 233/1720 loss=5.3e-05  best=-inf wall=2.552h
  ep3 shard 234/1720 loss=6e-05  best=-inf wall=2.564h
  ep3 shard 235/1720 loss=7.8e-05  best=-inf wall=2.576h
  ep3 shard 236/1720 loss=5.9e-05  best=-inf wall=2.587h
  ep3 shard 237/1720 loss=8.1e-05  best=-inf wall=2.599h
  ep3 shard 238/1720 loss=6.9e-05  best=-inf wall=2.61h
  ep3 shard 239/1720 loss=0.000131  best=-inf wall=2.624h
  ep3 shard 240/1720 loss=6.3e-05  best=-inf wall=2.636h
  ep3 shard 241/1720 loss=5e-05  best=-inf wall=2.647h
  ep3 shard 242/1720 loss=6.7e-05  best=-inf wall=2.659h
  ep3 shard 243/1720 loss=5.9e-05  best=-inf wall=2.663h
  ep3 shard 244/1720 loss=5.6e-05  best=-inf wall=2.675h
  ep3 shard 245/1720 loss=6.9e-05  best=-inf wall=2.686h
  ep3 shard 246/1720 loss=8e-05  best=-inf wall=2.698h
  ep3 shard 247/1720 loss=5.1e-05  best=-inf wall=2.71h
  ep3 shard 248/1720 loss=5.7e-05  best=-inf wall=2.722h
  ep3 shard 249/1720 loss=4.8e-05  best=-inf wall=2.733h
  ep3 shard 250/1720 loss=6.4e-05  best=-inf wall=2.745h
  ep3 shard 251/1720 loss=4.7e-05  best=-inf wall=2.757h
  ep3 shard 252/1720 loss=5.9e-05  best=-inf wall=2.769h
  ep3 shard 253/1720 loss=6.3e-05  best=-inf wall=2.78h
  ep3 shard 254/1720 loss=7.8e-05  best=-inf wall=2.787h
  ep3 shard 255/1720 loss=5e-05  best=-inf wall=2.794h
  ep3 shard 256/1720 loss=4.9e-05  best=-inf wall=2.805h
  ep3 shard 257/1720 loss=5.1e-05  best=-inf wall=2.817h
  ep3 shard 258/1720 loss=6.6e-05  best=-inf wall=2.824h
  saved epoch checkpoint -> experiments/exp030-capacity/width2x/checkpoints/ep3.pt
  ep4 shard 259/1720 loss=5.9e-05  best=-inf wall=2.835h
  ep4 shard 260/1720 loss=7.9e-05  best=-inf wall=2.847h
  ep4 shard 261/1720 loss=6e-05  best=-inf wall=2.858h
  ep4 shard 262/1720 loss=6e-05  best=-inf wall=2.87h
  ep4 shard 263/1720 loss=6.2e-05  best=-inf wall=2.876h
  ep4 shard 264/1720 loss=6.8e-05  best=-inf wall=2.888h
  ep4 shard 265/1720 loss=8.7e-05  best=-inf wall=2.892h
  ep4 shard 266/1720 loss=9e-05  best=-inf wall=2.904h
  ep4 shard 267/1720 loss=5.3e-05  best=-inf wall=2.915h
  ep4 shard 268/1720 loss=5.6e-05  best=-inf wall=2.922h
  ep4 shard 269/1720 loss=7.3e-05  best=-inf wall=2.934h
  ep4 shard 270/1720 loss=5.7e-05  best=-inf wall=2.946h
  ep4 shard 271/1720 loss=6.9e-05  best=-inf wall=2.958h
  ep4 shard 272/1720 loss=4.7e-05  best=-inf wall=2.969h
  ep4 shard 273/1720 loss=5.9e-05  best=-inf wall=2.981h
  ep4 shard 274/1720 loss=6.6e-05  best=-inf wall=2.993h
  ep4 shard 275/1720 loss=4.1e-05  best=-inf wall=3.004h
  ep4 shard 276/1720 loss=4.6e-05  best=-inf wall=3.016h
  ep4 shard 277/1720 loss=6.7e-05  best=-inf wall=3.027h
  ep4 shard 278/1720 loss=6.3e-05  best=-inf wall=3.039h
  ep4 shard 279/1720 loss=8e-05  best=-inf wall=3.051h
  ep4 shard 280/1720 loss=0.000123  best=-inf wall=3.062h
  ep4 shard 281/1720 loss=6.4e-05  best=-inf wall=3.074h
  ep4 shard 282/1720 loss=6.7e-05  best=-inf wall=3.086h
  ep4 shard 283/1720 loss=4.2e-05  best=-inf wall=3.098h
  ep4 shard 284/1720 loss=5.4e-05  best=-inf wall=3.109h
  ep4 shard 285/1720 loss=6.2e-05  best=-inf wall=3.12h
  ep4 shard 286/1720 loss=4.5e-05  best=-inf wall=3.132h
  ep4 shard 287/1720 loss=5.2e-05  best=-inf wall=3.138h
  ep4 shard 288/1720 loss=8.7e-05  best=-inf wall=3.15h
  ep4 shard 289/1720 loss=6e-05  best=-inf wall=3.161h
  ep4 shard 290/1720 loss=5.3e-05  best=-inf wall=3.173h
  ep4 shard 291/1720 loss=6.2e-05  best=-inf wall=3.184h
  ep4 shard 292/1720 loss=6.4e-05  best=-inf wall=3.196h
  ep4 shard 293/1720 loss=7.4e-05  best=-inf wall=3.208h
  ep4 shard 294/1720 loss=6.2e-05  best=-inf wall=3.219h
  ep4 shard 295/1720 loss=5.8e-05  best=-inf wall=3.231h
  ep4 shard 296/1720 loss=7.8e-05  best=-inf wall=3.243h
  ep4 shard 297/1720 loss=5.1e-05  best=-inf wall=3.25h
  ep4 shard 298/1720 loss=6.6e-05  best=-inf wall=3.261h
  ep4 shard 299/1720 loss=6.5e-05  best=-inf wall=3.273h
  ep4 shard 300/1720 loss=6.7e-05  best=-inf wall=3.285h
  ep4 shard 301/1720 loss=5.4e-05  best=-inf wall=3.292h
  ep4 shard 302/1720 loss=5.3e-05  best=-inf wall=3.299h
  ep4 shard 303/1720 loss=7.2e-05  best=-inf wall=3.31h
  ep4 shard 304/1720 loss=6.1e-05  best=-inf wall=3.322h
  ep4 shard 305/1720 loss=5.5e-05  best=-inf wall=3.333h
  ep4 shard 306/1720 loss=5.4e-05  best=-inf wall=3.345h
  ep4 shard 307/1720 loss=6.3e-05  best=-inf wall=3.357h
  ep4 shard 308/1720 loss=5e-05  best=-inf wall=3.368h
  ep4 shard 309/1720 loss=6.3e-05  best=-inf wall=3.38h
  ep4 shard 310/1720 loss=4.9e-05  best=-inf wall=3.392h
  ep4 shard 311/1720 loss=4.9e-05  best=-inf wall=3.404h
  ep4 shard 312/1720 loss=6e-05  best=-inf wall=3.415h
  ep4 shard 313/1720 loss=6e-05  best=-inf wall=3.427h
  ep4 shard 314/1720 loss=4.5e-05  best=-inf wall=3.439h
  ep4 shard 315/1720 loss=4.4e-05  best=-inf wall=3.45h
  ep4 shard 316/1720 loss=4.3e-05  best=-inf wall=3.462h
  ep4 shard 317/1720 loss=7e-05  best=-inf wall=3.474h
  ep4 shard 318/1720 loss=6.6e-05  best=-inf wall=3.485h
  ep4 shard 319/1720 loss=6.9e-05  best=-inf wall=3.497h
  ep4 shard 320/1720 loss=4.6e-05  best=-inf wall=3.509h
  ep4 shard 321/1720 loss=6.8e-05  best=-inf wall=3.512h
  ep4 shard 322/1720 loss=7.3e-05  best=-inf wall=3.524h
  ep4 shard 323/1720 loss=5.3e-05  best=-inf wall=3.535h
  ep4 shard 324/1720 loss=6.1e-05  best=-inf wall=3.547h
  ep4 shard 325/1720 loss=4.7e-05  best=-inf wall=3.554h
  ep4 shard 326/1720 loss=4.5e-05  best=-inf wall=3.561h
  ep4 shard 327/1720 loss=5.3e-05  best=-inf wall=3.572h
  ep4 shard 328/1720 loss=5.9e-05  best=-inf wall=3.576h
  ep4 shard 329/1720 loss=5e-05  best=-inf wall=3.588h
  ep4 shard 330/1720 loss=5.4e-05  best=-inf wall=3.599h
  ep4 shard 331/1720 loss=6.6e-05  best=-inf wall=3.611h
  ep4 shard 332/1720 loss=5e-05  best=-inf wall=3.618h
  ep4 shard 333/1720 loss=5e-05  best=-inf wall=3.629h
  ep4 shard 334/1720 loss=4.9e-05  best=-inf wall=3.641h
  ep4 shard 335/1720 loss=5.3e-05  best=-inf wall=3.653h
  ep4 shard 336/1720 loss=4.1e-05  best=-inf wall=3.664h
  ep4 shard 337/1720 loss=7.1e-05  best=-inf wall=3.676h
  ep4 shard 338/1720 loss=6.7e-05  best=-inf wall=3.687h
  ep4 shard 339/1720 loss=6.9e-05  best=-inf wall=3.699h
  ep4 shard 340/1720 loss=5.7e-05  best=-inf wall=3.711h
  ep4 shard 341/1720 loss=6.8e-05  best=-inf wall=3.717h
  ep4 shard 342/1720 loss=5e-05  best=-inf wall=3.729h
  ep4 shard 343/1720 loss=6.4e-05  best=-inf wall=3.741h
  ep4 shard 344/1720 loss=6.6e-05  best=-inf wall=3.752h
  saved epoch checkpoint -> experiments/exp030-capacity/width2x/checkpoints/ep4.pt
  ep5 shard 345/1720 loss=6.4e-05  best=-inf wall=3.764h
  ep5 shard 346/1720 loss=4.8e-05  best=-inf wall=3.776h
  ep5 shard 347/1720 loss=8.3e-05  best=-inf wall=3.787h
  ep5 shard 348/1720 loss=5.6e-05  best=-inf wall=3.799h
  ep5 shard 349/1720 loss=5e-05  best=-inf wall=3.806h
  ep5 shard 350/1720 loss=4.4e-05  best=-inf wall=3.813h
  ep5 shard 351/1720 loss=6.9e-05  best=-inf wall=3.823h
  ep5 shard 352/1720 loss=5.3e-05  best=-inf wall=3.835h
  ep5 shard 353/1720 loss=4.7e-05  best=-inf wall=3.846h
  ep5 shard 354/1720 loss=5.3e-05  best=-inf wall=3.857h
  ep5 shard 355/1720 loss=6.4e-05  best=-inf wall=3.869h
  ep5 shard 356/1720 loss=4.7e-05  best=-inf wall=3.88h
  ep5 shard 357/1720 loss=5.4e-05  best=-inf wall=3.892h
  ep5 shard 358/1720 loss=4.8e-05  best=-inf wall=3.904h
  ep5 shard 359/1720 loss=5.7e-05  best=-inf wall=3.911h
  ep5 shard 360/1720 loss=5.3e-05  best=-inf wall=3.922h
  ep5 shard 361/1720 loss=5.6e-05  best=-inf wall=3.934h
  ep5 shard 362/1720 loss=6.4e-05  best=-inf wall=3.946h
  ep5 shard 363/1720 loss=5.4e-05  best=-inf wall=3.957h
  ep5 shard 364/1720 loss=4.5e-05  best=-inf wall=3.969h
  ep5 shard 365/1720 loss=3.9e-05  best=-inf wall=3.981h
  ep5 shard 366/1720 loss=4.4e-05  best=-inf wall=3.992h
  ep5 shard 367/1720 loss=5.2e-05  best=-inf wall=3.999h
  ep5 shard 368/1720 loss=5.7e-05  best=-inf wall=4.011h
  ep5 shard 369/1720 loss=5.3e-05  best=-inf wall=4.022h
  ep5 shard 370/1720 loss=5.3e-05  best=-inf wall=4.034h
  ep5 shard 371/1720 loss=4.6e-05  best=-inf wall=4.041h
  ep5 shard 372/1720 loss=5.3e-05  best=-inf wall=4.052h
  ep5 shard 373/1720 loss=6e-05  best=-inf wall=4.056h
  ep5 shard 374/1720 loss=5e-05  best=-inf wall=4.067h
  ep5 shard 375/1720 loss=5.5e-05  best=-inf wall=4.079h
  ep5 shard 376/1720 loss=7.6e-05  best=-inf wall=4.091h
  ep5 shard 377/1720 loss=5.9e-05  best=-inf wall=4.102h
  ep5 shard 378/1720 loss=4.6e-05  best=-inf wall=4.114h
  ep5 shard 379/1720 loss=4.3e-05  best=-inf wall=4.125h
  ep5 shard 380/1720 loss=5.4e-05  best=-inf wall=4.137h
  ep5 shard 381/1720 loss=8.1e-05  best=-inf wall=4.148h
  ep5 shard 382/1720 loss=3.8e-05  best=-inf wall=4.16h
  ep5 shard 383/1720 loss=4.4e-05  best=-inf wall=4.171h
  ep5 shard 384/1720 loss=6.2e-05  best=-inf wall=4.183h
  ep5 shard 385/1720 loss=4.4e-05  best=-inf wall=4.195h
  ep5 shard 386/1720 loss=4.8e-05  best=-inf wall=4.207h
  ep5 shard 387/1720 loss=5e-05  best=-inf wall=4.218h
  ep5 shard 388/1720 loss=5.8e-05  best=-inf wall=4.23h
  ep5 shard 389/1720 loss=4.7e-05  best=-inf wall=4.234h
  ep5 shard 390/1720 loss=4.6e-05  best=-inf wall=4.241h
  ep5 shard 391/1720 loss=4.6e-05  best=-inf wall=4.253h
  ep5 shard 392/1720 loss=5.1e-05  best=-inf wall=4.265h
  ep5 shard 393/1720 loss=5.4e-05  best=-inf wall=4.276h
  ep5 shard 394/1720 loss=5.4e-05  best=-inf wall=4.288h
  ep5 shard 395/1720 loss=4.6e-05  best=-inf wall=4.299h
  ep5 shard 396/1720 loss=4.9e-05  best=-inf wall=4.311h
  ep5 shard 397/1720 loss=6e-05  best=-inf wall=4.322h
  ep5 shard 398/1720 loss=5.7e-05  best=-inf wall=4.334h
  ep5 shard 399/1720 loss=7.2e-05  best=-inf wall=4.346h
  ep5 shard 400/1720 loss=5.8e-05  best=-inf wall=4.357h
  ep5 shard 401/1720 loss=4.9e-05  best=-inf wall=4.369h
  ep5 shard 402/1720 loss=5.5e-05  best=-inf wall=4.382h
  ep5 shard 403/1720 loss=4.7e-05  best=-inf wall=4.399h
  ep5 shard 404/1720 loss=6e-05  best=-inf wall=4.411h
  ep5 shard 405/1720 loss=3.9e-05  best=-inf wall=4.417h
  ep5 shard 406/1720 loss=5.6e-05  best=-inf wall=4.429h
  ep5 shard 407/1720 loss=5.3e-05  best=-inf wall=4.441h
  ep5 shard 408/1720 loss=4.7e-05  best=-inf wall=4.452h
  ep5 shard 409/1720 loss=4.6e-05  best=-inf wall=4.464h
  ep5 shard 410/1720 loss=5e-05  best=-inf wall=4.475h
  ep5 shard 411/1720 loss=5e-05  best=-inf wall=4.487h
  ep5 shard 412/1720 loss=4.6e-05  best=-inf wall=4.494h
  ep5 shard 413/1720 loss=5.2e-05  best=-inf wall=4.505h
  ep5 shard 414/1720 loss=4.1e-05  best=-inf wall=4.512h
  ep5 shard 415/1720 loss=5.1e-05  best=-inf wall=4.524h
  ep5 shard 416/1720 loss=4.2e-05  best=-inf wall=4.536h
  ep5 shard 417/1720 loss=6.4e-05  best=-inf wall=4.548h
  ep5 shard 418/1720 loss=5.9e-05  best=-inf wall=4.559h
  ep5 shard 419/1720 loss=5.6e-05  best=-inf wall=4.571h
  ep5 shard 420/1720 loss=6e-05  best=-inf wall=4.575h
  ep5 shard 421/1720 loss=4.6e-05  best=-inf wall=4.582h
  ep5 shard 422/1720 loss=3.7e-05  best=-inf wall=4.593h
  ep5 shard 423/1720 loss=6.1e-05  best=-inf wall=4.605h
  ep5 shard 424/1720 loss=4.5e-05  best=-inf wall=4.616h
  ep5 shard 425/1720 loss=5.9e-05  best=-inf wall=4.627h
  ep5 shard 426/1720 loss=6.8e-05  best=-inf wall=4.639h
  ep5 shard 427/1720 loss=5.1e-05  best=-inf wall=4.651h
  ep5 shard 428/1720 loss=3.8e-05  best=-inf wall=4.663h
  ep5 shard 429/1720 loss=4.7e-05  best=-inf wall=4.674h
  ep5 shard 430/1720 loss=4.1e-05  best=-inf wall=4.686h
  saved epoch checkpoint -> experiments/exp030-capacity/width2x/checkpoints/ep5.pt
  ep6 shard 431/1720 loss=4.5e-05  best=-inf wall=4.698h
  ep6 shard 432/1720 loss=4.7e-05  best=-inf wall=4.71h
  ep6 shard 433/1720 loss=5.7e-05  best=-inf wall=4.713h
  ep6 shard 434/1720 loss=5.4e-05  best=-inf wall=4.717h
  ep6 shard 435/1720 loss=4.5e-05  best=-inf wall=4.729h
  ep6 shard 436/1720 loss=5.2e-05  best=-inf wall=4.74h
  ep6 shard 437/1720 loss=5.1e-05  best=-inf wall=4.752h
  ep6 shard 438/1720 loss=4.8e-05  best=-inf wall=4.764h
  ep6 shard 439/1720 loss=5.1e-05  best=-inf wall=4.771h
  ep6 shard 440/1720 loss=4.9e-05  best=-inf wall=4.782h
  ep6 shard 441/1720 loss=5.1e-05  best=-inf wall=4.794h
  ep6 shard 442/1720 loss=4.8e-05  best=-inf wall=4.805h
  ep6 shard 443/1720 loss=4.5e-05  best=-inf wall=4.817h
  ep6 shard 444/1720 loss=3.7e-05  best=-inf wall=4.828h
  ep6 shard 445/1720 loss=4.6e-05  best=-inf wall=4.84h
  ep6 shard 446/1720 loss=6.7e-05  best=-inf wall=4.851h
  ep6 shard 447/1720 loss=7.1e-05  best=-inf wall=4.863h
  ep6 shard 448/1720 loss=4.6e-05  best=-inf wall=4.874h
  ep6 shard 449/1720 loss=4.3e-05  best=-inf wall=4.886h
  ep6 shard 450/1720 loss=6.7e-05  best=-inf wall=4.897h
  ep6 shard 451/1720 loss=5.6e-05  best=-inf wall=4.904h
  ep6 shard 452/1720 loss=6.3e-05  best=-inf wall=4.915h
  ep6 shard 453/1720 loss=4.5e-05  best=-inf wall=4.927h
  ep6 shard 454/1720 loss=4.1e-05  best=-inf wall=4.938h
  ep6 shard 455/1720 loss=4.7e-05  best=-inf wall=4.95h
  ep6 shard 456/1720 loss=4.7e-05  best=-inf wall=4.962h
  ep6 shard 457/1720 loss=4.2e-05  best=-inf wall=4.973h
  ep6 shard 458/1720 loss=7e-05  best=-inf wall=4.985h
  ep6 shard 459/1720 loss=5.3e-05  best=-inf wall=4.996h
  ep6 shard 460/1720 loss=4.8e-05  best=-inf wall=5.006h
  ep6 shard 461/1720 loss=6.3e-05  best=-inf wall=5.018h
  ep6 shard 462/1720 loss=6.7e-05  best=-inf wall=5.03h
  ep6 shard 463/1720 loss=4.4e-05  best=-inf wall=5.042h
  ep6 shard 464/1720 loss=4e-05  best=-inf wall=5.053h
  ep6 shard 465/1720 loss=4.5e-05  best=-inf wall=5.065h
  ep6 shard 466/1720 loss=4.3e-05  best=-inf wall=5.076h
  ep6 shard 467/1720 loss=5e-05  best=-inf wall=5.083h
  ep6 shard 468/1720 loss=4.5e-05  best=-inf wall=5.095h
  ep6 shard 469/1720 loss=4.1e-05  best=-inf wall=5.106h
  ep6 shard 470/1720 loss=4.6e-05  best=-inf wall=5.118h
  ep6 shard 471/1720 loss=5.3e-05  best=-inf wall=5.125h
  ep6 shard 472/1720 loss=4.1e-05  best=-inf wall=5.136h
  ep6 shard 473/1720 loss=4.6e-05  best=-inf wall=5.148h
  ep6 shard 474/1720 loss=4.5e-05  best=-inf wall=5.16h
  ep6 shard 475/1720 loss=3.9e-05  best=-inf wall=5.172h
  ep6 shard 476/1720 loss=5.3e-05  best=-inf wall=5.183h
  ep6 shard 477/1720 loss=5e-05  best=-inf wall=5.195h
  ep6 shard 478/1720 loss=5.2e-05  best=-inf wall=5.206h
  ep6 shard 479/1720 loss=5.4e-05  best=-inf wall=5.218h
  ep6 shard 480/1720 loss=5.1e-05  best=-inf wall=5.23h
  ep6 shard 481/1720 loss=4.9e-05  best=-inf wall=5.241h
  ep6 shard 482/1720 loss=5.3e-05  best=-inf wall=5.248h
  ep6 shard 483/1720 loss=4.9e-05  best=-inf wall=5.26h
  ep6 shard 484/1720 loss=4.5e-05  best=-inf wall=5.271h
  ep6 shard 485/1720 loss=3.7e-05  best=-inf wall=5.283h
  ep6 shard 486/1720 loss=5.1e-05  best=-inf wall=5.295h
  ep6 shard 487/1720 loss=5.5e-05  best=-inf wall=5.306h
  ep6 shard 488/1720 loss=5.1e-05  best=-inf wall=5.318h
  ep6 shard 489/1720 loss=7.4e-05  best=-inf wall=5.329h
  ep6 shard 490/1720 loss=4.2e-05  best=-inf wall=5.341h
  ep6 shard 491/1720 loss=3.8e-05  best=-inf wall=5.353h
  ep6 shard 492/1720 loss=5.9e-05  best=-inf wall=5.364h
  ep6 shard 493/1720 loss=5.7e-05  best=-inf wall=5.376h
  ep6 shard 494/1720 loss=9.7e-05  best=-inf wall=5.387h
  ep6 shard 495/1720 loss=5.1e-05  best=-inf wall=5.394h
  ep6 shard 496/1720 loss=3.5e-05  best=-inf wall=5.406h
  ep6 shard 497/1720 loss=5.1e-05  best=-inf wall=5.412h
  ep6 shard 498/1720 loss=4e-05  best=-inf wall=5.424h
  ep6 shard 499/1720 loss=4.7e-05  best=-inf wall=5.436h
  ep6 shard 500/1720 loss=4.3e-05  best=-inf wall=5.447h
  ep6 shard 501/1720 loss=5e-05  best=-inf wall=5.459h
  ep6 shard 502/1720 loss=4.2e-05  best=-inf wall=5.471h
  ep6 shard 503/1720 loss=4e-05  best=-inf wall=5.482h
  ep6 shard 504/1720 loss=4.9e-05  best=-inf wall=5.493h
  ep6 shard 505/1720 loss=4.6e-05  best=-inf wall=5.5h
  ep6 shard 506/1720 loss=4.6e-05  best=-inf wall=5.512h
  ep6 shard 507/1720 loss=4.7e-05  best=-inf wall=5.523h
  ep6 shard 508/1720 loss=4.3e-05  best=-inf wall=5.535h
  ep6 shard 509/1720 loss=4.3e-05  best=-inf wall=5.542h
  ep6 shard 510/1720 loss=5.8e-05  best=-inf wall=5.546h
  ep6 shard 511/1720 loss=3.1e-05  best=-inf wall=5.558h
  ep6 shard 512/1720 loss=4.2e-05  best=-inf wall=5.569h
  ep6 shard 513/1720 loss=3.7e-05  best=-inf wall=5.581h
  ep6 shard 514/1720 loss=5.3e-05  best=-inf wall=5.593h
  ep6 shard 515/1720 loss=4.3e-05  best=-inf wall=5.604h
  ep6 shard 516/1720 loss=4.6e-05  best=-inf wall=5.611h
  saved epoch checkpoint -> experiments/exp030-capacity/width2x/checkpoints/ep6.pt
  ep7 shard 517/1720 loss=3.7e-05  best=-inf wall=5.623h
  ep7 shard 518/1720 loss=4.6e-05  best=-inf wall=5.634h
  ep7 shard 519/1720 loss=4.2e-05  best=-inf wall=5.646h
  ep7 shard 520/1720 loss=4.4e-05  best=-inf wall=5.657h
  ep7 shard 521/1720 loss=4.2e-05  best=-inf wall=5.664h
  ep7 shard 522/1720 loss=4.8e-05  best=-inf wall=5.676h
  ep7 shard 523/1720 loss=4.6e-05  best=-inf wall=5.687h
  ep7 shard 524/1720 loss=4.3e-05  best=-inf wall=5.699h
  ep7 shard 525/1720 loss=3.8e-05  best=-inf wall=5.71h
  ep7 shard 526/1720 loss=4.5e-05  best=-inf wall=5.722h
  ep7 shard 527/1720 loss=5e-05  best=-inf wall=5.728h
  ep7 shard 528/1720 loss=4.5e-05  best=-inf wall=5.739h
  ep7 shard 529/1720 loss=5e-05  best=-inf wall=5.751h
  ep7 shard 530/1720 loss=4.8e-05  best=-inf wall=5.763h
  ep7 shard 531/1720 loss=4.4e-05  best=-inf wall=5.774h
  ep7 shard 532/1720 loss=4.7e-05  best=-inf wall=5.786h
  ep7 shard 533/1720 loss=4.3e-05  best=-inf wall=5.797h
  ep7 shard 534/1720 loss=5.3e-05  best=-inf wall=5.804h
  ep7 shard 535/1720 loss=4.5e-05  best=-inf wall=5.816h
  ep7 shard 536/1720 loss=4.9e-05  best=-inf wall=5.827h
  ep7 shard 537/1720 loss=4.1e-05  best=-inf wall=5.839h
  ep7 shard 538/1720 loss=4.6e-05  best=-inf wall=5.846h
  ep7 shard 539/1720 loss=4.2e-05  best=-inf wall=5.857h
  ep7 shard 540/1720 loss=4.2e-05  best=-inf wall=5.864h
  ep7 shard 541/1720 loss=4.2e-05  best=-inf wall=5.876h
  ep7 shard 542/1720 loss=3.7e-05  best=-inf wall=5.887h
  ep7 shard 543/1720 loss=3.1e-05  best=-inf wall=5.891h
  ep7 shard 544/1720 loss=4.5e-05  best=-inf wall=5.903h
  ep7 shard 545/1720 loss=4e-05  best=-inf wall=5.913h
  ep7 shard 546/1720 loss=3.8e-05  best=-inf wall=5.925h
  ep7 shard 547/1720 loss=6.8e-05  best=-inf wall=5.936h
  ep7 shard 548/1720 loss=4.7e-05  best=-inf wall=5.948h
  ep7 shard 549/1720 loss=5.3e-05  best=-inf wall=5.96h
  ep7 shard 550/1720 loss=5.7e-05  best=-inf wall=5.971h
  ep7 shard 551/1720 loss=4.3e-05  best=-inf wall=5.983h
  ep7 shard 552/1720 loss=5.5e-05  best=-inf wall=5.989h
  ep7 shard 553/1720 loss=4.3e-05  best=-inf wall=6.001h
  ep7 shard 554/1720 loss=4.6e-05  best=-inf wall=6.013h
  ep7 shard 555/1720 loss=5.4e-05  best=-inf wall=6.024h
  ep7 shard 556/1720 loss=5.6e-05  best=-inf wall=6.035h
  ep7 shard 557/1720 loss=4.3e-05  best=-inf wall=6.047h
  ep7 shard 558/1720 loss=3.7e-05  best=-inf wall=6.054h
  ep7 shard 559/1720 loss=3.8e-05  best=-inf wall=6.065h
  ep7 shard 560/1720 loss=4.2e-05  best=-inf wall=6.077h
  ep7 shard 561/1720 loss=4.3e-05  best=-inf wall=6.088h
  ep7 shard 562/1720 loss=4.7e-05  best=-inf wall=6.1h
  ep7 shard 563/1720 loss=3.8e-05  best=-inf wall=6.111h
  ep7 shard 564/1720 loss=5.3e-05  best=-inf wall=6.123h
  ep7 shard 565/1720 loss=4.8e-05  best=-inf wall=6.134h
  ep7 shard 566/1720 loss=4.5e-05  best=-inf wall=6.145h
  ep7 shard 567/1720 loss=4.1e-05  best=-inf wall=6.157h
  ep7 shard 568/1720 loss=3.8e-05  best=-inf wall=6.169h
  ep7 shard 569/1720 loss=3.9e-05  best=-inf wall=6.173h
  ep7 shard 570/1720 loss=5.4e-05  best=-inf wall=6.185h
  ep7 shard 571/1720 loss=4.1e-05  best=-inf wall=6.196h
  ep7 shard 572/1720 loss=5.1e-05  best=-inf wall=6.208h
  ep7 shard 573/1720 loss=4.7e-05  best=-inf wall=6.219h
  ep7 shard 574/1720 loss=4.9e-05  best=-inf wall=6.223h
  ep7 shard 575/1720 loss=4.5e-05  best=-inf wall=6.235h
  ep7 shard 576/1720 loss=5.1e-05  best=-inf wall=6.242h
  ep7 shard 577/1720 loss=4.1e-05  best=-inf wall=6.248h
  ep7 shard 578/1720 loss=5.1e-05  best=-inf wall=6.255h
  ep7 shard 579/1720 loss=4.6e-05  best=-inf wall=6.267h
  ep7 shard 580/1720 loss=4.5e-05  best=-inf wall=6.279h
  ep7 shard 581/1720 loss=4.9e-05  best=-inf wall=6.29h
  ep7 shard 582/1720 loss=4.2e-05  best=-inf wall=6.302h
  ep7 shard 583/1720 loss=4.4e-05  best=-inf wall=6.314h
  ep7 shard 584/1720 loss=4.6e-05  best=-inf wall=6.326h
  ep7 shard 585/1720 loss=4e-05  best=-inf wall=6.337h
  ep7 shard 586/1720 loss=5.1e-05  best=-inf wall=6.349h
  ep7 shard 587/1720 loss=4.9e-05  best=-inf wall=6.36h
  ep7 shard 588/1720 loss=4.3e-05  best=-inf wall=6.372h
  ep7 shard 589/1720 loss=4.6e-05  best=-inf wall=6.384h
  ep7 shard 590/1720 loss=4.4e-05  best=-inf wall=6.395h
  ep7 shard 591/1720 loss=5.5e-05  best=-inf wall=6.407h
  ep7 shard 592/1720 loss=3.1e-05  best=-inf wall=6.418h
  ep7 shard 593/1720 loss=6.1e-05  best=-inf wall=6.43h
  ep7 shard 594/1720 loss=4.2e-05  best=-inf wall=6.441h
  ep7 shard 595/1720 loss=4.1e-05  best=-inf wall=6.453h
  ep7 shard 596/1720 loss=3.2e-05  best=-inf wall=6.464h
  ep7 shard 597/1720 loss=3.3e-05  best=-inf wall=6.476h
  ep7 shard 598/1720 loss=3.8e-05  best=-inf wall=6.488h
  ep7 shard 599/1720 loss=4.1e-05  best=-inf wall=6.499h
  ep7 shard 600/1720 loss=4.7e-05  best=-inf wall=6.511h
  ep7 shard 601/1720 loss=2.8e-05  best=-inf wall=6.523h
  ep7 shard 602/1720 loss=3.6e-05  best=-inf wall=6.534h
  saved epoch checkpoint -> experiments/exp030-capacity/width2x/checkpoints/ep7.pt
  ep8 shard 603/1720 loss=4.6e-05  best=-inf wall=6.546h
  ep8 shard 604/1720 loss=4.8e-05  best=-inf wall=6.558h
  ep8 shard 605/1720 loss=4.2e-05  best=-inf wall=6.569h
  ep8 shard 606/1720 loss=4.2e-05  best=-inf wall=6.576h
  ep8 shard 607/1720 loss=4.8e-05  best=-inf wall=6.58h
  ep8 shard 608/1720 loss=4.6e-05  best=-inf wall=6.591h
  ep8 shard 609/1720 loss=4.6e-05  best=-inf wall=6.602h
  ep8 shard 610/1720 loss=4e-05  best=-inf wall=6.609h
  ep8 shard 611/1720 loss=3.2e-05  best=-inf wall=6.62h
  ep8 shard 612/1720 loss=5.8e-05  best=-inf wall=6.632h
  ep8 shard 613/1720 loss=4.7e-05  best=-inf wall=6.639h
  ep8 shard 614/1720 loss=3.8e-05  best=-inf wall=6.651h
  ep8 shard 615/1720 loss=3.5e-05  best=-inf wall=6.662h
  ep8 shard 616/1720 loss=3.5e-05  best=-inf wall=6.674h
  ep8 shard 617/1720 loss=4.9e-05  best=-inf wall=6.685h
  ep8 shard 618/1720 loss=4.4e-05  best=-inf wall=6.697h
  ep8 shard 619/1720 loss=4.2e-05  best=-inf wall=6.709h
  ep8 shard 620/1720 loss=4.8e-05  best=-inf wall=6.72h
  ep8 shard 621/1720 loss=6.2e-05  best=-inf wall=6.732h
  ep8 shard 622/1720 loss=5e-05  best=-inf wall=6.744h
  ep8 shard 623/1720 loss=4.8e-05  best=-inf wall=6.755h
  ep8 shard 624/1720 loss=5.5e-05  best=-inf wall=6.766h
  ep8 shard 625/1720 loss=4e-05  best=-inf wall=6.778h
  ep8 shard 626/1720 loss=4.4e-05  best=-inf wall=6.789h
  ep8 shard 627/1720 loss=5e-05  best=-inf wall=6.801h
  ep8 shard 628/1720 loss=4.3e-05  best=-inf wall=6.813h
  ep8 shard 629/1720 loss=5.4e-05  best=-inf wall=6.825h
  ep8 shard 630/1720 loss=3.8e-05  best=-inf wall=6.836h
  ep8 shard 631/1720 loss=4.3e-05  best=-inf wall=6.848h
  ep8 shard 632/1720 loss=3.9e-05  best=-inf wall=6.851h
  ep8 shard 633/1720 loss=3.5e-05  best=-inf wall=6.863h
  ep8 shard 634/1720 loss=4.5e-05  best=-inf wall=6.874h
  ep8 shard 635/1720 loss=4.6e-05  best=-inf wall=6.886h
  ep8 shard 636/1720 loss=4.5e-05  best=-inf wall=6.893h
  ep8 shard 637/1720 loss=5.8e-05  best=-inf wall=6.9h
  ep8 shard 638/1720 loss=4.7e-05  best=-inf wall=6.911h
  ep8 shard 639/1720 loss=3.3e-05  best=-inf wall=6.923h
  ep8 shard 640/1720 loss=4.3e-05  best=-inf wall=6.93h
  ep8 shard 641/1720 loss=4.5e-05  best=-inf wall=6.941h
  ep8 shard 642/1720 loss=4.9e-05  best=-inf wall=6.953h
  ep8 shard 643/1720 loss=4.3e-05  best=-inf wall=6.965h
  ep8 shard 644/1720 loss=4.6e-05  best=-inf wall=6.976h
  ep8 shard 645/1720 loss=4.2e-05  best=-inf wall=6.983h
  ep8 shard 646/1720 loss=3.5e-05  best=-inf wall=6.994h
  ep8 shard 647/1720 loss=4e-05  best=-inf wall=7.006h
  ep8 shard 648/1720 loss=3.3e-05  best=-inf wall=7.017h
  ep8 shard 649/1720 loss=3.7e-05  best=-inf wall=7.028h
  ep8 shard 650/1720 loss=5e-05  best=-inf wall=7.04h
  ep8 shard 651/1720 loss=3.3e-05  best=-inf wall=7.051h
  ep8 shard 652/1720 loss=4.3e-05  best=-inf wall=7.063h
  ep8 shard 653/1720 loss=3.7e-05  best=-inf wall=7.074h
  ep8 shard 654/1720 loss=5.2e-05  best=-inf wall=7.078h
  ep8 shard 655/1720 loss=5.2e-05  best=-inf wall=7.09h
  ep8 shard 656/1720 loss=4.9e-05  best=-inf wall=7.101h
  ep8 shard 657/1720 loss=4.2e-05  best=-inf wall=7.113h
  ep8 shard 658/1720 loss=4.2e-05  best=-inf wall=7.124h
  ep8 shard 659/1720 loss=5.3e-05  best=-inf wall=7.136h
  ep8 shard 660/1720 loss=4.4e-05  best=-inf wall=7.143h
  ep8 shard 661/1720 loss=4.1e-05  best=-inf wall=7.154h
  ep8 shard 662/1720 loss=5.5e-05  best=-inf wall=7.166h
  ep8 shard 663/1720 loss=4.4e-05  best=-inf wall=7.172h
  ep8 shard 664/1720 loss=3.7e-05  best=-inf wall=7.184h
  ep8 shard 665/1720 loss=3.8e-05  best=-inf wall=7.196h
  ep8 shard 666/1720 loss=3.6e-05  best=-inf wall=7.207h
  ep8 shard 667/1720 loss=3.2e-05  best=-inf wall=7.219h
  ep8 shard 668/1720 loss=4.3e-05  best=-inf wall=7.231h
  ep8 shard 669/1720 loss=5.1e-05  best=-inf wall=7.241h
  ep8 shard 670/1720 loss=5.1e-05  best=-inf wall=7.253h
  ep8 shard 671/1720 loss=3.7e-05  best=-inf wall=7.265h
  ep8 shard 672/1720 loss=3.7e-05  best=-inf wall=7.276h
  ep8 shard 673/1720 loss=4.6e-05  best=-inf wall=7.288h
  ep8 shard 674/1720 loss=4.5e-05  best=-inf wall=7.299h
  ep8 shard 675/1720 loss=4.5e-05  best=-inf wall=7.31h
  ep8 shard 676/1720 loss=3.9e-05  best=-inf wall=7.322h
  ep8 shard 677/1720 loss=3.9e-05  best=-inf wall=7.334h
  ep8 shard 678/1720 loss=5e-05  best=-inf wall=7.345h
  ep8 shard 679/1720 loss=3.4e-05  best=-inf wall=7.357h
  ep8 shard 680/1720 loss=6e-05  best=-inf wall=7.369h
  ep8 shard 681/1720 loss=4.1e-05  best=-inf wall=7.375h
  ep8 shard 682/1720 loss=5e-05  best=-inf wall=7.387h
  ep8 shard 683/1720 loss=3.5e-05  best=-inf wall=7.399h
  ep8 shard 684/1720 loss=4.2e-05  best=-inf wall=7.41h
  ep8 shard 685/1720 loss=4.3e-05  best=-inf wall=7.422h
  ep8 shard 686/1720 loss=4.5e-05  best=-inf wall=7.434h
  ep8 shard 687/1720 loss=3.5e-05  best=-inf wall=7.444h
  ep8 shard 688/1720 loss=4.3e-05  best=-inf wall=7.456h
  saved epoch checkpoint -> experiments/exp030-capacity/width2x/checkpoints/ep8.pt
  ep9 shard 689/1720 loss=4.1e-05  best=-inf wall=7.467h
  ep9 shard 690/1720 loss=3.7e-05  best=-inf wall=7.479h
  ep9 shard 691/1720 loss=3.9e-05  best=-inf wall=7.491h
  ep9 shard 692/1720 loss=4.3e-05  best=-inf wall=7.502h
  ep9 shard 693/1720 loss=3.6e-05  best=-inf wall=7.514h
  ep9 shard 694/1720 loss=5.3e-05  best=-inf wall=7.518h
  ep9 shard 695/1720 loss=3.7e-05  best=-inf wall=7.53h
  ep9 shard 696/1720 loss=3.5e-05  best=-inf wall=7.542h
  ep9 shard 697/1720 loss=3.7e-05  best=-inf wall=7.553h
  ep9 shard 698/1720 loss=3.4e-05  best=-inf wall=7.565h
  ep9 shard 699/1720 loss=3.1e-05  best=-inf wall=7.577h
  ep9 shard 700/1720 loss=5.4e-05  best=-inf wall=7.588h
  ep9 shard 701/1720 loss=5.9e-05  best=-inf wall=7.6h
  ep9 shard 702/1720 loss=4.4e-05  best=-inf wall=7.611h
  ep9 shard 703/1720 loss=5.3e-05  best=-inf wall=7.623h
  ep9 shard 704/1720 loss=4.3e-05  best=-inf wall=7.635h
  ep9 shard 705/1720 loss=4.5e-05  best=-inf wall=7.641h
  ep9 shard 706/1720 loss=4.5e-05  best=-inf wall=7.653h
  ep9 shard 707/1720 loss=4.8e-05  best=-inf wall=7.664h
  ep9 shard 708/1720 loss=3.7e-05  best=-inf wall=7.676h
  ep9 shard 709/1720 loss=4.3e-05  best=-inf wall=7.687h
  ep9 shard 710/1720 loss=4.3e-05  best=-inf wall=7.694h
  ep9 shard 711/1720 loss=3.8e-05  best=-inf wall=7.705h
  ep9 shard 712/1720 loss=3.9e-05  best=-inf wall=7.717h
  ep9 shard 713/1720 loss=3.7e-05  best=-inf wall=7.728h
  ep9 shard 714/1720 loss=4.1e-05  best=-inf wall=7.735h
  ep9 shard 715/1720 loss=4.9e-05  best=-inf wall=7.747h
  ep9 shard 716/1720 loss=4.2e-05  best=-inf wall=7.758h
  ep9 shard 717/1720 loss=2.6e-05  best=-inf wall=7.77h
  ep9 shard 718/1720 loss=4e-05  best=-inf wall=7.782h
  ep9 shard 719/1720 loss=4.4e-05  best=-inf wall=7.793h
  ep9 shard 720/1720 loss=3.4e-05  best=-inf wall=7.805h
  ep9 shard 721/1720 loss=4.1e-05  best=-inf wall=7.816h
  ep9 shard 722/1720 loss=3.5e-05  best=-inf wall=7.828h
  ep9 shard 723/1720 loss=4e-05  best=-inf wall=7.84h
  ep9 shard 724/1720 loss=5.2e-05  best=-inf wall=7.851h
  ep9 shard 725/1720 loss=4.2e-05  best=-inf wall=7.858h
  ep9 shard 726/1720 loss=3.5e-05  best=-inf wall=7.87h
  ep9 shard 727/1720 loss=3.2e-05  best=-inf wall=7.881h
  ep9 shard 728/1720 loss=2.8e-05  best=-inf wall=7.893h
  ep9 shard 729/1720 loss=4.7e-05  best=-inf wall=7.904h
  ep9 shard 730/1720 loss=4.5e-05  best=-inf wall=7.916h
  ep9 shard 731/1720 loss=2.9e-05  best=-inf wall=7.928h
  ep9 shard 732/1720 loss=4.1e-05  best=-inf wall=7.939h
  ep9 shard 733/1720 loss=2.9e-05  best=-inf wall=7.95h
  ep9 shard 734/1720 loss=3.5e-05  best=-inf wall=7.962h
  ep9 shard 735/1720 loss=4.1e-05  best=-inf wall=7.969h
  ep9 shard 736/1720 loss=5.1e-05  best=-inf wall=7.98h
  ep9 shard 737/1720 loss=6.9e-05  best=-inf wall=7.991h
  ep9 shard 738/1720 loss=3.5e-05  best=-inf wall=8.003h
  ep9 shard 739/1720 loss=4.7e-05  best=-inf wall=8.015h
  ep9 shard 740/1720 loss=4.9e-05  best=-inf wall=8.026h
  ep9 shard 741/1720 loss=4.1e-05  best=-inf wall=8.03h
  ep9 shard 742/1720 loss=4.1e-05  best=-inf wall=8.041h
  ep9 shard 743/1720 loss=4.7e-05  best=-inf wall=8.053h
  ep9 shard 744/1720 loss=4.9e-05  best=-inf wall=8.064h
  ep9 shard 745/1720 loss=4.7e-05  best=-inf wall=8.076h
  ep9 shard 746/1720 loss=4.7e-05  best=-inf wall=8.087h
  ep9 shard 747/1720 loss=4.1e-05  best=-inf wall=8.094h
  ep9 shard 748/1720 loss=4.2e-05  best=-inf wall=8.106h
  ep9 shard 749/1720 loss=3.7e-05  best=-inf wall=8.117h
  ep9 shard 750/1720 loss=3.5e-05  best=-inf wall=8.128h
  ep9 shard 751/1720 loss=4e-05  best=-inf wall=8.135h
  ep9 shard 752/1720 loss=4.5e-05  best=-inf wall=8.147h
  ep9 shard 753/1720 loss=2.6e-05  best=-inf wall=8.158h
  ep9 shard 754/1720 loss=4.4e-05  best=-inf wall=8.165h
  ep9 shard 755/1720 loss=5.6e-05  best=-inf wall=8.177h
  ep9 shard 756/1720 loss=3.3e-05  best=-inf wall=8.188h
  ep9 shard 757/1720 loss=4.3e-05  best=-inf wall=8.2h
  ep9 shard 758/1720 loss=3.4e-05  best=-inf wall=8.212h
  ep9 shard 759/1720 loss=3.2e-05  best=-inf wall=8.223h
  ep9 shard 760/1720 loss=3.4e-05  best=-inf wall=8.235h
  ep9 shard 761/1720 loss=4.3e-05  best=-inf wall=8.246h
  ep9 shard 762/1720 loss=3.9e-05  best=-inf wall=8.257h
  ep9 shard 763/1720 loss=4.6e-05  best=-inf wall=8.269h
  ep9 shard 764/1720 loss=4.1e-05  best=-inf wall=8.28h
  ep9 shard 765/1720 loss=4e-05  best=-inf wall=8.287h
  ep9 shard 766/1720 loss=4.1e-05  best=-inf wall=8.299h
  ep9 shard 767/1720 loss=5.3e-05  best=-inf wall=8.31h
  ep9 shard 768/1720 loss=3e-05  best=-inf wall=8.322h
  ep9 shard 769/1720 loss=3.8e-05  best=-inf wall=8.333h
  ep9 shard 770/1720 loss=4.1e-05  best=-inf wall=8.345h
  ep9 shard 771/1720 loss=3.7e-05  best=-inf wall=8.349h
  ep9 shard 772/1720 loss=5.5e-05  best=-inf wall=8.361h
  ep9 shard 773/1720 loss=3.6e-05  best=-inf wall=8.367h
  ep9 shard 774/1720 loss=5.4e-05  best=-inf wall=8.379h
  saved epoch checkpoint -> experiments/exp030-capacity/width2x/checkpoints/ep9.pt
  ep10 shard 775/1720 loss=3.4e-05  best=-inf wall=8.39h
  ep10 shard 776/1720 loss=4.7e-05  best=-inf wall=8.402h
  ep10 shard 777/1720 loss=3.4e-05  best=-inf wall=8.413h
  ep10 shard 778/1720 loss=3.3e-05  best=-inf wall=8.425h
  ep10 shard 779/1720 loss=3.7e-05  best=-inf wall=8.432h
  ep10 shard 780/1720 loss=4.2e-05  best=-inf wall=8.443h
  ep10 shard 781/1720 loss=5.2e-05  best=-inf wall=8.455h
  ep10 shard 782/1720 loss=4.1e-05  best=-inf wall=8.467h
  ep10 shard 783/1720 loss=4e-05  best=-inf wall=8.478h
  ep10 shard 784/1720 loss=4e-05  best=-inf wall=8.49h
  ep10 shard 785/1720 loss=4e-05  best=-inf wall=8.502h
  ep10 shard 786/1720 loss=3.6e-05  best=-inf wall=8.514h
  ep10 shard 787/1720 loss=3.6e-05  best=-inf wall=8.525h
  ep10 shard 788/1720 loss=3.6e-05  best=-inf wall=8.536h
  ep10 shard 789/1720 loss=3.9e-05  best=-inf wall=8.548h
  ep10 shard 790/1720 loss=3.4e-05  best=-inf wall=8.56h
  ep10 shard 791/1720 loss=3.5e-05  best=-inf wall=8.571h
  ep10 shard 792/1720 loss=4.3e-05  best=-inf wall=8.582h
  ep10 shard 793/1720 loss=3.6e-05  best=-inf wall=8.594h
  ep10 shard 794/1720 loss=3.8e-05  best=-inf wall=8.606h
  ep10 shard 795/1720 loss=3e-05  best=-inf wall=8.617h
  ep10 shard 796/1720 loss=3.9e-05  best=-inf wall=8.629h
  ep10 shard 797/1720 loss=3e-05  best=-inf wall=8.641h
  ep10 shard 798/1720 loss=4e-05  best=-inf wall=8.652h
  ep10 shard 799/1720 loss=3.9e-05  best=-inf wall=8.664h
  ep10 shard 800/1720 loss=3.3e-05  best=-inf wall=8.676h
  ep10 shard 801/1720 loss=3.3e-05  best=-inf wall=8.683h
  ep10 shard 802/1720 loss=4.2e-05  best=-inf wall=8.694h
  ep10 shard 803/1720 loss=3.6e-05  best=-inf wall=8.706h
  ep10 shard 804/1720 loss=4.6e-05  best=-inf wall=8.717h
  ep10 shard 805/1720 loss=3.9e-05  best=-inf wall=8.729h
  ep10 shard 806/1720 loss=3.2e-05  best=-inf wall=8.74h
  ep10 shard 807/1720 loss=5.4e-05  best=-inf wall=8.752h
  ep10 shard 808/1720 loss=3.5e-05  best=-inf wall=8.759h
  ep10 shard 809/1720 loss=3.6e-05  best=-inf wall=8.77h
  ep10 shard 810/1720 loss=3.1e-05  best=-inf wall=8.782h
  ep10 shard 811/1720 loss=3.2e-05  best=-inf wall=8.794h
  ep10 shard 812/1720 loss=4.5e-05  best=-inf wall=8.806h
  ep10 shard 813/1720 loss=3.1e-05  best=-inf wall=8.813h
  ep10 shard 814/1720 loss=4.2e-05  best=-inf wall=8.825h
  ep10 shard 815/1720 loss=3.5e-05  best=-inf wall=8.836h
  ep10 shard 816/1720 loss=3.9e-05  best=-inf wall=8.848h
  ep10 shard 817/1720 loss=3.7e-05  best=-inf wall=8.854h
  ep10 shard 818/1720 loss=5.1e-05  best=-inf wall=8.866h
  ep10 shard 819/1720 loss=3.9e-05  best=-inf wall=8.877h
  ep10 shard 820/1720 loss=4.7e-05  best=-inf wall=8.889h
  ep10 shard 821/1720 loss=4e-05  best=-inf wall=8.896h
  ep10 shard 822/1720 loss=3.4e-05  best=-inf wall=8.9h
  ep10 shard 823/1720 loss=4.5e-05  best=-inf wall=8.907h
  ep10 shard 824/1720 loss=4e-05  best=-inf wall=8.919h
  ep10 shard 825/1720 loss=3.7e-05  best=-inf wall=8.93h
  ep10 shard 826/1720 loss=5.4e-05  best=-inf wall=8.942h
  ep10 shard 827/1720 loss=3.4e-05  best=-inf wall=8.954h
  ep10 shard 828/1720 loss=3.1e-05  best=-inf wall=8.965h
  ep10 shard 829/1720 loss=3.6e-05  best=-inf wall=8.977h
  ep10 shard 830/1720 loss=3.7e-05  best=-inf wall=8.983h
  ep10 shard 831/1720 loss=3.4e-05  best=-inf wall=8.995h
  ep10 shard 832/1720 loss=3.4e-05  best=-inf wall=9.007h
  ep10 shard 833/1720 loss=4.7e-05  best=-inf wall=9.018h
  ep10 shard 834/1720 loss=3.8e-05  best=-inf wall=9.025h
  ep10 shard 835/1720 loss=4.5e-05  best=-inf wall=9.036h
  ep10 shard 836/1720 loss=5.5e-05  best=-inf wall=9.04h
  ep10 shard 837/1720 loss=2.7e-05  best=-inf wall=9.051h
  ep10 shard 838/1720 loss=3.2e-05  best=-inf wall=9.063h
  ep10 shard 839/1720 loss=3.9e-05  best=-inf wall=9.074h
  ep10 shard 840/1720 loss=3.3e-05  best=-inf wall=9.086h
  ep10 shard 841/1720 loss=3.2e-05  best=-inf wall=9.097h
  ep10 shard 842/1720 loss=3.8e-05  best=-inf wall=9.109h
  ep10 shard 843/1720 loss=2.6e-05  best=-inf wall=9.12h
  ep10 shard 844/1720 loss=3.8e-05  best=-inf wall=9.132h
  ep10 shard 845/1720 loss=3.1e-05  best=-inf wall=9.136h
  ep10 shard 846/1720 loss=3.3e-05  best=-inf wall=9.147h
  ep10 shard 847/1720 loss=3.9e-05  best=-inf wall=9.158h
  ep10 shard 848/1720 loss=3.1e-05  best=-inf wall=9.17h
  ep10 shard 849/1720 loss=3e-05  best=-inf wall=9.182h
  ep10 shard 850/1720 loss=3.7e-05  best=-inf wall=9.194h
  ep10 shard 851/1720 loss=3.9e-05  best=-inf wall=9.205h
  ep10 shard 852/1720 loss=3.9e-05  best=-inf wall=9.217h
  ep10 shard 853/1720 loss=3.4e-05  best=-inf wall=9.228h
  ep10 shard 854/1720 loss=3.3e-05  best=-inf wall=9.239h
  ep10 shard 855/1720 loss=5.2e-05  best=-inf wall=9.25h
  ep10 shard 856/1720 loss=6.3e-05  best=-inf wall=9.262h
  ep10 shard 857/1720 loss=4.3e-05  best=-inf wall=9.269h
  ep10 shard 858/1720 loss=3.5e-05  best=-inf wall=9.283h
  ep10 shard 859/1720 loss=2.8e-05  best=-inf wall=9.299h
  ep10 shard 860/1720 loss=4.2e-05  best=-inf wall=9.314h
  saved epoch checkpoint -> experiments/exp030-capacity/width2x/checkpoints/ep10.pt
  ep11 shard 861/1720 loss=4.1e-05  best=-inf wall=9.329h
  ep11 shard 862/1720 loss=3.9e-05  best=-inf wall=9.341h
  ep11 shard 863/1720 loss=4e-05  best=-inf wall=9.353h
  ep11 shard 864/1720 loss=2.8e-05  best=-inf wall=9.363h
  ep11 shard 865/1720 loss=4e-05  best=-inf wall=9.374h
  ep11 shard 866/1720 loss=3.6e-05  best=-inf wall=9.386h
  ep11 shard 867/1720 loss=4.3e-05  best=-inf wall=9.397h
  ep11 shard 868/1720 loss=3.7e-05  best=-inf wall=9.409h
  ep11 shard 869/1720 loss=3.6e-05  best=-inf wall=9.415h
  ep11 shard 870/1720 loss=3.1e-05  best=-inf wall=9.427h
  ep11 shard 871/1720 loss=4e-05  best=-inf wall=9.439h
  ep11 shard 872/1720 loss=3.2e-05  best=-inf wall=9.451h
  ep11 shard 873/1720 loss=4.2e-05  best=-inf wall=9.458h
  ep11 shard 874/1720 loss=3.4e-05  best=-inf wall=9.469h
  ep11 shard 875/1720 loss=3.6e-05  best=-inf wall=9.481h
  ep11 shard 876/1720 loss=3.5e-05  best=-inf wall=9.493h
  ep11 shard 877/1720 loss=3.9e-05  best=-inf wall=9.5h
  ep11 shard 878/1720 loss=4.9e-05  best=-inf wall=9.511h
  ep11 shard 879/1720 loss=3.7e-05  best=-inf wall=9.523h
  ep11 shard 880/1720 loss=3.6e-05  best=-inf wall=9.534h
  ep11 shard 881/1720 loss=3.9e-05  best=-inf wall=9.545h
  ep11 shard 882/1720 loss=4.3e-05  best=-inf wall=9.557h
  ep11 shard 883/1720 loss=3.2e-05  best=-inf wall=9.568h
  ep11 shard 884/1720 loss=4.3e-05  best=-inf wall=9.58h
  ep11 shard 885/1720 loss=3.7e-05  best=-inf wall=9.592h
  ep11 shard 886/1720 loss=3.9e-05  best=-inf wall=9.599h
  ep11 shard 887/1720 loss=3.3e-05  best=-inf wall=9.611h
  ep11 shard 888/1720 loss=3.8e-05  best=-inf wall=9.618h
  ep11 shard 889/1720 loss=3.9e-05  best=-inf wall=9.63h
  ep11 shard 890/1720 loss=4.8e-05  best=-inf wall=9.641h
  ep11 shard 891/1720 loss=3.8e-05  best=-inf wall=9.653h
  ep11 shard 892/1720 loss=4e-05  best=-inf wall=9.664h
  ep11 shard 893/1720 loss=3.9e-05  best=-inf wall=9.671h
  ep11 shard 894/1720 loss=4e-05  best=-inf wall=9.683h
  ep11 shard 895/1720 loss=3.6e-05  best=-inf wall=9.695h
  ep11 shard 896/1720 loss=3.9e-05  best=-inf wall=9.706h
  ep11 shard 897/1720 loss=3.3e-05  best=-inf wall=9.718h
  ep11 shard 898/1720 loss=4.2e-05  best=-inf wall=9.722h
  ep11 shard 899/1720 loss=3.8e-05  best=-inf wall=9.728h
  ep11 shard 900/1720 loss=3.3e-05  best=-inf wall=9.74h
  ep11 shard 901/1720 loss=3.3e-05  best=-inf wall=9.751h
  ep11 shard 902/1720 loss=3.8e-05  best=-inf wall=9.763h
  ep11 shard 903/1720 loss=4e-05  best=-inf wall=9.776h
  ep11 shard 904/1720 loss=3.5e-05  best=-inf wall=9.795h
  ep11 shard 905/1720 loss=4e-05  best=-inf wall=9.799h
  ep11 shard 906/1720 loss=3.4e-05  best=-inf wall=9.811h
  ep11 shard 907/1720 loss=2.5e-05  best=-inf wall=9.823h
  ep11 shard 908/1720 loss=3.6e-05  best=-inf wall=9.83h
  ep11 shard 909/1720 loss=3.9e-05  best=-inf wall=9.833h
  ep11 shard 910/1720 loss=3.6e-05  best=-inf wall=9.845h
  ep11 shard 911/1720 loss=3.7e-05  best=-inf wall=9.857h
  ep11 shard 912/1720 loss=4.6e-05  best=-inf wall=9.868h
  ep11 shard 913/1720 loss=3.2e-05  best=-inf wall=9.88h
  ep11 shard 914/1720 loss=3.3e-05  best=-inf wall=9.891h
  ep11 shard 915/1720 loss=4.2e-05  best=-inf wall=9.902h
  ep11 shard 916/1720 loss=3.9e-05  best=-inf wall=9.913h
  ep11 shard 917/1720 loss=3.1e-05  best=-inf wall=9.925h
  ep11 shard 918/1720 loss=3.8e-05  best=-inf wall=9.935h
  ep11 shard 919/1720 loss=3e-05  best=-inf wall=9.946h
  ep11 shard 920/1720 loss=3.1e-05  best=-inf wall=9.958h
  ep11 shard 921/1720 loss=3.9e-05  best=-inf wall=9.965h
  ep11 shard 922/1720 loss=2.8e-05  best=-inf wall=9.976h
  ep11 shard 923/1720 loss=3.4e-05  best=-inf wall=9.988h
  ep11 shard 924/1720 loss=3.5e-05  best=-inf wall=9.998h
  ep11 shard 925/1720 loss=4.3e-05  best=-inf wall=10.01h
  ep11 shard 926/1720 loss=3e-05  best=-inf wall=10.022h
  ep11 shard 927/1720 loss=5.2e-05  best=-inf wall=10.033h
  ep11 shard 928/1720 loss=3.6e-05  best=-inf wall=10.045h
  ep11 shard 929/1720 loss=3.8e-05  best=-inf wall=10.057h
  ep11 shard 930/1720 loss=4e-05  best=-inf wall=10.068h
  ep11 shard 931/1720 loss=3.9e-05  best=-inf wall=10.08h
  ep11 shard 932/1720 loss=4.2e-05  best=-inf wall=10.092h
  ep11 shard 933/1720 loss=2.4e-05  best=-inf wall=10.103h
  ep11 shard 934/1720 loss=3.2e-05  best=-inf wall=10.115h
  ep11 shard 935/1720 loss=3.1e-05  best=-inf wall=10.127h
  ep11 shard 936/1720 loss=5.2e-05  best=-inf wall=10.138h
  ep11 shard 937/1720 loss=5e-05  best=-inf wall=10.15h
  ep11 shard 938/1720 loss=4.1e-05  best=-inf wall=10.162h
  ep11 shard 939/1720 loss=3.1e-05  best=-inf wall=10.174h
  ep11 shard 940/1720 loss=3.5e-05  best=-inf wall=10.185h
  ep11 shard 941/1720 loss=3.7e-05  best=-inf wall=10.197h
  ep11 shard 942/1720 loss=4.4e-05  best=-inf wall=10.208h
  ep11 shard 943/1720 loss=4.1e-05  best=-inf wall=10.215h
  ep11 shard 944/1720 loss=3.6e-05  best=-inf wall=10.227h
  ep11 shard 945/1720 loss=4.1e-05  best=-inf wall=10.238h
  ep11 shard 946/1720 loss=3.5e-05  best=-inf wall=10.25h
  saved epoch checkpoint -> experiments/exp030-capacity/width2x/checkpoints/ep11.pt
  ep12 shard 947/1720 loss=4.9e-05  best=-inf wall=10.261h
  ep12 shard 948/1720 loss=3.7e-05  best=-inf wall=10.273h
  ep12 shard 949/1720 loss=4.1e-05  best=-inf wall=10.284h
  ep12 shard 950/1720 loss=4e-05  best=-inf wall=10.295h
  ep12 shard 951/1720 loss=3.2e-05  best=-inf wall=10.306h
  ep12 shard 952/1720 loss=3.3e-05  best=-inf wall=10.313h
  ep12 shard 953/1720 loss=4.3e-05  best=-inf wall=10.325h
  ep12 shard 954/1720 loss=2.6e-05  best=-inf wall=10.329h
  ep12 shard 955/1720 loss=2.8e-05  best=-inf wall=10.34h
  ep12 shard 956/1720 loss=2.7e-05  best=-inf wall=10.352h
  ep12 shard 957/1720 loss=3.3e-05  best=-inf wall=10.364h
  ep12 shard 958/1720 loss=3.2e-05  best=-inf wall=10.376h
  ep12 shard 959/1720 loss=3.2e-05  best=-inf wall=10.387h
  ep12 shard 960/1720 loss=3e-05  best=-inf wall=10.399h
  ep12 shard 961/1720 loss=4.2e-05  best=-inf wall=10.405h
  ep12 shard 962/1720 loss=3.6e-05  best=-inf wall=10.417h
  ep12 shard 963/1720 loss=3.6e-05  best=-inf wall=10.429h
  ep12 shard 964/1720 loss=2.7e-05  best=-inf wall=10.44h
  ep12 shard 965/1720 loss=2.8e-05  best=-inf wall=10.452h
  ep12 shard 966/1720 loss=3.5e-05  best=-inf wall=10.463h
  ep12 shard 967/1720 loss=2.9e-05  best=-inf wall=10.475h
  ep12 shard 968/1720 loss=3.7e-05  best=-inf wall=10.487h
  ep12 shard 969/1720 loss=3.4e-05  best=-inf wall=10.499h
  ep12 shard 970/1720 loss=3.7e-05  best=-inf wall=10.51h
  ep12 shard 971/1720 loss=4e-05  best=-inf wall=10.522h
  ep12 shard 972/1720 loss=3.5e-05  best=-inf wall=10.534h
  ep12 shard 973/1720 loss=4.8e-05  best=-inf wall=10.54h
  ep12 shard 974/1720 loss=3.7e-05  best=-inf wall=10.552h
  ep12 shard 975/1720 loss=3.5e-05  best=-inf wall=10.559h
  ep12 shard 976/1720 loss=3.6e-05  best=-inf wall=10.571h
  ep12 shard 977/1720 loss=3.6e-05  best=-inf wall=10.582h
  ep12 shard 978/1720 loss=4.3e-05  best=-inf wall=10.594h
  ep12 shard 979/1720 loss=4.2e-05  best=-inf wall=10.606h
  ep12 shard 980/1720 loss=4.4e-05  best=-inf wall=10.617h
  ep12 shard 981/1720 loss=3.4e-05  best=-inf wall=10.624h
  ep12 shard 982/1720 loss=3.4e-05  best=-inf wall=10.636h
  ep12 shard 983/1720 loss=5.3e-05  best=-inf wall=10.647h
  ep12 shard 984/1720 loss=4.2e-05  best=-inf wall=10.654h
  ep12 shard 985/1720 loss=4.7e-05  best=-inf wall=10.666h
  ep12 shard 986/1720 loss=3.2e-05  best=-inf wall=10.677h
  ep12 shard 987/1720 loss=2.7e-05  best=-inf wall=10.688h
  ep12 shard 988/1720 loss=3.8e-05  best=-inf wall=10.699h
  ep12 shard 989/1720 loss=3.6e-05  best=-inf wall=10.71h
  ep12 shard 990/1720 loss=3.6e-05  best=-inf wall=10.722h
  ep12 shard 991/1720 loss=3.3e-05  best=-inf wall=10.733h
  ep12 shard 992/1720 loss=4.1e-05  best=-inf wall=10.744h
  ep12 shard 993/1720 loss=3.4e-05  best=-inf wall=10.756h
  ep12 shard 994/1720 loss=2.9e-05  best=-inf wall=10.767h
  ep12 shard 995/1720 loss=4.4e-05  best=-inf wall=10.779h
  ep12 shard 996/1720 loss=4.6e-05  best=-inf wall=10.791h
  ep12 shard 997/1720 loss=4e-05  best=-inf wall=10.803h
  ep12 shard 998/1720 loss=5.6e-05  best=-inf wall=10.806h
  ep12 shard 999/1720 loss=3.7e-05  best=-inf wall=10.818h
  ep12 shard 1000/1720 loss=3.6e-05  best=-inf wall=10.83h
  ep12 shard 1001/1720 loss=3.3e-05  best=-inf wall=10.841h
  ep12 shard 1002/1720 loss=3.1e-05  best=-inf wall=10.852h
  ep12 shard 1003/1720 loss=3.6e-05  best=-inf wall=10.864h
  ep12 shard 1004/1720 loss=3.1e-05  best=-inf wall=10.875h
  ep12 shard 1005/1720 loss=3.4e-05  best=-inf wall=10.887h
  ep12 shard 1006/1720 loss=3.2e-05  best=-inf wall=10.89h
  ep12 shard 1007/1720 loss=3.8e-05  best=-inf wall=10.902h
  ep12 shard 1008/1720 loss=3.8e-05  best=-inf wall=10.909h
  ep12 shard 1009/1720 loss=3.8e-05  best=-inf wall=10.92h
  ep12 shard 1010/1720 loss=3.2e-05  best=-inf wall=10.927h
  ep12 shard 1011/1720 loss=2.8e-05  best=-inf wall=10.939h
  ep12 shard 1012/1720 loss=3e-05  best=-inf wall=10.95h
  ep12 shard 1013/1720 loss=4.3e-05  best=-inf wall=10.962h
  ep12 shard 1014/1720 loss=3.6e-05  best=-inf wall=10.973h
  ep12 shard 1015/1720 loss=3e-05  best=-inf wall=10.985h
  ep12 shard 1016/1720 loss=3.5e-05  best=-inf wall=10.997h
  ep12 shard 1017/1720 loss=3.6e-05  best=-inf wall=11.008h
  ep12 shard 1018/1720 loss=4e-05  best=-inf wall=11.02h
  ep12 shard 1019/1720 loss=3.3e-05  best=-inf wall=11.032h
  ep12 shard 1020/1720 loss=3e-05  best=-inf wall=11.043h
  ep12 shard 1021/1720 loss=3e-05  best=-inf wall=11.055h
  ep12 shard 1022/1720 loss=2.9e-05  best=-inf wall=11.066h
  ep12 shard 1023/1720 loss=4.5e-05  best=-inf wall=11.078h
  ep12 shard 1024/1720 loss=3.4e-05  best=-inf wall=11.089h
  ep12 shard 1025/1720 loss=3.3e-05  best=-inf wall=11.101h
  ep12 shard 1026/1720 loss=2.9e-05  best=-inf wall=11.112h
  ep12 shard 1027/1720 loss=3.3e-05  best=-inf wall=11.118h
  ep12 shard 1028/1720 loss=2.8e-05  best=-inf wall=11.13h
  ep12 shard 1029/1720 loss=3.2e-05  best=-inf wall=11.142h
  ep12 shard 1030/1720 loss=4.2e-05  best=-inf wall=11.154h
  ep12 shard 1031/1720 loss=3.5e-05  best=-inf wall=11.161h
  ep12 shard 1032/1720 loss=3.5e-05  best=-inf wall=11.172h
  saved epoch checkpoint -> experiments/exp030-capacity/width2x/checkpoints/ep12.pt
  ep13 shard 1033/1720 loss=2.7e-05  best=-inf wall=11.184h
  ep13 shard 1034/1720 loss=3.8e-05  best=-inf wall=11.196h
  ep13 shard 1035/1720 loss=3.1e-05  best=-inf wall=11.207h
  ep13 shard 1036/1720 loss=4e-05  best=-inf wall=11.219h
  ep13 shard 1037/1720 loss=3.1e-05  best=-inf wall=11.23h
  ep13 shard 1038/1720 loss=3.3e-05  best=-inf wall=11.242h
  ep13 shard 1039/1720 loss=3e-05  best=-inf wall=11.254h
  ep13 shard 1040/1720 loss=2.9e-05  best=-inf wall=11.265h
  ep13 shard 1041/1720 loss=3e-05  best=-inf wall=11.276h
  ep13 shard 1042/1720 loss=3.6e-05  best=-inf wall=11.287h
  ep13 shard 1043/1720 loss=3.4e-05  best=-inf wall=11.299h
  ep13 shard 1044/1720 loss=3.5e-05  best=-inf wall=11.309h
  ep13 shard 1045/1720 loss=2.9e-05  best=-inf wall=11.321h
  ep13 shard 1046/1720 loss=3.1e-05  best=-inf wall=11.333h
  ep13 shard 1047/1720 loss=4e-05  best=-inf wall=11.344h
  ep13 shard 1048/1720 loss=3.5e-05  best=-inf wall=11.356h
  ep13 shard 1049/1720 loss=2.5e-05  best=-inf wall=11.368h
  ep13 shard 1050/1720 loss=3e-05  best=-inf wall=11.375h
  ep13 shard 1051/1720 loss=3.6e-05  best=-inf wall=11.386h
  ep13 shard 1052/1720 loss=2.9e-05  best=-inf wall=11.392h
  ep13 shard 1053/1720 loss=3.4e-05  best=-inf wall=11.403h
  ep13 shard 1054/1720 loss=2.8e-05  best=-inf wall=11.415h
  ep13 shard 1055/1720 loss=3.6e-05  best=-inf wall=11.426h
  ep13 shard 1056/1720 loss=2.9e-05  best=-inf wall=11.43h
  ep13 shard 1057/1720 loss=3.4e-05  best=-inf wall=11.441h
  ep13 shard 1058/1720 loss=3.3e-05  best=-inf wall=11.453h
  ep13 shard 1059/1720 loss=3.2e-05  best=-inf wall=11.465h
  ep13 shard 1060/1720 loss=3.2e-05  best=-inf wall=11.477h
  ep13 shard 1061/1720 loss=3.6e-05  best=-inf wall=11.488h
  ep13 shard 1062/1720 loss=3.3e-05  best=-inf wall=11.5h
  ep13 shard 1063/1720 loss=3.5e-05  best=-inf wall=11.503h
  ep13 shard 1064/1720 loss=3.6e-05  best=-inf wall=11.51h
  ep13 shard 1065/1720 loss=3.9e-05  best=-inf wall=11.521h
  ep13 shard 1066/1720 loss=4.2e-05  best=-inf wall=11.533h
  ep13 shard 1067/1720 loss=3.5e-05  best=-inf wall=11.544h
  ep13 shard 1068/1720 loss=3e-05  best=-inf wall=11.555h
  ep13 shard 1069/1720 loss=3.1e-05  best=-inf wall=11.567h
  ep13 shard 1070/1720 loss=3e-05  best=-inf wall=11.579h
  ep13 shard 1071/1720 loss=3.9e-05  best=-inf wall=11.59h
  ep13 shard 1072/1720 loss=4.8e-05  best=-inf wall=11.602h
  ep13 shard 1073/1720 loss=4.1e-05  best=-inf wall=11.613h
  ep13 shard 1074/1720 loss=2.2e-05  best=-inf wall=11.625h
  ep13 shard 1075/1720 loss=3.9e-05  best=-inf wall=11.637h
  ep13 shard 1076/1720 loss=3.3e-05  best=-inf wall=11.648h
  ep13 shard 1077/1720 loss=3.6e-05  best=-inf wall=11.66h
  ep13 shard 1078/1720 loss=3e-05  best=-inf wall=11.664h
  ep13 shard 1079/1720 loss=4.2e-05  best=-inf wall=11.676h
  ep13 shard 1080/1720 loss=3.4e-05  best=-inf wall=11.687h
  ep13 shard 1081/1720 loss=2.6e-05  best=-inf wall=11.699h
  ep13 shard 1082/1720 loss=3e-05  best=-inf wall=11.71h
  ep13 shard 1083/1720 loss=2.7e-05  best=-inf wall=11.721h
  ep13 shard 1084/1720 loss=3.4e-05  best=-inf wall=11.733h
  ep13 shard 1085/1720 loss=3.6e-05  best=-inf wall=11.744h
  ep13 shard 1086/1720 loss=4.1e-05  best=-inf wall=11.756h
  ep13 shard 1087/1720 loss=3.2e-05  best=-inf wall=11.767h
  ep13 shard 1088/1720 loss=2.8e-05  best=-inf wall=11.774h
  ep13 shard 1089/1720 loss=3.2e-05  best=-inf wall=11.786h
  ep13 shard 1090/1720 loss=3.3e-05  best=-inf wall=11.798h
  ep13 shard 1091/1720 loss=3.1e-05  best=-inf wall=11.809h
  ep13 shard 1092/1720 loss=3e-05  best=-inf wall=11.821h
  ep13 shard 1093/1720 loss=3.2e-05  best=-inf wall=11.828h
  ep13 shard 1094/1720 loss=3.6e-05  best=-inf wall=11.84h
  ep13 shard 1095/1720 loss=4.1e-05  best=-inf wall=11.851h
  ep13 shard 1096/1720 loss=2.3e-05  best=-inf wall=11.863h
  ep13 shard 1097/1720 loss=3.4e-05  best=-inf wall=11.874h
  ep13 shard 1098/1720 loss=3.4e-05  best=-inf wall=11.881h
  ep13 shard 1099/1720 loss=3.6e-05  best=-inf wall=11.893h
  ep13 shard 1100/1720 loss=3.3e-05  best=-inf wall=11.904h
  ep13 shard 1101/1720 loss=3.1e-05  best=-inf wall=11.916h
  ep13 shard 1102/1720 loss=2.9e-05  best=-inf wall=11.927h
  ep13 shard 1103/1720 loss=2.6e-05  best=-inf wall=11.939h
  ep13 shard 1104/1720 loss=3.4e-05  best=-inf wall=11.946h
  ep13 shard 1105/1720 loss=3e-05  best=-inf wall=11.958h
  ep13 shard 1106/1720 loss=3.1e-05  best=-inf wall=11.969h
  ep13 shard 1107/1720 loss=2.7e-05  best=-inf wall=11.976h
  ep13 shard 1108/1720 loss=2.9e-05  best=-inf wall=11.987h
  ep13 shard 1109/1720 loss=4.4e-05  best=-inf wall=11.998h
  ep13 shard 1110/1720 loss=2.9e-05  best=-inf wall=12.01h
  ep13 shard 1111/1720 loss=3.1e-05  best=-inf wall=12.017h
  ep13 shard 1112/1720 loss=2.8e-05  best=-inf wall=12.028h
  ep13 shard 1113/1720 loss=3.6e-05  best=-inf wall=12.04h
  ep13 shard 1114/1720 loss=2.6e-05  best=-inf wall=12.052h
  ep13 shard 1115/1720 loss=2.8e-05  best=-inf wall=12.063h
  ep13 shard 1116/1720 loss=3e-05  best=-inf wall=12.075h
  ep13 shard 1117/1720 loss=3.5e-05  best=-inf wall=12.086h
  ep13 shard 1118/1720 loss=3.6e-05  best=-inf wall=12.093h
  saved epoch checkpoint -> experiments/exp030-capacity/width2x/checkpoints/ep13.pt
  ep14 shard 1119/1720 loss=3.6e-05  best=-inf wall=12.105h
  ep14 shard 1120/1720 loss=3.2e-05  best=-inf wall=12.116h
  ep14 shard 1121/1720 loss=3.2e-05  best=-inf wall=12.128h
  ep14 shard 1122/1720 loss=2.7e-05  best=-inf wall=12.139h
  ep14 shard 1123/1720 loss=2.7e-05  best=-inf wall=12.151h
  ep14 shard 1124/1720 loss=2.7e-05  best=-inf wall=12.163h
  ep14 shard 1125/1720 loss=2.4e-05  best=-inf wall=12.174h
  ep14 shard 1126/1720 loss=2.7e-05  best=-inf wall=12.186h
  ep14 shard 1127/1720 loss=2.5e-05  best=-inf wall=12.197h
  ep14 shard 1128/1720 loss=3.4e-05  best=-inf wall=12.209h
  ep14 shard 1129/1720 loss=4e-05  best=-inf wall=12.215h
  ep14 shard 1130/1720 loss=3.1e-05  best=-inf wall=12.227h
  ep14 shard 1131/1720 loss=3.8e-05  best=-inf wall=12.239h
  ep14 shard 1132/1720 loss=3.3e-05  best=-inf wall=12.25h
  ep14 shard 1133/1720 loss=3e-05  best=-inf wall=12.262h
  ep14 shard 1134/1720 loss=3.1e-05  best=-inf wall=12.273h
  ep14 shard 1135/1720 loss=2.5e-05  best=-inf wall=12.285h
  ep14 shard 1136/1720 loss=4.6e-05  best=-inf wall=12.291h
  ep14 shard 1137/1720 loss=3.2e-05  best=-inf wall=12.303h
  ep14 shard 1138/1720 loss=2.4e-05  best=-inf wall=12.315h
  ep14 shard 1139/1720 loss=3.3e-05  best=-inf wall=12.326h
  ep14 shard 1140/1720 loss=3.6e-05  best=-inf wall=12.337h
  ep14 shard 1141/1720 loss=3e-05  best=-inf wall=12.348h
  ep14 shard 1142/1720 loss=2.7e-05  best=-inf wall=12.36h
  ep14 shard 1143/1720 loss=4.4e-05  best=-inf wall=12.372h
  ep14 shard 1144/1720 loss=3.3e-05  best=-inf wall=12.383h
  ep14 shard 1145/1720 loss=3.3e-05  best=-inf wall=12.395h
  ep14 shard 1146/1720 loss=2.5e-05  best=-inf wall=12.406h
  ep14 shard 1147/1720 loss=3.6e-05  best=-inf wall=12.418h
  ep14 shard 1148/1720 loss=2e-05  best=-inf wall=12.43h
  ep14 shard 1149/1720 loss=2.7e-05  best=-inf wall=12.437h
  ep14 shard 1150/1720 loss=3.3e-05  best=-inf wall=12.449h
  ep14 shard 1151/1720 loss=2.6e-05  best=-inf wall=12.461h
  ep14 shard 1152/1720 loss=2.6e-05  best=-inf wall=12.472h
  ep14 shard 1153/1720 loss=3.4e-05  best=-inf wall=12.484h
  ep14 shard 1154/1720 loss=3.7e-05  best=-inf wall=12.495h
  ep14 shard 1155/1720 loss=2.8e-05  best=-inf wall=12.507h
  ep14 shard 1156/1720 loss=3.3e-05  best=-inf wall=12.519h
  ep14 shard 1157/1720 loss=2.8e-05  best=-inf wall=12.53h
  ep14 shard 1158/1720 loss=4.7e-05  best=-inf wall=12.542h
  ep14 shard 1159/1720 loss=3.7e-05  best=-inf wall=12.554h
  ep14 shard 1160/1720 loss=3.3e-05  best=-inf wall=12.558h
  ep14 shard 1161/1720 loss=2.4e-05  best=-inf wall=12.57h
  ep14 shard 1162/1720 loss=2.9e-05  best=-inf wall=12.577h
  ep14 shard 1163/1720 loss=3.1e-05  best=-inf wall=12.588h
  ep14 shard 1164/1720 loss=3.3e-05  best=-inf wall=12.595h
  ep14 shard 1165/1720 loss=2.5e-05  best=-inf wall=12.606h
  ep14 shard 1166/1720 loss=2.9e-05  best=-inf wall=12.618h
  ep14 shard 1167/1720 loss=3.4e-05  best=-inf wall=12.624h
  ep14 shard 1168/1720 loss=3.4e-05  best=-inf wall=12.636h
  ep14 shard 1169/1720 loss=4.6e-05  best=-inf wall=12.648h
  ep14 shard 1170/1720 loss=4.1e-05  best=-inf wall=12.655h
  ep14 shard 1171/1720 loss=3.8e-05  best=-inf wall=12.666h
  ep14 shard 1172/1720 loss=2.6e-05  best=-inf wall=12.678h
  ep14 shard 1173/1720 loss=3e-05  best=-inf wall=12.689h
  ep14 shard 1174/1720 loss=3.7e-05  best=-inf wall=12.701h
  ep14 shard 1175/1720 loss=3.8e-05  best=-inf wall=12.713h
  ep14 shard 1176/1720 loss=2.8e-05  best=-inf wall=12.723h
  ep14 shard 1177/1720 loss=2.9e-05  best=-inf wall=12.73h
  ep14 shard 1178/1720 loss=3.5e-05  best=-inf wall=12.742h
  ep14 shard 1179/1720 loss=3.5e-05  best=-inf wall=12.753h
  ep14 shard 1180/1720 loss=3.1e-05  best=-inf wall=12.756h
  ep14 shard 1181/1720 loss=3.2e-05  best=-inf wall=12.768h
  ep14 shard 1182/1720 loss=2.8e-05  best=-inf wall=12.78h
  ep14 shard 1183/1720 loss=3.4e-05  best=-inf wall=12.791h
  ep14 shard 1184/1720 loss=3.5e-05  best=-inf wall=12.803h
  ep14 shard 1185/1720 loss=3.4e-05  best=-inf wall=12.815h
  ep14 shard 1186/1720 loss=3.7e-05  best=-inf wall=12.826h
  ep14 shard 1187/1720 loss=2.8e-05  best=-inf wall=12.833h
  ep14 shard 1188/1720 loss=3.9e-05  best=-inf wall=12.845h
  ep14 shard 1189/1720 loss=2.4e-05  best=-inf wall=12.856h
  ep14 shard 1190/1720 loss=3.4e-05  best=-inf wall=12.868h
  ep14 shard 1191/1720 loss=3.4e-05  best=-inf wall=12.88h
  ep14 shard 1192/1720 loss=3e-05  best=-inf wall=12.884h
  ep14 shard 1193/1720 loss=3.5e-05  best=-inf wall=12.895h
  ep14 shard 1194/1720 loss=2.4e-05  best=-inf wall=12.907h
  ep14 shard 1195/1720 loss=3.2e-05  best=-inf wall=12.914h
  ep14 shard 1196/1720 loss=3.9e-05  best=-inf wall=12.925h
  ep14 shard 1197/1720 loss=3.5e-05  best=-inf wall=12.937h
  ep14 shard 1198/1720 loss=3.5e-05  best=-inf wall=12.949h
  ep14 shard 1199/1720 loss=2.8e-05  best=-inf wall=12.96h
  ep14 shard 1200/1720 loss=2.4e-05  best=-inf wall=12.972h
  ep14 shard 1201/1720 loss=4.3e-05  best=-inf wall=12.984h
  ep14 shard 1202/1720 loss=2.3e-05  best=-inf wall=12.995h
  ep14 shard 1203/1720 loss=3.2e-05  best=-inf wall=13.006h
  ep14 shard 1204/1720 loss=3.3e-05  best=-inf wall=13.017h
  saved epoch checkpoint -> experiments/exp030-capacity/width2x/checkpoints/ep14.pt
  ep15 shard 1205/1720 loss=3e-05  best=-inf wall=13.028h
  ep15 shard 1206/1720 loss=2.1e-05  best=-inf wall=13.04h
  ep15 shard 1207/1720 loss=3e-05  best=-inf wall=13.051h
  ep15 shard 1208/1720 loss=3.2e-05  best=-inf wall=13.062h
  ep15 shard 1209/1720 loss=2.6e-05  best=-inf wall=13.074h
  ep15 shard 1210/1720 loss=2.6e-05  best=-inf wall=13.081h
  ep15 shard 1211/1720 loss=2.9e-05  best=-inf wall=13.093h
  ep15 shard 1212/1720 loss=3.6e-05  best=-inf wall=13.104h
  ep15 shard 1213/1720 loss=2.7e-05  best=-inf wall=13.116h
  ep15 shard 1214/1720 loss=3.9e-05  best=-inf wall=13.127h
  ep15 shard 1215/1720 loss=2.3e-05  best=-inf wall=13.139h
  ep15 shard 1216/1720 loss=2.7e-05  best=-inf wall=13.151h
  ep15 shard 1217/1720 loss=3.1e-05  best=-inf wall=13.157h
  ep15 shard 1218/1720 loss=3.2e-05  best=-inf wall=13.164h
  ep15 shard 1219/1720 loss=3.9e-05  best=-inf wall=13.175h
  ep15 shard 1220/1720 loss=2.7e-05  best=-inf wall=13.185h
  ep15 shard 1221/1720 loss=3.3e-05  best=-inf wall=13.197h
  ep15 shard 1222/1720 loss=2.6e-05  best=-inf wall=13.208h
  ep15 shard 1223/1720 loss=3.8e-05  best=-inf wall=13.212h
  ep15 shard 1224/1720 loss=2.9e-05  best=-inf wall=13.219h
  ep15 shard 1225/1720 loss=2.9e-05  best=-inf wall=13.231h
  ep15 shard 1226/1720 loss=3.9e-05  best=-inf wall=13.242h
  ep15 shard 1227/1720 loss=2.9e-05  best=-inf wall=13.254h
  ep15 shard 1228/1720 loss=3e-05  best=-inf wall=13.265h
  ep15 shard 1229/1720 loss=3.4e-05  best=-inf wall=13.277h
  ep15 shard 1230/1720 loss=3.2e-05  best=-inf wall=13.289h
  ep15 shard 1231/1720 loss=2.9e-05  best=-inf wall=13.3h
  ep15 shard 1232/1720 loss=2.9e-05  best=-inf wall=13.312h
  ep15 shard 1233/1720 loss=3.3e-05  best=-inf wall=13.319h
  ep15 shard 1234/1720 loss=2.7e-05  best=-inf wall=13.33h
  ep15 shard 1235/1720 loss=3.7e-05  best=-inf wall=13.342h
  ep15 shard 1236/1720 loss=3e-05  best=-inf wall=13.354h
  ep15 shard 1237/1720 loss=2.7e-05  best=-inf wall=13.357h
  ep15 shard 1238/1720 loss=3.5e-05  best=-inf wall=13.369h
  ep15 shard 1239/1720 loss=4.1e-05  best=-inf wall=13.379h
  ep15 shard 1240/1720 loss=4.1e-05  best=-inf wall=13.391h
  ep15 shard 1241/1720 loss=3e-05  best=-inf wall=13.403h
  ep15 shard 1242/1720 loss=3.4e-05  best=-inf wall=13.414h
  ep15 shard 1243/1720 loss=2.8e-05  best=-inf wall=13.426h
  ep15 shard 1244/1720 loss=3e-05  best=-inf wall=13.437h
  ep15 shard 1245/1720 loss=3.6e-05  best=-inf wall=13.449h
  ep15 shard 1246/1720 loss=3.7e-05  best=-inf wall=13.461h
  ep15 shard 1247/1720 loss=3.7e-05  best=-inf wall=13.472h
  ep15 shard 1248/1720 loss=3e-05  best=-inf wall=13.479h
  ep15 shard 1249/1720 loss=2.9e-05  best=-inf wall=13.49h
  ep15 shard 1250/1720 loss=3.2e-05  best=-inf wall=13.502h
  ep15 shard 1251/1720 loss=3.5e-05  best=-inf wall=13.514h
  ep15 shard 1252/1720 loss=2.9e-05  best=-inf wall=13.525h
  ep15 shard 1253/1720 loss=3.3e-05  best=-inf wall=13.537h
  ep15 shard 1254/1720 loss=3e-05  best=-inf wall=13.549h
  ep15 shard 1255/1720 loss=3.1e-05  best=-inf wall=13.561h
  ep15 shard 1256/1720 loss=2.7e-05  best=-inf wall=13.573h
  ep15 shard 1257/1720 loss=3.4e-05  best=-inf wall=13.584h
  ep15 shard 1258/1720 loss=2.6e-05  best=-inf wall=13.596h
  ep15 shard 1259/1720 loss=3.2e-05  best=-inf wall=13.603h
  ep15 shard 1260/1720 loss=3.4e-05  best=-inf wall=13.61h
  ep15 shard 1261/1720 loss=3.6e-05  best=-inf wall=13.621h
  ep15 shard 1262/1720 loss=3.3e-05  best=-inf wall=13.633h
  ep15 shard 1263/1720 loss=2.9e-05  best=-inf wall=13.645h
  ep15 shard 1264/1720 loss=3.2e-05  best=-inf wall=13.656h
  ep15 shard 1265/1720 loss=3.3e-05  best=-inf wall=13.668h
  ep15 shard 1266/1720 loss=2.4e-05  best=-inf wall=13.672h
  ep15 shard 1267/1720 loss=2.9e-05  best=-inf wall=13.682h
  ep15 shard 1268/1720 loss=3.1e-05  best=-inf wall=13.689h
  ep15 shard 1269/1720 loss=2.9e-05  best=-inf wall=13.701h
  ep15 shard 1270/1720 loss=3.6e-05  best=-inf wall=13.713h
  ep15 shard 1271/1720 loss=4e-05  best=-inf wall=13.724h
  ep15 shard 1272/1720 loss=2.6e-05  best=-inf wall=13.736h
  ep15 shard 1273/1720 loss=3.7e-05  best=-inf wall=13.748h
  ep15 shard 1274/1720 loss=2.5e-05  best=-inf wall=13.76h
  ep15 shard 1275/1720 loss=2e-05  best=-inf wall=13.771h
  ep15 shard 1276/1720 loss=3.7e-05  best=-inf wall=13.783h
  ep15 shard 1277/1720 loss=3e-05  best=-inf wall=13.794h
  ep15 shard 1278/1720 loss=3.7e-05  best=-inf wall=13.806h
  ep15 shard 1279/1720 loss=4e-05  best=-inf wall=13.818h
  ep15 shard 1280/1720 loss=2.7e-05  best=-inf wall=13.83h
  ep15 shard 1281/1720 loss=3.2e-05  best=-inf wall=13.84h
  ep15 shard 1282/1720 loss=3.9e-05  best=-inf wall=13.852h
  ep15 shard 1283/1720 loss=2.6e-05  best=-inf wall=13.864h
  ep15 shard 1284/1720 loss=2.3e-05  best=-inf wall=13.875h
  ep15 shard 1285/1720 loss=2.8e-05  best=-inf wall=13.882h
  ep15 shard 1286/1720 loss=2.3e-05  best=-inf wall=13.894h
  ep15 shard 1287/1720 loss=2.3e-05  best=-inf wall=13.905h
  ep15 shard 1288/1720 loss=4.2e-05  best=-inf wall=13.917h
  ep15 shard 1289/1720 loss=3.1e-05  best=-inf wall=13.929h
  ep15 shard 1290/1720 loss=3.1e-05  best=-inf wall=13.94h
  saved epoch checkpoint -> experiments/exp030-capacity/width2x/checkpoints/ep15.pt
  ep16 shard 1291/1720 loss=3.2e-05  best=-inf wall=13.947h
  ep16 shard 1292/1720 loss=2.9e-05  best=-inf wall=13.959h
  ep16 shard 1293/1720 loss=3.6e-05  best=-inf wall=13.971h
  ep16 shard 1294/1720 loss=2.6e-05  best=-inf wall=13.982h
  ep16 shard 1295/1720 loss=2.6e-05  best=-inf wall=13.986h
  ep16 shard 1296/1720 loss=3.1e-05  best=-inf wall=13.998h
  ep16 shard 1297/1720 loss=2.7e-05  best=-inf wall=14.005h
  ep16 shard 1298/1720 loss=2.7e-05  best=-inf wall=14.012h
  ep16 shard 1299/1720 loss=2.4e-05  best=-inf wall=14.024h
  ep16 shard 1300/1720 loss=2.6e-05  best=-inf wall=14.035h
  ep16 shard 1301/1720 loss=2.9e-05  best=-inf wall=14.047h
  ep16 shard 1302/1720 loss=3.6e-05  best=-inf wall=14.054h
  ep16 shard 1303/1720 loss=2.9e-05  best=-inf wall=14.065h
  ep16 shard 1304/1720 loss=3.5e-05  best=-inf wall=14.077h
  ep16 shard 1305/1720 loss=2.8e-05  best=-inf wall=14.089h
  ep16 shard 1306/1720 loss=2.8e-05  best=-inf wall=14.101h
  ep16 shard 1307/1720 loss=2.7e-05  best=-inf wall=14.112h
  ep16 shard 1308/1720 loss=2.3e-05  best=-inf wall=14.124h
  ep16 shard 1309/1720 loss=3.5e-05  best=-inf wall=14.136h
  ep16 shard 1310/1720 loss=2.7e-05  best=-inf wall=14.143h
  ep16 shard 1311/1720 loss=2.6e-05  best=-inf wall=14.154h
  ep16 shard 1312/1720 loss=4.1e-05  best=-inf wall=14.166h
  ep16 shard 1313/1720 loss=2.6e-05  best=-inf wall=14.178h
  ep16 shard 1314/1720 loss=3.5e-05  best=-inf wall=14.189h
  ep16 shard 1315/1720 loss=3.1e-05  best=-inf wall=14.201h
  ep16 shard 1316/1720 loss=2.9e-05  best=-inf wall=14.213h
  ep16 shard 1317/1720 loss=2.1e-05  best=-inf wall=14.224h
  ep16 shard 1318/1720 loss=2.7e-05  best=-inf wall=14.236h
  ep16 shard 1319/1720 loss=2.6e-05  best=-inf wall=14.24h
  ep16 shard 1320/1720 loss=3.1e-05  best=-inf wall=14.251h
  ep16 shard 1321/1720 loss=2.9e-05  best=-inf wall=14.263h
  ep16 shard 1322/1720 loss=2.8e-05  best=-inf wall=14.274h
  ep16 shard 1323/1720 loss=2.3e-05  best=-inf wall=14.286h
  ep16 shard 1324/1720 loss=3.2e-05  best=-inf wall=14.298h
  ep16 shard 1325/1720 loss=3.6e-05  best=-inf wall=14.309h
  ep16 shard 1326/1720 loss=3.9e-05  best=-inf wall=14.321h
  ep16 shard 1327/1720 loss=2.9e-05  best=-inf wall=14.332h
  ep16 shard 1328/1720 loss=3e-05  best=-inf wall=14.344h
  ep16 shard 1329/1720 loss=4.7e-05  best=-inf wall=14.355h
  ep16 shard 1330/1720 loss=3.1e-05  best=-inf wall=14.367h
  ep16 shard 1331/1720 loss=3.5e-05  best=-inf wall=14.373h
  ep16 shard 1332/1720 loss=2.7e-05  best=-inf wall=14.385h
  ep16 shard 1333/1720 loss=3.5e-05  best=-inf wall=14.392h
  ep16 shard 1334/1720 loss=2.3e-05  best=-inf wall=14.404h
  ep16 shard 1335/1720 loss=2.7e-05  best=-inf wall=14.415h
  ep16 shard 1336/1720 loss=2.8e-05  best=-inf wall=14.426h
  ep16 shard 1337/1720 loss=3e-05  best=-inf wall=14.433h
  ep16 shard 1338/1720 loss=3.2e-05  best=-inf wall=14.444h
  ep16 shard 1339/1720 loss=3e-05  best=-inf wall=14.451h
  ep16 shard 1340/1720 loss=3.3e-05  best=-inf wall=14.462h
  ep16 shard 1341/1720 loss=2.7e-05  best=-inf wall=14.474h
  ep16 shard 1342/1720 loss=2.7e-05  best=-inf wall=14.486h
  ep16 shard 1343/1720 loss=2.8e-05  best=-inf wall=14.497h
  ep16 shard 1344/1720 loss=2.6e-05  best=-inf wall=14.509h
  ep16 shard 1345/1720 loss=2.8e-05  best=-inf wall=14.521h
  ep16 shard 1346/1720 loss=2.6e-05  best=-inf wall=14.533h
  ep16 shard 1347/1720 loss=2.2e-05  best=-inf wall=14.544h
  ep16 shard 1348/1720 loss=3.5e-05  best=-inf wall=14.556h
  ep16 shard 1349/1720 loss=3.5e-05  best=-inf wall=14.567h
  ep16 shard 1350/1720 loss=2.9e-05  best=-inf wall=14.579h
  ep16 shard 1351/1720 loss=2.8e-05  best=-inf wall=14.591h
  ep16 shard 1352/1720 loss=2.6e-05  best=-inf wall=14.598h
  ep16 shard 1353/1720 loss=2.5e-05  best=-inf wall=14.609h
  ep16 shard 1354/1720 loss=2.9e-05  best=-inf wall=14.621h
  ep16 shard 1355/1720 loss=3e-05  best=-inf wall=14.633h
  ep16 shard 1356/1720 loss=2.3e-05  best=-inf wall=14.644h
  ep16 shard 1357/1720 loss=2.4e-05  best=-inf wall=14.656h
  ep16 shard 1358/1720 loss=3e-05  best=-inf wall=14.668h
  ep16 shard 1359/1720 loss=2.4e-05  best=-inf wall=14.679h
  ep16 shard 1360/1720 loss=2.4e-05  best=-inf wall=14.691h
  ep16 shard 1361/1720 loss=1.9e-05  best=-inf wall=14.703h
  ep16 shard 1362/1720 loss=2.5e-05  best=-inf wall=14.714h
  ep16 shard 1363/1720 loss=3.3e-05  best=-inf wall=14.718h
  ep16 shard 1364/1720 loss=2.8e-05  best=-inf wall=14.729h
  ep16 shard 1365/1720 loss=3.4e-05  best=-inf wall=14.741h
  ep16 shard 1366/1720 loss=2.4e-05  best=-inf wall=14.752h
  ep16 shard 1367/1720 loss=3.3e-05  best=-inf wall=14.763h
  ep16 shard 1368/1720 loss=2.2e-05  best=-inf wall=14.775h
  ep16 shard 1369/1720 loss=4.3e-05  best=-inf wall=14.787h
  ep16 shard 1370/1720 loss=3.2e-05  best=-inf wall=14.798h
  ep16 shard 1371/1720 loss=3.3e-05  best=-inf wall=14.81h
  ep16 shard 1372/1720 loss=3.3e-05  best=-inf wall=14.821h
  ep16 shard 1373/1720 loss=3.1e-05  best=-inf wall=14.833h
  ep16 shard 1374/1720 loss=3.5e-05  best=-inf wall=14.845h
  ep16 shard 1375/1720 loss=2.6e-05  best=-inf wall=14.856h
  ep16 shard 1376/1720 loss=3.9e-05  best=-inf wall=14.868h
  saved epoch checkpoint -> experiments/exp030-capacity/width2x/checkpoints/ep16.pt
  ep17 shard 1377/1720 loss=2.5e-05  best=-inf wall=14.879h
  ep17 shard 1378/1720 loss=2.7e-05  best=-inf wall=14.891h
  ep17 shard 1379/1720 loss=3e-05  best=-inf wall=14.902h
  ep17 shard 1380/1720 loss=2.9e-05  best=-inf wall=14.909h
  ep17 shard 1381/1720 loss=2.8e-05  best=-inf wall=14.913h
  ep17 shard 1382/1720 loss=2.6e-05  best=-inf wall=14.924h
  ep17 shard 1383/1720 loss=2.9e-05  best=-inf wall=14.936h
  ep17 shard 1384/1720 loss=2.2e-05  best=-inf wall=14.948h
  ep17 shard 1385/1720 loss=3.2e-05  best=-inf wall=14.959h
  ep17 shard 1386/1720 loss=3e-05  best=-inf wall=14.966h
  ep17 shard 1387/1720 loss=2.8e-05  best=-inf wall=14.97h
  ep17 shard 1388/1720 loss=2.9e-05  best=-inf wall=14.982h
  ep17 shard 1389/1720 loss=2.2e-05  best=-inf wall=14.993h
  ep17 shard 1390/1720 loss=3.3e-05  best=-inf wall=15.005h
  ep17 shard 1391/1720 loss=4.2e-05  best=-inf wall=15.016h
  ep17 shard 1392/1720 loss=3.1e-05  best=-inf wall=15.028h
  ep17 shard 1393/1720 loss=3.1e-05  best=-inf wall=15.04h
  ep17 shard 1394/1720 loss=2.2e-05  best=-inf wall=15.052h
  ep17 shard 1395/1720 loss=3.1e-05  best=-inf wall=15.063h
  ep17 shard 1396/1720 loss=2.9e-05  best=-inf wall=15.075h
  ep17 shard 1397/1720 loss=3.6e-05  best=-inf wall=15.086h
  ep17 shard 1398/1720 loss=3e-05  best=-inf wall=15.093h
  ep17 shard 1399/1720 loss=2.4e-05  best=-inf wall=15.105h
  ep17 shard 1400/1720 loss=3.5e-05  best=-inf wall=15.116h
  ep17 shard 1401/1720 loss=3.1e-05  best=-inf wall=15.128h
  ep17 shard 1402/1720 loss=2.1e-05  best=-inf wall=15.14h
  ep17 shard 1403/1720 loss=2.6e-05  best=-inf wall=15.151h
  ep17 shard 1404/1720 loss=3e-05  best=-inf wall=15.155h
  ep17 shard 1405/1720 loss=3.5e-05  best=-inf wall=15.167h
  ep17 shard 1406/1720 loss=3.2e-05  best=-inf wall=15.179h
  ep17 shard 1407/1720 loss=2.9e-05  best=-inf wall=15.191h
  ep17 shard 1408/1720 loss=2.8e-05  best=-inf wall=15.202h
  ep17 shard 1409/1720 loss=2.9e-05  best=-inf wall=15.209h
  ep17 shard 1410/1720 loss=4.1e-05  best=-inf wall=15.221h
  ep17 shard 1411/1720 loss=3.5e-05  best=-inf wall=15.232h
  ep17 shard 1412/1720 loss=3e-05  best=-inf wall=15.244h
  ep17 shard 1413/1720 loss=3e-05  best=-inf wall=15.256h
  ep17 shard 1414/1720 loss=2.9e-05  best=-inf wall=15.267h
  ep17 shard 1415/1720 loss=3.3e-05  best=-inf wall=15.278h
  ep17 shard 1416/1720 loss=2.3e-05  best=-inf wall=15.289h
  ep17 shard 1417/1720 loss=2.8e-05  best=-inf wall=15.301h
  ep17 shard 1418/1720 loss=3.3e-05  best=-inf wall=15.312h
  ep17 shard 1419/1720 loss=5.2e-05  best=-inf wall=15.324h
  ep17 shard 1420/1720 loss=3.6e-05  best=-inf wall=15.336h
  ep17 shard 1421/1720 loss=3.2e-05  best=-inf wall=15.342h
  ep17 shard 1422/1720 loss=3.2e-05  best=-inf wall=15.354h
  ep17 shard 1423/1720 loss=3.3e-05  best=-inf wall=15.366h
  ep17 shard 1424/1720 loss=2.9e-05  best=-inf wall=15.378h
  ep17 shard 1425/1720 loss=3.6e-05  best=-inf wall=15.39h
  ep17 shard 1426/1720 loss=3.4e-05  best=-inf wall=15.401h
  ep17 shard 1427/1720 loss=2.5e-05  best=-inf wall=15.413h
  ep17 shard 1428/1720 loss=2.8e-05  best=-inf wall=15.425h
  ep17 shard 1429/1720 loss=4.3e-05  best=-inf wall=15.437h
  ep17 shard 1430/1720 loss=2.9e-05  best=-inf wall=15.448h
  ep17 shard 1431/1720 loss=2.4e-05  best=-inf wall=15.46h
  ep17 shard 1432/1720 loss=3.2e-05  best=-inf wall=15.467h
  ep17 shard 1433/1720 loss=2.8e-05  best=-inf wall=15.479h
  ep17 shard 1434/1720 loss=3.2e-05  best=-inf wall=15.491h
  ep17 shard 1435/1720 loss=3.1e-05  best=-inf wall=15.502h
  ep17 shard 1436/1720 loss=2.6e-05  best=-inf wall=15.514h
  ep17 shard 1437/1720 loss=2.1e-05  best=-inf wall=15.526h
  ep17 shard 1438/1720 loss=3.1e-05  best=-inf wall=15.538h
  ep17 shard 1439/1720 loss=2.7e-05  best=-inf wall=15.549h
  ep17 shard 1440/1720 loss=2.9e-05  best=-inf wall=15.561h
  ep17 shard 1441/1720 loss=3.8e-05  best=-inf wall=15.573h
  ep17 shard 1442/1720 loss=2.9e-05  best=-inf wall=15.585h
  ep17 shard 1443/1720 loss=3.5e-05  best=-inf wall=15.595h
  ep17 shard 1444/1720 loss=3e-05  best=-inf wall=15.602h
  ep17 shard 1445/1720 loss=2.2e-05  best=-inf wall=15.614h
  ep17 shard 1446/1720 loss=2.4e-05  best=-inf wall=15.626h
  ep17 shard 1447/1720 loss=3.7e-05  best=-inf wall=15.637h
  ep17 shard 1448/1720 loss=3.1e-05  best=-inf wall=15.649h
  ep17 shard 1449/1720 loss=2.7e-05  best=-inf wall=15.66h
  ep17 shard 1450/1720 loss=2.6e-05  best=-inf wall=15.671h
  ep17 shard 1451/1720 loss=2.7e-05  best=-inf wall=15.683h
  ep17 shard 1452/1720 loss=2.7e-05  best=-inf wall=15.69h
  ep17 shard 1453/1720 loss=2.7e-05  best=-inf wall=15.697h
  ep17 shard 1454/1720 loss=4e-05  best=-inf wall=15.704h
  ep17 shard 1455/1720 loss=3e-05  best=-inf wall=15.715h
  ep17 shard 1456/1720 loss=2.9e-05  best=-inf wall=15.726h
  ep17 shard 1457/1720 loss=3.1e-05  best=-inf wall=15.738h
  ep17 shard 1458/1720 loss=2.7e-05  best=-inf wall=15.75h
  ep17 shard 1459/1720 loss=3.5e-05  best=-inf wall=15.762h
  ep17 shard 1460/1720 loss=2.8e-05  best=-inf wall=15.773h
  ep17 shard 1461/1720 loss=2.4e-05  best=-inf wall=15.785h
  ep17 shard 1462/1720 loss=3.1e-05  best=-inf wall=15.797h
  saved epoch checkpoint -> experiments/exp030-capacity/width2x/checkpoints/ep17.pt
  ep18 shard 1463/1720 loss=2.6e-05  best=-inf wall=15.809h
  ep18 shard 1464/1720 loss=2.3e-05  best=-inf wall=15.821h
  ep18 shard 1465/1720 loss=2.7e-05  best=-inf wall=15.828h
  ep18 shard 1466/1720 loss=2.8e-05  best=-inf wall=15.84h
  ep18 shard 1467/1720 loss=3.9e-05  best=-inf wall=15.851h
  ep18 shard 1468/1720 loss=3e-05  best=-inf wall=15.862h
  ep18 shard 1469/1720 loss=2.9e-05  best=-inf wall=15.874h
  ep18 shard 1470/1720 loss=2.6e-05  best=-inf wall=15.885h
  ep18 shard 1471/1720 loss=2.3e-05  best=-inf wall=15.897h
  ep18 shard 1472/1720 loss=3.6e-05  best=-inf wall=15.908h
  ep18 shard 1473/1720 loss=3.3e-05  best=-inf wall=15.92h
  ep18 shard 1474/1720 loss=2.3e-05  best=-inf wall=15.932h
  ep18 shard 1475/1720 loss=3.3e-05  best=-inf wall=15.943h
  ep18 shard 1476/1720 loss=2.5e-05  best=-inf wall=15.95h
  ep18 shard 1477/1720 loss=3.7e-05  best=-inf wall=15.957h
  ep18 shard 1478/1720 loss=2.9e-05  best=-inf wall=15.968h
  ep18 shard 1479/1720 loss=4.7e-05  best=-inf wall=15.98h
  ep18 shard 1480/1720 loss=2.8e-05  best=-inf wall=15.992h
  ep18 shard 1481/1720 loss=2.6e-05  best=-inf wall=16.003h
  ep18 shard 1482/1720 loss=2.3e-05  best=-inf wall=16.015h
  ep18 shard 1483/1720 loss=3.5e-05  best=-inf wall=16.027h
  ep18 shard 1484/1720 loss=2.8e-05  best=-inf wall=16.039h
  ep18 shard 1485/1720 loss=2.4e-05  best=-inf wall=16.042h
  ep18 shard 1486/1720 loss=3e-05  best=-inf wall=16.049h
  ep18 shard 1487/1720 loss=2.4e-05  best=-inf wall=16.061h
  ep18 shard 1488/1720 loss=2.5e-05  best=-inf wall=16.072h
  ep18 shard 1489/1720 loss=2.8e-05  best=-inf wall=16.084h
  ep18 shard 1490/1720 loss=3.5e-05  best=-inf wall=16.095h
  ep18 shard 1491/1720 loss=2.9e-05  best=-inf wall=16.107h
  ep18 shard 1492/1720 loss=3.2e-05  best=-inf wall=16.119h
  ep18 shard 1493/1720 loss=2.9e-05  best=-inf wall=16.131h
  ep18 shard 1494/1720 loss=3.5e-05  best=-inf wall=16.142h
  ep18 shard 1495/1720 loss=2.8e-05  best=-inf wall=16.154h
  ep18 shard 1496/1720 loss=2.6e-05  best=-inf wall=16.165h
  ep18 shard 1497/1720 loss=2.6e-05  best=-inf wall=16.176h
  ep18 shard 1498/1720 loss=2.2e-05  best=-inf wall=16.187h
  ep18 shard 1499/1720 loss=3.1e-05  best=-inf wall=16.199h
  ep18 shard 1500/1720 loss=2.1e-05  best=-inf wall=16.206h
  ep18 shard 1501/1720 loss=2.7e-05  best=-inf wall=16.21h
  ep18 shard 1502/1720 loss=2.8e-05  best=-inf wall=16.222h
  ep18 shard 1503/1720 loss=2.9e-05  best=-inf wall=16.233h
  ep18 shard 1504/1720 loss=2.9e-05  best=-inf wall=16.245h
  ep18 shard 1505/1720 loss=2.7e-05  best=-inf wall=16.256h
  ep18 shard 1506/1720 loss=3e-05  best=-inf wall=16.268h
  ep18 shard 1507/1720 loss=2.8e-05  best=-inf wall=16.279h
  ep18 shard 1508/1720 loss=2.8e-05  best=-inf wall=16.291h
  ep18 shard 1509/1720 loss=3.1e-05  best=-inf wall=16.298h
  ep18 shard 1510/1720 loss=2.8e-05  best=-inf wall=16.309h
  ep18 shard 1511/1720 loss=3.2e-05  best=-inf wall=16.321h
  ep18 shard 1512/1720 loss=2.6e-05  best=-inf wall=16.333h
  ep18 shard 1513/1720 loss=2.6e-05  best=-inf wall=16.34h
  ep18 shard 1514/1720 loss=2.9e-05  best=-inf wall=16.352h
  ep18 shard 1515/1720 loss=2.4e-05  best=-inf wall=16.363h
  ep18 shard 1516/1720 loss=3.6e-05  best=-inf wall=16.375h
  ep18 shard 1517/1720 loss=2.6e-05  best=-inf wall=16.381h
  ep18 shard 1518/1720 loss=2.4e-05  best=-inf wall=16.393h
  ep18 shard 1519/1720 loss=2.8e-05  best=-inf wall=16.405h
  ep18 shard 1520/1720 loss=3e-05  best=-inf wall=16.416h
  ep18 shard 1521/1720 loss=2.9e-05  best=-inf wall=16.427h
  ep18 shard 1522/1720 loss=3.4e-05  best=-inf wall=16.439h
  ep18 shard 1523/1720 loss=2.4e-05  best=-inf wall=16.451h
  ep18 shard 1524/1720 loss=2.8e-05  best=-inf wall=16.458h
  ep18 shard 1525/1720 loss=2.4e-05  best=-inf wall=16.469h
  ep18 shard 1526/1720 loss=2.6e-05  best=-inf wall=16.481h
  ep18 shard 1527/1720 loss=2.2e-05  best=-inf wall=16.492h
  ep18 shard 1528/1720 loss=2.3e-05  best=-inf wall=16.504h
  ep18 shard 1529/1720 loss=2.8e-05  best=-inf wall=16.516h
  ep18 shard 1530/1720 loss=2.5e-05  best=-inf wall=16.527h
  ep18 shard 1531/1720 loss=2.9e-05  best=-inf wall=16.531h
  ep18 shard 1532/1720 loss=2.7e-05  best=-inf wall=16.543h
  ep18 shard 1533/1720 loss=2.4e-05  best=-inf wall=16.554h
  ep18 shard 1534/1720 loss=2.9e-05  best=-inf wall=16.566h
  ep18 shard 1535/1720 loss=4.2e-05  best=-inf wall=16.578h
  ep18 shard 1536/1720 loss=3.6e-05  best=-inf wall=16.589h
  ep18 shard 1537/1720 loss=2.9e-05  best=-inf wall=16.601h
  ep18 shard 1538/1720 loss=2.8e-05  best=-inf wall=16.613h
  ep18 shard 1539/1720 loss=3.5e-05  best=-inf wall=16.624h
  ep18 shard 1540/1720 loss=2.3e-05  best=-inf wall=16.635h
  ep18 shard 1541/1720 loss=2.4e-05  best=-inf wall=16.642h
  ep18 shard 1542/1720 loss=3e-05  best=-inf wall=16.653h
  ep18 shard 1543/1720 loss=2.9e-05  best=-inf wall=16.665h
  ep18 shard 1544/1720 loss=2.8e-05  best=-inf wall=16.676h
  ep18 shard 1545/1720 loss=2.4e-05  best=-inf wall=16.689h
  ep18 shard 1546/1720 loss=4.4e-05  best=-inf wall=16.7h
  ep18 shard 1547/1720 loss=2.2e-05  best=-inf wall=16.712h
  ep18 shard 1548/1720 loss=3e-05  best=-inf wall=16.724h
  saved epoch checkpoint -> experiments/exp030-capacity/width2x/checkpoints/ep18.pt
  ep19 shard 1549/1720 loss=3e-05  best=-inf wall=16.735h
  ep19 shard 1550/1720 loss=2.3e-05  best=-inf wall=16.742h
  ep19 shard 1551/1720 loss=4.2e-05  best=-inf wall=16.754h
  ep19 shard 1552/1720 loss=3.4e-05  best=-inf wall=16.765h
  ep19 shard 1553/1720 loss=2.5e-05  best=-inf wall=16.776h
  ep19 shard 1554/1720 loss=3.4e-05  best=-inf wall=16.783h
  ep19 shard 1555/1720 loss=2.3e-05  best=-inf wall=16.795h
  ep19 shard 1556/1720 loss=2.5e-05  best=-inf wall=16.806h
  ep19 shard 1557/1720 loss=2.6e-05  best=-inf wall=16.818h
  ep19 shard 1558/1720 loss=2.2e-05  best=-inf wall=16.821h
  ep19 shard 1559/1720 loss=3.4e-05  best=-inf wall=16.833h
  ep19 shard 1560/1720 loss=2.8e-05  best=-inf wall=16.845h
  ep19 shard 1561/1720 loss=2.8e-05  best=-inf wall=16.856h
  ep19 shard 1562/1720 loss=2.9e-05  best=-inf wall=16.868h
  ep19 shard 1563/1720 loss=2.9e-05  best=-inf wall=16.88h
  ep19 shard 1564/1720 loss=3.3e-05  best=-inf wall=16.891h
  ep19 shard 1565/1720 loss=2.2e-05  best=-inf wall=16.898h
  ep19 shard 1566/1720 loss=3e-05  best=-inf wall=16.91h
  ep19 shard 1567/1720 loss=2.7e-05  best=-inf wall=16.917h
  ep19 shard 1568/1720 loss=2.5e-05  best=-inf wall=16.928h
  ep19 shard 1569/1720 loss=2.1e-05  best=-inf wall=16.94h
  ep19 shard 1570/1720 loss=2.2e-05  best=-inf wall=16.952h
  ep19 shard 1571/1720 loss=3.2e-05  best=-inf wall=16.964h
  ep19 shard 1572/1720 loss=2.9e-05  best=-inf wall=16.975h
  ep19 shard 1573/1720 loss=2.4e-05  best=-inf wall=16.987h
  ep19 shard 1574/1720 loss=2.3e-05  best=-inf wall=16.994h
  ep19 shard 1575/1720 loss=3.1e-05  best=-inf wall=17.005h
  ep19 shard 1576/1720 loss=1.8e-05  best=-inf wall=17.017h
  ep19 shard 1577/1720 loss=3e-05  best=-inf wall=17.028h
  ep19 shard 1578/1720 loss=2.1e-05  best=-inf wall=17.04h
  ep19 shard 1579/1720 loss=3e-05  best=-inf wall=17.052h
  ep19 shard 1580/1720 loss=3.4e-05  best=-inf wall=17.063h
  ep19 shard 1581/1720 loss=2.2e-05  best=-inf wall=17.075h
  ep19 shard 1582/1720 loss=3e-05  best=-inf wall=17.087h
  ep19 shard 1583/1720 loss=3.2e-05  best=-inf wall=17.098h
  ep19 shard 1584/1720 loss=3.4e-05  best=-inf wall=17.11h
  ep19 shard 1585/1720 loss=2.6e-05  best=-inf wall=17.121h
  ep19 shard 1586/1720 loss=2.8e-05  best=-inf wall=17.133h
  ep19 shard 1587/1720 loss=4.8e-05  best=-inf wall=17.145h
  ep19 shard 1588/1720 loss=2.9e-05  best=-inf wall=17.157h
  ep19 shard 1589/1720 loss=2.4e-05  best=-inf wall=17.168h
  ep19 shard 1590/1720 loss=2.8e-05  best=-inf wall=17.172h
  ep19 shard 1591/1720 loss=2.4e-05  best=-inf wall=17.183h
  ep19 shard 1592/1720 loss=2.9e-05  best=-inf wall=17.195h
  ep19 shard 1593/1720 loss=2.6e-05  best=-inf wall=17.201h
  ep19 shard 1594/1720 loss=2.6e-05  best=-inf wall=17.213h
  ep19 shard 1595/1720 loss=3e-05  best=-inf wall=17.225h
  ep19 shard 1596/1720 loss=2.7e-05  best=-inf wall=17.231h
  ep19 shard 1597/1720 loss=2.8e-05  best=-inf wall=17.243h
  ep19 shard 1598/1720 loss=2.1e-05  best=-inf wall=17.255h
  ep19 shard 1599/1720 loss=2.6e-05  best=-inf wall=17.266h
  ep19 shard 1600/1720 loss=2.8e-05  best=-inf wall=17.278h
  ep19 shard 1601/1720 loss=3.5e-05  best=-inf wall=17.289h
  ep19 shard 1602/1720 loss=2.6e-05  best=-inf wall=17.301h
  ep19 shard 1603/1720 loss=3.4e-05  best=-inf wall=17.312h
  ep19 shard 1604/1720 loss=2.4e-05  best=-inf wall=17.324h
  ep19 shard 1605/1720 loss=2.4e-05  best=-inf wall=17.335h
  ep19 shard 1606/1720 loss=2.1e-05  best=-inf wall=17.347h
  ep19 shard 1607/1720 loss=2.2e-05  best=-inf wall=17.358h
  ep19 shard 1608/1720 loss=2.7e-05  best=-inf wall=17.37h
  ep19 shard 1609/1720 loss=2.5e-05  best=-inf wall=17.381h
  ep19 shard 1610/1720 loss=2.4e-05  best=-inf wall=17.393h
  ep19 shard 1611/1720 loss=2.9e-05  best=-inf wall=17.405h
  ep19 shard 1612/1720 loss=2.9e-05  best=-inf wall=17.416h
  ep19 shard 1613/1720 loss=2.9e-05  best=-inf wall=17.428h
  ep19 shard 1614/1720 loss=2.2e-05  best=-inf wall=17.44h
  ep19 shard 1615/1720 loss=2.8e-05  best=-inf wall=17.451h
  ep19 shard 1616/1720 loss=2.7e-05  best=-inf wall=17.462h
  ep19 shard 1617/1720 loss=2.5e-05  best=-inf wall=17.474h
  ep19 shard 1618/1720 loss=3.1e-05  best=-inf wall=17.486h
  ep19 shard 1619/1720 loss=2.6e-05  best=-inf wall=17.493h
  ep19 shard 1620/1720 loss=2.2e-05  best=-inf wall=17.504h
  ep19 shard 1621/1720 loss=3e-05  best=-inf wall=17.516h
  ep19 shard 1622/1720 loss=3.2e-05  best=-inf wall=17.527h
  ep19 shard 1623/1720 loss=2.7e-05  best=-inf wall=17.539h
  ep19 shard 1624/1720 loss=2.6e-05  best=-inf wall=17.543h
  ep19 shard 1625/1720 loss=2.9e-05  best=-inf wall=17.555h
  ep19 shard 1626/1720 loss=2.7e-05  best=-inf wall=17.566h
  ep19 shard 1627/1720 loss=2.2e-05  best=-inf wall=17.573h
  ep19 shard 1628/1720 loss=3.5e-05  best=-inf wall=17.585h
  ep19 shard 1629/1720 loss=3.2e-05  best=-inf wall=17.597h
  ep19 shard 1630/1720 loss=2.6e-05  best=-inf wall=17.608h
  ep19 shard 1631/1720 loss=2.5e-05  best=-inf wall=17.62h
  ep19 shard 1632/1720 loss=2.8e-05  best=-inf wall=17.627h
  ep19 shard 1633/1720 loss=2.9e-05  best=-inf wall=17.639h
  ep19 shard 1634/1720 loss=2.3e-05  best=-inf wall=17.65h
  saved epoch checkpoint -> experiments/exp030-capacity/width2x/checkpoints/ep19.pt
  ep20 shard 1635/1720 loss=3.3e-05  best=-inf wall=17.657h
  ep20 shard 1636/1720 loss=2.4e-05  best=-inf wall=17.668h
  ep20 shard 1637/1720 loss=2.6e-05  best=-inf wall=17.679h
  ep20 shard 1638/1720 loss=3.4e-05  best=-inf wall=17.691h
  ep20 shard 1639/1720 loss=3.2e-05  best=-inf wall=17.695h
  ep20 shard 1640/1720 loss=1.9e-05  best=-inf wall=17.707h
  ep20 shard 1641/1720 loss=2.7e-05  best=-inf wall=17.719h
  ep20 shard 1642/1720 loss=2.8e-05  best=-inf wall=17.73h
  ep20 shard 1643/1720 loss=2.5e-05  best=-inf wall=17.742h
  ep20 shard 1644/1720 loss=2.9e-05  best=-inf wall=17.754h
  ep20 shard 1645/1720 loss=2.9e-05  best=-inf wall=17.766h
  ep20 shard 1646/1720 loss=2.7e-05  best=-inf wall=17.773h
  ep20 shard 1647/1720 loss=3.2e-05  best=-inf wall=17.785h
  ep20 shard 1648/1720 loss=2.4e-05  best=-inf wall=17.796h
  ep20 shard 1649/1720 loss=2.9e-05  best=-inf wall=17.807h
  ep20 shard 1650/1720 loss=3e-05  best=-inf wall=17.818h
  ep20 shard 1651/1720 loss=2.6e-05  best=-inf wall=17.83h
  ep20 shard 1652/1720 loss=2.7e-05  best=-inf wall=17.842h
  ep20 shard 1653/1720 loss=3.4e-05  best=-inf wall=17.853h
  ep20 shard 1654/1720 loss=3e-05  best=-inf wall=17.86h
  ep20 shard 1655/1720 loss=2.7e-05  best=-inf wall=17.864h
  ep20 shard 1656/1720 loss=2.6e-05  best=-inf wall=17.871h
  ep20 shard 1657/1720 loss=3.5e-05  best=-inf wall=17.877h
  ep20 shard 1658/1720 loss=2.5e-05  best=-inf wall=17.889h
  ep20 shard 1659/1720 loss=2.5e-05  best=-inf wall=17.901h
  ep20 shard 1660/1720 loss=2.8e-05  best=-inf wall=17.913h
  ep20 shard 1661/1720 loss=3.7e-05  best=-inf wall=17.924h
  ep20 shard 1662/1720 loss=3.1e-05  best=-inf wall=17.936h
  ep20 shard 1663/1720 loss=2.2e-05  best=-inf wall=17.947h
  ep20 shard 1664/1720 loss=2.3e-05  best=-inf wall=17.959h
  ep20 shard 1665/1720 loss=2.8e-05  best=-inf wall=17.971h
  ep20 shard 1666/1720 loss=2.6e-05  best=-inf wall=17.983h
  ep20 shard 1667/1720 loss=2.5e-05  best=-inf wall=17.995h
  ep20 shard 1668/1720 loss=2.7e-05  best=-inf wall=18.006h
  ep20 shard 1669/1720 loss=3.1e-05  best=-inf wall=18.018h
  ep20 shard 1670/1720 loss=2.7e-05  best=-inf wall=18.029h
  ep20 shard 1671/1720 loss=2.6e-05  best=-inf wall=18.041h
  ep20 shard 1672/1720 loss=2.3e-05  best=-inf wall=18.053h
  ep20 shard 1673/1720 loss=2.7e-05  best=-inf wall=18.064h
  ep20 shard 1674/1720 loss=3.3e-05  best=-inf wall=18.076h
  ep20 shard 1675/1720 loss=2.8e-05  best=-inf wall=18.088h
  ep20 shard 1676/1720 loss=2.7e-05  best=-inf wall=18.099h
  ep20 shard 1677/1720 loss=3.4e-05  best=-inf wall=18.111h
  ep20 shard 1678/1720 loss=2.8e-05  best=-inf wall=18.122h
  ep20 shard 1679/1720 loss=3.6e-05  best=-inf wall=18.134h
  ep20 shard 1680/1720 loss=4.2e-05  best=-inf wall=18.145h
  ep20 shard 1681/1720 loss=3.7e-05  best=-inf wall=18.149h
  ep20 shard 1682/1720 loss=2.8e-05  best=-inf wall=18.16h
  ep20 shard 1683/1720 loss=2.5e-05  best=-inf wall=18.172h
  ep20 shard 1684/1720 loss=2.9e-05  best=-inf wall=18.183h
  ep20 shard 1685/1720 loss=2.8e-05  best=-inf wall=18.19h
  ep20 shard 1686/1720 loss=2.6e-05  best=-inf wall=18.197h
  ep20 shard 1687/1720 loss=2.5e-05  best=-inf wall=18.209h
  ep20 shard 1688/1720 loss=2.4e-05  best=-inf wall=18.22h
  ep20 shard 1689/1720 loss=2.7e-05  best=-inf wall=18.232h
  ep20 shard 1690/1720 loss=2.5e-05  best=-inf wall=18.244h
  ep20 shard 1691/1720 loss=2.6e-05  best=-inf wall=18.255h
  ep20 shard 1692/1720 loss=3.3e-05  best=-inf wall=18.267h
  ep20 shard 1693/1720 loss=2.9e-05  best=-inf wall=18.274h
  ep20 shard 1694/1720 loss=2.1e-05  best=-inf wall=18.285h
  ep20 shard 1695/1720 loss=2.4e-05  best=-inf wall=18.297h
  ep20 shard 1696/1720 loss=2.3e-05  best=-inf wall=18.308h
  ep20 shard 1697/1720 loss=2.9e-05  best=-inf wall=18.319h
  ep20 shard 1698/1720 loss=3e-05  best=-inf wall=18.331h
  ep20 shard 1699/1720 loss=2.8e-05  best=-inf wall=18.343h
  ep20 shard 1700/1720 loss=3.7e-05  best=-inf wall=18.356h
  ep20 shard 1701/1720 loss=2.4e-05  best=-inf wall=18.37h
  ep20 shard 1702/1720 loss=2.5e-05  best=-inf wall=18.382h
  ep20 shard 1703/1720 loss=2.1e-05  best=-inf wall=18.394h
  ep20 shard 1704/1720 loss=3.1e-05  best=-inf wall=18.406h
  ep20 shard 1705/1720 loss=3.5e-05  best=-inf wall=18.417h
  ep20 shard 1706/1720 loss=2.9e-05  best=-inf wall=18.428h
  ep20 shard 1707/1720 loss=3e-05  best=-inf wall=18.439h
  ep20 shard 1708/1720 loss=2.1e-05  best=-inf wall=18.451h
  ep20 shard 1709/1720 loss=3.8e-05  best=-inf wall=18.462h
  ep20 shard 1710/1720 loss=3.2e-05  best=-inf wall=18.474h
  ep20 shard 1711/1720 loss=3e-05  best=-inf wall=18.485h
  ep20 shard 1712/1720 loss=3.8e-05  best=-inf wall=18.497h
  ep20 shard 1713/1720 loss=3.6e-05  best=-inf wall=18.504h
  ep20 shard 1714/1720 loss=3.3e-05  best=-inf wall=18.516h
  ep20 shard 1715/1720 loss=2.4e-05  best=-inf wall=18.527h
  ep20 shard 1716/1720 loss=2.5e-05  best=-inf wall=18.539h
  ep20 shard 1717/1720 loss=3.4e-05  best=-inf wall=18.546h
  ep20 shard 1718/1720 loss=2.5e-05  best=-inf wall=18.557h
  ep20 shard 1719/1720 loss=2.4e-05  best=-inf wall=18.569h
  ep20 shard 1720/1720 loss=3.2e-05 gnubg=0.025 best=+0.025 wall=18.581h
  saved epoch checkpoint -> experiments/exp030-capacity/width2x/checkpoints/ep20.pt

===== ARM DONE (scalar) reason=epochs_complete best vs GNUBG-0ply = +0.0250 ppg  -> experiments/exp030-capacity/width2x/checkpoints/best.pt
