[arch] mlp hidden [512, 512, 256, 256] in=201, 0.912M params (0.565M deployable)
exp011 outcomes6 [cpu]: 86 shards x 20 epochs, lr=0.001 holdout_frac=0.0 split_seed=14
  ep1 shard 1/1720 loss=0.896218  best=-inf wall=0.001h
  ep1 shard 2/1720 loss=0.926288  best=-inf wall=0.006h
  ep1 shard 3/1720 loss=0.857292  best=-inf wall=0.011h
  ep1 shard 4/1720 loss=0.855867  best=-inf wall=0.014h
  ep1 shard 5/1720 loss=0.826076  best=-inf wall=0.016h
  ep1 shard 6/1720 loss=0.904212  best=-inf wall=0.018h
  ep1 shard 7/1720 loss=0.896085  best=-inf wall=0.023h
  ep1 shard 8/1720 loss=0.892125  best=-inf wall=0.028h
  ep1 shard 9/1720 loss=0.874146  best=-inf wall=0.033h
  ep1 shard 10/1720 loss=0.870332  best=-inf wall=0.039h
  ep1 shard 11/1720 loss=0.885699  best=-inf wall=0.042h
  ep1 shard 12/1720 loss=0.838731  best=-inf wall=0.047h
  ep1 shard 13/1720 loss=0.873383  best=-inf wall=0.052h
  ep1 shard 14/1720 loss=0.888449  best=-inf wall=0.057h
  ep1 shard 15/1720 loss=0.851041  best=-inf wall=0.062h
  ep1 shard 16/1720 loss=0.874239  best=-inf wall=0.067h
  ep1 shard 17/1720 loss=0.793208  best=-inf wall=0.072h
  ep1 shard 18/1720 loss=0.906106  best=-inf wall=0.078h
  ep1 shard 19/1720 loss=0.865066  best=-inf wall=0.083h
  ep1 shard 20/1720 loss=0.826095  best=-inf wall=0.088h
  ep1 shard 21/1720 loss=0.838802  best=-inf wall=0.093h
  ep1 shard 22/1720 loss=0.871974  best=-inf wall=0.098h
  ep1 shard 23/1720 loss=0.866556  best=-inf wall=0.103h
  ep1 shard 24/1720 loss=0.875698  best=-inf wall=0.108h
  ep1 shard 25/1720 loss=0.84807  best=-inf wall=0.114h
  ep1 shard 26/1720 loss=0.858785  best=-inf wall=0.119h
  ep1 shard 27/1720 loss=0.856745  best=-inf wall=0.123h
  ep1 shard 28/1720 loss=0.841199  best=-inf wall=0.126h
  ep1 shard 29/1720 loss=0.825899  best=-inf wall=0.131h
  ep1 shard 30/1720 loss=0.818336  best=-inf wall=0.135h
  ep1 shard 31/1720 loss=0.828873  best=-inf wall=0.14h
  ep1 shard 32/1720 loss=0.81194  best=-inf wall=0.145h
  ep1 shard 33/1720 loss=0.855706  best=-inf wall=0.148h
  ep1 shard 34/1720 loss=0.869227  best=-inf wall=0.152h
  ep1 shard 35/1720 loss=0.848758  best=-inf wall=0.157h
  ep1 shard 36/1720 loss=0.831319  best=-inf wall=0.161h
  ep1 shard 37/1720 loss=0.848335  best=-inf wall=0.165h
  ep1 shard 38/1720 loss=0.862593  best=-inf wall=0.17h
  ep1 shard 39/1720 loss=0.817867  best=-inf wall=0.175h
  ep1 shard 40/1720 loss=0.860013  best=-inf wall=0.181h
  ep1 shard 41/1720 loss=0.824007  best=-inf wall=0.185h
  ep1 shard 42/1720 loss=0.844789  best=-inf wall=0.19h
  ep1 shard 43/1720 loss=0.887906  best=-inf wall=0.196h
  ep1 shard 44/1720 loss=0.836118  best=-inf wall=0.201h
  ep1 shard 45/1720 loss=0.904031  best=-inf wall=0.206h
  ep1 shard 46/1720 loss=0.850293  best=-inf wall=0.211h
  ep1 shard 47/1720 loss=0.864355  best=-inf wall=0.214h
  ep1 shard 48/1720 loss=0.87748  best=-inf wall=0.219h
  ep1 shard 49/1720 loss=0.896841  best=-inf wall=0.224h
  ep1 shard 50/1720 loss=0.824501  best=-inf wall=0.226h
  ep1 shard 51/1720 loss=0.840064  best=-inf wall=0.231h
  ep1 shard 52/1720 loss=0.83788  best=-inf wall=0.235h
  ep1 shard 53/1720 loss=0.857603  best=-inf wall=0.24h
  ep1 shard 54/1720 loss=0.908328  best=-inf wall=0.246h
  ep1 shard 55/1720 loss=0.858803  best=-inf wall=0.251h
  ep1 shard 56/1720 loss=0.835734  best=-inf wall=0.256h
  ep1 shard 57/1720 loss=0.867532  best=-inf wall=0.261h
  ep1 shard 58/1720 loss=0.865984  best=-inf wall=0.266h
  ep1 shard 59/1720 loss=0.869415  best=-inf wall=0.272h
  ep1 shard 60/1720 loss=0.84319  best=-inf wall=0.277h
  ep1 shard 61/1720 loss=0.843493  best=-inf wall=0.282h
  ep1 shard 62/1720 loss=0.869763  best=-inf wall=0.286h
  ep1 shard 63/1720 loss=0.868288  best=-inf wall=0.292h
  ep1 shard 64/1720 loss=0.858585  best=-inf wall=0.297h
  ep1 shard 65/1720 loss=0.825534  best=-inf wall=0.3h
  ep1 shard 66/1720 loss=0.849811  best=-inf wall=0.304h
  ep1 shard 67/1720 loss=0.819125  best=-inf wall=0.308h
  ep1 shard 68/1720 loss=0.854987  best=-inf wall=0.314h
  ep1 shard 69/1720 loss=0.872201  best=-inf wall=0.319h
  ep1 shard 70/1720 loss=0.82841  best=-inf wall=0.324h
  ep1 shard 71/1720 loss=0.864594  best=-inf wall=0.329h
  ep1 shard 72/1720 loss=0.884831  best=-inf wall=0.334h
  ep1 shard 73/1720 loss=0.87842  best=-inf wall=0.34h
  ep1 shard 74/1720 loss=0.852166  best=-inf wall=0.345h
  ep1 shard 75/1720 loss=0.82493  best=-inf wall=0.349h
  ep1 shard 76/1720 loss=0.802597  best=-inf wall=0.354h
  ep1 shard 77/1720 loss=0.852631  best=-inf wall=0.359h
  ep1 shard 78/1720 loss=0.856461  best=-inf wall=0.365h
  ep1 shard 79/1720 loss=0.843425  best=-inf wall=0.368h
  ep1 shard 80/1720 loss=0.841013  best=-inf wall=0.373h
  ep1 shard 81/1720 loss=0.900847  best=-inf wall=0.378h
  ep1 shard 82/1720 loss=0.831198  best=-inf wall=0.383h
  ep1 shard 83/1720 loss=0.864551  best=-inf wall=0.388h
  ep1 shard 84/1720 loss=0.901057  best=-inf wall=0.391h
  ep1 shard 85/1720 loss=0.841215  best=-inf wall=0.397h
  ep1 shard 86/1720 loss=0.838628  best=-inf wall=0.402h
  saved epoch checkpoint -> experiments/exp028-mlp/cosine20/checkpoints/ep1.pt
  ep2 shard 87/1720 loss=0.868543  best=-inf wall=0.405h
  ep2 shard 88/1720 loss=0.820502  best=-inf wall=0.41h
  ep2 shard 89/1720 loss=0.880734  best=-inf wall=0.414h
  ep2 shard 90/1720 loss=0.859323  best=-inf wall=0.416h
  ep2 shard 91/1720 loss=0.906134  best=-inf wall=0.421h
  ep2 shard 92/1720 loss=0.866754  best=-inf wall=0.427h
  ep2 shard 93/1720 loss=0.838448  best=-inf wall=0.428h
  ep2 shard 94/1720 loss=0.860948  best=-inf wall=0.431h
  ep2 shard 95/1720 loss=0.863437  best=-inf wall=0.436h
  ep2 shard 96/1720 loss=0.866537  best=-inf wall=0.441h
  ep2 shard 97/1720 loss=0.839692  best=-inf wall=0.447h
  ep2 shard 98/1720 loss=0.837673  best=-inf wall=0.452h
  ep2 shard 99/1720 loss=0.82858  best=-inf wall=0.457h
  ep2 shard 100/1720 loss=0.832486  best=-inf wall=0.46h
  ep2 shard 101/1720 loss=0.849384  best=-inf wall=0.464h
  ep2 shard 102/1720 loss=0.864419  best=-inf wall=0.469h
  ep2 shard 103/1720 loss=0.825559  best=-inf wall=0.475h
  ep2 shard 104/1720 loss=0.869452  best=-inf wall=0.479h
  ep2 shard 105/1720 loss=0.810505  best=-inf wall=0.484h
  ep2 shard 106/1720 loss=0.843263  best=-inf wall=0.489h
  ep2 shard 107/1720 loss=0.815138  best=-inf wall=0.494h
  ep2 shard 108/1720 loss=0.876739  best=-inf wall=0.497h
  ep2 shard 109/1720 loss=0.866454  best=-inf wall=0.502h
  ep2 shard 110/1720 loss=0.847193  best=-inf wall=0.507h
  ep2 shard 111/1720 loss=0.819452  best=-inf wall=0.513h
  ep2 shard 112/1720 loss=0.87022  best=-inf wall=0.518h
  ep2 shard 113/1720 loss=0.856088  best=-inf wall=0.523h
  ep2 shard 114/1720 loss=0.804537  best=-inf wall=0.527h
  ep2 shard 115/1720 loss=0.865707  best=-inf wall=0.533h
  ep2 shard 116/1720 loss=0.904262  best=-inf wall=0.538h
  ep2 shard 117/1720 loss=0.857532  best=-inf wall=0.543h
  ep2 shard 118/1720 loss=0.879215  best=-inf wall=0.547h
  ep2 shard 119/1720 loss=0.884709  best=-inf wall=0.551h
  ep2 shard 120/1720 loss=0.855915  best=-inf wall=0.556h
  ep2 shard 121/1720 loss=0.869766  best=-inf wall=0.561h
  ep2 shard 122/1720 loss=0.826141  best=-inf wall=0.564h
  ep2 shard 123/1720 loss=0.820112  best=-inf wall=0.569h
  ep2 shard 124/1720 loss=0.856365  best=-inf wall=0.571h
  ep2 shard 125/1720 loss=0.854163  best=-inf wall=0.573h
  ep2 shard 126/1720 loss=0.854506  best=-inf wall=0.578h
  ep2 shard 127/1720 loss=0.861816  best=-inf wall=0.583h
  ep2 shard 128/1720 loss=0.881277  best=-inf wall=0.588h
  ep2 shard 129/1720 loss=0.817917  best=-inf wall=0.593h
  ep2 shard 130/1720 loss=0.901735  best=-inf wall=0.598h
  ep2 shard 131/1720 loss=0.848866  best=-inf wall=0.603h
  ep2 shard 132/1720 loss=0.840676  best=-inf wall=0.608h
  ep2 shard 133/1720 loss=0.904852  best=-inf wall=0.613h
  ep2 shard 134/1720 loss=0.880754  best=-inf wall=0.618h
  ep2 shard 135/1720 loss=0.839026  best=-inf wall=0.623h
  ep2 shard 136/1720 loss=0.810771  best=-inf wall=0.628h
  ep2 shard 137/1720 loss=0.845909  best=-inf wall=0.631h
  ep2 shard 138/1720 loss=0.884995  best=-inf wall=0.635h
  ep2 shard 139/1720 loss=0.916382  best=-inf wall=0.64h
  ep2 shard 140/1720 loss=0.855742  best=-inf wall=0.645h
  ep2 shard 141/1720 loss=0.811356  best=-inf wall=0.65h
  ep2 shard 142/1720 loss=0.889235  best=-inf wall=0.655h
  ep2 shard 143/1720 loss=0.826399  best=-inf wall=0.658h
  ep2 shard 144/1720 loss=0.881685  best=-inf wall=0.663h
  ep2 shard 145/1720 loss=0.867808  best=-inf wall=0.668h
  ep2 shard 146/1720 loss=0.844492  best=-inf wall=0.67h
  ep2 shard 147/1720 loss=0.875762  best=-inf wall=0.675h
  ep2 shard 148/1720 loss=0.861112  best=-inf wall=0.68h
  ep2 shard 149/1720 loss=0.822076  best=-inf wall=0.685h
  ep2 shard 150/1720 loss=0.898512  best=-inf wall=0.689h
  ep2 shard 151/1720 loss=0.884673  best=-inf wall=0.694h
  ep2 shard 152/1720 loss=0.862638  best=-inf wall=0.699h
  ep2 shard 153/1720 loss=0.849753  best=-inf wall=0.703h
  ep2 shard 154/1720 loss=0.928191  best=-inf wall=0.708h
  ep2 shard 155/1720 loss=0.85382  best=-inf wall=0.711h
  ep2 shard 156/1720 loss=0.877419  best=-inf wall=0.715h
  ep2 shard 157/1720 loss=0.804959  best=-inf wall=0.72h
  ep2 shard 158/1720 loss=0.851315  best=-inf wall=0.725h
  ep2 shard 159/1720 loss=0.866242  best=-inf wall=0.73h
  ep2 shard 160/1720 loss=0.859255  best=-inf wall=0.735h
  ep2 shard 161/1720 loss=0.874616  best=-inf wall=0.74h
  ep2 shard 162/1720 loss=0.824679  best=-inf wall=0.744h
  ep2 shard 163/1720 loss=0.832664  best=-inf wall=0.747h
  ep2 shard 164/1720 loss=0.915179  best=-inf wall=0.752h
  ep2 shard 165/1720 loss=0.842357  best=-inf wall=0.757h
  ep2 shard 166/1720 loss=0.839974  best=-inf wall=0.762h
  ep2 shard 167/1720 loss=0.870905  best=-inf wall=0.767h
  ep2 shard 168/1720 loss=0.86826  best=-inf wall=0.772h
  ep2 shard 169/1720 loss=0.865098  best=-inf wall=0.777h
  ep2 shard 170/1720 loss=0.819984  best=-inf wall=0.782h
  ep2 shard 171/1720 loss=0.812995  best=-inf wall=0.787h
  ep2 shard 172/1720 loss=0.825158  best=-inf wall=0.792h
  saved epoch checkpoint -> experiments/exp028-mlp/cosine20/checkpoints/ep2.pt
  ep3 shard 173/1720 loss=0.851415  best=-inf wall=0.796h
  ep3 shard 174/1720 loss=0.813239  best=-inf wall=0.801h
  ep3 shard 175/1720 loss=0.900051  best=-inf wall=0.806h
  ep3 shard 176/1720 loss=0.847558  best=-inf wall=0.811h
  ep3 shard 177/1720 loss=0.835365  best=-inf wall=0.816h
  ep3 shard 178/1720 loss=0.886073  best=-inf wall=0.818h
  ep3 shard 179/1720 loss=0.863712  best=-inf wall=0.823h
  ep3 shard 180/1720 loss=0.869226  best=-inf wall=0.828h
  ep3 shard 181/1720 loss=0.793194  best=-inf wall=0.833h
  ep3 shard 182/1720 loss=0.849319  best=-inf wall=0.838h
  ep3 shard 183/1720 loss=0.886744  best=-inf wall=0.843h
  ep3 shard 184/1720 loss=0.861073  best=-inf wall=0.848h
  ep3 shard 185/1720 loss=0.857487  best=-inf wall=0.853h
  ep3 shard 186/1720 loss=0.813659  best=-inf wall=0.858h
  ep3 shard 187/1720 loss=0.850016  best=-inf wall=0.863h
  ep3 shard 188/1720 loss=0.876608  best=-inf wall=0.867h
  ep3 shard 189/1720 loss=0.860309  best=-inf wall=0.868h
  ep3 shard 190/1720 loss=0.892833  best=-inf wall=0.873h
  ep3 shard 191/1720 loss=0.843652  best=-inf wall=0.876h
  ep3 shard 192/1720 loss=0.880722  best=-inf wall=0.881h
  ep3 shard 193/1720 loss=0.845658  best=-inf wall=0.886h
  ep3 shard 194/1720 loss=0.830266  best=-inf wall=0.889h
  ep3 shard 195/1720 loss=0.827813  best=-inf wall=0.895h
  ep3 shard 196/1720 loss=0.855679  best=-inf wall=0.9h
  ep3 shard 197/1720 loss=0.787807  best=-inf wall=0.904h
  ep3 shard 198/1720 loss=0.842918  best=-inf wall=0.909h
  ep3 shard 199/1720 loss=0.92878  best=-inf wall=0.914h
  ep3 shard 200/1720 loss=0.849671  best=-inf wall=0.92h
  ep3 shard 201/1720 loss=0.850465  best=-inf wall=0.924h
  ep3 shard 202/1720 loss=0.867595  best=-inf wall=0.929h
  ep3 shard 203/1720 loss=0.901019  best=-inf wall=0.933h
  ep3 shard 204/1720 loss=0.848486  best=-inf wall=0.939h
  ep3 shard 205/1720 loss=0.886016  best=-inf wall=0.944h
  ep3 shard 206/1720 loss=0.834564  best=-inf wall=0.949h
  ep3 shard 207/1720 loss=0.854784  best=-inf wall=0.954h
  ep3 shard 208/1720 loss=0.894874  best=-inf wall=0.959h
  ep3 shard 209/1720 loss=0.908211  best=-inf wall=0.964h
  ep3 shard 210/1720 loss=0.875206  best=-inf wall=0.969h
  ep3 shard 211/1720 loss=0.851406  best=-inf wall=0.974h
  ep3 shard 212/1720 loss=0.872408  best=-inf wall=0.979h
  ep3 shard 213/1720 loss=0.810524  best=-inf wall=0.984h
  ep3 shard 214/1720 loss=0.816543  best=-inf wall=0.989h
  ep3 shard 215/1720 loss=0.869757  best=-inf wall=0.995h
  ep3 shard 216/1720 loss=0.831122  best=-inf wall=0.998h
  ep3 shard 217/1720 loss=0.873316  best=-inf wall=1.002h
  ep3 shard 218/1720 loss=0.9132  best=-inf wall=1.008h
  ep3 shard 219/1720 loss=0.874537  best=-inf wall=1.013h
  ep3 shard 220/1720 loss=0.884543  best=-inf wall=1.018h
  ep3 shard 221/1720 loss=0.804294  best=-inf wall=1.022h
  ep3 shard 222/1720 loss=0.839817  best=-inf wall=1.025h
  ep3 shard 223/1720 loss=0.809864  best=-inf wall=1.03h
  ep3 shard 224/1720 loss=0.825867  best=-inf wall=1.035h
  ep3 shard 225/1720 loss=0.825859  best=-inf wall=1.04h
  ep3 shard 226/1720 loss=0.876309  best=-inf wall=1.045h
  ep3 shard 227/1720 loss=0.848028  best=-inf wall=1.048h
  ep3 shard 228/1720 loss=0.848904  best=-inf wall=1.052h
  ep3 shard 229/1720 loss=0.852797  best=-inf wall=1.055h
  ep3 shard 230/1720 loss=0.857079  best=-inf wall=1.06h
  ep3 shard 231/1720 loss=0.863951  best=-inf wall=1.065h
  ep3 shard 232/1720 loss=0.833638  best=-inf wall=1.07h
  ep3 shard 233/1720 loss=0.837339  best=-inf wall=1.075h
  ep3 shard 234/1720 loss=0.876433  best=-inf wall=1.08h
  ep3 shard 235/1720 loss=0.856198  best=-inf wall=1.085h
  ep3 shard 236/1720 loss=0.869093  best=-inf wall=1.09h
  ep3 shard 237/1720 loss=0.856226  best=-inf wall=1.094h
  ep3 shard 238/1720 loss=0.850421  best=-inf wall=1.099h
  ep3 shard 239/1720 loss=0.845037  best=-inf wall=1.105h
  ep3 shard 240/1720 loss=0.83359  best=-inf wall=1.11h
  ep3 shard 241/1720 loss=0.877318  best=-inf wall=1.115h
  ep3 shard 242/1720 loss=0.848572  best=-inf wall=1.12h
  ep3 shard 243/1720 loss=0.831581  best=-inf wall=1.122h
  ep3 shard 244/1720 loss=0.866698  best=-inf wall=1.127h
  ep3 shard 245/1720 loss=0.865415  best=-inf wall=1.131h
  ep3 shard 246/1720 loss=0.853215  best=-inf wall=1.136h
  ep3 shard 247/1720 loss=0.888872  best=-inf wall=1.141h
  ep3 shard 248/1720 loss=0.862389  best=-inf wall=1.147h
  ep3 shard 249/1720 loss=0.89917  best=-inf wall=1.152h
  ep3 shard 250/1720 loss=0.855658  best=-inf wall=1.157h
  ep3 shard 251/1720 loss=0.870619  best=-inf wall=1.162h
  ep3 shard 252/1720 loss=0.877949  best=-inf wall=1.166h
  ep3 shard 253/1720 loss=0.850581  best=-inf wall=1.171h
  ep3 shard 254/1720 loss=0.878822  best=-inf wall=1.174h
  ep3 shard 255/1720 loss=0.853713  best=-inf wall=1.177h
  ep3 shard 256/1720 loss=0.899328  best=-inf wall=1.182h
  ep3 shard 257/1720 loss=0.831754  best=-inf wall=1.186h
  ep3 shard 258/1720 loss=0.839083  best=-inf wall=1.188h
  saved epoch checkpoint -> experiments/exp028-mlp/cosine20/checkpoints/ep3.pt
  ep4 shard 259/1720 loss=0.842276  best=-inf wall=1.192h
  ep4 shard 260/1720 loss=0.851994  best=-inf wall=1.197h
  ep4 shard 261/1720 loss=0.857269  best=-inf wall=1.202h
  ep4 shard 262/1720 loss=0.898282  best=-inf wall=1.207h
  ep4 shard 263/1720 loss=0.860035  best=-inf wall=1.21h
  ep4 shard 264/1720 loss=0.852439  best=-inf wall=1.214h
  ep4 shard 265/1720 loss=0.835039  best=-inf wall=1.215h
  ep4 shard 266/1720 loss=0.880849  best=-inf wall=1.22h
  ep4 shard 267/1720 loss=0.88144  best=-inf wall=1.224h
  ep4 shard 268/1720 loss=0.850056  best=-inf wall=1.227h
  ep4 shard 269/1720 loss=0.853715  best=-inf wall=1.233h
  ep4 shard 270/1720 loss=0.857613  best=-inf wall=1.237h
  ep4 shard 271/1720 loss=0.878182  best=-inf wall=1.243h
  ep4 shard 272/1720 loss=0.832328  best=-inf wall=1.248h
  ep4 shard 273/1720 loss=0.846987  best=-inf wall=1.253h
  ep4 shard 274/1720 loss=0.850893  best=-inf wall=1.258h
  ep4 shard 275/1720 loss=0.86129  best=-inf wall=1.263h
  ep4 shard 276/1720 loss=0.882795  best=-inf wall=1.268h
  ep4 shard 277/1720 loss=0.782595  best=-inf wall=1.273h
  ep4 shard 278/1720 loss=0.889589  best=-inf wall=1.278h
  ep4 shard 279/1720 loss=0.818668  best=-inf wall=1.282h
  ep4 shard 280/1720 loss=0.88561  best=-inf wall=1.287h
  ep4 shard 281/1720 loss=0.854931  best=-inf wall=1.292h
  ep4 shard 282/1720 loss=0.856619  best=-inf wall=1.297h
  ep4 shard 283/1720 loss=0.88092  best=-inf wall=1.303h
  ep4 shard 284/1720 loss=0.843637  best=-inf wall=1.308h
  ep4 shard 285/1720 loss=0.812145  best=-inf wall=1.313h
  ep4 shard 286/1720 loss=0.838742  best=-inf wall=1.317h
  ep4 shard 287/1720 loss=0.826592  best=-inf wall=1.32h
  ep4 shard 288/1720 loss=0.870672  best=-inf wall=1.325h
  ep4 shard 289/1720 loss=0.889743  best=-inf wall=1.33h
  ep4 shard 290/1720 loss=0.810803  best=-inf wall=1.334h
  ep4 shard 291/1720 loss=0.896866  best=-inf wall=1.339h
  ep4 shard 292/1720 loss=0.822326  best=-inf wall=1.344h
  ep4 shard 293/1720 loss=0.823963  best=-inf wall=1.349h
  ep4 shard 294/1720 loss=0.882661  best=-inf wall=1.354h
  ep4 shard 295/1720 loss=0.883264  best=-inf wall=1.36h
  ep4 shard 296/1720 loss=0.872916  best=-inf wall=1.365h
  ep4 shard 297/1720 loss=0.86086  best=-inf wall=1.368h
  ep4 shard 298/1720 loss=0.804572  best=-inf wall=1.373h
  ep4 shard 299/1720 loss=0.830136  best=-inf wall=1.378h
  ep4 shard 300/1720 loss=0.801174  best=-inf wall=1.383h
  ep4 shard 301/1720 loss=0.836921  best=-inf wall=1.386h
  ep4 shard 302/1720 loss=0.860432  best=-inf wall=1.389h
  ep4 shard 303/1720 loss=0.851359  best=-inf wall=1.394h
  ep4 shard 304/1720 loss=0.824399  best=-inf wall=1.399h
  ep4 shard 305/1720 loss=0.843024  best=-inf wall=1.404h
  ep4 shard 306/1720 loss=0.892066  best=-inf wall=1.409h
  ep4 shard 307/1720 loss=0.853462  best=-inf wall=1.414h
  ep4 shard 308/1720 loss=0.862902  best=-inf wall=1.42h
  ep4 shard 309/1720 loss=0.84381  best=-inf wall=1.425h
  ep4 shard 310/1720 loss=0.866968  best=-inf wall=1.43h
  ep4 shard 311/1720 loss=0.811846  best=-inf wall=1.435h
  ep4 shard 312/1720 loss=0.878406  best=-inf wall=1.44h
  ep4 shard 313/1720 loss=0.84704  best=-inf wall=1.444h
  ep4 shard 314/1720 loss=0.832241  best=-inf wall=1.45h
  ep4 shard 315/1720 loss=0.858993  best=-inf wall=1.455h
  ep4 shard 316/1720 loss=0.84499  best=-inf wall=1.46h
  ep4 shard 317/1720 loss=0.859361  best=-inf wall=1.465h
  ep4 shard 318/1720 loss=0.817739  best=-inf wall=1.469h
  ep4 shard 319/1720 loss=0.85743  best=-inf wall=1.475h
  ep4 shard 320/1720 loss=0.865611  best=-inf wall=1.48h
  ep4 shard 321/1720 loss=0.817556  best=-inf wall=1.481h
  ep4 shard 322/1720 loss=0.841878  best=-inf wall=1.485h
  ep4 shard 323/1720 loss=0.866699  best=-inf wall=1.49h
  ep4 shard 324/1720 loss=0.818314  best=-inf wall=1.495h
  ep4 shard 325/1720 loss=0.839993  best=-inf wall=1.498h
  ep4 shard 326/1720 loss=0.853953  best=-inf wall=1.501h
  ep4 shard 327/1720 loss=0.852622  best=-inf wall=1.506h
  ep4 shard 328/1720 loss=0.867663  best=-inf wall=1.508h
  ep4 shard 329/1720 loss=0.875556  best=-inf wall=1.513h
  ep4 shard 330/1720 loss=0.88002  best=-inf wall=1.518h
  ep4 shard 331/1720 loss=0.835737  best=-inf wall=1.523h
  ep4 shard 332/1720 loss=0.823249  best=-inf wall=1.526h
  ep4 shard 333/1720 loss=0.810075  best=-inf wall=1.531h
  ep4 shard 334/1720 loss=0.82035  best=-inf wall=1.536h
  ep4 shard 335/1720 loss=0.8573  best=-inf wall=1.542h
  ep4 shard 336/1720 loss=0.850886  best=-inf wall=1.547h
  ep4 shard 337/1720 loss=0.844025  best=-inf wall=1.551h
  ep4 shard 338/1720 loss=0.867432  best=-inf wall=1.555h
  ep4 shard 339/1720 loss=0.869353  best=-inf wall=1.559h
  ep4 shard 340/1720 loss=0.865105  best=-inf wall=1.564h
  ep4 shard 341/1720 loss=0.860011  best=-inf wall=1.567h
  ep4 shard 342/1720 loss=0.822443  best=-inf wall=1.573h
  ep4 shard 343/1720 loss=0.83231  best=-inf wall=1.578h
  ep4 shard 344/1720 loss=0.882246  best=-inf wall=1.584h
  saved epoch checkpoint -> experiments/exp028-mlp/cosine20/checkpoints/ep4.pt
  ep5 shard 345/1720 loss=0.864163  best=-inf wall=1.589h
  ep5 shard 346/1720 loss=0.841544  best=-inf wall=1.593h
  ep5 shard 347/1720 loss=0.841828  best=-inf wall=1.598h
  ep5 shard 348/1720 loss=0.855038  best=-inf wall=1.603h
  ep5 shard 349/1720 loss=0.872004  best=-inf wall=1.606h
  ep5 shard 350/1720 loss=0.869431  best=-inf wall=1.609h
  ep5 shard 351/1720 loss=0.818202  best=-inf wall=1.614h
  ep5 shard 352/1720 loss=0.838978  best=-inf wall=1.619h
  ep5 shard 353/1720 loss=0.895348  best=-inf wall=1.623h
  ep5 shard 354/1720 loss=0.810367  best=-inf wall=1.628h
  ep5 shard 355/1720 loss=0.834665  best=-inf wall=1.633h
  ep5 shard 356/1720 loss=0.878257  best=-inf wall=1.638h
  ep5 shard 357/1720 loss=0.81994  best=-inf wall=1.644h
  ep5 shard 358/1720 loss=0.832287  best=-inf wall=1.649h
  ep5 shard 359/1720 loss=0.839264  best=-inf wall=1.651h
  ep5 shard 360/1720 loss=0.835439  best=-inf wall=1.656h
  ep5 shard 361/1720 loss=0.878764  best=-inf wall=1.661h
  ep5 shard 362/1720 loss=0.841465  best=-inf wall=1.667h
  ep5 shard 363/1720 loss=0.875923  best=-inf wall=1.672h
  ep5 shard 364/1720 loss=0.855204  best=-inf wall=1.677h
  ep5 shard 365/1720 loss=0.897184  best=-inf wall=1.683h
  ep5 shard 366/1720 loss=0.878927  best=-inf wall=1.688h
  ep5 shard 367/1720 loss=0.84023  best=-inf wall=1.691h
  ep5 shard 368/1720 loss=0.825539  best=-inf wall=1.696h
  ep5 shard 369/1720 loss=0.861541  best=-inf wall=1.701h
  ep5 shard 370/1720 loss=0.822551  best=-inf wall=1.706h
  ep5 shard 371/1720 loss=0.860557  best=-inf wall=1.709h
  ep5 shard 372/1720 loss=0.865376  best=-inf wall=1.713h
  ep5 shard 373/1720 loss=0.814367  best=-inf wall=1.715h
  ep5 shard 374/1720 loss=0.857351  best=-inf wall=1.72h
  ep5 shard 375/1720 loss=0.840848  best=-inf wall=1.725h
  ep5 shard 376/1720 loss=0.845406  best=-inf wall=1.73h
  ep5 shard 377/1720 loss=0.840277  best=-inf wall=1.734h
  ep5 shard 378/1720 loss=0.888335  best=-inf wall=1.74h
  ep5 shard 379/1720 loss=0.842652  best=-inf wall=1.745h
  ep5 shard 380/1720 loss=0.817596  best=-inf wall=1.75h
  ep5 shard 381/1720 loss=0.840794  best=-inf wall=1.755h
  ep5 shard 382/1720 loss=0.873965  best=-inf wall=1.76h
  ep5 shard 383/1720 loss=0.894256  best=-inf wall=1.765h
  ep5 shard 384/1720 loss=0.885867  best=-inf wall=1.769h
  ep5 shard 385/1720 loss=0.885818  best=-inf wall=1.774h
  ep5 shard 386/1720 loss=0.866272  best=-inf wall=1.779h
  ep5 shard 387/1720 loss=0.836807  best=-inf wall=1.784h
  ep5 shard 388/1720 loss=0.857425  best=-inf wall=1.789h
  ep5 shard 389/1720 loss=0.843093  best=-inf wall=1.791h
  ep5 shard 390/1720 loss=0.887963  best=-inf wall=1.794h
  ep5 shard 391/1720 loss=0.837949  best=-inf wall=1.799h
  ep5 shard 392/1720 loss=0.888948  best=-inf wall=1.804h
  ep5 shard 393/1720 loss=0.868225  best=-inf wall=1.809h
  ep5 shard 394/1720 loss=0.857277  best=-inf wall=1.813h
  ep5 shard 395/1720 loss=0.836475  best=-inf wall=1.819h
  ep5 shard 396/1720 loss=0.911596  best=-inf wall=1.824h
  ep5 shard 397/1720 loss=0.854197  best=-inf wall=1.829h
  ep5 shard 398/1720 loss=0.889002  best=-inf wall=1.833h
  ep5 shard 399/1720 loss=0.841537  best=-inf wall=1.838h
  ep5 shard 400/1720 loss=0.814041  best=-inf wall=1.843h
  ep5 shard 401/1720 loss=0.871391  best=-inf wall=1.849h
  ep5 shard 402/1720 loss=0.833885  best=-inf wall=1.853h
  ep5 shard 403/1720 loss=0.858728  best=-inf wall=1.858h
  ep5 shard 404/1720 loss=0.845973  best=-inf wall=1.863h
  ep5 shard 405/1720 loss=0.880151  best=-inf wall=1.866h
  ep5 shard 406/1720 loss=0.900089  best=-inf wall=1.871h
  ep5 shard 407/1720 loss=0.82775  best=-inf wall=1.876h
  ep5 shard 408/1720 loss=0.868773  best=-inf wall=1.881h
  ep5 shard 409/1720 loss=0.838687  best=-inf wall=1.886h
  ep5 shard 410/1720 loss=0.871335  best=-inf wall=1.891h
  ep5 shard 411/1720 loss=0.871339  best=-inf wall=1.895h
  ep5 shard 412/1720 loss=0.871895  best=-inf wall=1.898h
  ep5 shard 413/1720 loss=0.918036  best=-inf wall=1.903h
  ep5 shard 414/1720 loss=0.828464  best=-inf wall=1.906h
  ep5 shard 415/1720 loss=0.858721  best=-inf wall=1.911h
  ep5 shard 416/1720 loss=0.83311  best=-inf wall=1.916h
  ep5 shard 417/1720 loss=0.895254  best=-inf wall=1.921h
  ep5 shard 418/1720 loss=0.817175  best=-inf wall=1.926h
  ep5 shard 419/1720 loss=0.852453  best=-inf wall=1.931h
  ep5 shard 420/1720 loss=0.882018  best=-inf wall=1.933h
  ep5 shard 421/1720 loss=0.839704  best=-inf wall=1.936h
  ep5 shard 422/1720 loss=0.859905  best=-inf wall=1.941h
  ep5 shard 423/1720 loss=0.861401  best=-inf wall=1.946h
  ep5 shard 424/1720 loss=0.847095  best=-inf wall=1.951h
  ep5 shard 425/1720 loss=0.851354  best=-inf wall=1.956h
  ep5 shard 426/1720 loss=0.893704  best=-inf wall=1.961h
  ep5 shard 427/1720 loss=0.855174  best=-inf wall=1.967h
  ep5 shard 428/1720 loss=0.879109  best=-inf wall=1.972h
  ep5 shard 429/1720 loss=0.895549  best=-inf wall=1.977h
  ep5 shard 430/1720 loss=0.881483  best=-inf wall=1.982h
  saved epoch checkpoint -> experiments/exp028-mlp/cosine20/checkpoints/ep5.pt
  ep6 shard 431/1720 loss=0.864345  best=-inf wall=1.987h
  ep6 shard 432/1720 loss=0.889068  best=-inf wall=1.992h
  ep6 shard 433/1720 loss=0.849329  best=-inf wall=1.994h
  ep6 shard 434/1720 loss=0.846395  best=-inf wall=1.995h
  ep6 shard 435/1720 loss=0.850276  best=-inf wall=2.0h
  ep6 shard 436/1720 loss=0.866786  best=-inf wall=2.004h
  ep6 shard 437/1720 loss=0.893176  best=-inf wall=2.01h
  ep6 shard 438/1720 loss=0.857402  best=-inf wall=2.015h
  ep6 shard 439/1720 loss=0.846542  best=-inf wall=2.018h
  ep6 shard 440/1720 loss=0.827089  best=-inf wall=2.023h
  ep6 shard 441/1720 loss=0.81226  best=-inf wall=2.028h
  ep6 shard 442/1720 loss=0.887809  best=-inf wall=2.033h
  ep6 shard 443/1720 loss=0.806284  best=-inf wall=2.038h
  ep6 shard 444/1720 loss=0.848565  best=-inf wall=2.043h
  ep6 shard 445/1720 loss=0.85067  best=-inf wall=2.048h
  ep6 shard 446/1720 loss=0.844846  best=-inf wall=2.053h
  ep6 shard 447/1720 loss=0.814571  best=-inf wall=2.057h
  ep6 shard 448/1720 loss=0.874174  best=-inf wall=2.062h
  ep6 shard 449/1720 loss=0.824458  best=-inf wall=2.069h
  ep6 shard 450/1720 loss=0.861047  best=-inf wall=2.074h
  ep6 shard 451/1720 loss=0.842761  best=-inf wall=2.078h
  ep6 shard 452/1720 loss=0.884816  best=-inf wall=2.083h
  ep6 shard 453/1720 loss=0.840582  best=-inf wall=2.088h
  ep6 shard 454/1720 loss=0.898056  best=-inf wall=2.093h
  ep6 shard 455/1720 loss=0.84572  best=-inf wall=2.098h
  ep6 shard 456/1720 loss=0.817878  best=-inf wall=2.103h
  ep6 shard 457/1720 loss=0.923698  best=-inf wall=2.108h
  ep6 shard 458/1720 loss=0.840395  best=-inf wall=2.114h
  ep6 shard 459/1720 loss=0.811697  best=-inf wall=2.119h
  ep6 shard 460/1720 loss=0.876262  best=-inf wall=2.124h
  ep6 shard 461/1720 loss=0.847124  best=-inf wall=2.13h
  ep6 shard 462/1720 loss=0.82605  best=-inf wall=2.135h
  ep6 shard 463/1720 loss=0.867001  best=-inf wall=2.14h
  ep6 shard 464/1720 loss=0.817124  best=-inf wall=2.145h
  ep6 shard 465/1720 loss=0.837794  best=-inf wall=2.15h
  ep6 shard 466/1720 loss=0.865069  best=-inf wall=2.155h
  ep6 shard 467/1720 loss=0.851438  best=-inf wall=2.158h
  ep6 shard 468/1720 loss=0.888067  best=-inf wall=2.164h
  ep6 shard 469/1720 loss=0.861496  best=-inf wall=2.169h
  ep6 shard 470/1720 loss=0.898621  best=-inf wall=2.174h
  ep6 shard 471/1720 loss=0.859351  best=-inf wall=2.177h
  ep6 shard 472/1720 loss=0.86654  best=-inf wall=2.182h
  ep6 shard 473/1720 loss=0.870816  best=-inf wall=2.187h
  ep6 shard 474/1720 loss=0.862701  best=-inf wall=2.192h
  ep6 shard 475/1720 loss=0.878642  best=-inf wall=2.197h
  ep6 shard 476/1720 loss=0.819162  best=-inf wall=2.202h
  ep6 shard 477/1720 loss=0.859766  best=-inf wall=2.208h
  ep6 shard 478/1720 loss=0.873814  best=-inf wall=2.213h
  ep6 shard 479/1720 loss=0.868895  best=-inf wall=2.218h
  ep6 shard 480/1720 loss=0.861589  best=-inf wall=2.223h
  ep6 shard 481/1720 loss=0.875186  best=-inf wall=2.227h
  ep6 shard 482/1720 loss=0.90136  best=-inf wall=2.23h
  ep6 shard 483/1720 loss=0.855893  best=-inf wall=2.234h
  ep6 shard 484/1720 loss=0.805884  best=-inf wall=2.24h
  ep6 shard 485/1720 loss=0.818139  best=-inf wall=2.245h
  ep6 shard 486/1720 loss=0.873498  best=-inf wall=2.25h
  ep6 shard 487/1720 loss=0.887737  best=-inf wall=2.254h
  ep6 shard 488/1720 loss=0.830118  best=-inf wall=2.26h
  ep6 shard 489/1720 loss=0.822538  best=-inf wall=2.265h
  ep6 shard 490/1720 loss=0.90167  best=-inf wall=2.27h
  ep6 shard 491/1720 loss=0.863563  best=-inf wall=2.275h
  ep6 shard 492/1720 loss=0.813842  best=-inf wall=2.28h
  ep6 shard 493/1720 loss=0.871798  best=-inf wall=2.285h
  ep6 shard 494/1720 loss=0.864725  best=-inf wall=2.289h
  ep6 shard 495/1720 loss=0.881183  best=-inf wall=2.292h
  ep6 shard 496/1720 loss=0.86206  best=-inf wall=2.297h
  ep6 shard 497/1720 loss=0.908751  best=-inf wall=2.3h
  ep6 shard 498/1720 loss=0.802975  best=-inf wall=2.305h
  ep6 shard 499/1720 loss=0.874236  best=-inf wall=2.311h
  ep6 shard 500/1720 loss=0.818673  best=-inf wall=2.316h
  ep6 shard 501/1720 loss=0.832504  best=-inf wall=2.32h
  ep6 shard 502/1720 loss=0.841781  best=-inf wall=2.325h
  ep6 shard 503/1720 loss=0.826553  best=-inf wall=2.329h
  ep6 shard 504/1720 loss=0.842487  best=-inf wall=2.334h
  ep6 shard 505/1720 loss=0.861414  best=-inf wall=2.337h
  ep6 shard 506/1720 loss=0.892146  best=-inf wall=2.342h
  ep6 shard 507/1720 loss=0.834838  best=-inf wall=2.347h
  ep6 shard 508/1720 loss=0.871961  best=-inf wall=2.352h
  ep6 shard 509/1720 loss=0.863852  best=-inf wall=2.355h
  ep6 shard 510/1720 loss=0.813478  best=-inf wall=2.356h
  ep6 shard 511/1720 loss=0.856034  best=-inf wall=2.361h
  ep6 shard 512/1720 loss=0.851264  best=-inf wall=2.366h
  ep6 shard 513/1720 loss=0.866425  best=-inf wall=2.371h
  ep6 shard 514/1720 loss=0.855804  best=-inf wall=2.376h
  ep6 shard 515/1720 loss=0.868384  best=-inf wall=2.38h
  ep6 shard 516/1720 loss=0.818947  best=-inf wall=2.383h
  saved epoch checkpoint -> experiments/exp028-mlp/cosine20/checkpoints/ep6.pt
  ep7 shard 517/1720 loss=0.855227  best=-inf wall=2.388h
  ep7 shard 518/1720 loss=0.856047  best=-inf wall=2.393h
  ep7 shard 519/1720 loss=0.83313  best=-inf wall=2.398h
  ep7 shard 520/1720 loss=0.832642  best=-inf wall=2.403h
  ep7 shard 521/1720 loss=0.844227  best=-inf wall=2.405h
  ep7 shard 522/1720 loss=0.882138  best=-inf wall=2.41h
  ep7 shard 523/1720 loss=0.869699  best=-inf wall=2.415h
  ep7 shard 524/1720 loss=0.875787  best=-inf wall=2.421h
  ep7 shard 525/1720 loss=0.847212  best=-inf wall=2.424h
  ep7 shard 526/1720 loss=0.846178  best=-inf wall=2.43h
  ep7 shard 527/1720 loss=0.850068  best=-inf wall=2.433h
  ep7 shard 528/1720 loss=0.859883  best=-inf wall=2.437h
  ep7 shard 529/1720 loss=0.869261  best=-inf wall=2.442h
  ep7 shard 530/1720 loss=0.889642  best=-inf wall=2.447h
  ep7 shard 531/1720 loss=0.84947  best=-inf wall=2.452h
  ep7 shard 532/1720 loss=0.876597  best=-inf wall=2.456h
  ep7 shard 533/1720 loss=0.839698  best=-inf wall=2.462h
  ep7 shard 534/1720 loss=0.874313  best=-inf wall=2.465h
  ep7 shard 535/1720 loss=0.88199  best=-inf wall=2.47h
  ep7 shard 536/1720 loss=0.857141  best=-inf wall=2.475h
  ep7 shard 537/1720 loss=0.850304  best=-inf wall=2.479h
  ep7 shard 538/1720 loss=0.840373  best=-inf wall=2.482h
  ep7 shard 539/1720 loss=0.869391  best=-inf wall=2.486h
  ep7 shard 540/1720 loss=0.876743  best=-inf wall=2.489h
  ep7 shard 541/1720 loss=0.831992  best=-inf wall=2.494h
  ep7 shard 542/1720 loss=0.866009  best=-inf wall=2.499h
  ep7 shard 543/1720 loss=0.875829  best=-inf wall=2.501h
  ep7 shard 544/1720 loss=0.844899  best=-inf wall=2.506h
  ep7 shard 545/1720 loss=0.857058  best=-inf wall=2.511h
  ep7 shard 546/1720 loss=0.873264  best=-inf wall=2.516h
  ep7 shard 547/1720 loss=0.848825  best=-inf wall=2.521h
  ep7 shard 548/1720 loss=0.881045  best=-inf wall=2.525h
  ep7 shard 549/1720 loss=0.884406  best=-inf wall=2.531h
  ep7 shard 550/1720 loss=0.854222  best=-inf wall=2.535h
  ep7 shard 551/1720 loss=0.842333  best=-inf wall=2.541h
  ep7 shard 552/1720 loss=0.869146  best=-inf wall=2.544h
  ep7 shard 553/1720 loss=0.861539  best=-inf wall=2.549h
  ep7 shard 554/1720 loss=0.789594  best=-inf wall=2.555h
  ep7 shard 555/1720 loss=0.831798  best=-inf wall=2.559h
  ep7 shard 556/1720 loss=0.829901  best=-inf wall=2.564h
  ep7 shard 557/1720 loss=0.821266  best=-inf wall=2.569h
  ep7 shard 558/1720 loss=0.86548  best=-inf wall=2.572h
  ep7 shard 559/1720 loss=0.864576  best=-inf wall=2.577h
  ep7 shard 560/1720 loss=0.833146  best=-inf wall=2.582h
  ep7 shard 561/1720 loss=0.871123  best=-inf wall=2.587h
  ep7 shard 562/1720 loss=0.840832  best=-inf wall=2.592h
  ep7 shard 563/1720 loss=0.872208  best=-inf wall=2.597h
  ep7 shard 564/1720 loss=0.844429  best=-inf wall=2.602h
  ep7 shard 565/1720 loss=0.871563  best=-inf wall=2.607h
  ep7 shard 566/1720 loss=0.81189  best=-inf wall=2.612h
  ep7 shard 567/1720 loss=0.837724  best=-inf wall=2.618h
  ep7 shard 568/1720 loss=0.803052  best=-inf wall=2.623h
  ep7 shard 569/1720 loss=0.8243  best=-inf wall=2.624h
  ep7 shard 570/1720 loss=0.898061  best=-inf wall=2.63h
  ep7 shard 571/1720 loss=0.868764  best=-inf wall=2.635h
  ep7 shard 572/1720 loss=0.860136  best=-inf wall=2.64h
  ep7 shard 573/1720 loss=0.890226  best=-inf wall=2.645h
  ep7 shard 574/1720 loss=0.858397  best=-inf wall=2.646h
  ep7 shard 575/1720 loss=0.824558  best=-inf wall=2.652h
  ep7 shard 576/1720 loss=0.832761  best=-inf wall=2.655h
  ep7 shard 577/1720 loss=0.843836  best=-inf wall=2.658h
  ep7 shard 578/1720 loss=0.827214  best=-inf wall=2.661h
  ep7 shard 579/1720 loss=0.812222  best=-inf wall=2.666h
  ep7 shard 580/1720 loss=0.832485  best=-inf wall=2.68h
  ep7 shard 581/1720 loss=0.800367  best=-inf wall=2.689h
  ep7 shard 582/1720 loss=0.854983  best=-inf wall=2.702h
  ep7 shard 583/1720 loss=0.849952  best=-inf wall=2.708h
  ep7 shard 584/1720 loss=0.828798  best=-inf wall=2.715h
  ep7 shard 585/1720 loss=0.879889  best=-inf wall=2.72h
  ep7 shard 586/1720 loss=0.847255  best=-inf wall=2.725h
  ep7 shard 587/1720 loss=0.838255  best=-inf wall=2.731h
  ep7 shard 588/1720 loss=0.847869  best=-inf wall=2.736h
  ep7 shard 589/1720 loss=0.821675  best=-inf wall=2.742h
  ep7 shard 590/1720 loss=0.823398  best=-inf wall=2.749h
  ep7 shard 591/1720 loss=0.818714  best=-inf wall=2.755h
  ep7 shard 592/1720 loss=0.810651  best=-inf wall=2.76h
  ep7 shard 593/1720 loss=0.84046  best=-inf wall=2.764h
  ep7 shard 594/1720 loss=0.878222  best=-inf wall=2.769h
  ep7 shard 595/1720 loss=0.842129  best=-inf wall=2.774h
  ep7 shard 596/1720 loss=0.841844  best=-inf wall=2.779h
  ep7 shard 597/1720 loss=0.822753  best=-inf wall=2.784h
  ep7 shard 598/1720 loss=0.827967  best=-inf wall=2.79h
  ep7 shard 599/1720 loss=0.882687  best=-inf wall=2.794h
  ep7 shard 600/1720 loss=0.873612  best=-inf wall=2.8h
  ep7 shard 601/1720 loss=0.84208  best=-inf wall=2.806h
  ep7 shard 602/1720 loss=0.894645  best=-inf wall=2.811h
  saved epoch checkpoint -> experiments/exp028-mlp/cosine20/checkpoints/ep7.pt
  ep8 shard 603/1720 loss=0.912844  best=-inf wall=2.816h
  ep8 shard 604/1720 loss=0.840438  best=-inf wall=2.821h
  ep8 shard 605/1720 loss=0.83807  best=-inf wall=2.826h
  ep8 shard 606/1720 loss=0.859191  best=-inf wall=2.829h
  ep8 shard 607/1720 loss=0.903072  best=-inf wall=2.83h
  ep8 shard 608/1720 loss=0.870681  best=-inf wall=2.834h
  ep8 shard 609/1720 loss=0.841357  best=-inf wall=2.84h
  ep8 shard 610/1720 loss=0.829728  best=-inf wall=2.843h
  ep8 shard 611/1720 loss=0.903016  best=-inf wall=2.848h
  ep8 shard 612/1720 loss=0.862295  best=-inf wall=2.853h
  ep8 shard 613/1720 loss=0.849923  best=-inf wall=2.856h
  ep8 shard 614/1720 loss=0.800843  best=-inf wall=2.861h
  ep8 shard 615/1720 loss=0.832123  best=-inf wall=2.865h
  ep8 shard 616/1720 loss=0.859588  best=-inf wall=2.871h
  ep8 shard 617/1720 loss=0.814505  best=-inf wall=2.876h
  ep8 shard 618/1720 loss=0.824888  best=-inf wall=2.881h
  ep8 shard 619/1720 loss=0.8806  best=-inf wall=2.886h
  ep8 shard 620/1720 loss=0.859891  best=-inf wall=2.89h
  ep8 shard 621/1720 loss=0.833112  best=-inf wall=2.895h
  ep8 shard 622/1720 loss=0.837832  best=-inf wall=2.9h
  ep8 shard 623/1720 loss=0.823348  best=-inf wall=2.905h
  ep8 shard 624/1720 loss=0.884419  best=-inf wall=2.909h
  ep8 shard 625/1720 loss=0.810986  best=-inf wall=2.914h
  ep8 shard 626/1720 loss=0.858617  best=-inf wall=2.919h
  ep8 shard 627/1720 loss=0.834487  best=-inf wall=2.924h
  ep8 shard 628/1720 loss=0.85977  best=-inf wall=2.929h
  ep8 shard 629/1720 loss=0.805925  best=-inf wall=2.935h
  ep8 shard 630/1720 loss=0.8546  best=-inf wall=2.94h
  ep8 shard 631/1720 loss=0.867107  best=-inf wall=2.945h
  ep8 shard 632/1720 loss=0.862968  best=-inf wall=2.947h
  ep8 shard 633/1720 loss=0.898095  best=-inf wall=2.952h
  ep8 shard 634/1720 loss=0.853783  best=-inf wall=2.957h
  ep8 shard 635/1720 loss=0.817351  best=-inf wall=2.962h
  ep8 shard 636/1720 loss=0.854294  best=-inf wall=2.965h
  ep8 shard 637/1720 loss=0.863572  best=-inf wall=2.968h
  ep8 shard 638/1720 loss=0.801532  best=-inf wall=2.974h
  ep8 shard 639/1720 loss=0.863917  best=-inf wall=2.979h
  ep8 shard 640/1720 loss=0.859043  best=-inf wall=2.981h
  ep8 shard 641/1720 loss=0.84517  best=-inf wall=2.987h
  ep8 shard 642/1720 loss=0.824553  best=-inf wall=2.992h
  ep8 shard 643/1720 loss=0.841123  best=-inf wall=2.996h
  ep8 shard 644/1720 loss=0.845089  best=-inf wall=3.001h
  ep8 shard 645/1720 loss=0.838139  best=-inf wall=3.004h
  ep8 shard 646/1720 loss=0.826627  best=-inf wall=3.009h
  ep8 shard 647/1720 loss=0.882613  best=-inf wall=3.014h
  ep8 shard 648/1720 loss=0.85073  best=-inf wall=3.02h
  ep8 shard 649/1720 loss=0.844993  best=-inf wall=3.025h
  ep8 shard 650/1720 loss=0.881108  best=-inf wall=3.03h
  ep8 shard 651/1720 loss=0.88398  best=-inf wall=3.035h
  ep8 shard 652/1720 loss=0.876309  best=-inf wall=3.041h
  ep8 shard 653/1720 loss=0.834733  best=-inf wall=3.046h
  ep8 shard 654/1720 loss=0.847807  best=-inf wall=3.048h
  ep8 shard 655/1720 loss=0.804863  best=-inf wall=3.054h
  ep8 shard 656/1720 loss=0.90728  best=-inf wall=3.059h
  ep8 shard 657/1720 loss=0.860995  best=-inf wall=3.065h
  ep8 shard 658/1720 loss=0.837822  best=-inf wall=3.07h
  ep8 shard 659/1720 loss=0.885462  best=-inf wall=3.075h
  ep8 shard 660/1720 loss=0.871207  best=-inf wall=3.078h
  ep8 shard 661/1720 loss=0.849244  best=-inf wall=3.083h
  ep8 shard 662/1720 loss=0.894072  best=-inf wall=3.088h
  ep8 shard 663/1720 loss=0.855519  best=-inf wall=3.091h
  ep8 shard 664/1720 loss=0.862665  best=-inf wall=3.096h
  ep8 shard 665/1720 loss=0.8497  best=-inf wall=3.102h
  ep8 shard 666/1720 loss=0.876789  best=-inf wall=3.106h
  ep8 shard 667/1720 loss=0.846224  best=-inf wall=3.111h
  ep8 shard 668/1720 loss=0.880021  best=-inf wall=3.116h
  ep8 shard 669/1720 loss=0.881206  best=-inf wall=3.12h
  ep8 shard 670/1720 loss=0.841758  best=-inf wall=3.125h
  ep8 shard 671/1720 loss=0.913273  best=-inf wall=3.13h
  ep8 shard 672/1720 loss=0.858975  best=-inf wall=3.135h
  ep8 shard 673/1720 loss=0.845675  best=-inf wall=3.141h
  ep8 shard 674/1720 loss=0.821763  best=-inf wall=3.145h
  ep8 shard 675/1720 loss=0.874878  best=-inf wall=3.15h
  ep8 shard 676/1720 loss=0.852838  best=-inf wall=3.155h
  ep8 shard 677/1720 loss=0.82724  best=-inf wall=3.16h
  ep8 shard 678/1720 loss=0.84495  best=-inf wall=3.165h
  ep8 shard 679/1720 loss=0.87365  best=-inf wall=3.171h
  ep8 shard 680/1720 loss=0.874583  best=-inf wall=3.176h
  ep8 shard 681/1720 loss=0.878749  best=-inf wall=3.179h
  ep8 shard 682/1720 loss=0.907687  best=-inf wall=3.184h
  ep8 shard 683/1720 loss=0.87017  best=-inf wall=3.191h
  ep8 shard 684/1720 loss=0.883118  best=-inf wall=3.196h
  ep8 shard 685/1720 loss=0.812601  best=-inf wall=3.201h
  ep8 shard 686/1720 loss=0.850698  best=-inf wall=3.207h
  ep8 shard 687/1720 loss=0.868467  best=-inf wall=3.212h
  ep8 shard 688/1720 loss=0.83962  best=-inf wall=3.217h
  saved epoch checkpoint -> experiments/exp028-mlp/cosine20/checkpoints/ep8.pt
  ep9 shard 689/1720 loss=0.824286  best=-inf wall=3.222h
  ep9 shard 690/1720 loss=0.822908  best=-inf wall=3.228h
  ep9 shard 691/1720 loss=0.846172  best=-inf wall=3.232h
  ep9 shard 692/1720 loss=0.857121  best=-inf wall=3.237h
  ep9 shard 693/1720 loss=0.791738  best=-inf wall=3.242h
  ep9 shard 694/1720 loss=0.854235  best=-inf wall=3.244h
  ep9 shard 695/1720 loss=0.851411  best=-inf wall=3.249h
  ep9 shard 696/1720 loss=0.857769  best=-inf wall=3.254h
  ep9 shard 697/1720 loss=0.82149  best=-inf wall=3.259h
  ep9 shard 698/1720 loss=0.872087  best=-inf wall=3.264h
  ep9 shard 699/1720 loss=0.838222  best=-inf wall=3.27h
  ep9 shard 700/1720 loss=0.905796  best=-inf wall=3.274h
  ep9 shard 701/1720 loss=0.880663  best=-inf wall=3.279h
  ep9 shard 702/1720 loss=0.847123  best=-inf wall=3.283h
  ep9 shard 703/1720 loss=0.884833  best=-inf wall=3.288h
  ep9 shard 704/1720 loss=0.817217  best=-inf wall=3.292h
  ep9 shard 705/1720 loss=0.82767  best=-inf wall=3.295h
  ep9 shard 706/1720 loss=0.809431  best=-inf wall=3.3h
  ep9 shard 707/1720 loss=0.899937  best=-inf wall=3.305h
  ep9 shard 708/1720 loss=0.836671  best=-inf wall=3.31h
  ep9 shard 709/1720 loss=0.856844  best=-inf wall=3.315h
  ep9 shard 710/1720 loss=0.866573  best=-inf wall=3.318h
  ep9 shard 711/1720 loss=0.852448  best=-inf wall=3.323h
  ep9 shard 712/1720 loss=0.815369  best=-inf wall=3.328h
  ep9 shard 713/1720 loss=0.834318  best=-inf wall=3.333h
  ep9 shard 714/1720 loss=0.853903  best=-inf wall=3.336h
  ep9 shard 715/1720 loss=0.827315  best=-inf wall=3.341h
  ep9 shard 716/1720 loss=0.836814  best=-inf wall=3.346h
  ep9 shard 717/1720 loss=0.872653  best=-inf wall=3.352h
  ep9 shard 718/1720 loss=0.819934  best=-inf wall=3.357h
  ep9 shard 719/1720 loss=0.856569  best=-inf wall=3.362h
  ep9 shard 720/1720 loss=0.832507  best=-inf wall=3.367h
  ep9 shard 721/1720 loss=0.859412  best=-inf wall=3.372h
  ep9 shard 722/1720 loss=0.811375  best=-inf wall=3.378h
  ep9 shard 723/1720 loss=0.893183  best=-inf wall=3.383h
  ep9 shard 724/1720 loss=0.830778  best=-inf wall=3.388h
  ep9 shard 725/1720 loss=0.842399  best=-inf wall=3.391h
  ep9 shard 726/1720 loss=0.853062  best=-inf wall=3.396h
  ep9 shard 727/1720 loss=0.833948  best=-inf wall=3.402h
  ep9 shard 728/1720 loss=0.847524  best=-inf wall=3.406h
  ep9 shard 729/1720 loss=0.892823  best=-inf wall=3.411h
  ep9 shard 730/1720 loss=0.841472  best=-inf wall=3.416h
  ep9 shard 731/1720 loss=0.844606  best=-inf wall=3.421h
  ep9 shard 732/1720 loss=0.872573  best=-inf wall=3.427h
  ep9 shard 733/1720 loss=0.84952  best=-inf wall=3.432h
  ep9 shard 734/1720 loss=0.869306  best=-inf wall=3.437h
  ep9 shard 735/1720 loss=0.833739  best=-inf wall=3.44h
  ep9 shard 736/1720 loss=0.875381  best=-inf wall=3.445h
  ep9 shard 737/1720 loss=0.865759  best=-inf wall=3.45h
  ep9 shard 738/1720 loss=0.883924  best=-inf wall=3.455h
  ep9 shard 739/1720 loss=0.865511  best=-inf wall=3.46h
  ep9 shard 740/1720 loss=0.853887  best=-inf wall=3.464h
  ep9 shard 741/1720 loss=0.853788  best=-inf wall=3.466h
  ep9 shard 742/1720 loss=0.818577  best=-inf wall=3.471h
  ep9 shard 743/1720 loss=0.856059  best=-inf wall=3.476h
  ep9 shard 744/1720 loss=0.869723  best=-inf wall=3.482h
  ep9 shard 745/1720 loss=0.825737  best=-inf wall=3.487h
  ep9 shard 746/1720 loss=0.811838  best=-inf wall=3.492h
  ep9 shard 747/1720 loss=0.858515  best=-inf wall=3.495h
  ep9 shard 748/1720 loss=0.843553  best=-inf wall=3.5h
  ep9 shard 749/1720 loss=0.84202  best=-inf wall=3.505h
  ep9 shard 750/1720 loss=0.870706  best=-inf wall=3.51h
  ep9 shard 751/1720 loss=0.842884  best=-inf wall=3.513h
  ep9 shard 752/1720 loss=0.837556  best=-inf wall=3.518h
  ep9 shard 753/1720 loss=0.833356  best=-inf wall=3.523h
  ep9 shard 754/1720 loss=0.853265  best=-inf wall=3.526h
  ep9 shard 755/1720 loss=0.843035  best=-inf wall=3.531h
  ep9 shard 756/1720 loss=0.856374  best=-inf wall=3.537h
  ep9 shard 757/1720 loss=0.862049  best=-inf wall=3.541h
  ep9 shard 758/1720 loss=0.874274  best=-inf wall=3.546h
  ep9 shard 759/1720 loss=0.85482  best=-inf wall=3.551h
  ep9 shard 760/1720 loss=0.891508  best=-inf wall=3.556h
  ep9 shard 761/1720 loss=0.876322  best=-inf wall=3.562h
  ep9 shard 762/1720 loss=0.837869  best=-inf wall=3.567h
  ep9 shard 763/1720 loss=0.874615  best=-inf wall=3.573h
  ep9 shard 764/1720 loss=0.857045  best=-inf wall=3.578h
  ep9 shard 765/1720 loss=0.813227  best=-inf wall=3.581h
  ep9 shard 766/1720 loss=0.83279  best=-inf wall=3.586h
  ep9 shard 767/1720 loss=0.871638  best=-inf wall=3.59h
  ep9 shard 768/1720 loss=0.846414  best=-inf wall=3.595h
  ep9 shard 769/1720 loss=0.799173  best=-inf wall=3.601h
  ep9 shard 770/1720 loss=0.884457  best=-inf wall=3.606h
  ep9 shard 771/1720 loss=0.866429  best=-inf wall=3.607h
  ep9 shard 772/1720 loss=0.868003  best=-inf wall=3.613h
  ep9 shard 773/1720 loss=0.841842  best=-inf wall=3.615h
  ep9 shard 774/1720 loss=0.877508  best=-inf wall=3.62h
  saved epoch checkpoint -> experiments/exp028-mlp/cosine20/checkpoints/ep9.pt
  ep10 shard 775/1720 loss=0.888421  best=-inf wall=3.625h
  ep10 shard 776/1720 loss=0.872653  best=-inf wall=3.63h
  ep10 shard 777/1720 loss=0.875465  best=-inf wall=3.635h
  ep10 shard 778/1720 loss=0.860649  best=-inf wall=3.64h
  ep10 shard 779/1720 loss=0.861873  best=-inf wall=3.643h
  ep10 shard 780/1720 loss=0.832862  best=-inf wall=3.648h
  ep10 shard 781/1720 loss=0.878925  best=-inf wall=3.654h
  ep10 shard 782/1720 loss=0.865653  best=-inf wall=3.659h
  ep10 shard 783/1720 loss=0.896886  best=-inf wall=3.664h
  ep10 shard 784/1720 loss=0.847549  best=-inf wall=3.669h
  ep10 shard 785/1720 loss=0.850757  best=-inf wall=3.674h
  ep10 shard 786/1720 loss=0.829186  best=-inf wall=3.679h
  ep10 shard 787/1720 loss=0.858716  best=-inf wall=3.683h
  ep10 shard 788/1720 loss=0.773524  best=-inf wall=3.688h
  ep10 shard 789/1720 loss=0.844897  best=-inf wall=3.692h
  ep10 shard 790/1720 loss=0.906809  best=-inf wall=3.698h
  ep10 shard 791/1720 loss=0.866016  best=-inf wall=3.702h
  ep10 shard 792/1720 loss=0.855042  best=-inf wall=3.707h
  ep10 shard 793/1720 loss=0.844657  best=-inf wall=3.712h
  ep10 shard 794/1720 loss=0.855244  best=-inf wall=3.717h
  ep10 shard 795/1720 loss=0.844804  best=-inf wall=3.722h
  ep10 shard 796/1720 loss=0.862083  best=-inf wall=3.728h
  ep10 shard 797/1720 loss=0.840021  best=-inf wall=3.733h
  ep10 shard 798/1720 loss=0.85906  best=-inf wall=3.738h
  ep10 shard 799/1720 loss=0.830774  best=-inf wall=3.743h
  ep10 shard 800/1720 loss=0.853771  best=-inf wall=3.748h
  ep10 shard 801/1720 loss=0.89147  best=-inf wall=3.751h
  ep10 shard 802/1720 loss=0.881298  best=-inf wall=3.755h
  ep10 shard 803/1720 loss=0.837999  best=-inf wall=3.761h
  ep10 shard 804/1720 loss=0.881797  best=-inf wall=3.765h
  ep10 shard 805/1720 loss=0.851777  best=-inf wall=3.771h
  ep10 shard 806/1720 loss=0.874308  best=-inf wall=3.776h
  ep10 shard 807/1720 loss=0.791318  best=-inf wall=3.781h
  ep10 shard 808/1720 loss=0.841612  best=-inf wall=3.784h
  ep10 shard 809/1720 loss=0.866447  best=-inf wall=3.789h
  ep10 shard 810/1720 loss=0.824071  best=-inf wall=3.794h
  ep10 shard 811/1720 loss=0.842356  best=-inf wall=3.799h
  ep10 shard 812/1720 loss=0.846295  best=-inf wall=3.805h
  ep10 shard 813/1720 loss=0.859313  best=-inf wall=3.808h
  ep10 shard 814/1720 loss=0.861375  best=-inf wall=3.813h
  ep10 shard 815/1720 loss=0.912146  best=-inf wall=3.818h
  ep10 shard 816/1720 loss=0.78152  best=-inf wall=3.822h
  ep10 shard 817/1720 loss=0.855506  best=-inf wall=3.825h
  ep10 shard 818/1720 loss=0.864851  best=-inf wall=3.83h
  ep10 shard 819/1720 loss=0.876332  best=-inf wall=3.835h
  ep10 shard 820/1720 loss=0.855886  best=-inf wall=3.84h
  ep10 shard 821/1720 loss=0.853009  best=-inf wall=3.844h
  ep10 shard 822/1720 loss=0.869782  best=-inf wall=3.845h
  ep10 shard 823/1720 loss=0.843385  best=-inf wall=3.848h
  ep10 shard 824/1720 loss=0.860665  best=-inf wall=3.854h
  ep10 shard 825/1720 loss=0.835452  best=-inf wall=3.859h
  ep10 shard 826/1720 loss=0.843002  best=-inf wall=3.864h
  ep10 shard 827/1720 loss=0.869003  best=-inf wall=3.869h
  ep10 shard 828/1720 loss=0.819971  best=-inf wall=3.874h
  ep10 shard 829/1720 loss=0.846835  best=-inf wall=3.879h
  ep10 shard 830/1720 loss=0.846816  best=-inf wall=3.882h
  ep10 shard 831/1720 loss=0.832909  best=-inf wall=3.887h
  ep10 shard 832/1720 loss=0.810191  best=-inf wall=3.892h
  ep10 shard 833/1720 loss=0.862218  best=-inf wall=3.898h
  ep10 shard 834/1720 loss=0.856744  best=-inf wall=3.901h
  ep10 shard 835/1720 loss=0.854612  best=-inf wall=3.905h
  ep10 shard 836/1720 loss=0.871747  best=-inf wall=3.907h
  ep10 shard 837/1720 loss=0.841427  best=-inf wall=3.912h
  ep10 shard 838/1720 loss=0.84365  best=-inf wall=3.916h
  ep10 shard 839/1720 loss=0.887523  best=-inf wall=3.921h
  ep10 shard 840/1720 loss=0.858705  best=-inf wall=3.926h
  ep10 shard 841/1720 loss=0.852867  best=-inf wall=3.931h
  ep10 shard 842/1720 loss=0.846256  best=-inf wall=3.936h
  ep10 shard 843/1720 loss=0.841353  best=-inf wall=3.94h
  ep10 shard 844/1720 loss=0.817924  best=-inf wall=3.945h
  ep10 shard 845/1720 loss=0.881109  best=-inf wall=3.946h
  ep10 shard 846/1720 loss=0.868151  best=-inf wall=3.952h
  ep10 shard 847/1720 loss=0.868575  best=-inf wall=3.957h
  ep10 shard 848/1720 loss=0.789976  best=-inf wall=3.962h
  ep10 shard 849/1720 loss=0.852466  best=-inf wall=3.968h
  ep10 shard 850/1720 loss=0.868891  best=-inf wall=3.973h
  ep10 shard 851/1720 loss=0.851981  best=-inf wall=3.978h
  ep10 shard 852/1720 loss=0.809553  best=-inf wall=3.983h
  ep10 shard 853/1720 loss=0.84072  best=-inf wall=3.987h
  ep10 shard 854/1720 loss=0.853383  best=-inf wall=3.993h
  ep10 shard 855/1720 loss=0.814416  best=-inf wall=3.998h
  ep10 shard 856/1720 loss=0.871833  best=-inf wall=4.003h
  ep10 shard 857/1720 loss=0.851306  best=-inf wall=4.006h
  ep10 shard 858/1720 loss=0.860248  best=-inf wall=4.011h
  ep10 shard 859/1720 loss=0.856581  best=-inf wall=4.016h
  ep10 shard 860/1720 loss=0.903534  best=-inf wall=4.021h
  saved epoch checkpoint -> experiments/exp028-mlp/cosine20/checkpoints/ep10.pt
  ep11 shard 861/1720 loss=0.85367  best=-inf wall=4.026h
  ep11 shard 862/1720 loss=0.901538  best=-inf wall=4.031h
  ep11 shard 863/1720 loss=0.839907  best=-inf wall=4.037h
  ep11 shard 864/1720 loss=0.875601  best=-inf wall=4.041h
  ep11 shard 865/1720 loss=0.805057  best=-inf wall=4.045h
  ep11 shard 866/1720 loss=0.82887  best=-inf wall=4.05h
  ep11 shard 867/1720 loss=0.891274  best=-inf wall=4.055h
  ep11 shard 868/1720 loss=0.843992  best=-inf wall=4.061h
  ep11 shard 869/1720 loss=0.866786  best=-inf wall=4.063h
  ep11 shard 870/1720 loss=0.843527  best=-inf wall=4.068h
  ep11 shard 871/1720 loss=0.840096  best=-inf wall=4.074h
  ep11 shard 872/1720 loss=0.840675  best=-inf wall=4.079h
  ep11 shard 873/1720 loss=0.836835  best=-inf wall=4.082h
  ep11 shard 874/1720 loss=0.852446  best=-inf wall=4.087h
  ep11 shard 875/1720 loss=0.843769  best=-inf wall=4.092h
  ep11 shard 876/1720 loss=0.898784  best=-inf wall=4.098h
  ep11 shard 877/1720 loss=0.858585  best=-inf wall=4.101h
  ep11 shard 878/1720 loss=0.887985  best=-inf wall=4.106h
  ep11 shard 879/1720 loss=0.852159  best=-inf wall=4.111h
  ep11 shard 880/1720 loss=0.88536  best=-inf wall=4.116h
  ep11 shard 881/1720 loss=0.8044  best=-inf wall=4.122h
  ep11 shard 882/1720 loss=0.826495  best=-inf wall=4.127h
  ep11 shard 883/1720 loss=0.845035  best=-inf wall=4.132h
  ep11 shard 884/1720 loss=0.849871  best=-inf wall=4.138h
  ep11 shard 885/1720 loss=0.876307  best=-inf wall=4.143h
  ep11 shard 886/1720 loss=0.816507  best=-inf wall=4.146h
  ep11 shard 887/1720 loss=0.816177  best=-inf wall=4.151h
  ep11 shard 888/1720 loss=0.803635  best=-inf wall=4.154h
  ep11 shard 889/1720 loss=0.851349  best=-inf wall=4.16h
  ep11 shard 890/1720 loss=0.836208  best=-inf wall=4.165h
  ep11 shard 891/1720 loss=0.858797  best=-inf wall=4.169h
  ep11 shard 892/1720 loss=0.883727  best=-inf wall=4.174h
  ep11 shard 893/1720 loss=0.87722  best=-inf wall=4.177h
  ep11 shard 894/1720 loss=0.819779  best=-inf wall=4.182h
  ep11 shard 895/1720 loss=0.831947  best=-inf wall=4.188h
  ep11 shard 896/1720 loss=0.892472  best=-inf wall=4.193h
  ep11 shard 897/1720 loss=0.897072  best=-inf wall=4.198h
  ep11 shard 898/1720 loss=0.858853  best=-inf wall=4.199h
  ep11 shard 899/1720 loss=0.861611  best=-inf wall=4.202h
  ep11 shard 900/1720 loss=0.859242  best=-inf wall=4.208h
  ep11 shard 901/1720 loss=0.903549  best=-inf wall=4.213h
  ep11 shard 902/1720 loss=0.899328  best=-inf wall=4.218h
  ep11 shard 903/1720 loss=0.823357  best=-inf wall=4.223h
  ep11 shard 904/1720 loss=0.840001  best=-inf wall=4.228h
  ep11 shard 905/1720 loss=0.885293  best=-inf wall=4.23h
  ep11 shard 906/1720 loss=0.870644  best=-inf wall=4.235h
  ep11 shard 907/1720 loss=0.833699  best=-inf wall=4.24h
  ep11 shard 908/1720 loss=0.838375  best=-inf wall=4.243h
  ep11 shard 909/1720 loss=0.848534  best=-inf wall=4.245h
  ep11 shard 910/1720 loss=0.839323  best=-inf wall=4.249h
  ep11 shard 911/1720 loss=0.862315  best=-inf wall=4.254h
  ep11 shard 912/1720 loss=0.861493  best=-inf wall=4.26h
  ep11 shard 913/1720 loss=0.823787  best=-inf wall=4.265h
  ep11 shard 914/1720 loss=0.871907  best=-inf wall=4.269h
  ep11 shard 915/1720 loss=0.860629  best=-inf wall=4.273h
  ep11 shard 916/1720 loss=0.818194  best=-inf wall=4.279h
  ep11 shard 917/1720 loss=0.886764  best=-inf wall=4.284h
  ep11 shard 918/1720 loss=0.845483  best=-inf wall=4.288h
  ep11 shard 919/1720 loss=0.894004  best=-inf wall=4.293h
  ep11 shard 920/1720 loss=0.857107  best=-inf wall=4.298h
  ep11 shard 921/1720 loss=0.884156  best=-inf wall=4.301h
  ep11 shard 922/1720 loss=0.865997  best=-inf wall=4.306h
  ep11 shard 923/1720 loss=0.864472  best=-inf wall=4.311h
  ep11 shard 924/1720 loss=0.836388  best=-inf wall=4.317h
  ep11 shard 925/1720 loss=0.853647  best=-inf wall=4.322h
  ep11 shard 926/1720 loss=0.870217  best=-inf wall=4.327h
  ep11 shard 927/1720 loss=0.895793  best=-inf wall=4.332h
  ep11 shard 928/1720 loss=0.867735  best=-inf wall=4.337h
  ep11 shard 929/1720 loss=0.816912  best=-inf wall=4.342h
  ep11 shard 930/1720 loss=0.835578  best=-inf wall=4.348h
  ep11 shard 931/1720 loss=0.816324  best=-inf wall=4.353h
  ep11 shard 932/1720 loss=0.8489  best=-inf wall=4.358h
  ep11 shard 933/1720 loss=0.83336  best=-inf wall=4.362h
  ep11 shard 934/1720 loss=0.867726  best=-inf wall=4.367h
  ep11 shard 935/1720 loss=0.848117  best=-inf wall=4.372h
  ep11 shard 936/1720 loss=0.820524  best=-inf wall=4.378h
  ep11 shard 937/1720 loss=0.858999  best=-inf wall=4.382h
  ep11 shard 938/1720 loss=0.845871  best=-inf wall=4.387h
  ep11 shard 939/1720 loss=0.871639  best=-inf wall=4.392h
  ep11 shard 940/1720 loss=0.838827  best=-inf wall=4.397h
  ep11 shard 941/1720 loss=0.835984  best=-inf wall=4.402h
  ep11 shard 942/1720 loss=0.889421  best=-inf wall=4.407h
  ep11 shard 943/1720 loss=0.865464  best=-inf wall=4.41h
  ep11 shard 944/1720 loss=0.830839  best=-inf wall=4.415h
  ep11 shard 945/1720 loss=0.859104  best=-inf wall=4.419h
  ep11 shard 946/1720 loss=0.835064  best=-inf wall=4.424h
  saved epoch checkpoint -> experiments/exp028-mlp/cosine20/checkpoints/ep11.pt
  ep12 shard 947/1720 loss=0.880493  best=-inf wall=4.429h
  ep12 shard 948/1720 loss=0.833557  best=-inf wall=4.434h
  ep12 shard 949/1720 loss=0.907706  best=-inf wall=4.439h
  ep12 shard 950/1720 loss=0.858452  best=-inf wall=4.445h
  ep12 shard 951/1720 loss=0.845953  best=-inf wall=4.449h
  ep12 shard 952/1720 loss=0.86813  best=-inf wall=4.452h
  ep12 shard 953/1720 loss=0.834586  best=-inf wall=4.457h
  ep12 shard 954/1720 loss=0.854816  best=-inf wall=4.459h
  ep12 shard 955/1720 loss=0.884041  best=-inf wall=4.464h
  ep12 shard 956/1720 loss=0.867525  best=-inf wall=4.469h
  ep12 shard 957/1720 loss=0.900473  best=-inf wall=4.475h
  ep12 shard 958/1720 loss=0.885512  best=-inf wall=4.48h
  ep12 shard 959/1720 loss=0.813014  best=-inf wall=4.485h
  ep12 shard 960/1720 loss=0.870844  best=-inf wall=4.49h
  ep12 shard 961/1720 loss=0.857626  best=-inf wall=4.493h
  ep12 shard 962/1720 loss=0.862229  best=-inf wall=4.499h
  ep12 shard 963/1720 loss=0.877886  best=-inf wall=4.504h
  ep12 shard 964/1720 loss=0.91772  best=-inf wall=4.509h
  ep12 shard 965/1720 loss=0.859811  best=-inf wall=4.514h
  ep12 shard 966/1720 loss=0.832331  best=-inf wall=4.519h
  ep12 shard 967/1720 loss=0.854743  best=-inf wall=4.525h
  ep12 shard 968/1720 loss=0.898571  best=-inf wall=4.53h
  ep12 shard 969/1720 loss=0.840055  best=-inf wall=4.534h
  ep12 shard 970/1720 loss=0.878559  best=-inf wall=4.539h
  ep12 shard 971/1720 loss=0.799851  best=-inf wall=4.544h
  ep12 shard 972/1720 loss=0.855415  best=-inf wall=4.549h
  ep12 shard 973/1720 loss=0.827292  best=-inf wall=4.552h
  ep12 shard 974/1720 loss=0.87321  best=-inf wall=4.557h
  ep12 shard 975/1720 loss=0.857998  best=-inf wall=4.56h
  ep12 shard 976/1720 loss=0.841521  best=-inf wall=4.565h
  ep12 shard 977/1720 loss=0.891025  best=-inf wall=4.57h
  ep12 shard 978/1720 loss=0.826317  best=-inf wall=4.576h
  ep12 shard 979/1720 loss=0.861539  best=-inf wall=4.581h
  ep12 shard 980/1720 loss=0.832859  best=-inf wall=4.586h
  ep12 shard 981/1720 loss=0.862554  best=-inf wall=4.589h
  ep12 shard 982/1720 loss=0.843583  best=-inf wall=4.595h
  ep12 shard 983/1720 loss=0.837315  best=-inf wall=4.6h
  ep12 shard 984/1720 loss=0.862583  best=-inf wall=4.603h
  ep12 shard 985/1720 loss=0.888121  best=-inf wall=4.608h
  ep12 shard 986/1720 loss=0.885099  best=-inf wall=4.612h
  ep12 shard 987/1720 loss=0.850349  best=-inf wall=4.616h
  ep12 shard 988/1720 loss=0.84568  best=-inf wall=4.621h
  ep12 shard 989/1720 loss=0.882073  best=-inf wall=4.627h
  ep12 shard 990/1720 loss=0.865511  best=-inf wall=4.632h
  ep12 shard 991/1720 loss=0.87941  best=-inf wall=4.636h
  ep12 shard 992/1720 loss=0.909466  best=-inf wall=4.641h
  ep12 shard 993/1720 loss=0.90884  best=-inf wall=4.646h
  ep12 shard 994/1720 loss=0.891747  best=-inf wall=4.651h
  ep12 shard 995/1720 loss=0.852875  best=-inf wall=4.657h
  ep12 shard 996/1720 loss=0.861946  best=-inf wall=4.661h
  ep12 shard 997/1720 loss=0.852315  best=-inf wall=4.667h
  ep12 shard 998/1720 loss=0.857142  best=-inf wall=4.668h
  ep12 shard 999/1720 loss=0.862874  best=-inf wall=4.674h
  ep12 shard 1000/1720 loss=0.84094  best=-inf wall=4.679h
  ep12 shard 1001/1720 loss=0.897983  best=-inf wall=4.684h
  ep12 shard 1002/1720 loss=0.826992  best=-inf wall=4.688h
  ep12 shard 1003/1720 loss=0.882987  best=-inf wall=4.693h
  ep12 shard 1004/1720 loss=0.872091  best=-inf wall=4.698h
  ep12 shard 1005/1720 loss=0.843439  best=-inf wall=4.704h
  ep12 shard 1006/1720 loss=0.854191  best=-inf wall=4.705h
  ep12 shard 1007/1720 loss=0.868132  best=-inf wall=4.71h
  ep12 shard 1008/1720 loss=0.863188  best=-inf wall=4.713h
  ep12 shard 1009/1720 loss=0.845958  best=-inf wall=4.718h
  ep12 shard 1010/1720 loss=0.84831  best=-inf wall=4.721h
  ep12 shard 1011/1720 loss=0.902112  best=-inf wall=4.726h
  ep12 shard 1012/1720 loss=0.843816  best=-inf wall=4.731h
  ep12 shard 1013/1720 loss=0.895215  best=-inf wall=4.737h
  ep12 shard 1014/1720 loss=0.840994  best=-inf wall=4.742h
  ep12 shard 1015/1720 loss=0.857861  best=-inf wall=4.747h
  ep12 shard 1016/1720 loss=0.828225  best=-inf wall=4.752h
  ep12 shard 1017/1720 loss=0.845404  best=-inf wall=4.757h
  ep12 shard 1018/1720 loss=0.847531  best=-inf wall=4.762h
  ep12 shard 1019/1720 loss=0.840169  best=-inf wall=4.768h
  ep12 shard 1020/1720 loss=0.902352  best=-inf wall=4.772h
  ep12 shard 1021/1720 loss=0.847218  best=-inf wall=4.777h
  ep12 shard 1022/1720 loss=0.853219  best=-inf wall=4.782h
  ep12 shard 1023/1720 loss=0.85916  best=-inf wall=4.787h
  ep12 shard 1024/1720 loss=0.844074  best=-inf wall=4.791h
  ep12 shard 1025/1720 loss=0.858291  best=-inf wall=4.797h
  ep12 shard 1026/1720 loss=0.852307  best=-inf wall=4.802h
  ep12 shard 1027/1720 loss=0.831358  best=-inf wall=4.804h
  ep12 shard 1028/1720 loss=0.880476  best=-inf wall=4.81h
  ep12 shard 1029/1720 loss=0.860648  best=-inf wall=4.815h
  ep12 shard 1030/1720 loss=0.860417  best=-inf wall=4.82h
  ep12 shard 1031/1720 loss=0.842945  best=-inf wall=4.823h
  ep12 shard 1032/1720 loss=0.829539  best=-inf wall=4.828h
  saved epoch checkpoint -> experiments/exp028-mlp/cosine20/checkpoints/ep12.pt
  ep13 shard 1033/1720 loss=0.908019  best=-inf wall=4.832h
  ep13 shard 1034/1720 loss=0.846651  best=-inf wall=4.837h
  ep13 shard 1035/1720 loss=0.857348  best=-inf wall=4.842h
  ep13 shard 1036/1720 loss=0.858669  best=-inf wall=4.847h
  ep13 shard 1037/1720 loss=0.852393  best=-inf wall=4.852h
  ep13 shard 1038/1720 loss=0.8673  best=-inf wall=4.857h
  ep13 shard 1039/1720 loss=0.861052  best=-inf wall=4.862h
  ep13 shard 1040/1720 loss=0.899937  best=-inf wall=4.867h
  ep13 shard 1041/1720 loss=0.862134  best=-inf wall=4.873h
  ep13 shard 1042/1720 loss=0.842764  best=-inf wall=4.878h
  ep13 shard 1043/1720 loss=0.892896  best=-inf wall=4.883h
  ep13 shard 1044/1720 loss=0.842096  best=-inf wall=4.887h
  ep13 shard 1045/1720 loss=0.803794  best=-inf wall=4.893h
  ep13 shard 1046/1720 loss=0.833826  best=-inf wall=4.898h
  ep13 shard 1047/1720 loss=0.818214  best=-inf wall=4.903h
  ep13 shard 1048/1720 loss=0.880238  best=-inf wall=4.908h
  ep13 shard 1049/1720 loss=0.855646  best=-inf wall=4.914h
  ep13 shard 1050/1720 loss=0.826094  best=-inf wall=4.917h
  ep13 shard 1051/1720 loss=0.862333  best=-inf wall=4.921h
  ep13 shard 1052/1720 loss=0.856141  best=-inf wall=4.923h
  ep13 shard 1053/1720 loss=0.797708  best=-inf wall=4.928h
  ep13 shard 1054/1720 loss=0.864057  best=-inf wall=4.933h
  ep13 shard 1055/1720 loss=0.861186  best=-inf wall=4.939h
  ep13 shard 1056/1720 loss=0.877989  best=-inf wall=4.94h
  ep13 shard 1057/1720 loss=0.839221  best=-inf wall=4.945h
  ep13 shard 1058/1720 loss=0.842453  best=-inf wall=4.951h
  ep13 shard 1059/1720 loss=0.859797  best=-inf wall=4.956h
  ep13 shard 1060/1720 loss=0.859629  best=-inf wall=4.961h
  ep13 shard 1061/1720 loss=0.888604  best=-inf wall=4.967h
  ep13 shard 1062/1720 loss=0.809571  best=-inf wall=4.972h
  ep13 shard 1063/1720 loss=0.876003  best=-inf wall=4.973h
  ep13 shard 1064/1720 loss=0.870965  best=-inf wall=4.977h
  ep13 shard 1065/1720 loss=0.831039  best=-inf wall=4.981h
  ep13 shard 1066/1720 loss=0.847561  best=-inf wall=4.986h
  ep13 shard 1067/1720 loss=0.87107  best=-inf wall=4.991h
  ep13 shard 1068/1720 loss=0.862032  best=-inf wall=4.996h
  ep13 shard 1069/1720 loss=0.798184  best=-inf wall=5.001h
  ep13 shard 1070/1720 loss=0.877524  best=-inf wall=5.006h
  ep13 shard 1071/1720 loss=0.839527  best=-inf wall=5.012h
  ep13 shard 1072/1720 loss=0.856328  best=-inf wall=5.017h
  ep13 shard 1073/1720 loss=0.815272  best=-inf wall=5.022h
  ep13 shard 1074/1720 loss=0.85005  best=-inf wall=5.027h
  ep13 shard 1075/1720 loss=0.878101  best=-inf wall=5.033h
  ep13 shard 1076/1720 loss=0.862357  best=-inf wall=5.038h
  ep13 shard 1077/1720 loss=0.840894  best=-inf wall=5.043h
  ep13 shard 1078/1720 loss=0.874125  best=-inf wall=5.045h
  ep13 shard 1079/1720 loss=0.86607  best=-inf wall=5.05h
  ep13 shard 1080/1720 loss=0.860247  best=-inf wall=5.055h
  ep13 shard 1081/1720 loss=0.867911  best=-inf wall=5.06h
  ep13 shard 1082/1720 loss=0.824486  best=-inf wall=5.065h
  ep13 shard 1083/1720 loss=0.903026  best=-inf wall=5.071h
  ep13 shard 1084/1720 loss=0.863067  best=-inf wall=5.076h
  ep13 shard 1085/1720 loss=0.832847  best=-inf wall=5.081h
  ep13 shard 1086/1720 loss=0.874087  best=-inf wall=5.086h
  ep13 shard 1087/1720 loss=0.85866  best=-inf wall=5.091h
  ep13 shard 1088/1720 loss=0.867062  best=-inf wall=5.094h
  ep13 shard 1089/1720 loss=0.861974  best=-inf wall=5.1h
  ep13 shard 1090/1720 loss=0.862466  best=-inf wall=5.105h
  ep13 shard 1091/1720 loss=0.818861  best=-inf wall=5.11h
  ep13 shard 1092/1720 loss=0.847238  best=-inf wall=5.115h
  ep13 shard 1093/1720 loss=0.858337  best=-inf wall=5.118h
  ep13 shard 1094/1720 loss=0.862507  best=-inf wall=5.123h
  ep13 shard 1095/1720 loss=0.83083  best=-inf wall=5.128h
  ep13 shard 1096/1720 loss=0.824913  best=-inf wall=5.133h
  ep13 shard 1097/1720 loss=0.900155  best=-inf wall=5.138h
  ep13 shard 1098/1720 loss=0.848917  best=-inf wall=5.141h
  ep13 shard 1099/1720 loss=0.811243  best=-inf wall=5.146h
  ep13 shard 1100/1720 loss=0.822085  best=-inf wall=5.151h
  ep13 shard 1101/1720 loss=0.857856  best=-inf wall=5.156h
  ep13 shard 1102/1720 loss=0.830237  best=-inf wall=5.161h
  ep13 shard 1103/1720 loss=0.838837  best=-inf wall=5.166h
  ep13 shard 1104/1720 loss=0.846006  best=-inf wall=5.169h
  ep13 shard 1105/1720 loss=0.853422  best=-inf wall=5.175h
  ep13 shard 1106/1720 loss=0.836094  best=-inf wall=5.18h
  ep13 shard 1107/1720 loss=0.89751  best=-inf wall=5.183h
  ep13 shard 1108/1720 loss=0.845888  best=-inf wall=5.188h
  ep13 shard 1109/1720 loss=0.868265  best=-inf wall=5.192h
  ep13 shard 1110/1720 loss=0.824482  best=-inf wall=5.197h
  ep13 shard 1111/1720 loss=0.843412  best=-inf wall=5.2h
  ep13 shard 1112/1720 loss=0.826884  best=-inf wall=5.204h
  ep13 shard 1113/1720 loss=0.850835  best=-inf wall=5.209h
  ep13 shard 1114/1720 loss=0.819921  best=-inf wall=5.214h
  ep13 shard 1115/1720 loss=0.882994  best=-inf wall=5.22h
  ep13 shard 1116/1720 loss=0.80467  best=-inf wall=5.225h
  ep13 shard 1117/1720 loss=0.866184  best=-inf wall=5.229h
  ep13 shard 1118/1720 loss=0.832951  best=-inf wall=5.232h
  saved epoch checkpoint -> experiments/exp028-mlp/cosine20/checkpoints/ep13.pt
  ep14 shard 1119/1720 loss=0.876106  best=-inf wall=5.237h
  ep14 shard 1120/1720 loss=0.834595  best=-inf wall=5.243h
  ep14 shard 1121/1720 loss=0.839222  best=-inf wall=5.247h
  ep14 shard 1122/1720 loss=0.819352  best=-inf wall=5.252h
  ep14 shard 1123/1720 loss=0.832018  best=-inf wall=5.258h
  ep14 shard 1124/1720 loss=0.842178  best=-inf wall=5.263h
  ep14 shard 1125/1720 loss=0.866699  best=-inf wall=5.268h
  ep14 shard 1126/1720 loss=0.860372  best=-inf wall=5.273h
  ep14 shard 1127/1720 loss=0.834311  best=-inf wall=5.278h
  ep14 shard 1128/1720 loss=0.855248  best=-inf wall=5.283h
  ep14 shard 1129/1720 loss=0.80179  best=-inf wall=5.286h
  ep14 shard 1130/1720 loss=0.882479  best=-inf wall=5.291h
  ep14 shard 1131/1720 loss=0.883336  best=-inf wall=5.297h
  ep14 shard 1132/1720 loss=0.82188  best=-inf wall=5.301h
  ep14 shard 1133/1720 loss=0.852613  best=-inf wall=5.306h
  ep14 shard 1134/1720 loss=0.848796  best=-inf wall=5.311h
  ep14 shard 1135/1720 loss=0.817716  best=-inf wall=5.316h
  ep14 shard 1136/1720 loss=0.858367  best=-inf wall=5.319h
  ep14 shard 1137/1720 loss=0.851864  best=-inf wall=5.324h
  ep14 shard 1138/1720 loss=0.867367  best=-inf wall=5.33h
  ep14 shard 1139/1720 loss=0.824141  best=-inf wall=5.335h
  ep14 shard 1140/1720 loss=0.906337  best=-inf wall=5.339h
  ep14 shard 1141/1720 loss=0.894855  best=-inf wall=5.344h
  ep14 shard 1142/1720 loss=0.863918  best=-inf wall=5.35h
  ep14 shard 1143/1720 loss=0.904981  best=-inf wall=5.355h
  ep14 shard 1144/1720 loss=0.864587  best=-inf wall=5.36h
  ep14 shard 1145/1720 loss=0.860373  best=-inf wall=5.365h
  ep14 shard 1146/1720 loss=0.871648  best=-inf wall=5.369h
  ep14 shard 1147/1720 loss=0.921296  best=-inf wall=5.375h
  ep14 shard 1148/1720 loss=0.883393  best=-inf wall=5.38h
  ep14 shard 1149/1720 loss=0.903803  best=-inf wall=5.383h
  ep14 shard 1150/1720 loss=0.821879  best=-inf wall=5.388h
  ep14 shard 1151/1720 loss=0.874119  best=-inf wall=5.393h
  ep14 shard 1152/1720 loss=0.843875  best=-inf wall=5.399h
  ep14 shard 1153/1720 loss=0.901463  best=-inf wall=5.404h
  ep14 shard 1154/1720 loss=0.867595  best=-inf wall=5.409h
  ep14 shard 1155/1720 loss=0.822024  best=-inf wall=5.414h
  ep14 shard 1156/1720 loss=0.790865  best=-inf wall=5.419h
  ep14 shard 1157/1720 loss=0.880123  best=-inf wall=5.425h
  ep14 shard 1158/1720 loss=0.869819  best=-inf wall=5.43h
  ep14 shard 1159/1720 loss=0.819869  best=-inf wall=5.435h
  ep14 shard 1160/1720 loss=0.866816  best=-inf wall=5.437h
  ep14 shard 1161/1720 loss=0.842183  best=-inf wall=5.442h
  ep14 shard 1162/1720 loss=0.859945  best=-inf wall=5.445h
  ep14 shard 1163/1720 loss=0.85998  best=-inf wall=5.449h
  ep14 shard 1164/1720 loss=0.893459  best=-inf wall=5.452h
  ep14 shard 1165/1720 loss=0.853946  best=-inf wall=5.457h
  ep14 shard 1166/1720 loss=0.892951  best=-inf wall=5.462h
  ep14 shard 1167/1720 loss=0.867522  best=-inf wall=5.465h
  ep14 shard 1168/1720 loss=0.840267  best=-inf wall=5.47h
  ep14 shard 1169/1720 loss=0.853599  best=-inf wall=5.476h
  ep14 shard 1170/1720 loss=0.838283  best=-inf wall=5.479h
  ep14 shard 1171/1720 loss=0.827637  best=-inf wall=5.483h
  ep14 shard 1172/1720 loss=0.826736  best=-inf wall=5.488h
  ep14 shard 1173/1720 loss=0.883189  best=-inf wall=5.493h
  ep14 shard 1174/1720 loss=0.824147  best=-inf wall=5.498h
  ep14 shard 1175/1720 loss=0.858803  best=-inf wall=5.503h
  ep14 shard 1176/1720 loss=0.906034  best=-inf wall=5.507h
  ep14 shard 1177/1720 loss=0.839614  best=-inf wall=5.51h
  ep14 shard 1178/1720 loss=0.870717  best=-inf wall=5.516h
  ep14 shard 1179/1720 loss=0.873311  best=-inf wall=5.52h
  ep14 shard 1180/1720 loss=0.877891  best=-inf wall=5.522h
  ep14 shard 1181/1720 loss=0.889206  best=-inf wall=5.527h
  ep14 shard 1182/1720 loss=0.861174  best=-inf wall=5.532h
  ep14 shard 1183/1720 loss=0.862422  best=-inf wall=5.537h
  ep14 shard 1184/1720 loss=0.873982  best=-inf wall=5.543h
  ep14 shard 1185/1720 loss=0.858912  best=-inf wall=5.548h
  ep14 shard 1186/1720 loss=0.833032  best=-inf wall=5.553h
  ep14 shard 1187/1720 loss=0.8572  best=-inf wall=5.556h
  ep14 shard 1188/1720 loss=0.836827  best=-inf wall=5.561h
  ep14 shard 1189/1720 loss=0.829839  best=-inf wall=5.567h
  ep14 shard 1190/1720 loss=0.865029  best=-inf wall=5.572h
  ep14 shard 1191/1720 loss=0.845385  best=-inf wall=5.576h
  ep14 shard 1192/1720 loss=0.834758  best=-inf wall=5.578h
  ep14 shard 1193/1720 loss=0.832202  best=-inf wall=5.583h
  ep14 shard 1194/1720 loss=0.860093  best=-inf wall=5.588h
  ep14 shard 1195/1720 loss=0.880644  best=-inf wall=5.591h
  ep14 shard 1196/1720 loss=0.800795  best=-inf wall=5.595h
  ep14 shard 1197/1720 loss=0.832753  best=-inf wall=5.601h
  ep14 shard 1198/1720 loss=0.873889  best=-inf wall=5.606h
  ep14 shard 1199/1720 loss=0.854215  best=-inf wall=5.611h
  ep14 shard 1200/1720 loss=0.885654  best=-inf wall=5.617h
  ep14 shard 1201/1720 loss=0.851827  best=-inf wall=5.622h
  ep14 shard 1202/1720 loss=0.902159  best=-inf wall=5.626h
  ep14 shard 1203/1720 loss=0.85586  best=-inf wall=5.631h
  ep14 shard 1204/1720 loss=0.86624  best=-inf wall=5.637h
  saved epoch checkpoint -> experiments/exp028-mlp/cosine20/checkpoints/ep14.pt
  ep15 shard 1205/1720 loss=0.876139  best=-inf wall=5.641h
  ep15 shard 1206/1720 loss=0.855611  best=-inf wall=5.646h
  ep15 shard 1207/1720 loss=0.920037  best=-inf wall=5.65h
  ep15 shard 1208/1720 loss=0.854636  best=-inf wall=5.655h
  ep15 shard 1209/1720 loss=0.859722  best=-inf wall=5.661h
  ep15 shard 1210/1720 loss=0.827409  best=-inf wall=5.664h
  ep15 shard 1211/1720 loss=0.867472  best=-inf wall=5.669h
  ep15 shard 1212/1720 loss=0.885126  best=-inf wall=5.674h
  ep15 shard 1213/1720 loss=0.815285  best=-inf wall=5.679h
  ep15 shard 1214/1720 loss=0.864799  best=-inf wall=5.684h
  ep15 shard 1215/1720 loss=0.842162  best=-inf wall=5.69h
  ep15 shard 1216/1720 loss=0.865687  best=-inf wall=5.695h
  ep15 shard 1217/1720 loss=0.833835  best=-inf wall=5.698h
  ep15 shard 1218/1720 loss=0.835159  best=-inf wall=5.7h
  ep15 shard 1219/1720 loss=0.849415  best=-inf wall=5.706h
  ep15 shard 1220/1720 loss=0.886184  best=-inf wall=5.71h
  ep15 shard 1221/1720 loss=0.868395  best=-inf wall=5.715h
  ep15 shard 1222/1720 loss=0.822817  best=-inf wall=5.72h
  ep15 shard 1223/1720 loss=0.870107  best=-inf wall=5.722h
  ep15 shard 1224/1720 loss=0.848925  best=-inf wall=5.725h
  ep15 shard 1225/1720 loss=0.868946  best=-inf wall=5.73h
  ep15 shard 1226/1720 loss=0.875022  best=-inf wall=5.735h
  ep15 shard 1227/1720 loss=0.82809  best=-inf wall=5.74h
  ep15 shard 1228/1720 loss=0.84369  best=-inf wall=5.746h
  ep15 shard 1229/1720 loss=0.906159  best=-inf wall=5.75h
  ep15 shard 1230/1720 loss=0.881319  best=-inf wall=5.755h
  ep15 shard 1231/1720 loss=0.879078  best=-inf wall=5.76h
  ep15 shard 1232/1720 loss=0.851156  best=-inf wall=5.765h
  ep15 shard 1233/1720 loss=0.844889  best=-inf wall=5.768h
  ep15 shard 1234/1720 loss=0.842785  best=-inf wall=5.774h
  ep15 shard 1235/1720 loss=0.829943  best=-inf wall=5.779h
  ep15 shard 1236/1720 loss=0.830577  best=-inf wall=5.784h
  ep15 shard 1237/1720 loss=0.865426  best=-inf wall=5.786h
  ep15 shard 1238/1720 loss=0.851305  best=-inf wall=5.791h
  ep15 shard 1239/1720 loss=0.854429  best=-inf wall=5.796h
  ep15 shard 1240/1720 loss=0.891382  best=-inf wall=5.802h
  ep15 shard 1241/1720 loss=0.825318  best=-inf wall=5.807h
  ep15 shard 1242/1720 loss=0.834181  best=-inf wall=5.812h
  ep15 shard 1243/1720 loss=0.81203  best=-inf wall=5.817h
  ep15 shard 1244/1720 loss=0.798727  best=-inf wall=5.822h
  ep15 shard 1245/1720 loss=0.807908  best=-inf wall=5.827h
  ep15 shard 1246/1720 loss=0.861727  best=-inf wall=5.832h
  ep15 shard 1247/1720 loss=0.910184  best=-inf wall=5.838h
  ep15 shard 1248/1720 loss=0.823185  best=-inf wall=5.841h
  ep15 shard 1249/1720 loss=0.916718  best=-inf wall=5.846h
  ep15 shard 1250/1720 loss=0.879475  best=-inf wall=5.851h
  ep15 shard 1251/1720 loss=0.874582  best=-inf wall=5.856h
  ep15 shard 1252/1720 loss=0.865936  best=-inf wall=5.862h
  ep15 shard 1253/1720 loss=0.835487  best=-inf wall=5.867h
  ep15 shard 1254/1720 loss=0.888001  best=-inf wall=5.872h
  ep15 shard 1255/1720 loss=0.858012  best=-inf wall=5.877h
  ep15 shard 1256/1720 loss=0.858036  best=-inf wall=5.882h
  ep15 shard 1257/1720 loss=0.848739  best=-inf wall=5.888h
  ep15 shard 1258/1720 loss=0.857051  best=-inf wall=5.893h
  ep15 shard 1259/1720 loss=0.87461  best=-inf wall=5.896h
  ep15 shard 1260/1720 loss=0.844222  best=-inf wall=5.899h
  ep15 shard 1261/1720 loss=0.841229  best=-inf wall=5.904h
  ep15 shard 1262/1720 loss=0.866193  best=-inf wall=5.909h
  ep15 shard 1263/1720 loss=0.874869  best=-inf wall=5.913h
  ep15 shard 1264/1720 loss=0.815714  best=-inf wall=5.918h
  ep15 shard 1265/1720 loss=0.82794  best=-inf wall=5.924h
  ep15 shard 1266/1720 loss=0.821743  best=-inf wall=5.925h
  ep15 shard 1267/1720 loss=0.866248  best=-inf wall=5.93h
  ep15 shard 1268/1720 loss=0.846621  best=-inf wall=5.933h
  ep15 shard 1269/1720 loss=0.880696  best=-inf wall=5.938h
  ep15 shard 1270/1720 loss=0.872216  best=-inf wall=5.943h
  ep15 shard 1271/1720 loss=0.874847  best=-inf wall=5.947h
  ep15 shard 1272/1720 loss=0.886041  best=-inf wall=5.953h
  ep15 shard 1273/1720 loss=0.911708  best=-inf wall=5.958h
  ep15 shard 1274/1720 loss=0.854771  best=-inf wall=5.963h
  ep15 shard 1275/1720 loss=0.817519  best=-inf wall=5.968h
  ep15 shard 1276/1720 loss=0.875249  best=-inf wall=5.973h
  ep15 shard 1277/1720 loss=0.884225  best=-inf wall=5.979h
  ep15 shard 1278/1720 loss=0.845706  best=-inf wall=5.984h
  ep15 shard 1279/1720 loss=0.915752  best=-inf wall=5.989h
  ep15 shard 1280/1720 loss=0.86311  best=-inf wall=5.994h
  ep15 shard 1281/1720 loss=0.854416  best=-inf wall=5.999h
  ep15 shard 1282/1720 loss=0.844151  best=-inf wall=6.004h
  ep15 shard 1283/1720 loss=0.864268  best=-inf wall=6.008h
  ep15 shard 1284/1720 loss=0.839831  best=-inf wall=6.013h
  ep15 shard 1285/1720 loss=0.872888  best=-inf wall=6.016h
  ep15 shard 1286/1720 loss=0.883408  best=-inf wall=6.021h
  ep15 shard 1287/1720 loss=0.865093  best=-inf wall=6.026h
  ep15 shard 1288/1720 loss=0.833272  best=-inf wall=6.031h
  ep15 shard 1289/1720 loss=0.822127  best=-inf wall=6.036h
  ep15 shard 1290/1720 loss=0.898252  best=-inf wall=6.041h
  saved epoch checkpoint -> experiments/exp028-mlp/cosine20/checkpoints/ep15.pt
  ep16 shard 1291/1720 loss=0.883232  best=-inf wall=6.044h
  ep16 shard 1292/1720 loss=0.848191  best=-inf wall=6.049h
  ep16 shard 1293/1720 loss=0.890322  best=-inf wall=6.054h
  ep16 shard 1294/1720 loss=0.8424  best=-inf wall=6.058h
  ep16 shard 1295/1720 loss=0.834854  best=-inf wall=6.06h
  ep16 shard 1296/1720 loss=0.864692  best=-inf wall=6.065h
  ep16 shard 1297/1720 loss=0.835478  best=-inf wall=6.068h
  ep16 shard 1298/1720 loss=0.875017  best=-inf wall=6.071h
  ep16 shard 1299/1720 loss=0.8909  best=-inf wall=6.077h
  ep16 shard 1300/1720 loss=0.848315  best=-inf wall=6.082h
  ep16 shard 1301/1720 loss=0.862943  best=-inf wall=6.087h
  ep16 shard 1302/1720 loss=0.869191  best=-inf wall=6.09h
  ep16 shard 1303/1720 loss=0.832008  best=-inf wall=6.096h
  ep16 shard 1304/1720 loss=0.863349  best=-inf wall=6.101h
  ep16 shard 1305/1720 loss=0.896118  best=-inf wall=6.105h
  ep16 shard 1306/1720 loss=0.854271  best=-inf wall=6.111h
  ep16 shard 1307/1720 loss=0.830663  best=-inf wall=6.116h
  ep16 shard 1308/1720 loss=0.879574  best=-inf wall=6.121h
  ep16 shard 1309/1720 loss=0.882462  best=-inf wall=6.127h
  ep16 shard 1310/1720 loss=0.882647  best=-inf wall=6.13h
  ep16 shard 1311/1720 loss=0.851577  best=-inf wall=6.135h
  ep16 shard 1312/1720 loss=0.824675  best=-inf wall=6.14h
  ep16 shard 1313/1720 loss=0.85421  best=-inf wall=6.145h
  ep16 shard 1314/1720 loss=0.855375  best=-inf wall=6.15h
  ep16 shard 1315/1720 loss=0.816254  best=-inf wall=6.155h
  ep16 shard 1316/1720 loss=0.860243  best=-inf wall=6.16h
  ep16 shard 1317/1720 loss=0.842624  best=-inf wall=6.165h
  ep16 shard 1318/1720 loss=0.838911  best=-inf wall=6.17h
  ep16 shard 1319/1720 loss=0.8461  best=-inf wall=6.172h
  ep16 shard 1320/1720 loss=0.835417  best=-inf wall=6.177h
  ep16 shard 1321/1720 loss=0.838014  best=-inf wall=6.181h
  ep16 shard 1322/1720 loss=0.844225  best=-inf wall=6.186h
  ep16 shard 1323/1720 loss=0.853155  best=-inf wall=6.191h
  ep16 shard 1324/1720 loss=0.837817  best=-inf wall=6.197h
  ep16 shard 1325/1720 loss=0.907044  best=-inf wall=6.202h
  ep16 shard 1326/1720 loss=0.869367  best=-inf wall=6.207h
  ep16 shard 1327/1720 loss=0.852269  best=-inf wall=6.211h
  ep16 shard 1328/1720 loss=0.848077  best=-inf wall=6.217h
  ep16 shard 1329/1720 loss=0.826707  best=-inf wall=6.222h
  ep16 shard 1330/1720 loss=0.87016  best=-inf wall=6.227h
  ep16 shard 1331/1720 loss=0.85153  best=-inf wall=6.23h
  ep16 shard 1332/1720 loss=0.847848  best=-inf wall=6.234h
  ep16 shard 1333/1720 loss=0.89638  best=-inf wall=6.237h
  ep16 shard 1334/1720 loss=0.87008  best=-inf wall=6.243h
  ep16 shard 1335/1720 loss=0.816768  best=-inf wall=6.247h
  ep16 shard 1336/1720 loss=0.825641  best=-inf wall=6.252h
  ep16 shard 1337/1720 loss=0.868724  best=-inf wall=6.254h
  ep16 shard 1338/1720 loss=0.832933  best=-inf wall=6.26h
  ep16 shard 1339/1720 loss=0.883059  best=-inf wall=6.263h
  ep16 shard 1340/1720 loss=0.866812  best=-inf wall=6.268h
  ep16 shard 1341/1720 loss=0.837028  best=-inf wall=6.273h
  ep16 shard 1342/1720 loss=0.853768  best=-inf wall=6.278h
  ep16 shard 1343/1720 loss=0.851935  best=-inf wall=6.283h
  ep16 shard 1344/1720 loss=0.813544  best=-inf wall=6.289h
  ep16 shard 1345/1720 loss=0.876596  best=-inf wall=6.294h
  ep16 shard 1346/1720 loss=0.869519  best=-inf wall=6.299h
  ep16 shard 1347/1720 loss=0.83603  best=-inf wall=6.303h
  ep16 shard 1348/1720 loss=0.8725  best=-inf wall=6.308h
  ep16 shard 1349/1720 loss=0.883253  best=-inf wall=6.313h
  ep16 shard 1350/1720 loss=0.849379  best=-inf wall=6.318h
  ep16 shard 1351/1720 loss=0.880926  best=-inf wall=6.323h
  ep16 shard 1352/1720 loss=0.847717  best=-inf wall=6.326h
  ep16 shard 1353/1720 loss=0.849202  best=-inf wall=6.331h
  ep16 shard 1354/1720 loss=0.894399  best=-inf wall=6.337h
  ep16 shard 1355/1720 loss=0.856348  best=-inf wall=6.342h
  ep16 shard 1356/1720 loss=0.921091  best=-inf wall=6.347h
  ep16 shard 1357/1720 loss=0.841916  best=-inf wall=6.353h
  ep16 shard 1358/1720 loss=0.845554  best=-inf wall=6.358h
  ep16 shard 1359/1720 loss=0.852612  best=-inf wall=6.363h
  ep16 shard 1360/1720 loss=0.876441  best=-inf wall=6.368h
  ep16 shard 1361/1720 loss=0.815364  best=-inf wall=6.373h
  ep16 shard 1362/1720 loss=0.868643  best=-inf wall=6.378h
  ep16 shard 1363/1720 loss=0.847138  best=-inf wall=6.38h
  ep16 shard 1364/1720 loss=0.812803  best=-inf wall=6.385h
  ep16 shard 1365/1720 loss=0.888035  best=-inf wall=6.391h
  ep16 shard 1366/1720 loss=0.780517  best=-inf wall=6.396h
  ep16 shard 1367/1720 loss=0.916397  best=-inf wall=6.4h
  ep16 shard 1368/1720 loss=0.813411  best=-inf wall=6.405h
  ep16 shard 1369/1720 loss=0.829048  best=-inf wall=6.409h
  ep16 shard 1370/1720 loss=0.804221  best=-inf wall=6.414h
  ep16 shard 1371/1720 loss=0.879995  best=-inf wall=6.42h
  ep16 shard 1372/1720 loss=0.879661  best=-inf wall=6.425h
  ep16 shard 1373/1720 loss=0.859879  best=-inf wall=6.43h
  ep16 shard 1374/1720 loss=0.878691  best=-inf wall=6.435h
  ep16 shard 1375/1720 loss=0.896554  best=-inf wall=6.44h
  ep16 shard 1376/1720 loss=0.828215  best=-inf wall=6.445h
  saved epoch checkpoint -> experiments/exp028-mlp/cosine20/checkpoints/ep16.pt
  ep17 shard 1377/1720 loss=0.82571  best=-inf wall=6.449h
  ep17 shard 1378/1720 loss=0.831016  best=-inf wall=6.453h
  ep17 shard 1379/1720 loss=0.846959  best=-inf wall=6.458h
  ep17 shard 1380/1720 loss=0.884196  best=-inf wall=6.461h
  ep17 shard 1381/1720 loss=0.838341  best=-inf wall=6.462h
  ep17 shard 1382/1720 loss=0.81479  best=-inf wall=6.468h
  ep17 shard 1383/1720 loss=0.816407  best=-inf wall=6.473h
  ep17 shard 1384/1720 loss=0.835003  best=-inf wall=6.478h
  ep17 shard 1385/1720 loss=0.864302  best=-inf wall=6.482h
  ep17 shard 1386/1720 loss=0.848451  best=-inf wall=6.485h
  ep17 shard 1387/1720 loss=0.827207  best=-inf wall=6.487h
  ep17 shard 1388/1720 loss=0.840378  best=-inf wall=6.492h
  ep17 shard 1389/1720 loss=0.881838  best=-inf wall=6.497h
  ep17 shard 1390/1720 loss=0.876199  best=-inf wall=6.503h
  ep17 shard 1391/1720 loss=0.85601  best=-inf wall=6.508h
  ep17 shard 1392/1720 loss=0.919481  best=-inf wall=6.513h
  ep17 shard 1393/1720 loss=0.835196  best=-inf wall=6.518h
  ep17 shard 1394/1720 loss=0.858035  best=-inf wall=6.523h
  ep17 shard 1395/1720 loss=0.844461  best=-inf wall=6.528h
  ep17 shard 1396/1720 loss=0.904854  best=-inf wall=6.534h
  ep17 shard 1397/1720 loss=0.867743  best=-inf wall=6.538h
  ep17 shard 1398/1720 loss=0.842391  best=-inf wall=6.541h
  ep17 shard 1399/1720 loss=0.838124  best=-inf wall=6.546h
  ep17 shard 1400/1720 loss=0.839259  best=-inf wall=6.551h
  ep17 shard 1401/1720 loss=0.879018  best=-inf wall=6.556h
  ep17 shard 1402/1720 loss=0.82995  best=-inf wall=6.561h
  ep17 shard 1403/1720 loss=0.809307  best=-inf wall=6.566h
  ep17 shard 1404/1720 loss=0.844176  best=-inf wall=6.568h
  ep17 shard 1405/1720 loss=0.891429  best=-inf wall=6.573h
  ep17 shard 1406/1720 loss=0.819806  best=-inf wall=6.578h
  ep17 shard 1407/1720 loss=0.833516  best=-inf wall=6.584h
  ep17 shard 1408/1720 loss=0.8481  best=-inf wall=6.589h
  ep17 shard 1409/1720 loss=0.855417  best=-inf wall=6.592h
  ep17 shard 1410/1720 loss=0.823389  best=-inf wall=6.597h
  ep17 shard 1411/1720 loss=0.848923  best=-inf wall=6.602h
  ep17 shard 1412/1720 loss=0.861746  best=-inf wall=6.607h
  ep17 shard 1413/1720 loss=0.856066  best=-inf wall=6.612h
  ep17 shard 1414/1720 loss=0.8235  best=-inf wall=6.616h
  ep17 shard 1415/1720 loss=0.804334  best=-inf wall=6.62h
  ep17 shard 1416/1720 loss=0.838216  best=-inf wall=6.625h
  ep17 shard 1417/1720 loss=0.867137  best=-inf wall=6.63h
  ep17 shard 1418/1720 loss=0.816812  best=-inf wall=6.634h
  ep17 shard 1419/1720 loss=0.849404  best=-inf wall=6.64h
  ep17 shard 1420/1720 loss=0.854371  best=-inf wall=6.645h
  ep17 shard 1421/1720 loss=0.845113  best=-inf wall=6.648h
  ep17 shard 1422/1720 loss=0.841538  best=-inf wall=6.653h
  ep17 shard 1423/1720 loss=0.814477  best=-inf wall=6.658h
  ep17 shard 1424/1720 loss=0.886216  best=-inf wall=6.664h
  ep17 shard 1425/1720 loss=0.839242  best=-inf wall=6.669h
  ep17 shard 1426/1720 loss=0.818318  best=-inf wall=6.674h
  ep17 shard 1427/1720 loss=0.849845  best=-inf wall=6.679h
  ep17 shard 1428/1720 loss=0.852256  best=-inf wall=6.684h
  ep17 shard 1429/1720 loss=0.831702  best=-inf wall=6.69h
  ep17 shard 1430/1720 loss=0.850988  best=-inf wall=6.695h
  ep17 shard 1431/1720 loss=0.812937  best=-inf wall=6.7h
  ep17 shard 1432/1720 loss=0.822564  best=-inf wall=6.703h
  ep17 shard 1433/1720 loss=0.830052  best=-inf wall=6.709h
  ep17 shard 1434/1720 loss=0.868527  best=-inf wall=6.714h
  ep17 shard 1435/1720 loss=0.828568  best=-inf wall=6.719h
  ep17 shard 1436/1720 loss=0.809342  best=-inf wall=6.724h
  ep17 shard 1437/1720 loss=0.855429  best=-inf wall=6.731h
  ep17 shard 1438/1720 loss=0.826689  best=-inf wall=6.737h
  ep17 shard 1439/1720 loss=0.881519  best=-inf wall=6.742h
  ep17 shard 1440/1720 loss=0.851915  best=-inf wall=6.747h
  ep17 shard 1441/1720 loss=0.842797  best=-inf wall=6.753h
  ep17 shard 1442/1720 loss=0.892954  best=-inf wall=6.758h
  ep17 shard 1443/1720 loss=0.848811  best=-inf wall=6.762h
  ep17 shard 1444/1720 loss=0.859761  best=-inf wall=6.765h
  ep17 shard 1445/1720 loss=0.854241  best=-inf wall=6.771h
  ep17 shard 1446/1720 loss=0.897675  best=-inf wall=6.776h
  ep17 shard 1447/1720 loss=0.888692  best=-inf wall=6.781h
  ep17 shard 1448/1720 loss=0.83816  best=-inf wall=6.786h
  ep17 shard 1449/1720 loss=0.854406  best=-inf wall=6.792h
  ep17 shard 1450/1720 loss=0.874294  best=-inf wall=6.796h
  ep17 shard 1451/1720 loss=0.902079  best=-inf wall=6.801h
  ep17 shard 1452/1720 loss=0.846121  best=-inf wall=6.804h
  ep17 shard 1453/1720 loss=0.855219  best=-inf wall=6.807h
  ep17 shard 1454/1720 loss=0.876794  best=-inf wall=6.811h
  ep17 shard 1455/1720 loss=0.895894  best=-inf wall=6.816h
  ep17 shard 1456/1720 loss=0.868139  best=-inf wall=6.821h
  ep17 shard 1457/1720 loss=0.849349  best=-inf wall=6.826h
  ep17 shard 1458/1720 loss=0.882333  best=-inf wall=6.832h
  ep17 shard 1459/1720 loss=0.857585  best=-inf wall=6.837h
  ep17 shard 1460/1720 loss=0.843387  best=-inf wall=6.842h
  ep17 shard 1461/1720 loss=0.817741  best=-inf wall=6.847h
  ep17 shard 1462/1720 loss=0.887946  best=-inf wall=6.852h
  saved epoch checkpoint -> experiments/exp028-mlp/cosine20/checkpoints/ep17.pt
  ep18 shard 1463/1720 loss=0.866155  best=-inf wall=6.857h
  ep18 shard 1464/1720 loss=0.880815  best=-inf wall=6.863h
  ep18 shard 1465/1720 loss=0.901664  best=-inf wall=6.866h
  ep18 shard 1466/1720 loss=0.810303  best=-inf wall=6.871h
  ep18 shard 1467/1720 loss=0.842264  best=-inf wall=6.877h
  ep18 shard 1468/1720 loss=0.800245  best=-inf wall=6.881h
  ep18 shard 1469/1720 loss=0.872293  best=-inf wall=6.886h
  ep18 shard 1470/1720 loss=0.838712  best=-inf wall=6.891h
  ep18 shard 1471/1720 loss=0.855378  best=-inf wall=6.896h
  ep18 shard 1472/1720 loss=0.856108  best=-inf wall=6.902h
  ep18 shard 1473/1720 loss=0.884714  best=-inf wall=6.907h
  ep18 shard 1474/1720 loss=0.863045  best=-inf wall=6.912h
  ep18 shard 1475/1720 loss=0.873512  best=-inf wall=6.917h
  ep18 shard 1476/1720 loss=0.888192  best=-inf wall=6.92h
  ep18 shard 1477/1720 loss=0.850175  best=-inf wall=6.923h
  ep18 shard 1478/1720 loss=0.815159  best=-inf wall=6.928h
  ep18 shard 1479/1720 loss=0.887486  best=-inf wall=6.932h
  ep18 shard 1480/1720 loss=0.82015  best=-inf wall=6.938h
  ep18 shard 1481/1720 loss=0.857749  best=-inf wall=6.943h
  ep18 shard 1482/1720 loss=0.830208  best=-inf wall=6.948h
  ep18 shard 1483/1720 loss=0.820211  best=-inf wall=6.952h
  ep18 shard 1484/1720 loss=0.814291  best=-inf wall=6.957h
  ep18 shard 1485/1720 loss=0.824147  best=-inf wall=6.959h
  ep18 shard 1486/1720 loss=0.835554  best=-inf wall=6.962h
  ep18 shard 1487/1720 loss=0.873989  best=-inf wall=6.967h
  ep18 shard 1488/1720 loss=0.898126  best=-inf wall=6.972h
  ep18 shard 1489/1720 loss=0.84212  best=-inf wall=6.977h
  ep18 shard 1490/1720 loss=0.865914  best=-inf wall=6.983h
  ep18 shard 1491/1720 loss=0.87175  best=-inf wall=6.988h
  ep18 shard 1492/1720 loss=0.855471  best=-inf wall=6.993h
  ep18 shard 1493/1720 loss=0.865392  best=-inf wall=6.998h
  ep18 shard 1494/1720 loss=0.858389  best=-inf wall=7.004h
  ep18 shard 1495/1720 loss=0.849762  best=-inf wall=7.009h
  ep18 shard 1496/1720 loss=0.841757  best=-inf wall=7.014h
  ep18 shard 1497/1720 loss=0.864731  best=-inf wall=7.019h
  ep18 shard 1498/1720 loss=0.879591  best=-inf wall=7.023h
  ep18 shard 1499/1720 loss=0.853477  best=-inf wall=7.029h
  ep18 shard 1500/1720 loss=0.881384  best=-inf wall=7.032h
  ep18 shard 1501/1720 loss=0.862732  best=-inf wall=7.033h
  ep18 shard 1502/1720 loss=0.912778  best=-inf wall=7.038h
  ep18 shard 1503/1720 loss=0.867181  best=-inf wall=7.044h
  ep18 shard 1504/1720 loss=0.823297  best=-inf wall=7.049h
  ep18 shard 1505/1720 loss=0.879224  best=-inf wall=7.054h
  ep18 shard 1506/1720 loss=0.867867  best=-inf wall=7.058h
  ep18 shard 1507/1720 loss=0.817617  best=-inf wall=7.064h
  ep18 shard 1508/1720 loss=0.825174  best=-inf wall=7.069h
  ep18 shard 1509/1720 loss=0.819426  best=-inf wall=7.072h
  ep18 shard 1510/1720 loss=0.869188  best=-inf wall=7.077h
  ep18 shard 1511/1720 loss=0.864455  best=-inf wall=7.081h
  ep18 shard 1512/1720 loss=0.870606  best=-inf wall=7.087h
  ep18 shard 1513/1720 loss=0.84112  best=-inf wall=7.09h
  ep18 shard 1514/1720 loss=0.860462  best=-inf wall=7.095h
  ep18 shard 1515/1720 loss=0.8619  best=-inf wall=7.1h
  ep18 shard 1516/1720 loss=0.838867  best=-inf wall=7.106h
  ep18 shard 1517/1720 loss=0.853951  best=-inf wall=7.108h
  ep18 shard 1518/1720 loss=0.892452  best=-inf wall=7.113h
  ep18 shard 1519/1720 loss=0.852594  best=-inf wall=7.119h
  ep18 shard 1520/1720 loss=0.829621  best=-inf wall=7.123h
  ep18 shard 1521/1720 loss=0.820245  best=-inf wall=7.128h
  ep18 shard 1522/1720 loss=0.899144  best=-inf wall=7.133h
  ep18 shard 1523/1720 loss=0.853885  best=-inf wall=7.138h
  ep18 shard 1524/1720 loss=0.824098  best=-inf wall=7.141h
  ep18 shard 1525/1720 loss=0.922664  best=-inf wall=7.147h
  ep18 shard 1526/1720 loss=0.851726  best=-inf wall=7.152h
  ep18 shard 1527/1720 loss=0.866978  best=-inf wall=7.157h
  ep18 shard 1528/1720 loss=0.890808  best=-inf wall=7.162h
  ep18 shard 1529/1720 loss=0.871018  best=-inf wall=7.167h
  ep18 shard 1530/1720 loss=0.785621  best=-inf wall=7.172h
  ep18 shard 1531/1720 loss=0.851523  best=-inf wall=7.174h
  ep18 shard 1532/1720 loss=0.859984  best=-inf wall=7.179h
  ep18 shard 1533/1720 loss=0.816195  best=-inf wall=7.184h
  ep18 shard 1534/1720 loss=0.852036  best=-inf wall=7.19h
  ep18 shard 1535/1720 loss=0.866023  best=-inf wall=7.194h
  ep18 shard 1536/1720 loss=0.841911  best=-inf wall=7.199h
  ep18 shard 1537/1720 loss=0.903992  best=-inf wall=7.205h
  ep18 shard 1538/1720 loss=0.85825  best=-inf wall=7.209h
  ep18 shard 1539/1720 loss=0.829793  best=-inf wall=7.214h
  ep18 shard 1540/1720 loss=0.781154  best=-inf wall=7.218h
  ep18 shard 1541/1720 loss=0.852168  best=-inf wall=7.221h
  ep18 shard 1542/1720 loss=0.866811  best=-inf wall=7.225h
  ep18 shard 1543/1720 loss=0.888995  best=-inf wall=7.235h
  ep18 shard 1544/1720 loss=0.827748  best=-inf wall=7.25h
  ep18 shard 1545/1720 loss=0.832281  best=-inf wall=7.257h
  ep18 shard 1546/1720 loss=0.875137  best=-inf wall=7.263h
  ep18 shard 1547/1720 loss=0.857771  best=-inf wall=7.268h
  ep18 shard 1548/1720 loss=0.868388  best=-inf wall=7.274h
  saved epoch checkpoint -> experiments/exp028-mlp/cosine20/checkpoints/ep18.pt
  ep19 shard 1549/1720 loss=0.857498  best=-inf wall=7.279h
  ep19 shard 1550/1720 loss=0.862181  best=-inf wall=7.282h
  ep19 shard 1551/1720 loss=0.854241  best=-inf wall=7.287h
  ep19 shard 1552/1720 loss=0.777753  best=-inf wall=7.291h
  ep19 shard 1553/1720 loss=0.806486  best=-inf wall=7.296h
  ep19 shard 1554/1720 loss=0.844467  best=-inf wall=7.299h
  ep19 shard 1555/1720 loss=0.816254  best=-inf wall=7.304h
  ep19 shard 1556/1720 loss=0.865243  best=-inf wall=7.309h
  ep19 shard 1557/1720 loss=0.853704  best=-inf wall=7.314h
  ep19 shard 1558/1720 loss=0.873284  best=-inf wall=7.316h
  ep19 shard 1559/1720 loss=0.827846  best=-inf wall=7.321h
  ep19 shard 1560/1720 loss=0.872581  best=-inf wall=7.326h
  ep19 shard 1561/1720 loss=0.824228  best=-inf wall=7.332h
  ep19 shard 1562/1720 loss=0.841791  best=-inf wall=7.337h
  ep19 shard 1563/1720 loss=0.879854  best=-inf wall=7.341h
  ep19 shard 1564/1720 loss=0.844751  best=-inf wall=7.345h
  ep19 shard 1565/1720 loss=0.805324  best=-inf wall=7.348h
  ep19 shard 1566/1720 loss=0.815526  best=-inf wall=7.353h
  ep19 shard 1567/1720 loss=0.905913  best=-inf wall=7.356h
  ep19 shard 1568/1720 loss=0.854973  best=-inf wall=7.36h
  ep19 shard 1569/1720 loss=0.842827  best=-inf wall=7.366h
  ep19 shard 1570/1720 loss=0.874078  best=-inf wall=7.371h
  ep19 shard 1571/1720 loss=0.877275  best=-inf wall=7.376h
  ep19 shard 1572/1720 loss=0.884143  best=-inf wall=7.381h
  ep19 shard 1573/1720 loss=0.875866  best=-inf wall=7.387h
  ep19 shard 1574/1720 loss=0.859798  best=-inf wall=7.39h
  ep19 shard 1575/1720 loss=0.808184  best=-inf wall=7.395h
  ep19 shard 1576/1720 loss=0.872747  best=-inf wall=7.4h
  ep19 shard 1577/1720 loss=0.869963  best=-inf wall=7.405h
  ep19 shard 1578/1720 loss=0.859219  best=-inf wall=7.411h
  ep19 shard 1579/1720 loss=0.865563  best=-inf wall=7.416h
  ep19 shard 1580/1720 loss=0.86955  best=-inf wall=7.421h
  ep19 shard 1581/1720 loss=0.835792  best=-inf wall=7.426h
  ep19 shard 1582/1720 loss=0.832463  best=-inf wall=7.431h
  ep19 shard 1583/1720 loss=0.836189  best=-inf wall=7.437h
  ep19 shard 1584/1720 loss=0.861564  best=-inf wall=7.442h
  ep19 shard 1585/1720 loss=0.858101  best=-inf wall=7.447h
  ep19 shard 1586/1720 loss=0.88471  best=-inf wall=7.452h
  ep19 shard 1587/1720 loss=0.861599  best=-inf wall=7.457h
  ep19 shard 1588/1720 loss=0.856927  best=-inf wall=7.463h
  ep19 shard 1589/1720 loss=0.84688  best=-inf wall=7.468h
  ep19 shard 1590/1720 loss=0.805074  best=-inf wall=7.469h
  ep19 shard 1591/1720 loss=0.857081  best=-inf wall=7.474h
  ep19 shard 1592/1720 loss=0.835284  best=-inf wall=7.479h
  ep19 shard 1593/1720 loss=0.858859  best=-inf wall=7.482h
  ep19 shard 1594/1720 loss=0.851923  best=-inf wall=7.487h
  ep19 shard 1595/1720 loss=0.843869  best=-inf wall=7.492h
  ep19 shard 1596/1720 loss=0.839345  best=-inf wall=7.495h
  ep19 shard 1597/1720 loss=0.854539  best=-inf wall=7.501h
  ep19 shard 1598/1720 loss=0.854943  best=-inf wall=7.506h
  ep19 shard 1599/1720 loss=0.883628  best=-inf wall=7.51h
  ep19 shard 1600/1720 loss=0.870637  best=-inf wall=7.515h
  ep19 shard 1601/1720 loss=0.821347  best=-inf wall=7.519h
  ep19 shard 1602/1720 loss=0.833374  best=-inf wall=7.524h
  ep19 shard 1603/1720 loss=0.892118  best=-inf wall=7.529h
  ep19 shard 1604/1720 loss=0.857164  best=-inf wall=7.535h
  ep19 shard 1605/1720 loss=0.871708  best=-inf wall=7.539h
  ep19 shard 1606/1720 loss=0.877919  best=-inf wall=7.544h
  ep19 shard 1607/1720 loss=0.8697  best=-inf wall=7.549h
  ep19 shard 1608/1720 loss=0.912068  best=-inf wall=7.554h
  ep19 shard 1609/1720 loss=0.852312  best=-inf wall=7.559h
  ep19 shard 1610/1720 loss=0.894991  best=-inf wall=7.564h
  ep19 shard 1611/1720 loss=0.879329  best=-inf wall=7.569h
  ep19 shard 1612/1720 loss=0.816663  best=-inf wall=7.575h
  ep19 shard 1613/1720 loss=0.818486  best=-inf wall=7.58h
  ep19 shard 1614/1720 loss=0.848301  best=-inf wall=7.586h
  ep19 shard 1615/1720 loss=0.839723  best=-inf wall=7.59h
  ep19 shard 1616/1720 loss=0.828113  best=-inf wall=7.595h
  ep19 shard 1617/1720 loss=0.857832  best=-inf wall=7.6h
  ep19 shard 1618/1720 loss=0.84282  best=-inf wall=7.605h
  ep19 shard 1619/1720 loss=0.844549  best=-inf wall=7.608h
  ep19 shard 1620/1720 loss=0.869454  best=-inf wall=7.614h
  ep19 shard 1621/1720 loss=0.854949  best=-inf wall=7.619h
  ep19 shard 1622/1720 loss=0.856919  best=-inf wall=7.624h
  ep19 shard 1623/1720 loss=0.823415  best=-inf wall=7.629h
  ep19 shard 1624/1720 loss=0.871661  best=-inf wall=7.631h
  ep19 shard 1625/1720 loss=0.874812  best=-inf wall=7.636h
  ep19 shard 1626/1720 loss=0.806264  best=-inf wall=7.641h
  ep19 shard 1627/1720 loss=0.861552  best=-inf wall=7.644h
  ep19 shard 1628/1720 loss=0.890318  best=-inf wall=7.65h
  ep19 shard 1629/1720 loss=0.873095  best=-inf wall=7.655h
  ep19 shard 1630/1720 loss=0.882784  best=-inf wall=7.66h
  ep19 shard 1631/1720 loss=0.86148  best=-inf wall=7.665h
  ep19 shard 1632/1720 loss=0.830707  best=-inf wall=7.668h
  ep19 shard 1633/1720 loss=0.870852  best=-inf wall=7.674h
  ep19 shard 1634/1720 loss=0.835363  best=-inf wall=7.679h
  saved epoch checkpoint -> experiments/exp028-mlp/cosine20/checkpoints/ep19.pt
  ep20 shard 1635/1720 loss=0.862903  best=-inf wall=7.682h
  ep20 shard 1636/1720 loss=0.847725  best=-inf wall=7.686h
  ep20 shard 1637/1720 loss=0.821387  best=-inf wall=7.691h
  ep20 shard 1638/1720 loss=0.799271  best=-inf wall=7.697h
  ep20 shard 1639/1720 loss=0.843188  best=-inf wall=7.698h
  ep20 shard 1640/1720 loss=0.817828  best=-inf wall=7.703h
  ep20 shard 1641/1720 loss=0.895241  best=-inf wall=7.708h
  ep20 shard 1642/1720 loss=0.847035  best=-inf wall=7.713h
  ep20 shard 1643/1720 loss=0.827585  best=-inf wall=7.719h
  ep20 shard 1644/1720 loss=0.830996  best=-inf wall=7.724h
  ep20 shard 1645/1720 loss=0.862099  best=-inf wall=7.728h
  ep20 shard 1646/1720 loss=0.830674  best=-inf wall=7.731h
  ep20 shard 1647/1720 loss=0.83927  best=-inf wall=7.736h
  ep20 shard 1648/1720 loss=0.820088  best=-inf wall=7.74h
  ep20 shard 1649/1720 loss=0.827023  best=-inf wall=7.745h
  ep20 shard 1650/1720 loss=0.849629  best=-inf wall=7.75h
  ep20 shard 1651/1720 loss=0.863407  best=-inf wall=7.755h
  ep20 shard 1652/1720 loss=0.868082  best=-inf wall=7.76h
  ep20 shard 1653/1720 loss=0.887553  best=-inf wall=7.765h
  ep20 shard 1654/1720 loss=0.85357  best=-inf wall=7.768h
  ep20 shard 1655/1720 loss=0.842238  best=-inf wall=7.77h
  ep20 shard 1656/1720 loss=0.847425  best=-inf wall=7.772h
  ep20 shard 1657/1720 loss=0.848274  best=-inf wall=7.775h
  ep20 shard 1658/1720 loss=0.871726  best=-inf wall=7.781h
  ep20 shard 1659/1720 loss=0.86921  best=-inf wall=7.786h
  ep20 shard 1660/1720 loss=0.861369  best=-inf wall=7.791h
  ep20 shard 1661/1720 loss=0.851397  best=-inf wall=7.796h
  ep20 shard 1662/1720 loss=0.876401  best=-inf wall=7.802h
  ep20 shard 1663/1720 loss=0.923853  best=-inf wall=7.807h
  ep20 shard 1664/1720 loss=0.859038  best=-inf wall=7.812h
  ep20 shard 1665/1720 loss=0.839569  best=-inf wall=7.818h
  ep20 shard 1666/1720 loss=0.91961  best=-inf wall=7.822h
  ep20 shard 1667/1720 loss=0.85502  best=-inf wall=7.827h
  ep20 shard 1668/1720 loss=0.870338  best=-inf wall=7.833h
  ep20 shard 1669/1720 loss=0.921579  best=-inf wall=7.838h
  ep20 shard 1670/1720 loss=0.887537  best=-inf wall=7.843h
  ep20 shard 1671/1720 loss=0.840226  best=-inf wall=7.848h
  ep20 shard 1672/1720 loss=0.858055  best=-inf wall=7.853h
  ep20 shard 1673/1720 loss=0.849294  best=-inf wall=7.858h
  ep20 shard 1674/1720 loss=0.81204  best=-inf wall=7.863h
  ep20 shard 1675/1720 loss=0.817652  best=-inf wall=7.868h
  ep20 shard 1676/1720 loss=0.831844  best=-inf wall=7.873h
  ep20 shard 1677/1720 loss=0.89925  best=-inf wall=7.878h
  ep20 shard 1678/1720 loss=0.869809  best=-inf wall=7.883h
  ep20 shard 1679/1720 loss=0.874007  best=-inf wall=7.888h
  ep20 shard 1680/1720 loss=0.869343  best=-inf wall=7.893h
  ep20 shard 1681/1720 loss=0.873509  best=-inf wall=7.894h
  ep20 shard 1682/1720 loss=0.83939  best=-inf wall=7.899h
  ep20 shard 1683/1720 loss=0.878939  best=-inf wall=7.904h
  ep20 shard 1684/1720 loss=0.822691  best=-inf wall=7.909h
  ep20 shard 1685/1720 loss=0.872595  best=-inf wall=7.913h
  ep20 shard 1686/1720 loss=0.829687  best=-inf wall=7.916h
  ep20 shard 1687/1720 loss=0.804094  best=-inf wall=7.921h
  ep20 shard 1688/1720 loss=0.815218  best=-inf wall=7.926h
  ep20 shard 1689/1720 loss=0.877694  best=-inf wall=7.931h
  ep20 shard 1690/1720 loss=0.823618  best=-inf wall=7.937h
  ep20 shard 1691/1720 loss=0.850556  best=-inf wall=7.942h
  ep20 shard 1692/1720 loss=0.902517  best=-inf wall=7.947h
  ep20 shard 1693/1720 loss=0.85357  best=-inf wall=7.95h
  ep20 shard 1694/1720 loss=0.88676  best=-inf wall=7.954h
  ep20 shard 1695/1720 loss=0.815453  best=-inf wall=7.96h
  ep20 shard 1696/1720 loss=0.855827  best=-inf wall=7.965h
  ep20 shard 1697/1720 loss=0.889116  best=-inf wall=7.97h
  ep20 shard 1698/1720 loss=0.844497  best=-inf wall=7.976h
  ep20 shard 1699/1720 loss=0.903271  best=-inf wall=7.981h
  ep20 shard 1700/1720 loss=0.853788  best=-inf wall=7.986h
  ep20 shard 1701/1720 loss=0.829  best=-inf wall=7.991h
  ep20 shard 1702/1720 loss=0.859845  best=-inf wall=7.996h
  ep20 shard 1703/1720 loss=0.886136  best=-inf wall=8.001h
  ep20 shard 1704/1720 loss=0.876817  best=-inf wall=8.006h
  ep20 shard 1705/1720 loss=0.842336  best=-inf wall=8.011h
  ep20 shard 1706/1720 loss=0.841989  best=-inf wall=8.015h
  ep20 shard 1707/1720 loss=0.855443  best=-inf wall=8.021h
  ep20 shard 1708/1720 loss=0.867314  best=-inf wall=8.026h
  ep20 shard 1709/1720 loss=0.873386  best=-inf wall=8.03h
  ep20 shard 1710/1720 loss=0.89977  best=-inf wall=8.035h
  ep20 shard 1711/1720 loss=0.843463  best=-inf wall=8.04h
  ep20 shard 1712/1720 loss=0.919291  best=-inf wall=8.046h
  ep20 shard 1713/1720 loss=0.831273  best=-inf wall=8.049h
  ep20 shard 1714/1720 loss=0.857946  best=-inf wall=8.054h
  ep20 shard 1715/1720 loss=0.821093  best=-inf wall=8.059h
  ep20 shard 1716/1720 loss=0.863185  best=-inf wall=8.064h
  ep20 shard 1717/1720 loss=0.86494  best=-inf wall=8.067h
  ep20 shard 1718/1720 loss=0.865853  best=-inf wall=8.073h
  ep20 shard 1719/1720 loss=0.831018  best=-inf wall=8.079h
  ep20 shard 1720/1720 loss=0.844676 gnubg=0.15 best=+0.150 wall=8.084h
  saved epoch checkpoint -> experiments/exp028-mlp/cosine20/checkpoints/ep20.pt

===== ARM DONE (outcomes6) reason=epochs_complete best vs GNUBG-0ply = +0.1500 ppg  -> experiments/exp028-mlp/cosine20/checkpoints/best.pt
