[arch] mlp hidden [512, 512, 256, 256] in=201, 0.912M params (0.565M deployable)
exp011 outcomes6 [cpu]: 86 shards x 20 epochs, lr=0.001 holdout_frac=0.0 split_seed=14
  ep1 shard 1/1720 loss=0.856567  best=-inf wall=0.002h
  ep1 shard 2/1720 loss=0.879039  best=-inf wall=0.009h
  ep1 shard 3/1720 loss=0.877324  best=-inf wall=0.017h
  ep1 shard 4/1720 loss=0.880925  best=-inf wall=0.02h
  ep1 shard 5/1720 loss=0.887144  best=-inf wall=0.024h
  ep1 shard 6/1720 loss=0.856358  best=-inf wall=0.027h
  ep1 shard 7/1720 loss=0.85914  best=-inf wall=0.034h
  ep1 shard 8/1720 loss=0.909423  best=-inf wall=0.041h
  ep1 shard 9/1720 loss=0.857203  best=-inf wall=0.048h
  ep1 shard 10/1720 loss=0.863674  best=-inf wall=0.054h
  ep1 shard 11/1720 loss=0.850262  best=-inf wall=0.056h
  ep1 shard 12/1720 loss=0.853962  best=-inf wall=0.061h
  ep1 shard 13/1720 loss=0.842768  best=-inf wall=0.066h
  ep1 shard 14/1720 loss=0.88373  best=-inf wall=0.071h
  ep1 shard 15/1720 loss=0.874449  best=-inf wall=0.076h
  ep1 shard 16/1720 loss=0.847855  best=-inf wall=0.081h
  ep1 shard 17/1720 loss=0.818087  best=-inf wall=0.086h
  ep1 shard 18/1720 loss=0.819162  best=-inf wall=0.091h
  ep1 shard 19/1720 loss=0.849662  best=-inf wall=0.096h
  ep1 shard 20/1720 loss=0.827978  best=-inf wall=0.1h
  ep1 shard 21/1720 loss=0.838349  best=-inf wall=0.105h
  ep1 shard 22/1720 loss=0.838312  best=-inf wall=0.111h
  ep1 shard 23/1720 loss=0.883835  best=-inf wall=0.116h
  ep1 shard 24/1720 loss=0.824015  best=-inf wall=0.12h
  ep1 shard 25/1720 loss=0.798922  best=-inf wall=0.125h
  ep1 shard 26/1720 loss=0.829105  best=-inf wall=0.13h
  ep1 shard 27/1720 loss=0.871829  best=-inf wall=0.134h
  ep1 shard 28/1720 loss=0.860408  best=-inf wall=0.137h
  ep1 shard 29/1720 loss=0.849333  best=-inf wall=0.142h
  ep1 shard 30/1720 loss=0.861759  best=-inf wall=0.147h
  ep1 shard 31/1720 loss=0.884484  best=-inf wall=0.152h
  ep1 shard 32/1720 loss=0.844449  best=-inf wall=0.157h
  ep1 shard 33/1720 loss=0.851332  best=-inf wall=0.159h
  ep1 shard 34/1720 loss=0.849693  best=-inf wall=0.164h
  ep1 shard 35/1720 loss=0.87602  best=-inf wall=0.169h
  ep1 shard 36/1720 loss=0.849235  best=-inf wall=0.173h
  ep1 shard 37/1720 loss=0.85122  best=-inf wall=0.177h
  ep1 shard 38/1720 loss=0.814066  best=-inf wall=0.182h
  ep1 shard 39/1720 loss=0.926091  best=-inf wall=0.187h
  ep1 shard 40/1720 loss=0.819826  best=-inf wall=0.191h
  ep1 shard 41/1720 loss=0.855274  best=-inf wall=0.196h
  ep1 shard 42/1720 loss=0.861043  best=-inf wall=0.201h
  ep1 shard 43/1720 loss=0.884999  best=-inf wall=0.205h
  ep1 shard 44/1720 loss=0.887513  best=-inf wall=0.21h
  ep1 shard 45/1720 loss=0.854556  best=-inf wall=0.215h
  ep1 shard 46/1720 loss=0.889214  best=-inf wall=0.22h
  ep1 shard 47/1720 loss=0.833586  best=-inf wall=0.223h
  ep1 shard 48/1720 loss=0.84785  best=-inf wall=0.228h
  ep1 shard 49/1720 loss=0.870241  best=-inf wall=0.233h
  ep1 shard 50/1720 loss=0.873484  best=-inf wall=0.235h
  ep1 shard 51/1720 loss=0.873118  best=-inf wall=0.24h
  ep1 shard 52/1720 loss=0.865143  best=-inf wall=0.243h
  ep1 shard 53/1720 loss=0.890736  best=-inf wall=0.248h
  ep1 shard 54/1720 loss=0.842923  best=-inf wall=0.253h
  ep1 shard 55/1720 loss=0.838662  best=-inf wall=0.258h
  ep1 shard 56/1720 loss=0.902408  best=-inf wall=0.264h
  ep1 shard 57/1720 loss=0.883044  best=-inf wall=0.269h
  ep1 shard 58/1720 loss=0.852324  best=-inf wall=0.274h
  ep1 shard 59/1720 loss=0.874085  best=-inf wall=0.279h
  ep1 shard 60/1720 loss=0.856257  best=-inf wall=0.284h
  ep1 shard 61/1720 loss=0.891383  best=-inf wall=0.289h
  ep1 shard 62/1720 loss=0.855414  best=-inf wall=0.294h
  ep1 shard 63/1720 loss=0.845388  best=-inf wall=0.299h
  ep1 shard 64/1720 loss=0.885362  best=-inf wall=0.304h
  ep1 shard 65/1720 loss=0.865321  best=-inf wall=0.307h
  ep1 shard 66/1720 loss=0.842636  best=-inf wall=0.311h
  ep1 shard 67/1720 loss=0.855916  best=-inf wall=0.316h
  ep1 shard 68/1720 loss=0.866225  best=-inf wall=0.321h
  ep1 shard 69/1720 loss=0.860881  best=-inf wall=0.327h
  ep1 shard 70/1720 loss=0.900422  best=-inf wall=0.332h
  ep1 shard 71/1720 loss=0.835392  best=-inf wall=0.337h
  ep1 shard 72/1720 loss=0.83568  best=-inf wall=0.342h
  ep1 shard 73/1720 loss=0.846117  best=-inf wall=0.348h
  ep1 shard 74/1720 loss=0.839599  best=-inf wall=0.353h
  ep1 shard 75/1720 loss=0.884246  best=-inf wall=0.357h
  ep1 shard 76/1720 loss=0.808692  best=-inf wall=0.362h
  ep1 shard 77/1720 loss=0.874825  best=-inf wall=0.367h
  ep1 shard 78/1720 loss=0.863058  best=-inf wall=0.373h
  ep1 shard 79/1720 loss=0.878166  best=-inf wall=0.376h
  ep1 shard 80/1720 loss=0.857116  best=-inf wall=0.381h
  ep1 shard 81/1720 loss=0.828565  best=-inf wall=0.386h
  ep1 shard 82/1720 loss=0.864949  best=-inf wall=0.391h
  ep1 shard 83/1720 loss=0.855655  best=-inf wall=0.396h
  ep1 shard 84/1720 loss=0.849213  best=-inf wall=0.399h
  ep1 shard 85/1720 loss=0.821314  best=-inf wall=0.405h
  ep1 shard 86/1720 loss=0.864745  best=-inf wall=0.41h
  saved epoch checkpoint -> experiments/exp028-mlp/ref20/checkpoints/ep1.pt
  ep2 shard 87/1720 loss=0.874845  best=-inf wall=0.413h
  ep2 shard 88/1720 loss=0.891703  best=-inf wall=0.418h
  ep2 shard 89/1720 loss=0.854824  best=-inf wall=0.423h
  ep2 shard 90/1720 loss=0.896863  best=-inf wall=0.424h
  ep2 shard 91/1720 loss=0.823604  best=-inf wall=0.43h
  ep2 shard 92/1720 loss=0.896556  best=-inf wall=0.435h
  ep2 shard 93/1720 loss=0.852402  best=-inf wall=0.436h
  ep2 shard 94/1720 loss=0.836189  best=-inf wall=0.439h
  ep2 shard 95/1720 loss=0.846298  best=-inf wall=0.445h
  ep2 shard 96/1720 loss=0.814401  best=-inf wall=0.45h
  ep2 shard 97/1720 loss=0.865928  best=-inf wall=0.455h
  ep2 shard 98/1720 loss=0.915437  best=-inf wall=0.46h
  ep2 shard 99/1720 loss=0.849459  best=-inf wall=0.465h
  ep2 shard 100/1720 loss=0.902274  best=-inf wall=0.468h
  ep2 shard 101/1720 loss=0.843788  best=-inf wall=0.473h
  ep2 shard 102/1720 loss=0.837599  best=-inf wall=0.478h
  ep2 shard 103/1720 loss=0.874353  best=-inf wall=0.484h
  ep2 shard 104/1720 loss=0.8562  best=-inf wall=0.489h
  ep2 shard 105/1720 loss=0.836976  best=-inf wall=0.494h
  ep2 shard 106/1720 loss=0.861117  best=-inf wall=0.499h
  ep2 shard 107/1720 loss=0.908031  best=-inf wall=0.504h
  ep2 shard 108/1720 loss=0.875797  best=-inf wall=0.507h
  ep2 shard 109/1720 loss=0.849065  best=-inf wall=0.512h
  ep2 shard 110/1720 loss=0.895018  best=-inf wall=0.517h
  ep2 shard 111/1720 loss=0.81774  best=-inf wall=0.522h
  ep2 shard 112/1720 loss=0.871149  best=-inf wall=0.527h
  ep2 shard 113/1720 loss=0.865079  best=-inf wall=0.532h
  ep2 shard 114/1720 loss=0.85686  best=-inf wall=0.537h
  ep2 shard 115/1720 loss=0.904798  best=-inf wall=0.543h
  ep2 shard 116/1720 loss=0.84887  best=-inf wall=0.548h
  ep2 shard 117/1720 loss=0.870205  best=-inf wall=0.553h
  ep2 shard 118/1720 loss=0.86941  best=-inf wall=0.557h
  ep2 shard 119/1720 loss=0.815876  best=-inf wall=0.561h
  ep2 shard 120/1720 loss=0.824757  best=-inf wall=0.567h
  ep2 shard 121/1720 loss=0.857728  best=-inf wall=0.571h
  ep2 shard 122/1720 loss=0.846141  best=-inf wall=0.576h
  ep2 shard 123/1720 loss=0.872901  best=-inf wall=0.581h
  ep2 shard 124/1720 loss=0.808082  best=-inf wall=0.583h
  ep2 shard 125/1720 loss=0.848153  best=-inf wall=0.586h
  ep2 shard 126/1720 loss=0.831575  best=-inf wall=0.591h
  ep2 shard 127/1720 loss=0.864267  best=-inf wall=0.595h
  ep2 shard 128/1720 loss=0.85241  best=-inf wall=0.6h
  ep2 shard 129/1720 loss=0.850582  best=-inf wall=0.605h
  ep2 shard 130/1720 loss=0.872733  best=-inf wall=0.61h
  ep2 shard 131/1720 loss=0.829252  best=-inf wall=0.615h
  ep2 shard 132/1720 loss=0.833498  best=-inf wall=0.62h
  ep2 shard 133/1720 loss=0.849489  best=-inf wall=0.625h
  ep2 shard 134/1720 loss=0.84666  best=-inf wall=0.63h
  ep2 shard 135/1720 loss=0.825878  best=-inf wall=0.635h
  ep2 shard 136/1720 loss=0.893964  best=-inf wall=0.64h
  ep2 shard 137/1720 loss=0.848027  best=-inf wall=0.643h
  ep2 shard 138/1720 loss=0.826866  best=-inf wall=0.648h
  ep2 shard 139/1720 loss=0.84723  best=-inf wall=0.653h
  ep2 shard 140/1720 loss=0.86402  best=-inf wall=0.658h
  ep2 shard 141/1720 loss=0.865065  best=-inf wall=0.663h
  ep2 shard 142/1720 loss=0.863708  best=-inf wall=0.668h
  ep2 shard 143/1720 loss=0.877805  best=-inf wall=0.671h
  ep2 shard 144/1720 loss=0.908657  best=-inf wall=0.676h
  ep2 shard 145/1720 loss=0.878861  best=-inf wall=0.682h
  ep2 shard 146/1720 loss=0.838643  best=-inf wall=0.684h
  ep2 shard 147/1720 loss=0.825837  best=-inf wall=0.689h
  ep2 shard 148/1720 loss=0.846396  best=-inf wall=0.695h
  ep2 shard 149/1720 loss=0.885412  best=-inf wall=0.699h
  ep2 shard 150/1720 loss=0.853335  best=-inf wall=0.704h
  ep2 shard 151/1720 loss=0.895338  best=-inf wall=0.709h
  ep2 shard 152/1720 loss=0.790747  best=-inf wall=0.714h
  ep2 shard 153/1720 loss=0.858736  best=-inf wall=0.717h
  ep2 shard 154/1720 loss=0.861545  best=-inf wall=0.723h
  ep2 shard 155/1720 loss=0.824435  best=-inf wall=0.726h
  ep2 shard 156/1720 loss=0.882788  best=-inf wall=0.73h
  ep2 shard 157/1720 loss=0.873473  best=-inf wall=0.735h
  ep2 shard 158/1720 loss=0.86545  best=-inf wall=0.74h
  ep2 shard 159/1720 loss=0.800409  best=-inf wall=0.745h
  ep2 shard 160/1720 loss=0.865275  best=-inf wall=0.75h
  ep2 shard 161/1720 loss=0.86767  best=-inf wall=0.755h
  ep2 shard 162/1720 loss=0.896117  best=-inf wall=0.759h
  ep2 shard 163/1720 loss=0.874897  best=-inf wall=0.762h
  ep2 shard 164/1720 loss=0.845405  best=-inf wall=0.767h
  ep2 shard 165/1720 loss=0.877487  best=-inf wall=0.772h
  ep2 shard 166/1720 loss=0.862523  best=-inf wall=0.777h
  ep2 shard 167/1720 loss=0.868773  best=-inf wall=0.782h
  ep2 shard 168/1720 loss=0.843763  best=-inf wall=0.787h
  ep2 shard 169/1720 loss=0.831338  best=-inf wall=0.792h
  ep2 shard 170/1720 loss=0.864031  best=-inf wall=0.797h
  ep2 shard 171/1720 loss=0.83204  best=-inf wall=0.802h
  ep2 shard 172/1720 loss=0.854535  best=-inf wall=0.807h
  saved epoch checkpoint -> experiments/exp028-mlp/ref20/checkpoints/ep2.pt
  ep3 shard 173/1720 loss=0.880026  best=-inf wall=0.811h
  ep3 shard 174/1720 loss=0.831925  best=-inf wall=0.816h
  ep3 shard 175/1720 loss=0.858293  best=-inf wall=0.821h
  ep3 shard 176/1720 loss=0.842926  best=-inf wall=0.827h
  ep3 shard 177/1720 loss=0.870059  best=-inf wall=0.832h
  ep3 shard 178/1720 loss=0.877579  best=-inf wall=0.833h
  ep3 shard 179/1720 loss=0.880953  best=-inf wall=0.838h
  ep3 shard 180/1720 loss=0.875773  best=-inf wall=0.844h
  ep3 shard 181/1720 loss=0.88294  best=-inf wall=0.849h
  ep3 shard 182/1720 loss=0.826281  best=-inf wall=0.852h
  ep3 shard 183/1720 loss=0.908574  best=-inf wall=0.857h
  ep3 shard 184/1720 loss=0.852309  best=-inf wall=0.862h
  ep3 shard 185/1720 loss=0.836942  best=-inf wall=0.868h
  ep3 shard 186/1720 loss=0.861067  best=-inf wall=0.872h
  ep3 shard 187/1720 loss=0.829912  best=-inf wall=0.877h
  ep3 shard 188/1720 loss=0.847278  best=-inf wall=0.88h
  ep3 shard 189/1720 loss=0.870248  best=-inf wall=0.882h
  ep3 shard 190/1720 loss=0.813688  best=-inf wall=0.887h
  ep3 shard 191/1720 loss=0.834506  best=-inf wall=0.89h
  ep3 shard 192/1720 loss=0.840607  best=-inf wall=0.895h
  ep3 shard 193/1720 loss=0.849031  best=-inf wall=0.899h
  ep3 shard 194/1720 loss=0.816463  best=-inf wall=0.902h
  ep3 shard 195/1720 loss=0.891231  best=-inf wall=0.907h
  ep3 shard 196/1720 loss=0.843559  best=-inf wall=0.912h
  ep3 shard 197/1720 loss=0.852821  best=-inf wall=0.916h
  ep3 shard 198/1720 loss=0.863724  best=-inf wall=0.921h
  ep3 shard 199/1720 loss=0.868615  best=-inf wall=0.926h
  ep3 shard 200/1720 loss=0.823755  best=-inf wall=0.931h
  ep3 shard 201/1720 loss=0.865975  best=-inf wall=0.936h
  ep3 shard 202/1720 loss=0.88518  best=-inf wall=0.941h
  ep3 shard 203/1720 loss=0.856037  best=-inf wall=0.945h
  ep3 shard 204/1720 loss=0.87348  best=-inf wall=0.95h
  ep3 shard 205/1720 loss=0.84549  best=-inf wall=0.955h
  ep3 shard 206/1720 loss=0.871136  best=-inf wall=0.96h
  ep3 shard 207/1720 loss=0.842437  best=-inf wall=0.965h
  ep3 shard 208/1720 loss=0.855843  best=-inf wall=0.97h
  ep3 shard 209/1720 loss=0.920574  best=-inf wall=0.975h
  ep3 shard 210/1720 loss=0.882838  best=-inf wall=0.981h
  ep3 shard 211/1720 loss=0.812342  best=-inf wall=0.986h
  ep3 shard 212/1720 loss=0.830579  best=-inf wall=0.991h
  ep3 shard 213/1720 loss=0.884328  best=-inf wall=0.996h
  ep3 shard 214/1720 loss=0.846565  best=-inf wall=1.001h
  ep3 shard 215/1720 loss=0.834917  best=-inf wall=1.006h
  ep3 shard 216/1720 loss=0.84335  best=-inf wall=1.009h
  ep3 shard 217/1720 loss=0.900459  best=-inf wall=1.014h
  ep3 shard 218/1720 loss=0.887132  best=-inf wall=1.019h
  ep3 shard 219/1720 loss=0.867501  best=-inf wall=1.024h
  ep3 shard 220/1720 loss=0.907908  best=-inf wall=1.029h
  ep3 shard 221/1720 loss=0.866116  best=-inf wall=1.034h
  ep3 shard 222/1720 loss=0.86235  best=-inf wall=1.036h
  ep3 shard 223/1720 loss=0.834765  best=-inf wall=1.042h
  ep3 shard 224/1720 loss=0.853467  best=-inf wall=1.046h
  ep3 shard 225/1720 loss=0.829641  best=-inf wall=1.051h
  ep3 shard 226/1720 loss=0.93601  best=-inf wall=1.057h
  ep3 shard 227/1720 loss=0.824561  best=-inf wall=1.059h
  ep3 shard 228/1720 loss=0.81564  best=-inf wall=1.063h
  ep3 shard 229/1720 loss=0.848827  best=-inf wall=1.066h
  ep3 shard 230/1720 loss=0.881893  best=-inf wall=1.072h
  ep3 shard 231/1720 loss=0.781686  best=-inf wall=1.077h
  ep3 shard 232/1720 loss=0.865897  best=-inf wall=1.081h
  ep3 shard 233/1720 loss=0.87094  best=-inf wall=1.086h
  ep3 shard 234/1720 loss=0.865971  best=-inf wall=1.091h
  ep3 shard 235/1720 loss=0.858607  best=-inf wall=1.096h
  ep3 shard 236/1720 loss=0.840985  best=-inf wall=1.101h
  ep3 shard 237/1720 loss=0.880732  best=-inf wall=1.106h
  ep3 shard 238/1720 loss=0.88198  best=-inf wall=1.111h
  ep3 shard 239/1720 loss=0.918242  best=-inf wall=1.116h
  ep3 shard 240/1720 loss=0.824405  best=-inf wall=1.122h
  ep3 shard 241/1720 loss=0.810727  best=-inf wall=1.127h
  ep3 shard 242/1720 loss=0.907488  best=-inf wall=1.132h
  ep3 shard 243/1720 loss=0.914469  best=-inf wall=1.133h
  ep3 shard 244/1720 loss=0.886716  best=-inf wall=1.138h
  ep3 shard 245/1720 loss=0.845281  best=-inf wall=1.143h
  ep3 shard 246/1720 loss=0.830087  best=-inf wall=1.148h
  ep3 shard 247/1720 loss=0.867676  best=-inf wall=1.153h
  ep3 shard 248/1720 loss=0.873641  best=-inf wall=1.158h
  ep3 shard 249/1720 loss=0.85654  best=-inf wall=1.164h
  ep3 shard 250/1720 loss=0.867704  best=-inf wall=1.169h
  ep3 shard 251/1720 loss=0.885018  best=-inf wall=1.174h
  ep3 shard 252/1720 loss=0.851459  best=-inf wall=1.178h
  ep3 shard 253/1720 loss=0.806543  best=-inf wall=1.183h
  ep3 shard 254/1720 loss=0.880352  best=-inf wall=1.186h
  ep3 shard 255/1720 loss=0.820461  best=-inf wall=1.189h
  ep3 shard 256/1720 loss=0.867497  best=-inf wall=1.193h
  ep3 shard 257/1720 loss=0.913752  best=-inf wall=1.197h
  ep3 shard 258/1720 loss=0.872225  best=-inf wall=1.199h
  saved epoch checkpoint -> experiments/exp028-mlp/ref20/checkpoints/ep3.pt
  ep4 shard 259/1720 loss=0.844132  best=-inf wall=1.203h
  ep4 shard 260/1720 loss=0.891292  best=-inf wall=1.208h
  ep4 shard 261/1720 loss=0.871913  best=-inf wall=1.213h
  ep4 shard 262/1720 loss=0.801617  best=-inf wall=1.218h
  ep4 shard 263/1720 loss=0.794475  best=-inf wall=1.221h
  ep4 shard 264/1720 loss=0.865776  best=-inf wall=1.226h
  ep4 shard 265/1720 loss=0.835356  best=-inf wall=1.227h
  ep4 shard 266/1720 loss=0.869009  best=-inf wall=1.232h
  ep4 shard 267/1720 loss=0.866749  best=-inf wall=1.237h
  ep4 shard 268/1720 loss=0.851572  best=-inf wall=1.24h
  ep4 shard 269/1720 loss=0.849981  best=-inf wall=1.245h
  ep4 shard 270/1720 loss=0.858064  best=-inf wall=1.25h
  ep4 shard 271/1720 loss=0.842508  best=-inf wall=1.255h
  ep4 shard 272/1720 loss=0.825169  best=-inf wall=1.26h
  ep4 shard 273/1720 loss=0.857465  best=-inf wall=1.265h
  ep4 shard 274/1720 loss=0.847808  best=-inf wall=1.27h
  ep4 shard 275/1720 loss=0.829148  best=-inf wall=1.275h
  ep4 shard 276/1720 loss=0.849654  best=-inf wall=1.279h
  ep4 shard 277/1720 loss=0.875417  best=-inf wall=1.284h
  ep4 shard 278/1720 loss=0.837468  best=-inf wall=1.289h
  ep4 shard 279/1720 loss=0.825016  best=-inf wall=1.294h
  ep4 shard 280/1720 loss=0.83869  best=-inf wall=1.299h
  ep4 shard 281/1720 loss=0.812268  best=-inf wall=1.304h
  ep4 shard 282/1720 loss=0.850758  best=-inf wall=1.309h
  ep4 shard 283/1720 loss=0.792017  best=-inf wall=1.314h
  ep4 shard 284/1720 loss=0.87276  best=-inf wall=1.319h
  ep4 shard 285/1720 loss=0.873896  best=-inf wall=1.323h
  ep4 shard 286/1720 loss=0.855052  best=-inf wall=1.328h
  ep4 shard 287/1720 loss=0.842367  best=-inf wall=1.331h
  ep4 shard 288/1720 loss=0.835631  best=-inf wall=1.336h
  ep4 shard 289/1720 loss=0.84379  best=-inf wall=1.341h
  ep4 shard 290/1720 loss=0.834208  best=-inf wall=1.345h
  ep4 shard 291/1720 loss=0.891812  best=-inf wall=1.35h
  ep4 shard 292/1720 loss=0.859847  best=-inf wall=1.355h
  ep4 shard 293/1720 loss=0.849584  best=-inf wall=1.36h
  ep4 shard 294/1720 loss=0.857651  best=-inf wall=1.365h
  ep4 shard 295/1720 loss=0.902026  best=-inf wall=1.37h
  ep4 shard 296/1720 loss=0.900425  best=-inf wall=1.375h
  ep4 shard 297/1720 loss=0.865066  best=-inf wall=1.378h
  ep4 shard 298/1720 loss=0.875881  best=-inf wall=1.382h
  ep4 shard 299/1720 loss=0.875781  best=-inf wall=1.388h
  ep4 shard 300/1720 loss=0.834158  best=-inf wall=1.392h
  ep4 shard 301/1720 loss=0.885856  best=-inf wall=1.395h
  ep4 shard 302/1720 loss=0.849155  best=-inf wall=1.398h
  ep4 shard 303/1720 loss=0.849969  best=-inf wall=1.403h
  ep4 shard 304/1720 loss=0.880193  best=-inf wall=1.408h
  ep4 shard 305/1720 loss=0.899899  best=-inf wall=1.413h
  ep4 shard 306/1720 loss=0.845351  best=-inf wall=1.418h
  ep4 shard 307/1720 loss=0.818089  best=-inf wall=1.423h
  ep4 shard 308/1720 loss=0.849286  best=-inf wall=1.428h
  ep4 shard 309/1720 loss=0.865949  best=-inf wall=1.433h
  ep4 shard 310/1720 loss=0.868741  best=-inf wall=1.438h
  ep4 shard 311/1720 loss=0.836431  best=-inf wall=1.443h
  ep4 shard 312/1720 loss=0.873398  best=-inf wall=1.448h
  ep4 shard 313/1720 loss=0.849602  best=-inf wall=1.452h
  ep4 shard 314/1720 loss=0.759104  best=-inf wall=1.457h
  ep4 shard 315/1720 loss=0.828371  best=-inf wall=1.462h
  ep4 shard 316/1720 loss=0.876925  best=-inf wall=1.467h
  ep4 shard 317/1720 loss=0.836207  best=-inf wall=1.472h
  ep4 shard 318/1720 loss=0.850768  best=-inf wall=1.476h
  ep4 shard 319/1720 loss=0.881668  best=-inf wall=1.481h
  ep4 shard 320/1720 loss=0.845137  best=-inf wall=1.487h
  ep4 shard 321/1720 loss=0.839724  best=-inf wall=1.488h
  ep4 shard 322/1720 loss=0.892625  best=-inf wall=1.493h
  ep4 shard 323/1720 loss=0.905152  best=-inf wall=1.498h
  ep4 shard 324/1720 loss=0.858534  best=-inf wall=1.503h
  ep4 shard 325/1720 loss=0.82813  best=-inf wall=1.505h
  ep4 shard 326/1720 loss=0.906194  best=-inf wall=1.508h
  ep4 shard 327/1720 loss=0.861795  best=-inf wall=1.513h
  ep4 shard 328/1720 loss=0.821427  best=-inf wall=1.515h
  ep4 shard 329/1720 loss=0.83999  best=-inf wall=1.52h
  ep4 shard 330/1720 loss=0.870405  best=-inf wall=1.524h
  ep4 shard 331/1720 loss=0.8588  best=-inf wall=1.529h
  ep4 shard 332/1720 loss=0.861493  best=-inf wall=1.532h
  ep4 shard 333/1720 loss=0.800652  best=-inf wall=1.537h
  ep4 shard 334/1720 loss=0.8502  best=-inf wall=1.542h
  ep4 shard 335/1720 loss=0.893282  best=-inf wall=1.547h
  ep4 shard 336/1720 loss=0.859634  best=-inf wall=1.552h
  ep4 shard 337/1720 loss=0.853807  best=-inf wall=1.556h
  ep4 shard 338/1720 loss=0.874848  best=-inf wall=1.56h
  ep4 shard 339/1720 loss=0.884343  best=-inf wall=1.564h
  ep4 shard 340/1720 loss=0.916409  best=-inf wall=1.569h
  ep4 shard 341/1720 loss=0.902562  best=-inf wall=1.572h
  ep4 shard 342/1720 loss=0.857694  best=-inf wall=1.577h
  ep4 shard 343/1720 loss=0.82499  best=-inf wall=1.582h
  ep4 shard 344/1720 loss=0.790314  best=-inf wall=1.587h
  saved epoch checkpoint -> experiments/exp028-mlp/ref20/checkpoints/ep4.pt
  ep5 shard 345/1720 loss=0.835888  best=-inf wall=1.592h
  ep5 shard 346/1720 loss=0.87588  best=-inf wall=1.596h
  ep5 shard 347/1720 loss=0.811252  best=-inf wall=1.601h
  ep5 shard 348/1720 loss=0.863865  best=-inf wall=1.606h
  ep5 shard 349/1720 loss=0.855071  best=-inf wall=1.609h
  ep5 shard 350/1720 loss=0.810544  best=-inf wall=1.612h
  ep5 shard 351/1720 loss=0.832162  best=-inf wall=1.616h
  ep5 shard 352/1720 loss=0.825877  best=-inf wall=1.621h
  ep5 shard 353/1720 loss=0.79631  best=-inf wall=1.624h
  ep5 shard 354/1720 loss=0.839088  best=-inf wall=1.629h
  ep5 shard 355/1720 loss=0.928985  best=-inf wall=1.634h
  ep5 shard 356/1720 loss=0.891535  best=-inf wall=1.639h
  ep5 shard 357/1720 loss=0.878065  best=-inf wall=1.644h
  ep5 shard 358/1720 loss=0.912513  best=-inf wall=1.649h
  ep5 shard 359/1720 loss=0.886379  best=-inf wall=1.652h
  ep5 shard 360/1720 loss=0.834947  best=-inf wall=1.657h
  ep5 shard 361/1720 loss=0.847925  best=-inf wall=1.661h
  ep5 shard 362/1720 loss=0.859687  best=-inf wall=1.666h
  ep5 shard 363/1720 loss=0.855289  best=-inf wall=1.671h
  ep5 shard 364/1720 loss=0.905124  best=-inf wall=1.676h
  ep5 shard 365/1720 loss=0.825788  best=-inf wall=1.682h
  ep5 shard 366/1720 loss=0.836815  best=-inf wall=1.687h
  ep5 shard 367/1720 loss=0.872779  best=-inf wall=1.689h
  ep5 shard 368/1720 loss=0.843963  best=-inf wall=1.694h
  ep5 shard 369/1720 loss=0.861068  best=-inf wall=1.699h
  ep5 shard 370/1720 loss=0.852432  best=-inf wall=1.704h
  ep5 shard 371/1720 loss=0.870513  best=-inf wall=1.707h
  ep5 shard 372/1720 loss=0.837919  best=-inf wall=1.711h
  ep5 shard 373/1720 loss=0.799997  best=-inf wall=1.713h
  ep5 shard 374/1720 loss=0.881201  best=-inf wall=1.718h
  ep5 shard 375/1720 loss=0.82354  best=-inf wall=1.723h
  ep5 shard 376/1720 loss=0.878801  best=-inf wall=1.728h
  ep5 shard 377/1720 loss=0.786597  best=-inf wall=1.733h
  ep5 shard 378/1720 loss=0.908724  best=-inf wall=1.738h
  ep5 shard 379/1720 loss=0.828087  best=-inf wall=1.743h
  ep5 shard 380/1720 loss=0.853733  best=-inf wall=1.748h
  ep5 shard 381/1720 loss=0.871056  best=-inf wall=1.752h
  ep5 shard 382/1720 loss=0.823618  best=-inf wall=1.757h
  ep5 shard 383/1720 loss=0.866947  best=-inf wall=1.762h
  ep5 shard 384/1720 loss=0.824071  best=-inf wall=1.766h
  ep5 shard 385/1720 loss=0.836345  best=-inf wall=1.771h
  ep5 shard 386/1720 loss=0.872093  best=-inf wall=1.776h
  ep5 shard 387/1720 loss=0.83038  best=-inf wall=1.781h
  ep5 shard 388/1720 loss=0.854419  best=-inf wall=1.786h
  ep5 shard 389/1720 loss=0.836843  best=-inf wall=1.787h
  ep5 shard 390/1720 loss=0.858934  best=-inf wall=1.79h
  ep5 shard 391/1720 loss=0.836014  best=-inf wall=1.796h
  ep5 shard 392/1720 loss=0.87455  best=-inf wall=1.801h
  ep5 shard 393/1720 loss=0.862275  best=-inf wall=1.805h
  ep5 shard 394/1720 loss=0.812414  best=-inf wall=1.809h
  ep5 shard 395/1720 loss=0.869914  best=-inf wall=1.814h
  ep5 shard 396/1720 loss=0.858764  best=-inf wall=1.819h
  ep5 shard 397/1720 loss=0.867063  best=-inf wall=1.824h
  ep5 shard 398/1720 loss=0.832602  best=-inf wall=1.828h
  ep5 shard 399/1720 loss=0.900975  best=-inf wall=1.833h
  ep5 shard 400/1720 loss=0.865816  best=-inf wall=1.838h
  ep5 shard 401/1720 loss=0.860417  best=-inf wall=1.843h
  ep5 shard 402/1720 loss=0.836755  best=-inf wall=1.848h
  ep5 shard 403/1720 loss=0.848485  best=-inf wall=1.853h
  ep5 shard 404/1720 loss=0.852196  best=-inf wall=1.859h
  ep5 shard 405/1720 loss=0.859293  best=-inf wall=1.861h
  ep5 shard 406/1720 loss=0.824085  best=-inf wall=1.866h
  ep5 shard 407/1720 loss=0.839763  best=-inf wall=1.871h
  ep5 shard 408/1720 loss=0.864287  best=-inf wall=1.876h
  ep5 shard 409/1720 loss=0.862744  best=-inf wall=1.881h
  ep5 shard 410/1720 loss=0.880662  best=-inf wall=1.886h
  ep5 shard 411/1720 loss=0.860796  best=-inf wall=1.891h
  ep5 shard 412/1720 loss=0.812518  best=-inf wall=1.894h
  ep5 shard 413/1720 loss=0.856416  best=-inf wall=1.899h
  ep5 shard 414/1720 loss=0.836126  best=-inf wall=1.902h
  ep5 shard 415/1720 loss=0.887431  best=-inf wall=1.907h
  ep5 shard 416/1720 loss=0.853627  best=-inf wall=1.912h
  ep5 shard 417/1720 loss=0.829839  best=-inf wall=1.917h
  ep5 shard 418/1720 loss=0.846684  best=-inf wall=1.922h
  ep5 shard 419/1720 loss=0.834277  best=-inf wall=1.927h
  ep5 shard 420/1720 loss=0.874221  best=-inf wall=1.928h
  ep5 shard 421/1720 loss=0.865397  best=-inf wall=1.931h
  ep5 shard 422/1720 loss=0.840602  best=-inf wall=1.936h
  ep5 shard 423/1720 loss=0.823219  best=-inf wall=1.941h
  ep5 shard 424/1720 loss=0.866462  best=-inf wall=1.946h
  ep5 shard 425/1720 loss=0.878083  best=-inf wall=1.951h
  ep5 shard 426/1720 loss=0.862005  best=-inf wall=1.956h
  ep5 shard 427/1720 loss=0.832258  best=-inf wall=1.961h
  ep5 shard 428/1720 loss=0.880015  best=-inf wall=1.966h
  ep5 shard 429/1720 loss=0.861187  best=-inf wall=1.971h
  ep5 shard 430/1720 loss=0.848404  best=-inf wall=1.975h
  saved epoch checkpoint -> experiments/exp028-mlp/ref20/checkpoints/ep5.pt
  ep6 shard 431/1720 loss=0.865403  best=-inf wall=1.98h
  ep6 shard 432/1720 loss=0.87887  best=-inf wall=1.985h
  ep6 shard 433/1720 loss=0.863709  best=-inf wall=1.987h
  ep6 shard 434/1720 loss=0.868623  best=-inf wall=1.989h
  ep6 shard 435/1720 loss=0.884485  best=-inf wall=1.994h
  ep6 shard 436/1720 loss=0.856665  best=-inf wall=1.998h
  ep6 shard 437/1720 loss=0.854293  best=-inf wall=2.004h
  ep6 shard 438/1720 loss=0.859275  best=-inf wall=2.008h
  ep6 shard 439/1720 loss=0.843082  best=-inf wall=2.011h
  ep6 shard 440/1720 loss=0.820707  best=-inf wall=2.016h
  ep6 shard 441/1720 loss=0.855733  best=-inf wall=2.021h
  ep6 shard 442/1720 loss=0.887082  best=-inf wall=2.026h
  ep6 shard 443/1720 loss=0.821233  best=-inf wall=2.031h
  ep6 shard 444/1720 loss=0.875718  best=-inf wall=2.035h
  ep6 shard 445/1720 loss=0.872698  best=-inf wall=2.041h
  ep6 shard 446/1720 loss=0.873814  best=-inf wall=2.046h
  ep6 shard 447/1720 loss=0.827033  best=-inf wall=2.05h
  ep6 shard 448/1720 loss=0.859475  best=-inf wall=2.055h
  ep6 shard 449/1720 loss=0.89772  best=-inf wall=2.06h
  ep6 shard 450/1720 loss=0.830281  best=-inf wall=2.065h
  ep6 shard 451/1720 loss=0.826895  best=-inf wall=2.068h
  ep6 shard 452/1720 loss=0.92756  best=-inf wall=2.073h
  ep6 shard 453/1720 loss=0.840372  best=-inf wall=2.078h
  ep6 shard 454/1720 loss=0.859849  best=-inf wall=2.083h
  ep6 shard 455/1720 loss=0.852653  best=-inf wall=2.088h
  ep6 shard 456/1720 loss=0.887602  best=-inf wall=2.093h
  ep6 shard 457/1720 loss=0.85363  best=-inf wall=2.098h
  ep6 shard 458/1720 loss=0.853047  best=-inf wall=2.103h
  ep6 shard 459/1720 loss=0.876041  best=-inf wall=2.108h
  ep6 shard 460/1720 loss=0.893009  best=-inf wall=2.113h
  ep6 shard 461/1720 loss=0.855676  best=-inf wall=2.118h
  ep6 shard 462/1720 loss=0.870883  best=-inf wall=2.123h
  ep6 shard 463/1720 loss=0.869022  best=-inf wall=2.128h
  ep6 shard 464/1720 loss=0.804051  best=-inf wall=2.133h
  ep6 shard 465/1720 loss=0.863973  best=-inf wall=2.138h
  ep6 shard 466/1720 loss=0.823789  best=-inf wall=2.143h
  ep6 shard 467/1720 loss=0.860497  best=-inf wall=2.146h
  ep6 shard 468/1720 loss=0.822483  best=-inf wall=2.151h
  ep6 shard 469/1720 loss=0.859433  best=-inf wall=2.156h
  ep6 shard 470/1720 loss=0.854461  best=-inf wall=2.161h
  ep6 shard 471/1720 loss=0.845067  best=-inf wall=2.164h
  ep6 shard 472/1720 loss=0.831347  best=-inf wall=2.169h
  ep6 shard 473/1720 loss=0.90813  best=-inf wall=2.174h
  ep6 shard 474/1720 loss=0.830406  best=-inf wall=2.179h
  ep6 shard 475/1720 loss=0.85664  best=-inf wall=2.184h
  ep6 shard 476/1720 loss=0.821986  best=-inf wall=2.189h
  ep6 shard 477/1720 loss=0.887455  best=-inf wall=2.194h
  ep6 shard 478/1720 loss=0.851494  best=-inf wall=2.199h
  ep6 shard 479/1720 loss=0.852906  best=-inf wall=2.204h
  ep6 shard 480/1720 loss=0.89303  best=-inf wall=2.209h
  ep6 shard 481/1720 loss=0.906823  best=-inf wall=2.213h
  ep6 shard 482/1720 loss=0.867957  best=-inf wall=2.216h
  ep6 shard 483/1720 loss=0.832433  best=-inf wall=2.22h
  ep6 shard 484/1720 loss=0.833847  best=-inf wall=2.225h
  ep6 shard 485/1720 loss=0.82801  best=-inf wall=2.23h
  ep6 shard 486/1720 loss=0.86981  best=-inf wall=2.235h
  ep6 shard 487/1720 loss=0.857209  best=-inf wall=2.24h
  ep6 shard 488/1720 loss=0.814049  best=-inf wall=2.245h
  ep6 shard 489/1720 loss=0.833589  best=-inf wall=2.25h
  ep6 shard 490/1720 loss=0.857706  best=-inf wall=2.255h
  ep6 shard 491/1720 loss=0.861765  best=-inf wall=2.26h
  ep6 shard 492/1720 loss=0.885494  best=-inf wall=2.265h
  ep6 shard 493/1720 loss=0.863132  best=-inf wall=2.27h
  ep6 shard 494/1720 loss=0.807335  best=-inf wall=2.274h
  ep6 shard 495/1720 loss=0.871257  best=-inf wall=2.277h
  ep6 shard 496/1720 loss=0.878324  best=-inf wall=2.282h
  ep6 shard 497/1720 loss=0.840662  best=-inf wall=2.285h
  ep6 shard 498/1720 loss=0.846453  best=-inf wall=2.29h
  ep6 shard 499/1720 loss=0.85433  best=-inf wall=2.295h
  ep6 shard 500/1720 loss=0.870269  best=-inf wall=2.3h
  ep6 shard 501/1720 loss=0.874724  best=-inf wall=2.304h
  ep6 shard 502/1720 loss=0.848288  best=-inf wall=2.309h
  ep6 shard 503/1720 loss=0.826452  best=-inf wall=2.313h
  ep6 shard 504/1720 loss=0.830017  best=-inf wall=2.318h
  ep6 shard 505/1720 loss=0.831329  best=-inf wall=2.321h
  ep6 shard 506/1720 loss=0.872245  best=-inf wall=2.326h
  ep6 shard 507/1720 loss=0.844081  best=-inf wall=2.331h
  ep6 shard 508/1720 loss=0.90283  best=-inf wall=2.336h
  ep6 shard 509/1720 loss=0.874532  best=-inf wall=2.339h
  ep6 shard 510/1720 loss=0.848304  best=-inf wall=2.34h
  ep6 shard 511/1720 loss=0.870968  best=-inf wall=2.344h
  ep6 shard 512/1720 loss=0.855109  best=-inf wall=2.349h
  ep6 shard 513/1720 loss=0.84206  best=-inf wall=2.355h
  ep6 shard 514/1720 loss=0.894189  best=-inf wall=2.359h
  ep6 shard 515/1720 loss=0.846913  best=-inf wall=2.363h
  ep6 shard 516/1720 loss=0.818813  best=-inf wall=2.366h
  saved epoch checkpoint -> experiments/exp028-mlp/ref20/checkpoints/ep6.pt
  ep7 shard 517/1720 loss=0.887905  best=-inf wall=2.371h
  ep7 shard 518/1720 loss=0.875005  best=-inf wall=2.376h
  ep7 shard 519/1720 loss=0.876011  best=-inf wall=2.381h
  ep7 shard 520/1720 loss=0.843875  best=-inf wall=2.386h
  ep7 shard 521/1720 loss=0.869672  best=-inf wall=2.388h
  ep7 shard 522/1720 loss=0.868774  best=-inf wall=2.393h
  ep7 shard 523/1720 loss=0.865633  best=-inf wall=2.398h
  ep7 shard 524/1720 loss=0.857981  best=-inf wall=2.403h
  ep7 shard 525/1720 loss=0.868663  best=-inf wall=2.407h
  ep7 shard 526/1720 loss=0.861488  best=-inf wall=2.412h
  ep7 shard 527/1720 loss=0.867777  best=-inf wall=2.415h
  ep7 shard 528/1720 loss=0.815332  best=-inf wall=2.419h
  ep7 shard 529/1720 loss=0.840885  best=-inf wall=2.424h
  ep7 shard 530/1720 loss=0.908933  best=-inf wall=2.429h
  ep7 shard 531/1720 loss=0.890489  best=-inf wall=2.434h
  ep7 shard 532/1720 loss=0.823666  best=-inf wall=2.439h
  ep7 shard 533/1720 loss=0.836173  best=-inf wall=2.444h
  ep7 shard 534/1720 loss=0.836034  best=-inf wall=2.447h
  ep7 shard 535/1720 loss=0.837339  best=-inf wall=2.452h
  ep7 shard 536/1720 loss=0.883014  best=-inf wall=2.457h
  ep7 shard 537/1720 loss=0.897784  best=-inf wall=2.461h
  ep7 shard 538/1720 loss=0.85438  best=-inf wall=2.464h
  ep7 shard 539/1720 loss=0.854204  best=-inf wall=2.468h
  ep7 shard 540/1720 loss=0.826047  best=-inf wall=2.471h
  ep7 shard 541/1720 loss=0.865898  best=-inf wall=2.476h
  ep7 shard 542/1720 loss=0.812991  best=-inf wall=2.481h
  ep7 shard 543/1720 loss=0.872389  best=-inf wall=2.483h
  ep7 shard 544/1720 loss=0.896879  best=-inf wall=2.488h
  ep7 shard 545/1720 loss=0.823069  best=-inf wall=2.493h
  ep7 shard 546/1720 loss=0.840572  best=-inf wall=2.497h
  ep7 shard 547/1720 loss=0.841658  best=-inf wall=2.502h
  ep7 shard 548/1720 loss=0.855584  best=-inf wall=2.506h
  ep7 shard 549/1720 loss=0.863148  best=-inf wall=2.511h
  ep7 shard 550/1720 loss=0.863409  best=-inf wall=2.516h
  ep7 shard 551/1720 loss=0.868555  best=-inf wall=2.521h
  ep7 shard 552/1720 loss=0.854968  best=-inf wall=2.524h
  ep7 shard 553/1720 loss=0.862372  best=-inf wall=2.529h
  ep7 shard 554/1720 loss=0.843147  best=-inf wall=2.534h
  ep7 shard 555/1720 loss=0.839416  best=-inf wall=2.539h
  ep7 shard 556/1720 loss=0.872737  best=-inf wall=2.544h
  ep7 shard 557/1720 loss=0.868657  best=-inf wall=2.549h
  ep7 shard 558/1720 loss=0.880236  best=-inf wall=2.552h
  ep7 shard 559/1720 loss=0.863265  best=-inf wall=2.557h
  ep7 shard 560/1720 loss=0.813314  best=-inf wall=2.562h
  ep7 shard 561/1720 loss=0.860666  best=-inf wall=2.566h
  ep7 shard 562/1720 loss=0.863494  best=-inf wall=2.571h
  ep7 shard 563/1720 loss=0.820756  best=-inf wall=2.576h
  ep7 shard 564/1720 loss=0.852776  best=-inf wall=2.581h
  ep7 shard 565/1720 loss=0.829713  best=-inf wall=2.586h
  ep7 shard 566/1720 loss=0.868671  best=-inf wall=2.591h
  ep7 shard 567/1720 loss=0.873048  best=-inf wall=2.596h
  ep7 shard 568/1720 loss=0.838733  best=-inf wall=2.601h
  ep7 shard 569/1720 loss=0.858666  best=-inf wall=2.603h
  ep7 shard 570/1720 loss=0.85753  best=-inf wall=2.608h
  ep7 shard 571/1720 loss=0.86648  best=-inf wall=2.612h
  ep7 shard 572/1720 loss=0.8904  best=-inf wall=2.617h
  ep7 shard 573/1720 loss=0.871788  best=-inf wall=2.622h
  ep7 shard 574/1720 loss=0.852589  best=-inf wall=2.623h
  ep7 shard 575/1720 loss=0.854847  best=-inf wall=2.628h
  ep7 shard 576/1720 loss=0.859231  best=-inf wall=2.631h
  ep7 shard 577/1720 loss=0.901862  best=-inf wall=2.634h
  ep7 shard 578/1720 loss=0.823586  best=-inf wall=2.637h
  ep7 shard 579/1720 loss=0.837752  best=-inf wall=2.642h
  ep7 shard 580/1720 loss=0.844927  best=-inf wall=2.647h
  ep7 shard 581/1720 loss=0.813632  best=-inf wall=2.652h
  ep7 shard 582/1720 loss=0.876004  best=-inf wall=2.657h
  ep7 shard 583/1720 loss=0.853028  best=-inf wall=2.662h
  ep7 shard 584/1720 loss=0.814841  best=-inf wall=2.667h
  ep7 shard 585/1720 loss=0.866334  best=-inf wall=2.672h
  ep7 shard 586/1720 loss=0.849587  best=-inf wall=2.677h
  ep7 shard 587/1720 loss=0.876752  best=-inf wall=2.682h
  ep7 shard 588/1720 loss=0.889647  best=-inf wall=2.687h
  ep7 shard 589/1720 loss=0.898547  best=-inf wall=2.693h
  ep7 shard 590/1720 loss=0.880192  best=-inf wall=2.697h
  ep7 shard 591/1720 loss=0.88066  best=-inf wall=2.702h
  ep7 shard 592/1720 loss=0.859608  best=-inf wall=2.707h
  ep7 shard 593/1720 loss=0.874295  best=-inf wall=2.712h
  ep7 shard 594/1720 loss=0.833993  best=-inf wall=2.717h
  ep7 shard 595/1720 loss=0.851972  best=-inf wall=2.722h
  ep7 shard 596/1720 loss=0.818548  best=-inf wall=2.727h
  ep7 shard 597/1720 loss=0.838778  best=-inf wall=2.731h
  ep7 shard 598/1720 loss=0.852517  best=-inf wall=2.737h
  ep7 shard 599/1720 loss=0.820686  best=-inf wall=2.74h
  ep7 shard 600/1720 loss=0.840552  best=-inf wall=2.746h
  ep7 shard 601/1720 loss=0.904689  best=-inf wall=2.751h
  ep7 shard 602/1720 loss=0.862545  best=-inf wall=2.756h
  saved epoch checkpoint -> experiments/exp028-mlp/ref20/checkpoints/ep7.pt
  ep8 shard 603/1720 loss=0.820645  best=-inf wall=2.76h
  ep8 shard 604/1720 loss=0.845251  best=-inf wall=2.765h
  ep8 shard 605/1720 loss=0.868871  best=-inf wall=2.77h
  ep8 shard 606/1720 loss=0.881019  best=-inf wall=2.773h
  ep8 shard 607/1720 loss=0.843654  best=-inf wall=2.775h
  ep8 shard 608/1720 loss=0.831446  best=-inf wall=2.778h
  ep8 shard 609/1720 loss=0.84166  best=-inf wall=2.783h
  ep8 shard 610/1720 loss=0.874152  best=-inf wall=2.786h
  ep8 shard 611/1720 loss=0.810517  best=-inf wall=2.791h
  ep8 shard 612/1720 loss=0.826281  best=-inf wall=2.796h
  ep8 shard 613/1720 loss=0.842992  best=-inf wall=2.799h
  ep8 shard 614/1720 loss=0.818843  best=-inf wall=2.804h
  ep8 shard 615/1720 loss=0.85419  best=-inf wall=2.808h
  ep8 shard 616/1720 loss=0.855704  best=-inf wall=2.813h
  ep8 shard 617/1720 loss=0.901012  best=-inf wall=2.818h
  ep8 shard 618/1720 loss=0.885905  best=-inf wall=2.823h
  ep8 shard 619/1720 loss=0.848057  best=-inf wall=2.828h
  ep8 shard 620/1720 loss=0.825727  best=-inf wall=2.831h
  ep8 shard 621/1720 loss=0.835015  best=-inf wall=2.836h
  ep8 shard 622/1720 loss=0.85069  best=-inf wall=2.841h
  ep8 shard 623/1720 loss=0.885467  best=-inf wall=2.846h
  ep8 shard 624/1720 loss=0.866916  best=-inf wall=2.851h
  ep8 shard 625/1720 loss=0.860336  best=-inf wall=2.855h
  ep8 shard 626/1720 loss=0.895228  best=-inf wall=2.861h
  ep8 shard 627/1720 loss=0.860629  best=-inf wall=2.865h
  ep8 shard 628/1720 loss=0.859742  best=-inf wall=2.87h
  ep8 shard 629/1720 loss=0.833625  best=-inf wall=2.875h
  ep8 shard 630/1720 loss=0.855581  best=-inf wall=2.88h
  ep8 shard 631/1720 loss=0.83871  best=-inf wall=2.885h
  ep8 shard 632/1720 loss=0.846908  best=-inf wall=2.887h
  ep8 shard 633/1720 loss=0.823281  best=-inf wall=2.892h
  ep8 shard 634/1720 loss=0.797062  best=-inf wall=2.897h
  ep8 shard 635/1720 loss=0.847486  best=-inf wall=2.902h
  ep8 shard 636/1720 loss=0.882314  best=-inf wall=2.905h
  ep8 shard 637/1720 loss=0.855072  best=-inf wall=2.908h
  ep8 shard 638/1720 loss=0.845336  best=-inf wall=2.913h
  ep8 shard 639/1720 loss=0.891627  best=-inf wall=2.918h
  ep8 shard 640/1720 loss=0.83783  best=-inf wall=2.92h
  ep8 shard 641/1720 loss=0.888017  best=-inf wall=2.926h
  ep8 shard 642/1720 loss=0.826961  best=-inf wall=2.931h
  ep8 shard 643/1720 loss=0.832938  best=-inf wall=2.935h
  ep8 shard 644/1720 loss=0.862273  best=-inf wall=2.94h
  ep8 shard 645/1720 loss=0.850286  best=-inf wall=2.943h
  ep8 shard 646/1720 loss=0.860774  best=-inf wall=2.948h
  ep8 shard 647/1720 loss=0.838607  best=-inf wall=2.952h
  ep8 shard 648/1720 loss=0.854889  best=-inf wall=2.958h
  ep8 shard 649/1720 loss=0.845233  best=-inf wall=2.963h
  ep8 shard 650/1720 loss=0.835048  best=-inf wall=2.968h
  ep8 shard 651/1720 loss=0.823942  best=-inf wall=2.973h
  ep8 shard 652/1720 loss=0.877011  best=-inf wall=2.978h
  ep8 shard 653/1720 loss=0.864871  best=-inf wall=2.983h
  ep8 shard 654/1720 loss=0.866503  best=-inf wall=2.985h
  ep8 shard 655/1720 loss=0.854058  best=-inf wall=2.99h
  ep8 shard 656/1720 loss=0.850642  best=-inf wall=2.995h
  ep8 shard 657/1720 loss=0.836578  best=-inf wall=3.0h
  ep8 shard 658/1720 loss=0.881473  best=-inf wall=3.005h
  ep8 shard 659/1720 loss=0.847445  best=-inf wall=3.01h
  ep8 shard 660/1720 loss=0.861254  best=-inf wall=3.013h
  ep8 shard 661/1720 loss=0.858508  best=-inf wall=3.018h
  ep8 shard 662/1720 loss=0.826289  best=-inf wall=3.022h
  ep8 shard 663/1720 loss=0.862633  best=-inf wall=3.025h
  ep8 shard 664/1720 loss=0.913304  best=-inf wall=3.031h
  ep8 shard 665/1720 loss=0.851319  best=-inf wall=3.035h
  ep8 shard 666/1720 loss=0.841804  best=-inf wall=3.04h
  ep8 shard 667/1720 loss=0.862071  best=-inf wall=3.045h
  ep8 shard 668/1720 loss=0.858567  best=-inf wall=3.05h
  ep8 shard 669/1720 loss=0.873217  best=-inf wall=3.054h
  ep8 shard 670/1720 loss=0.875018  best=-inf wall=3.059h
  ep8 shard 671/1720 loss=0.883627  best=-inf wall=3.064h
  ep8 shard 672/1720 loss=0.867888  best=-inf wall=3.069h
  ep8 shard 673/1720 loss=0.818883  best=-inf wall=3.074h
  ep8 shard 674/1720 loss=0.838866  best=-inf wall=3.078h
  ep8 shard 675/1720 loss=0.85095  best=-inf wall=3.083h
  ep8 shard 676/1720 loss=0.851161  best=-inf wall=3.088h
  ep8 shard 677/1720 loss=0.870881  best=-inf wall=3.092h
  ep8 shard 678/1720 loss=0.821223  best=-inf wall=3.097h
  ep8 shard 679/1720 loss=0.835312  best=-inf wall=3.102h
  ep8 shard 680/1720 loss=0.820728  best=-inf wall=3.108h
  ep8 shard 681/1720 loss=0.869146  best=-inf wall=3.11h
  ep8 shard 682/1720 loss=0.839883  best=-inf wall=3.115h
  ep8 shard 683/1720 loss=0.856925  best=-inf wall=3.121h
  ep8 shard 684/1720 loss=0.833568  best=-inf wall=3.125h
  ep8 shard 685/1720 loss=0.797789  best=-inf wall=3.13h
  ep8 shard 686/1720 loss=0.861562  best=-inf wall=3.135h
  ep8 shard 687/1720 loss=0.849365  best=-inf wall=3.141h
  ep8 shard 688/1720 loss=0.834314  best=-inf wall=3.146h
  saved epoch checkpoint -> experiments/exp028-mlp/ref20/checkpoints/ep8.pt
  ep9 shard 689/1720 loss=0.838143  best=-inf wall=3.15h
  ep9 shard 690/1720 loss=0.881224  best=-inf wall=3.156h
  ep9 shard 691/1720 loss=0.854455  best=-inf wall=3.161h
  ep9 shard 692/1720 loss=0.897937  best=-inf wall=3.166h
  ep9 shard 693/1720 loss=0.83139  best=-inf wall=3.171h
  ep9 shard 694/1720 loss=0.834584  best=-inf wall=3.172h
  ep9 shard 695/1720 loss=0.863506  best=-inf wall=3.177h
  ep9 shard 696/1720 loss=0.807358  best=-inf wall=3.182h
  ep9 shard 697/1720 loss=0.841392  best=-inf wall=3.187h
  ep9 shard 698/1720 loss=0.861983  best=-inf wall=3.192h
  ep9 shard 699/1720 loss=0.894106  best=-inf wall=3.197h
  ep9 shard 700/1720 loss=0.867284  best=-inf wall=3.201h
  ep9 shard 701/1720 loss=0.85109  best=-inf wall=3.206h
  ep9 shard 702/1720 loss=0.879251  best=-inf wall=3.21h
  ep9 shard 703/1720 loss=0.860265  best=-inf wall=3.215h
  ep9 shard 704/1720 loss=0.838433  best=-inf wall=3.22h
  ep9 shard 705/1720 loss=0.845852  best=-inf wall=3.223h
  ep9 shard 706/1720 loss=0.824939  best=-inf wall=3.227h
  ep9 shard 707/1720 loss=0.871354  best=-inf wall=3.232h
  ep9 shard 708/1720 loss=0.837601  best=-inf wall=3.236h
  ep9 shard 709/1720 loss=0.884799  best=-inf wall=3.24h
  ep9 shard 710/1720 loss=0.892347  best=-inf wall=3.243h
  ep9 shard 711/1720 loss=0.839681  best=-inf wall=3.248h
  ep9 shard 712/1720 loss=0.864422  best=-inf wall=3.253h
  ep9 shard 713/1720 loss=0.817428  best=-inf wall=3.258h
  ep9 shard 714/1720 loss=0.844663  best=-inf wall=3.261h
  ep9 shard 715/1720 loss=0.815465  best=-inf wall=3.266h
  ep9 shard 716/1720 loss=0.820823  best=-inf wall=3.271h
  ep9 shard 717/1720 loss=0.826457  best=-inf wall=3.276h
  ep9 shard 718/1720 loss=0.901913  best=-inf wall=3.281h
  ep9 shard 719/1720 loss=0.817863  best=-inf wall=3.286h
  ep9 shard 720/1720 loss=0.827549  best=-inf wall=3.291h
  ep9 shard 721/1720 loss=0.854284  best=-inf wall=3.296h
  ep9 shard 722/1720 loss=0.864479  best=-inf wall=3.301h
  ep9 shard 723/1720 loss=0.864719  best=-inf wall=3.307h
  ep9 shard 724/1720 loss=0.86268  best=-inf wall=3.311h
  ep9 shard 725/1720 loss=0.85835  best=-inf wall=3.314h
  ep9 shard 726/1720 loss=0.904614  best=-inf wall=3.319h
  ep9 shard 727/1720 loss=0.861879  best=-inf wall=3.324h
  ep9 shard 728/1720 loss=0.921181  best=-inf wall=3.328h
  ep9 shard 729/1720 loss=0.850169  best=-inf wall=3.333h
  ep9 shard 730/1720 loss=0.829111  best=-inf wall=3.338h
  ep9 shard 731/1720 loss=0.812981  best=-inf wall=3.343h
  ep9 shard 732/1720 loss=0.860611  best=-inf wall=3.349h
  ep9 shard 733/1720 loss=0.816099  best=-inf wall=3.354h
  ep9 shard 734/1720 loss=0.850173  best=-inf wall=3.359h
  ep9 shard 735/1720 loss=0.895288  best=-inf wall=3.362h
  ep9 shard 736/1720 loss=0.79299  best=-inf wall=3.367h
  ep9 shard 737/1720 loss=0.898438  best=-inf wall=3.371h
  ep9 shard 738/1720 loss=0.850196  best=-inf wall=3.376h
  ep9 shard 739/1720 loss=0.829436  best=-inf wall=3.381h
  ep9 shard 740/1720 loss=0.872495  best=-inf wall=3.386h
  ep9 shard 741/1720 loss=0.881113  best=-inf wall=3.387h
  ep9 shard 742/1720 loss=0.804302  best=-inf wall=3.393h
  ep9 shard 743/1720 loss=0.822487  best=-inf wall=3.398h
  ep9 shard 744/1720 loss=0.890639  best=-inf wall=3.403h
  ep9 shard 745/1720 loss=0.861057  best=-inf wall=3.408h
  ep9 shard 746/1720 loss=0.8549  best=-inf wall=3.413h
  ep9 shard 747/1720 loss=0.826454  best=-inf wall=3.416h
  ep9 shard 748/1720 loss=0.870264  best=-inf wall=3.421h
  ep9 shard 749/1720 loss=0.876899  best=-inf wall=3.426h
  ep9 shard 750/1720 loss=0.847306  best=-inf wall=3.431h
  ep9 shard 751/1720 loss=0.863656  best=-inf wall=3.434h
  ep9 shard 752/1720 loss=0.855058  best=-inf wall=3.439h
  ep9 shard 753/1720 loss=0.878445  best=-inf wall=3.444h
  ep9 shard 754/1720 loss=0.870581  best=-inf wall=3.447h
  ep9 shard 755/1720 loss=0.894396  best=-inf wall=3.452h
  ep9 shard 756/1720 loss=0.875471  best=-inf wall=3.457h
  ep9 shard 757/1720 loss=0.906573  best=-inf wall=3.462h
  ep9 shard 758/1720 loss=0.821256  best=-inf wall=3.466h
  ep9 shard 759/1720 loss=0.811379  best=-inf wall=3.471h
  ep9 shard 760/1720 loss=0.846629  best=-inf wall=3.476h
  ep9 shard 761/1720 loss=0.855011  best=-inf wall=3.481h
  ep9 shard 762/1720 loss=0.852083  best=-inf wall=3.486h
  ep9 shard 763/1720 loss=0.833748  best=-inf wall=3.492h
  ep9 shard 764/1720 loss=0.85567  best=-inf wall=3.497h
  ep9 shard 765/1720 loss=0.856208  best=-inf wall=3.499h
  ep9 shard 766/1720 loss=0.872639  best=-inf wall=3.504h
  ep9 shard 767/1720 loss=0.870195  best=-inf wall=3.508h
  ep9 shard 768/1720 loss=0.884591  best=-inf wall=3.513h
  ep9 shard 769/1720 loss=0.846491  best=-inf wall=3.518h
  ep9 shard 770/1720 loss=0.852033  best=-inf wall=3.523h
  ep9 shard 771/1720 loss=0.883623  best=-inf wall=3.525h
  ep9 shard 772/1720 loss=0.826572  best=-inf wall=3.53h
  ep9 shard 773/1720 loss=0.877447  best=-inf wall=3.532h
  ep9 shard 774/1720 loss=0.867932  best=-inf wall=3.537h
  saved epoch checkpoint -> experiments/exp028-mlp/ref20/checkpoints/ep9.pt
  ep10 shard 775/1720 loss=0.8629  best=-inf wall=3.542h
  ep10 shard 776/1720 loss=0.841006  best=-inf wall=3.547h
  ep10 shard 777/1720 loss=0.834027  best=-inf wall=3.552h
  ep10 shard 778/1720 loss=0.85484  best=-inf wall=3.557h
  ep10 shard 779/1720 loss=0.843958  best=-inf wall=3.56h
  ep10 shard 780/1720 loss=0.845786  best=-inf wall=3.565h
  ep10 shard 781/1720 loss=0.859834  best=-inf wall=3.57h
  ep10 shard 782/1720 loss=0.865724  best=-inf wall=3.575h
  ep10 shard 783/1720 loss=0.824817  best=-inf wall=3.58h
  ep10 shard 784/1720 loss=0.869626  best=-inf wall=3.585h
  ep10 shard 785/1720 loss=0.854364  best=-inf wall=3.59h
  ep10 shard 786/1720 loss=0.802218  best=-inf wall=3.596h
  ep10 shard 787/1720 loss=0.83362  best=-inf wall=3.6h
  ep10 shard 788/1720 loss=0.866951  best=-inf wall=3.605h
  ep10 shard 789/1720 loss=0.849074  best=-inf wall=3.609h
  ep10 shard 790/1720 loss=0.894274  best=-inf wall=3.614h
  ep10 shard 791/1720 loss=0.904304  best=-inf wall=3.618h
  ep10 shard 792/1720 loss=0.869326  best=-inf wall=3.623h
  ep10 shard 793/1720 loss=0.837727  best=-inf wall=3.628h
  ep10 shard 794/1720 loss=0.789814  best=-inf wall=3.633h
  ep10 shard 795/1720 loss=0.85878  best=-inf wall=3.638h
  ep10 shard 796/1720 loss=0.816223  best=-inf wall=3.643h
  ep10 shard 797/1720 loss=0.88756  best=-inf wall=3.648h
  ep10 shard 798/1720 loss=0.859698  best=-inf wall=3.653h
  ep10 shard 799/1720 loss=0.848967  best=-inf wall=3.658h
  ep10 shard 800/1720 loss=0.891128  best=-inf wall=3.662h
  ep10 shard 801/1720 loss=0.815202  best=-inf wall=3.665h
  ep10 shard 802/1720 loss=0.855771  best=-inf wall=3.67h
  ep10 shard 803/1720 loss=0.899179  best=-inf wall=3.675h
  ep10 shard 804/1720 loss=0.869046  best=-inf wall=3.68h
  ep10 shard 805/1720 loss=0.848332  best=-inf wall=3.685h
  ep10 shard 806/1720 loss=0.833838  best=-inf wall=3.69h
  ep10 shard 807/1720 loss=0.862212  best=-inf wall=3.695h
  ep10 shard 808/1720 loss=0.84748  best=-inf wall=3.698h
  ep10 shard 809/1720 loss=0.857088  best=-inf wall=3.703h
  ep10 shard 810/1720 loss=0.829224  best=-inf wall=3.708h
  ep10 shard 811/1720 loss=0.88754  best=-inf wall=3.713h
  ep10 shard 812/1720 loss=0.857684  best=-inf wall=3.718h
  ep10 shard 813/1720 loss=0.882377  best=-inf wall=3.721h
  ep10 shard 814/1720 loss=0.891544  best=-inf wall=3.726h
  ep10 shard 815/1720 loss=0.871787  best=-inf wall=3.731h
  ep10 shard 816/1720 loss=0.842652  best=-inf wall=3.736h
  ep10 shard 817/1720 loss=0.83945  best=-inf wall=3.738h
  ep10 shard 818/1720 loss=0.910275  best=-inf wall=3.743h
  ep10 shard 819/1720 loss=0.879903  best=-inf wall=3.748h
  ep10 shard 820/1720 loss=0.865391  best=-inf wall=3.753h
  ep10 shard 821/1720 loss=0.868245  best=-inf wall=3.756h
  ep10 shard 822/1720 loss=0.837818  best=-inf wall=3.758h
  ep10 shard 823/1720 loss=0.82034  best=-inf wall=3.761h
  ep10 shard 824/1720 loss=0.874297  best=-inf wall=3.766h
  ep10 shard 825/1720 loss=0.835849  best=-inf wall=3.771h
  ep10 shard 826/1720 loss=0.886357  best=-inf wall=3.776h
  ep10 shard 827/1720 loss=0.85833  best=-inf wall=3.781h
  ep10 shard 828/1720 loss=0.869721  best=-inf wall=3.786h
  ep10 shard 829/1720 loss=0.844059  best=-inf wall=3.791h
  ep10 shard 830/1720 loss=0.835465  best=-inf wall=3.794h
  ep10 shard 831/1720 loss=0.856262  best=-inf wall=3.799h
  ep10 shard 832/1720 loss=0.842616  best=-inf wall=3.804h
  ep10 shard 833/1720 loss=0.842115  best=-inf wall=3.809h
  ep10 shard 834/1720 loss=0.855774  best=-inf wall=3.812h
  ep10 shard 835/1720 loss=0.893436  best=-inf wall=3.816h
  ep10 shard 836/1720 loss=0.916757  best=-inf wall=3.817h
  ep10 shard 837/1720 loss=0.827457  best=-inf wall=3.822h
  ep10 shard 838/1720 loss=0.868266  best=-inf wall=3.826h
  ep10 shard 839/1720 loss=0.806201  best=-inf wall=3.831h
  ep10 shard 840/1720 loss=0.844324  best=-inf wall=3.836h
  ep10 shard 841/1720 loss=0.873798  best=-inf wall=3.841h
  ep10 shard 842/1720 loss=0.879848  best=-inf wall=3.846h
  ep10 shard 843/1720 loss=0.84177  best=-inf wall=3.85h
  ep10 shard 844/1720 loss=0.86415  best=-inf wall=3.855h
  ep10 shard 845/1720 loss=0.811661  best=-inf wall=3.856h
  ep10 shard 846/1720 loss=0.879672  best=-inf wall=3.861h
  ep10 shard 847/1720 loss=0.849384  best=-inf wall=3.866h
  ep10 shard 848/1720 loss=0.876852  best=-inf wall=3.871h
  ep10 shard 849/1720 loss=0.832676  best=-inf wall=3.877h
  ep10 shard 850/1720 loss=0.888311  best=-inf wall=3.882h
  ep10 shard 851/1720 loss=0.878734  best=-inf wall=3.886h
  ep10 shard 852/1720 loss=0.857362  best=-inf wall=3.892h
  ep10 shard 853/1720 loss=0.87477  best=-inf wall=3.895h
  ep10 shard 854/1720 loss=0.8595  best=-inf wall=3.9h
  ep10 shard 855/1720 loss=0.862322  best=-inf wall=3.906h
  ep10 shard 856/1720 loss=0.904477  best=-inf wall=3.911h
  ep10 shard 857/1720 loss=0.881976  best=-inf wall=3.914h
  ep10 shard 858/1720 loss=0.905458  best=-inf wall=3.919h
  ep10 shard 859/1720 loss=0.891524  best=-inf wall=3.924h
  ep10 shard 860/1720 loss=0.877924  best=-inf wall=3.929h
  saved epoch checkpoint -> experiments/exp028-mlp/ref20/checkpoints/ep10.pt
  ep11 shard 861/1720 loss=0.831377  best=-inf wall=3.934h
  ep11 shard 862/1720 loss=0.876561  best=-inf wall=3.939h
  ep11 shard 863/1720 loss=0.919763  best=-inf wall=3.944h
  ep11 shard 864/1720 loss=0.889216  best=-inf wall=3.948h
  ep11 shard 865/1720 loss=0.875962  best=-inf wall=3.951h
  ep11 shard 866/1720 loss=0.863286  best=-inf wall=3.957h
  ep11 shard 867/1720 loss=0.883529  best=-inf wall=3.961h
  ep11 shard 868/1720 loss=0.79764  best=-inf wall=3.966h
  ep11 shard 869/1720 loss=0.862239  best=-inf wall=3.969h
  ep11 shard 870/1720 loss=0.874982  best=-inf wall=3.974h
  ep11 shard 871/1720 loss=0.875143  best=-inf wall=3.979h
  ep11 shard 872/1720 loss=0.838112  best=-inf wall=3.984h
  ep11 shard 873/1720 loss=0.81919  best=-inf wall=3.987h
  ep11 shard 874/1720 loss=0.839948  best=-inf wall=3.992h
  ep11 shard 875/1720 loss=0.823869  best=-inf wall=3.997h
  ep11 shard 876/1720 loss=0.818749  best=-inf wall=4.002h
  ep11 shard 877/1720 loss=0.865887  best=-inf wall=4.005h
  ep11 shard 878/1720 loss=0.848338  best=-inf wall=4.01h
  ep11 shard 879/1720 loss=0.881614  best=-inf wall=4.015h
  ep11 shard 880/1720 loss=0.872938  best=-inf wall=4.02h
  ep11 shard 881/1720 loss=0.818667  best=-inf wall=4.025h
  ep11 shard 882/1720 loss=0.838395  best=-inf wall=4.03h
  ep11 shard 883/1720 loss=0.834641  best=-inf wall=4.035h
  ep11 shard 884/1720 loss=0.827385  best=-inf wall=4.041h
  ep11 shard 885/1720 loss=0.863423  best=-inf wall=4.046h
  ep11 shard 886/1720 loss=0.857207  best=-inf wall=4.049h
  ep11 shard 887/1720 loss=0.839931  best=-inf wall=4.054h
  ep11 shard 888/1720 loss=0.853223  best=-inf wall=4.057h
  ep11 shard 889/1720 loss=0.888049  best=-inf wall=4.062h
  ep11 shard 890/1720 loss=0.786743  best=-inf wall=4.067h
  ep11 shard 891/1720 loss=0.890108  best=-inf wall=4.071h
  ep11 shard 892/1720 loss=0.902517  best=-inf wall=4.076h
  ep11 shard 893/1720 loss=0.850715  best=-inf wall=4.079h
  ep11 shard 894/1720 loss=0.84804  best=-inf wall=4.084h
  ep11 shard 895/1720 loss=0.862057  best=-inf wall=4.089h
  ep11 shard 896/1720 loss=0.838621  best=-inf wall=4.094h
  ep11 shard 897/1720 loss=0.86011  best=-inf wall=4.099h
  ep11 shard 898/1720 loss=0.821573  best=-inf wall=4.101h
  ep11 shard 899/1720 loss=0.822471  best=-inf wall=4.104h
  ep11 shard 900/1720 loss=0.81473  best=-inf wall=4.109h
  ep11 shard 901/1720 loss=0.806731  best=-inf wall=4.114h
  ep11 shard 902/1720 loss=0.859167  best=-inf wall=4.119h
  ep11 shard 903/1720 loss=0.846358  best=-inf wall=4.124h
  ep11 shard 904/1720 loss=0.865609  best=-inf wall=4.129h
  ep11 shard 905/1720 loss=0.867714  best=-inf wall=4.131h
  ep11 shard 906/1720 loss=0.857525  best=-inf wall=4.136h
  ep11 shard 907/1720 loss=0.922286  best=-inf wall=4.141h
  ep11 shard 908/1720 loss=0.840322  best=-inf wall=4.144h
  ep11 shard 909/1720 loss=0.846803  best=-inf wall=4.145h
  ep11 shard 910/1720 loss=0.857132  best=-inf wall=4.15h
  ep11 shard 911/1720 loss=0.898189  best=-inf wall=4.155h
  ep11 shard 912/1720 loss=0.843319  best=-inf wall=4.16h
  ep11 shard 913/1720 loss=0.850132  best=-inf wall=4.165h
  ep11 shard 914/1720 loss=0.851618  best=-inf wall=4.17h
  ep11 shard 915/1720 loss=0.876953  best=-inf wall=4.174h
  ep11 shard 916/1720 loss=0.827057  best=-inf wall=4.179h
  ep11 shard 917/1720 loss=0.891772  best=-inf wall=4.184h
  ep11 shard 918/1720 loss=0.872095  best=-inf wall=4.188h
  ep11 shard 919/1720 loss=0.847437  best=-inf wall=4.193h
  ep11 shard 920/1720 loss=0.830047  best=-inf wall=4.198h
  ep11 shard 921/1720 loss=0.852276  best=-inf wall=4.201h
  ep11 shard 922/1720 loss=0.867449  best=-inf wall=4.206h
  ep11 shard 923/1720 loss=0.835853  best=-inf wall=4.211h
  ep11 shard 924/1720 loss=0.840727  best=-inf wall=4.216h
  ep11 shard 925/1720 loss=0.879585  best=-inf wall=4.221h
  ep11 shard 926/1720 loss=0.8513  best=-inf wall=4.226h
  ep11 shard 927/1720 loss=0.877294  best=-inf wall=4.231h
  ep11 shard 928/1720 loss=0.808219  best=-inf wall=4.236h
  ep11 shard 929/1720 loss=0.899923  best=-inf wall=4.241h
  ep11 shard 930/1720 loss=0.840627  best=-inf wall=4.246h
  ep11 shard 931/1720 loss=0.836573  best=-inf wall=4.251h
  ep11 shard 932/1720 loss=0.886011  best=-inf wall=4.256h
  ep11 shard 933/1720 loss=0.868777  best=-inf wall=4.26h
  ep11 shard 934/1720 loss=0.821793  best=-inf wall=4.265h
  ep11 shard 935/1720 loss=0.895295  best=-inf wall=4.27h
  ep11 shard 936/1720 loss=0.848321  best=-inf wall=4.275h
  ep11 shard 937/1720 loss=0.883835  best=-inf wall=4.279h
  ep11 shard 938/1720 loss=0.875279  best=-inf wall=4.285h
  ep11 shard 939/1720 loss=0.855878  best=-inf wall=4.29h
  ep11 shard 940/1720 loss=0.813889  best=-inf wall=4.294h
  ep11 shard 941/1720 loss=0.887802  best=-inf wall=4.299h
  ep11 shard 942/1720 loss=0.809005  best=-inf wall=4.304h
  ep11 shard 943/1720 loss=0.870561  best=-inf wall=4.306h
  ep11 shard 944/1720 loss=0.85757  best=-inf wall=4.311h
  ep11 shard 945/1720 loss=0.859069  best=-inf wall=4.316h
  ep11 shard 946/1720 loss=0.848364  best=-inf wall=4.322h
  saved epoch checkpoint -> experiments/exp028-mlp/ref20/checkpoints/ep11.pt
  ep12 shard 947/1720 loss=0.850046  best=-inf wall=4.327h
  ep12 shard 948/1720 loss=0.841356  best=-inf wall=4.332h
  ep12 shard 949/1720 loss=0.917389  best=-inf wall=4.337h
  ep12 shard 950/1720 loss=0.829426  best=-inf wall=4.342h
  ep12 shard 951/1720 loss=0.874846  best=-inf wall=4.346h
  ep12 shard 952/1720 loss=0.836112  best=-inf wall=4.349h
  ep12 shard 953/1720 loss=0.834083  best=-inf wall=4.354h
  ep12 shard 954/1720 loss=0.873683  best=-inf wall=4.355h
  ep12 shard 955/1720 loss=0.828745  best=-inf wall=4.36h
  ep12 shard 956/1720 loss=0.880118  best=-inf wall=4.366h
  ep12 shard 957/1720 loss=0.905429  best=-inf wall=4.371h
  ep12 shard 958/1720 loss=0.924257  best=-inf wall=4.376h
  ep12 shard 959/1720 loss=0.869707  best=-inf wall=4.381h
  ep12 shard 960/1720 loss=0.889835  best=-inf wall=4.386h
  ep12 shard 961/1720 loss=0.846406  best=-inf wall=4.389h
  ep12 shard 962/1720 loss=0.830643  best=-inf wall=4.394h
  ep12 shard 963/1720 loss=0.870915  best=-inf wall=4.399h
  ep12 shard 964/1720 loss=0.915581  best=-inf wall=4.404h
  ep12 shard 965/1720 loss=0.835453  best=-inf wall=4.409h
  ep12 shard 966/1720 loss=0.824064  best=-inf wall=4.414h
  ep12 shard 967/1720 loss=0.815678  best=-inf wall=4.419h
  ep12 shard 968/1720 loss=0.843947  best=-inf wall=4.424h
  ep12 shard 969/1720 loss=0.873711  best=-inf wall=4.428h
  ep12 shard 970/1720 loss=0.883438  best=-inf wall=4.433h
  ep12 shard 971/1720 loss=0.859845  best=-inf wall=4.437h
  ep12 shard 972/1720 loss=0.843568  best=-inf wall=4.442h
  ep12 shard 973/1720 loss=0.826373  best=-inf wall=4.445h
  ep12 shard 974/1720 loss=0.828956  best=-inf wall=4.45h
  ep12 shard 975/1720 loss=0.865619  best=-inf wall=4.453h
  ep12 shard 976/1720 loss=0.862179  best=-inf wall=4.458h
  ep12 shard 977/1720 loss=0.855374  best=-inf wall=4.463h
  ep12 shard 978/1720 loss=0.828824  best=-inf wall=4.468h
  ep12 shard 979/1720 loss=0.816174  best=-inf wall=4.473h
  ep12 shard 980/1720 loss=0.861394  best=-inf wall=4.478h
  ep12 shard 981/1720 loss=0.83271  best=-inf wall=4.481h
  ep12 shard 982/1720 loss=0.817815  best=-inf wall=4.486h
  ep12 shard 983/1720 loss=0.90521  best=-inf wall=4.491h
  ep12 shard 984/1720 loss=0.857906  best=-inf wall=4.494h
  ep12 shard 985/1720 loss=0.820806  best=-inf wall=4.499h
  ep12 shard 986/1720 loss=0.84386  best=-inf wall=4.504h
  ep12 shard 987/1720 loss=0.83245  best=-inf wall=4.508h
  ep12 shard 988/1720 loss=0.833639  best=-inf wall=4.513h
  ep12 shard 989/1720 loss=0.865156  best=-inf wall=4.519h
  ep12 shard 990/1720 loss=0.882074  best=-inf wall=4.524h
  ep12 shard 991/1720 loss=0.833752  best=-inf wall=4.528h
  ep12 shard 992/1720 loss=0.872462  best=-inf wall=4.533h
  ep12 shard 993/1720 loss=0.835112  best=-inf wall=4.538h
  ep12 shard 994/1720 loss=0.843721  best=-inf wall=4.543h
  ep12 shard 995/1720 loss=0.856119  best=-inf wall=4.548h
  ep12 shard 996/1720 loss=0.820569  best=-inf wall=4.553h
  ep12 shard 997/1720 loss=0.853387  best=-inf wall=4.558h
  ep12 shard 998/1720 loss=0.820045  best=-inf wall=4.559h
  ep12 shard 999/1720 loss=0.863141  best=-inf wall=4.564h
  ep12 shard 1000/1720 loss=0.839479  best=-inf wall=4.57h
  ep12 shard 1001/1720 loss=0.843543  best=-inf wall=4.574h
  ep12 shard 1002/1720 loss=0.751768  best=-inf wall=4.579h
  ep12 shard 1003/1720 loss=0.851222  best=-inf wall=4.584h
  ep12 shard 1004/1720 loss=0.836008  best=-inf wall=4.589h
  ep12 shard 1005/1720 loss=0.898708  best=-inf wall=4.594h
  ep12 shard 1006/1720 loss=0.796496  best=-inf wall=4.596h
  ep12 shard 1007/1720 loss=0.866441  best=-inf wall=4.6h
  ep12 shard 1008/1720 loss=0.856522  best=-inf wall=4.603h
  ep12 shard 1009/1720 loss=0.919907  best=-inf wall=4.608h
  ep12 shard 1010/1720 loss=0.847005  best=-inf wall=4.611h
  ep12 shard 1011/1720 loss=0.88746  best=-inf wall=4.616h
  ep12 shard 1012/1720 loss=0.85191  best=-inf wall=4.622h
  ep12 shard 1013/1720 loss=0.860301  best=-inf wall=4.626h
  ep12 shard 1014/1720 loss=0.840521  best=-inf wall=4.632h
  ep12 shard 1015/1720 loss=0.900127  best=-inf wall=4.637h
  ep12 shard 1016/1720 loss=0.835597  best=-inf wall=4.642h
  ep12 shard 1017/1720 loss=0.870098  best=-inf wall=4.647h
  ep12 shard 1018/1720 loss=0.886307  best=-inf wall=4.652h
  ep12 shard 1019/1720 loss=0.854645  best=-inf wall=4.657h
  ep12 shard 1020/1720 loss=0.842214  best=-inf wall=4.661h
  ep12 shard 1021/1720 loss=0.83301  best=-inf wall=4.667h
  ep12 shard 1022/1720 loss=0.833582  best=-inf wall=4.672h
  ep12 shard 1023/1720 loss=0.849787  best=-inf wall=4.677h
  ep12 shard 1024/1720 loss=0.81181  best=-inf wall=4.681h
  ep12 shard 1025/1720 loss=0.845481  best=-inf wall=4.686h
  ep12 shard 1026/1720 loss=0.891379  best=-inf wall=4.691h
  ep12 shard 1027/1720 loss=0.850063  best=-inf wall=4.693h
  ep12 shard 1028/1720 loss=0.881227  best=-inf wall=4.698h
  ep12 shard 1029/1720 loss=0.79264  best=-inf wall=4.703h
  ep12 shard 1030/1720 loss=0.834324  best=-inf wall=4.709h
  ep12 shard 1031/1720 loss=0.84531  best=-inf wall=4.711h
  ep12 shard 1032/1720 loss=0.883685  best=-inf wall=4.716h
  saved epoch checkpoint -> experiments/exp028-mlp/ref20/checkpoints/ep12.pt
  ep13 shard 1033/1720 loss=0.832083  best=-inf wall=4.72h
  ep13 shard 1034/1720 loss=0.826698  best=-inf wall=4.725h
  ep13 shard 1035/1720 loss=0.850679  best=-inf wall=4.73h
  ep13 shard 1036/1720 loss=0.836704  best=-inf wall=4.735h
  ep13 shard 1037/1720 loss=0.817788  best=-inf wall=4.741h
  ep13 shard 1038/1720 loss=0.826086  best=-inf wall=4.746h
  ep13 shard 1039/1720 loss=0.878333  best=-inf wall=4.751h
  ep13 shard 1040/1720 loss=0.824817  best=-inf wall=4.756h
  ep13 shard 1041/1720 loss=0.829572  best=-inf wall=4.762h
  ep13 shard 1042/1720 loss=0.861256  best=-inf wall=4.766h
  ep13 shard 1043/1720 loss=0.868425  best=-inf wall=4.772h
  ep13 shard 1044/1720 loss=0.836109  best=-inf wall=4.776h
  ep13 shard 1045/1720 loss=0.825564  best=-inf wall=4.781h
  ep13 shard 1046/1720 loss=0.848135  best=-inf wall=4.786h
  ep13 shard 1047/1720 loss=0.844749  best=-inf wall=4.791h
  ep13 shard 1048/1720 loss=0.876624  best=-inf wall=4.796h
  ep13 shard 1049/1720 loss=0.843533  best=-inf wall=4.801h
  ep13 shard 1050/1720 loss=0.883456  best=-inf wall=4.804h
  ep13 shard 1051/1720 loss=0.890193  best=-inf wall=4.808h
  ep13 shard 1052/1720 loss=0.838656  best=-inf wall=4.81h
  ep13 shard 1053/1720 loss=0.884056  best=-inf wall=4.815h
  ep13 shard 1054/1720 loss=0.800604  best=-inf wall=4.82h
  ep13 shard 1055/1720 loss=0.881467  best=-inf wall=4.825h
  ep13 shard 1056/1720 loss=0.849278  best=-inf wall=4.826h
  ep13 shard 1057/1720 loss=0.866983  best=-inf wall=4.832h
  ep13 shard 1058/1720 loss=0.856724  best=-inf wall=4.837h
  ep13 shard 1059/1720 loss=0.886058  best=-inf wall=4.842h
  ep13 shard 1060/1720 loss=0.879359  best=-inf wall=4.848h
  ep13 shard 1061/1720 loss=0.866534  best=-inf wall=4.853h
  ep13 shard 1062/1720 loss=0.849669  best=-inf wall=4.857h
  ep13 shard 1063/1720 loss=0.89261  best=-inf wall=4.859h
  ep13 shard 1064/1720 loss=0.892901  best=-inf wall=4.862h
  ep13 shard 1065/1720 loss=0.867566  best=-inf wall=4.866h
  ep13 shard 1066/1720 loss=0.821115  best=-inf wall=4.871h
  ep13 shard 1067/1720 loss=0.827983  best=-inf wall=4.876h
  ep13 shard 1068/1720 loss=0.834377  best=-inf wall=4.881h
  ep13 shard 1069/1720 loss=0.829203  best=-inf wall=4.886h
  ep13 shard 1070/1720 loss=0.86472  best=-inf wall=4.891h
  ep13 shard 1071/1720 loss=0.845589  best=-inf wall=4.896h
  ep13 shard 1072/1720 loss=0.888553  best=-inf wall=4.901h
  ep13 shard 1073/1720 loss=0.886888  best=-inf wall=4.906h
  ep13 shard 1074/1720 loss=0.874867  best=-inf wall=4.911h
  ep13 shard 1075/1720 loss=0.835572  best=-inf wall=4.916h
  ep13 shard 1076/1720 loss=0.827086  best=-inf wall=4.921h
  ep13 shard 1077/1720 loss=0.860238  best=-inf wall=4.927h
  ep13 shard 1078/1720 loss=0.868044  best=-inf wall=4.928h
  ep13 shard 1079/1720 loss=0.844913  best=-inf wall=4.934h
  ep13 shard 1080/1720 loss=0.851366  best=-inf wall=4.939h
  ep13 shard 1081/1720 loss=0.830123  best=-inf wall=4.944h
  ep13 shard 1082/1720 loss=0.854576  best=-inf wall=4.949h
  ep13 shard 1083/1720 loss=0.857637  best=-inf wall=4.954h
  ep13 shard 1084/1720 loss=0.863342  best=-inf wall=4.959h
  ep13 shard 1085/1720 loss=0.917801  best=-inf wall=4.964h
  ep13 shard 1086/1720 loss=0.86634  best=-inf wall=4.969h
  ep13 shard 1087/1720 loss=0.79771  best=-inf wall=4.974h
  ep13 shard 1088/1720 loss=0.838481  best=-inf wall=4.977h
  ep13 shard 1089/1720 loss=0.836821  best=-inf wall=4.982h
  ep13 shard 1090/1720 loss=0.832616  best=-inf wall=4.987h
  ep13 shard 1091/1720 loss=0.852176  best=-inf wall=4.992h
  ep13 shard 1092/1720 loss=0.831979  best=-inf wall=4.997h
  ep13 shard 1093/1720 loss=0.864015  best=-inf wall=5.0h
  ep13 shard 1094/1720 loss=0.928048  best=-inf wall=5.005h
  ep13 shard 1095/1720 loss=0.854511  best=-inf wall=5.009h
  ep13 shard 1096/1720 loss=0.917276  best=-inf wall=5.015h
  ep13 shard 1097/1720 loss=0.85255  best=-inf wall=5.02h
  ep13 shard 1098/1720 loss=0.890754  best=-inf wall=5.023h
  ep13 shard 1099/1720 loss=0.863147  best=-inf wall=5.028h
  ep13 shard 1100/1720 loss=0.918544  best=-inf wall=5.033h
  ep13 shard 1101/1720 loss=0.838381  best=-inf wall=5.037h
  ep13 shard 1102/1720 loss=0.832555  best=-inf wall=5.042h
  ep13 shard 1103/1720 loss=0.829605  best=-inf wall=5.047h
  ep13 shard 1104/1720 loss=0.860889  best=-inf wall=5.05h
  ep13 shard 1105/1720 loss=0.8682  best=-inf wall=5.055h
  ep13 shard 1106/1720 loss=0.803887  best=-inf wall=5.06h
  ep13 shard 1107/1720 loss=0.819194  best=-inf wall=5.063h
  ep13 shard 1108/1720 loss=0.880531  best=-inf wall=5.068h
  ep13 shard 1109/1720 loss=0.883632  best=-inf wall=5.072h
  ep13 shard 1110/1720 loss=0.846895  best=-inf wall=5.077h
  ep13 shard 1111/1720 loss=0.833861  best=-inf wall=5.08h
  ep13 shard 1112/1720 loss=0.887366  best=-inf wall=5.084h
  ep13 shard 1113/1720 loss=0.799011  best=-inf wall=5.089h
  ep13 shard 1114/1720 loss=0.874339  best=-inf wall=5.094h
  ep13 shard 1115/1720 loss=0.875695  best=-inf wall=5.099h
  ep13 shard 1116/1720 loss=0.861037  best=-inf wall=5.104h
  ep13 shard 1117/1720 loss=0.862351  best=-inf wall=5.109h
  ep13 shard 1118/1720 loss=0.884764  best=-inf wall=5.112h
  saved epoch checkpoint -> experiments/exp028-mlp/ref20/checkpoints/ep13.pt
  ep14 shard 1119/1720 loss=0.836764  best=-inf wall=5.117h
  ep14 shard 1120/1720 loss=0.855363  best=-inf wall=5.122h
  ep14 shard 1121/1720 loss=0.841242  best=-inf wall=5.127h
  ep14 shard 1122/1720 loss=0.872922  best=-inf wall=5.132h
  ep14 shard 1123/1720 loss=0.870163  best=-inf wall=5.137h
  ep14 shard 1124/1720 loss=0.867077  best=-inf wall=5.142h
  ep14 shard 1125/1720 loss=0.885044  best=-inf wall=5.147h
  ep14 shard 1126/1720 loss=0.865464  best=-inf wall=5.152h
  ep14 shard 1127/1720 loss=0.893422  best=-inf wall=5.157h
  ep14 shard 1128/1720 loss=0.858378  best=-inf wall=5.162h
  ep14 shard 1129/1720 loss=0.820506  best=-inf wall=5.165h
  ep14 shard 1130/1720 loss=0.846379  best=-inf wall=5.17h
  ep14 shard 1131/1720 loss=0.841616  best=-inf wall=5.175h
  ep14 shard 1132/1720 loss=0.898928  best=-inf wall=5.18h
  ep14 shard 1133/1720 loss=0.922699  best=-inf wall=5.185h
  ep14 shard 1134/1720 loss=0.866117  best=-inf wall=5.19h
  ep14 shard 1135/1720 loss=0.893291  best=-inf wall=5.195h
  ep14 shard 1136/1720 loss=0.848329  best=-inf wall=5.198h
  ep14 shard 1137/1720 loss=0.839731  best=-inf wall=5.203h
  ep14 shard 1138/1720 loss=0.892701  best=-inf wall=5.208h
  ep14 shard 1139/1720 loss=0.844376  best=-inf wall=5.214h
  ep14 shard 1140/1720 loss=0.854104  best=-inf wall=5.218h
  ep14 shard 1141/1720 loss=0.839057  best=-inf wall=5.223h
  ep14 shard 1142/1720 loss=0.824104  best=-inf wall=5.228h
  ep14 shard 1143/1720 loss=0.833999  best=-inf wall=5.233h
  ep14 shard 1144/1720 loss=0.848755  best=-inf wall=5.238h
  ep14 shard 1145/1720 loss=0.85863  best=-inf wall=5.243h
  ep14 shard 1146/1720 loss=0.856609  best=-inf wall=5.247h
  ep14 shard 1147/1720 loss=0.849604  best=-inf wall=5.253h
  ep14 shard 1148/1720 loss=0.865701  best=-inf wall=5.258h
  ep14 shard 1149/1720 loss=0.835492  best=-inf wall=5.261h
  ep14 shard 1150/1720 loss=0.877602  best=-inf wall=5.266h
  ep14 shard 1151/1720 loss=0.857917  best=-inf wall=5.271h
  ep14 shard 1152/1720 loss=0.845753  best=-inf wall=5.276h
  ep14 shard 1153/1720 loss=0.830423  best=-inf wall=5.281h
  ep14 shard 1154/1720 loss=0.871822  best=-inf wall=5.286h
  ep14 shard 1155/1720 loss=0.897243  best=-inf wall=5.292h
  ep14 shard 1156/1720 loss=0.868828  best=-inf wall=5.297h
  ep14 shard 1157/1720 loss=0.847355  best=-inf wall=5.302h
  ep14 shard 1158/1720 loss=0.84461  best=-inf wall=5.307h
  ep14 shard 1159/1720 loss=0.88054  best=-inf wall=5.312h
  ep14 shard 1160/1720 loss=0.868453  best=-inf wall=5.313h
  ep14 shard 1161/1720 loss=0.863763  best=-inf wall=5.318h
  ep14 shard 1162/1720 loss=0.852093  best=-inf wall=5.321h
  ep14 shard 1163/1720 loss=0.867164  best=-inf wall=5.326h
  ep14 shard 1164/1720 loss=0.822995  best=-inf wall=5.329h
  ep14 shard 1165/1720 loss=0.867616  best=-inf wall=5.334h
  ep14 shard 1166/1720 loss=0.805127  best=-inf wall=5.339h
  ep14 shard 1167/1720 loss=0.863827  best=-inf wall=5.342h
  ep14 shard 1168/1720 loss=0.833486  best=-inf wall=5.347h
  ep14 shard 1169/1720 loss=0.794265  best=-inf wall=5.352h
  ep14 shard 1170/1720 loss=0.839916  best=-inf wall=5.355h
  ep14 shard 1171/1720 loss=0.861972  best=-inf wall=5.359h
  ep14 shard 1172/1720 loss=0.829753  best=-inf wall=5.364h
  ep14 shard 1173/1720 loss=0.907788  best=-inf wall=5.369h
  ep14 shard 1174/1720 loss=0.878711  best=-inf wall=5.374h
  ep14 shard 1175/1720 loss=0.844447  best=-inf wall=5.378h
  ep14 shard 1176/1720 loss=0.846002  best=-inf wall=5.382h
  ep14 shard 1177/1720 loss=0.878161  best=-inf wall=5.385h
  ep14 shard 1178/1720 loss=0.856375  best=-inf wall=5.391h
  ep14 shard 1179/1720 loss=0.823914  best=-inf wall=5.395h
  ep14 shard 1180/1720 loss=0.872847  best=-inf wall=5.396h
  ep14 shard 1181/1720 loss=0.919411  best=-inf wall=5.401h
  ep14 shard 1182/1720 loss=0.858057  best=-inf wall=5.407h
  ep14 shard 1183/1720 loss=0.867798  best=-inf wall=5.412h
  ep14 shard 1184/1720 loss=0.886364  best=-inf wall=5.417h
  ep14 shard 1185/1720 loss=0.883128  best=-inf wall=5.422h
  ep14 shard 1186/1720 loss=0.791146  best=-inf wall=5.427h
  ep14 shard 1187/1720 loss=0.855332  best=-inf wall=5.43h
  ep14 shard 1188/1720 loss=0.84462  best=-inf wall=5.435h
  ep14 shard 1189/1720 loss=0.756872  best=-inf wall=5.44h
  ep14 shard 1190/1720 loss=0.853021  best=-inf wall=5.445h
  ep14 shard 1191/1720 loss=0.844982  best=-inf wall=5.45h
  ep14 shard 1192/1720 loss=0.794188  best=-inf wall=5.451h
  ep14 shard 1193/1720 loss=0.81544  best=-inf wall=5.456h
  ep14 shard 1194/1720 loss=0.872905  best=-inf wall=5.461h
  ep14 shard 1195/1720 loss=0.882432  best=-inf wall=5.464h
  ep14 shard 1196/1720 loss=0.853024  best=-inf wall=5.468h
  ep14 shard 1197/1720 loss=0.83437  best=-inf wall=5.474h
  ep14 shard 1198/1720 loss=0.817024  best=-inf wall=5.479h
  ep14 shard 1199/1720 loss=0.861264  best=-inf wall=5.484h
  ep14 shard 1200/1720 loss=0.836637  best=-inf wall=5.489h
  ep14 shard 1201/1720 loss=0.872657  best=-inf wall=5.494h
  ep14 shard 1202/1720 loss=0.813746  best=-inf wall=5.499h
  ep14 shard 1203/1720 loss=0.882477  best=-inf wall=5.504h
  ep14 shard 1204/1720 loss=0.864396  best=-inf wall=5.509h
  saved epoch checkpoint -> experiments/exp028-mlp/ref20/checkpoints/ep14.pt
  ep15 shard 1205/1720 loss=0.844808  best=-inf wall=5.513h
  ep15 shard 1206/1720 loss=0.842423  best=-inf wall=5.518h
  ep15 shard 1207/1720 loss=0.830636  best=-inf wall=5.522h
  ep15 shard 1208/1720 loss=0.903745  best=-inf wall=5.528h
  ep15 shard 1209/1720 loss=0.78918  best=-inf wall=5.533h
  ep15 shard 1210/1720 loss=0.855035  best=-inf wall=5.536h
  ep15 shard 1211/1720 loss=0.808302  best=-inf wall=5.541h
  ep15 shard 1212/1720 loss=0.849331  best=-inf wall=5.546h
  ep15 shard 1213/1720 loss=0.836473  best=-inf wall=5.551h
  ep15 shard 1214/1720 loss=0.828122  best=-inf wall=5.556h
  ep15 shard 1215/1720 loss=0.862301  best=-inf wall=5.561h
  ep15 shard 1216/1720 loss=0.833369  best=-inf wall=5.566h
  ep15 shard 1217/1720 loss=0.869022  best=-inf wall=5.569h
  ep15 shard 1218/1720 loss=0.834444  best=-inf wall=5.572h
  ep15 shard 1219/1720 loss=0.844861  best=-inf wall=5.577h
  ep15 shard 1220/1720 loss=0.841049  best=-inf wall=5.581h
  ep15 shard 1221/1720 loss=0.880873  best=-inf wall=5.586h
  ep15 shard 1222/1720 loss=0.839515  best=-inf wall=5.591h
  ep15 shard 1223/1720 loss=0.866748  best=-inf wall=5.593h
  ep15 shard 1224/1720 loss=0.842865  best=-inf wall=5.596h
  ep15 shard 1225/1720 loss=0.877758  best=-inf wall=5.601h
  ep15 shard 1226/1720 loss=0.835694  best=-inf wall=5.606h
  ep15 shard 1227/1720 loss=0.881262  best=-inf wall=5.611h
  ep15 shard 1228/1720 loss=0.864407  best=-inf wall=5.616h
  ep15 shard 1229/1720 loss=0.847121  best=-inf wall=5.62h
  ep15 shard 1230/1720 loss=0.854985  best=-inf wall=5.625h
  ep15 shard 1231/1720 loss=0.888072  best=-inf wall=5.63h
  ep15 shard 1232/1720 loss=0.823303  best=-inf wall=5.635h
  ep15 shard 1233/1720 loss=0.863078  best=-inf wall=5.638h
  ep15 shard 1234/1720 loss=0.868069  best=-inf wall=5.643h
  ep15 shard 1235/1720 loss=0.849638  best=-inf wall=5.648h
  ep15 shard 1236/1720 loss=0.859121  best=-inf wall=5.654h
  ep15 shard 1237/1720 loss=0.873273  best=-inf wall=5.655h
  ep15 shard 1238/1720 loss=0.874572  best=-inf wall=5.66h
  ep15 shard 1239/1720 loss=0.795654  best=-inf wall=5.666h
  ep15 shard 1240/1720 loss=0.847441  best=-inf wall=5.671h
  ep15 shard 1241/1720 loss=0.848073  best=-inf wall=5.676h
  ep15 shard 1242/1720 loss=0.824093  best=-inf wall=5.681h
  ep15 shard 1243/1720 loss=0.856744  best=-inf wall=5.686h
  ep15 shard 1244/1720 loss=0.810308  best=-inf wall=5.691h
  ep15 shard 1245/1720 loss=0.821468  best=-inf wall=5.696h
  ep15 shard 1246/1720 loss=0.885654  best=-inf wall=5.702h
  ep15 shard 1247/1720 loss=0.89445  best=-inf wall=5.707h
  ep15 shard 1248/1720 loss=0.858077  best=-inf wall=5.71h
  ep15 shard 1249/1720 loss=0.877082  best=-inf wall=5.715h
  ep15 shard 1250/1720 loss=0.849404  best=-inf wall=5.72h
  ep15 shard 1251/1720 loss=0.842562  best=-inf wall=5.729h
  ep15 shard 1252/1720 loss=0.820677  best=-inf wall=5.734h
  ep15 shard 1253/1720 loss=0.909683  best=-inf wall=5.74h
  ep15 shard 1254/1720 loss=0.809265  best=-inf wall=5.744h
  ep15 shard 1255/1720 loss=0.902344  best=-inf wall=5.75h
  ep15 shard 1256/1720 loss=0.841075  best=-inf wall=5.755h
  ep15 shard 1257/1720 loss=0.839114  best=-inf wall=5.76h
  ep15 shard 1258/1720 loss=0.83805  best=-inf wall=5.766h
  ep15 shard 1259/1720 loss=0.885751  best=-inf wall=5.769h
  ep15 shard 1260/1720 loss=0.853548  best=-inf wall=5.772h
  ep15 shard 1261/1720 loss=0.813037  best=-inf wall=5.777h
  ep15 shard 1262/1720 loss=0.821794  best=-inf wall=5.782h
  ep15 shard 1263/1720 loss=0.867968  best=-inf wall=5.787h
  ep15 shard 1264/1720 loss=0.859692  best=-inf wall=5.792h
  ep15 shard 1265/1720 loss=0.884952  best=-inf wall=5.797h
  ep15 shard 1266/1720 loss=0.861027  best=-inf wall=5.799h
  ep15 shard 1267/1720 loss=0.859742  best=-inf wall=5.803h
  ep15 shard 1268/1720 loss=0.864624  best=-inf wall=5.806h
  ep15 shard 1269/1720 loss=0.867231  best=-inf wall=5.811h
  ep15 shard 1270/1720 loss=0.861232  best=-inf wall=5.816h
  ep15 shard 1271/1720 loss=0.838989  best=-inf wall=5.82h
  ep15 shard 1272/1720 loss=0.874453  best=-inf wall=5.826h
  ep15 shard 1273/1720 loss=0.808076  best=-inf wall=5.831h
  ep15 shard 1274/1720 loss=0.873257  best=-inf wall=5.836h
  ep15 shard 1275/1720 loss=0.855795  best=-inf wall=5.841h
  ep15 shard 1276/1720 loss=0.854819  best=-inf wall=5.846h
  ep15 shard 1277/1720 loss=0.866654  best=-inf wall=5.851h
  ep15 shard 1278/1720 loss=0.821084  best=-inf wall=5.856h
  ep15 shard 1279/1720 loss=0.831196  best=-inf wall=5.861h
  ep15 shard 1280/1720 loss=0.855521  best=-inf wall=5.866h
  ep15 shard 1281/1720 loss=0.835694  best=-inf wall=5.87h
  ep15 shard 1282/1720 loss=0.849311  best=-inf wall=5.875h
  ep15 shard 1283/1720 loss=0.86737  best=-inf wall=5.879h
  ep15 shard 1284/1720 loss=0.883186  best=-inf wall=5.884h
  ep15 shard 1285/1720 loss=0.859683  best=-inf wall=5.887h
  ep15 shard 1286/1720 loss=0.860469  best=-inf wall=5.891h
  ep15 shard 1287/1720 loss=0.856353  best=-inf wall=5.896h
  ep15 shard 1288/1720 loss=0.902408  best=-inf wall=5.902h
  ep15 shard 1289/1720 loss=0.83767  best=-inf wall=5.906h
  ep15 shard 1290/1720 loss=0.868905  best=-inf wall=5.911h
  saved epoch checkpoint -> experiments/exp028-mlp/ref20/checkpoints/ep15.pt
  ep16 shard 1291/1720 loss=0.845436  best=-inf wall=5.914h
  ep16 shard 1292/1720 loss=0.869379  best=-inf wall=5.919h
  ep16 shard 1293/1720 loss=0.889487  best=-inf wall=5.924h
  ep16 shard 1294/1720 loss=0.829058  best=-inf wall=5.928h
  ep16 shard 1295/1720 loss=0.867708  best=-inf wall=5.929h
  ep16 shard 1296/1720 loss=0.830382  best=-inf wall=5.935h
  ep16 shard 1297/1720 loss=0.870025  best=-inf wall=5.938h
  ep16 shard 1298/1720 loss=0.838793  best=-inf wall=5.941h
  ep16 shard 1299/1720 loss=0.890662  best=-inf wall=5.946h
  ep16 shard 1300/1720 loss=0.907697  best=-inf wall=5.951h
  ep16 shard 1301/1720 loss=0.87321  best=-inf wall=5.956h
  ep16 shard 1302/1720 loss=0.88014  best=-inf wall=5.959h
  ep16 shard 1303/1720 loss=0.802661  best=-inf wall=5.964h
  ep16 shard 1304/1720 loss=0.855133  best=-inf wall=5.969h
  ep16 shard 1305/1720 loss=0.887351  best=-inf wall=5.974h
  ep16 shard 1306/1720 loss=0.866359  best=-inf wall=5.979h
  ep16 shard 1307/1720 loss=0.856128  best=-inf wall=5.984h
  ep16 shard 1308/1720 loss=0.815588  best=-inf wall=5.989h
  ep16 shard 1309/1720 loss=0.905922  best=-inf wall=5.994h
  ep16 shard 1310/1720 loss=0.867289  best=-inf wall=5.997h
  ep16 shard 1311/1720 loss=0.82162  best=-inf wall=6.002h
  ep16 shard 1312/1720 loss=0.889386  best=-inf wall=6.008h
  ep16 shard 1313/1720 loss=0.849352  best=-inf wall=6.013h
  ep16 shard 1314/1720 loss=0.852183  best=-inf wall=6.017h
  ep16 shard 1315/1720 loss=0.862834  best=-inf wall=6.022h
  ep16 shard 1316/1720 loss=0.806931  best=-inf wall=6.027h
  ep16 shard 1317/1720 loss=0.884447  best=-inf wall=6.033h
  ep16 shard 1318/1720 loss=0.860247  best=-inf wall=6.038h
  ep16 shard 1319/1720 loss=0.890892  best=-inf wall=6.039h
  ep16 shard 1320/1720 loss=0.856944  best=-inf wall=6.044h
  ep16 shard 1321/1720 loss=0.819526  best=-inf wall=6.048h
  ep16 shard 1322/1720 loss=0.816954  best=-inf wall=6.053h
  ep16 shard 1323/1720 loss=0.866784  best=-inf wall=6.058h
  ep16 shard 1324/1720 loss=0.852189  best=-inf wall=6.063h
  ep16 shard 1325/1720 loss=0.863636  best=-inf wall=6.068h
  ep16 shard 1326/1720 loss=0.813771  best=-inf wall=6.073h
  ep16 shard 1327/1720 loss=0.842191  best=-inf wall=6.077h
  ep16 shard 1328/1720 loss=0.87693  best=-inf wall=6.082h
  ep16 shard 1329/1720 loss=0.83226  best=-inf wall=6.087h
  ep16 shard 1330/1720 loss=0.873232  best=-inf wall=6.092h
  ep16 shard 1331/1720 loss=0.87967  best=-inf wall=6.095h
  ep16 shard 1332/1720 loss=0.819941  best=-inf wall=6.099h
  ep16 shard 1333/1720 loss=0.85947  best=-inf wall=6.102h
  ep16 shard 1334/1720 loss=0.879719  best=-inf wall=6.107h
  ep16 shard 1335/1720 loss=0.868677  best=-inf wall=6.111h
  ep16 shard 1336/1720 loss=0.86943  best=-inf wall=6.116h
  ep16 shard 1337/1720 loss=0.845634  best=-inf wall=6.118h
  ep16 shard 1338/1720 loss=0.840229  best=-inf wall=6.124h
  ep16 shard 1339/1720 loss=0.86683  best=-inf wall=6.127h
  ep16 shard 1340/1720 loss=0.834399  best=-inf wall=6.132h
  ep16 shard 1341/1720 loss=0.866756  best=-inf wall=6.137h
  ep16 shard 1342/1720 loss=0.888017  best=-inf wall=6.142h
  ep16 shard 1343/1720 loss=0.878751  best=-inf wall=6.147h
  ep16 shard 1344/1720 loss=0.869038  best=-inf wall=6.152h
  ep16 shard 1345/1720 loss=0.800104  best=-inf wall=6.157h
  ep16 shard 1346/1720 loss=0.848981  best=-inf wall=6.162h
  ep16 shard 1347/1720 loss=0.85622  best=-inf wall=6.166h
  ep16 shard 1348/1720 loss=0.848645  best=-inf wall=6.17h
  ep16 shard 1349/1720 loss=0.824311  best=-inf wall=6.175h
  ep16 shard 1350/1720 loss=0.882894  best=-inf wall=6.18h
  ep16 shard 1351/1720 loss=0.889122  best=-inf wall=6.185h
  ep16 shard 1352/1720 loss=0.849776  best=-inf wall=6.188h
  ep16 shard 1353/1720 loss=0.830343  best=-inf wall=6.193h
  ep16 shard 1354/1720 loss=0.816581  best=-inf wall=6.198h
  ep16 shard 1355/1720 loss=0.826218  best=-inf wall=6.203h
  ep16 shard 1356/1720 loss=0.865122  best=-inf wall=6.209h
  ep16 shard 1357/1720 loss=0.82229  best=-inf wall=6.214h
  ep16 shard 1358/1720 loss=0.83984  best=-inf wall=6.219h
  ep16 shard 1359/1720 loss=0.872783  best=-inf wall=6.224h
  ep16 shard 1360/1720 loss=0.8145  best=-inf wall=6.228h
  ep16 shard 1361/1720 loss=0.855823  best=-inf wall=6.234h
  ep16 shard 1362/1720 loss=0.856768  best=-inf wall=6.239h
  ep16 shard 1363/1720 loss=0.850992  best=-inf wall=6.24h
  ep16 shard 1364/1720 loss=0.843146  best=-inf wall=6.246h
  ep16 shard 1365/1720 loss=0.873277  best=-inf wall=6.251h
  ep16 shard 1366/1720 loss=0.806915  best=-inf wall=6.256h
  ep16 shard 1367/1720 loss=0.814767  best=-inf wall=6.26h
  ep16 shard 1368/1720 loss=0.856022  best=-inf wall=6.265h
  ep16 shard 1369/1720 loss=0.835456  best=-inf wall=6.269h
  ep16 shard 1370/1720 loss=0.884088  best=-inf wall=6.274h
  ep16 shard 1371/1720 loss=0.88115  best=-inf wall=6.279h
  ep16 shard 1372/1720 loss=0.887211  best=-inf wall=6.284h
  ep16 shard 1373/1720 loss=0.841539  best=-inf wall=6.289h
  ep16 shard 1374/1720 loss=0.8779  best=-inf wall=6.294h
  ep16 shard 1375/1720 loss=0.867023  best=-inf wall=6.3h
  ep16 shard 1376/1720 loss=0.86077  best=-inf wall=6.305h
  saved epoch checkpoint -> experiments/exp028-mlp/ref20/checkpoints/ep16.pt
  ep17 shard 1377/1720 loss=0.898591  best=-inf wall=6.309h
  ep17 shard 1378/1720 loss=0.841477  best=-inf wall=6.313h
  ep17 shard 1379/1720 loss=0.871384  best=-inf wall=6.318h
  ep17 shard 1380/1720 loss=0.84493  best=-inf wall=6.32h
  ep17 shard 1381/1720 loss=0.879788  best=-inf wall=6.322h
  ep17 shard 1382/1720 loss=0.882245  best=-inf wall=6.327h
  ep17 shard 1383/1720 loss=0.79164  best=-inf wall=6.332h
  ep17 shard 1384/1720 loss=0.879762  best=-inf wall=6.337h
  ep17 shard 1385/1720 loss=0.856635  best=-inf wall=6.341h
  ep17 shard 1386/1720 loss=0.845962  best=-inf wall=6.344h
  ep17 shard 1387/1720 loss=0.870226  best=-inf wall=6.346h
  ep17 shard 1388/1720 loss=0.888837  best=-inf wall=6.351h
  ep17 shard 1389/1720 loss=0.87281  best=-inf wall=6.356h
  ep17 shard 1390/1720 loss=0.826518  best=-inf wall=6.361h
  ep17 shard 1391/1720 loss=0.884031  best=-inf wall=6.366h
  ep17 shard 1392/1720 loss=0.857342  best=-inf wall=6.371h
  ep17 shard 1393/1720 loss=0.875301  best=-inf wall=6.377h
  ep17 shard 1394/1720 loss=0.821793  best=-inf wall=6.381h
  ep17 shard 1395/1720 loss=0.886769  best=-inf wall=6.386h
  ep17 shard 1396/1720 loss=0.846661  best=-inf wall=6.392h
  ep17 shard 1397/1720 loss=0.850639  best=-inf wall=6.396h
  ep17 shard 1398/1720 loss=0.843995  best=-inf wall=6.398h
  ep17 shard 1399/1720 loss=0.848977  best=-inf wall=6.403h
  ep17 shard 1400/1720 loss=0.869163  best=-inf wall=6.408h
  ep17 shard 1401/1720 loss=0.849198  best=-inf wall=6.413h
  ep17 shard 1402/1720 loss=0.808858  best=-inf wall=6.419h
  ep17 shard 1403/1720 loss=0.884478  best=-inf wall=6.423h
  ep17 shard 1404/1720 loss=0.854609  best=-inf wall=6.425h
  ep17 shard 1405/1720 loss=0.879982  best=-inf wall=6.43h
  ep17 shard 1406/1720 loss=0.847794  best=-inf wall=6.435h
  ep17 shard 1407/1720 loss=0.810336  best=-inf wall=6.44h
  ep17 shard 1408/1720 loss=0.859401  best=-inf wall=6.445h
  ep17 shard 1409/1720 loss=0.849152  best=-inf wall=6.448h
  ep17 shard 1410/1720 loss=0.861807  best=-inf wall=6.453h
  ep17 shard 1411/1720 loss=0.807127  best=-inf wall=6.458h
  ep17 shard 1412/1720 loss=0.889526  best=-inf wall=6.463h
  ep17 shard 1413/1720 loss=0.826233  best=-inf wall=6.467h
  ep17 shard 1414/1720 loss=0.830622  best=-inf wall=6.471h
  ep17 shard 1415/1720 loss=0.829944  best=-inf wall=6.475h
  ep17 shard 1416/1720 loss=0.914086  best=-inf wall=6.48h
  ep17 shard 1417/1720 loss=0.886092  best=-inf wall=6.485h
  ep17 shard 1418/1720 loss=0.843521  best=-inf wall=6.489h
  ep17 shard 1419/1720 loss=0.855504  best=-inf wall=6.494h
  ep17 shard 1420/1720 loss=0.853186  best=-inf wall=6.499h
  ep17 shard 1421/1720 loss=0.835336  best=-inf wall=6.502h
  ep17 shard 1422/1720 loss=0.865571  best=-inf wall=6.507h
  ep17 shard 1423/1720 loss=0.896523  best=-inf wall=6.512h
  ep17 shard 1424/1720 loss=0.826845  best=-inf wall=6.517h
  ep17 shard 1425/1720 loss=0.823039  best=-inf wall=6.522h
  ep17 shard 1426/1720 loss=0.85111  best=-inf wall=6.527h
  ep17 shard 1427/1720 loss=0.84966  best=-inf wall=6.533h
  ep17 shard 1428/1720 loss=0.869336  best=-inf wall=6.538h
  ep17 shard 1429/1720 loss=0.873184  best=-inf wall=6.543h
  ep17 shard 1430/1720 loss=0.84296  best=-inf wall=6.548h
  ep17 shard 1431/1720 loss=0.86349  best=-inf wall=6.553h
  ep17 shard 1432/1720 loss=0.863712  best=-inf wall=6.556h
  ep17 shard 1433/1720 loss=0.848714  best=-inf wall=6.561h
  ep17 shard 1434/1720 loss=0.848272  best=-inf wall=6.566h
  ep17 shard 1435/1720 loss=0.870966  best=-inf wall=6.571h
  ep17 shard 1436/1720 loss=0.863072  best=-inf wall=6.576h
  ep17 shard 1437/1720 loss=0.840658  best=-inf wall=6.581h
  ep17 shard 1438/1720 loss=0.830878  best=-inf wall=6.586h
  ep17 shard 1439/1720 loss=0.822418  best=-inf wall=6.591h
  ep17 shard 1440/1720 loss=0.807662  best=-inf wall=6.596h
  ep17 shard 1441/1720 loss=0.83944  best=-inf wall=6.601h
  ep17 shard 1442/1720 loss=0.890436  best=-inf wall=6.607h
  ep17 shard 1443/1720 loss=0.846473  best=-inf wall=6.611h
  ep17 shard 1444/1720 loss=0.882259  best=-inf wall=6.614h
  ep17 shard 1445/1720 loss=0.833301  best=-inf wall=6.619h
  ep17 shard 1446/1720 loss=0.902296  best=-inf wall=6.624h
  ep17 shard 1447/1720 loss=0.867674  best=-inf wall=6.629h
  ep17 shard 1448/1720 loss=0.862337  best=-inf wall=6.634h
  ep17 shard 1449/1720 loss=0.881342  best=-inf wall=6.64h
  ep17 shard 1450/1720 loss=0.849361  best=-inf wall=6.644h
  ep17 shard 1451/1720 loss=0.813644  best=-inf wall=6.649h
  ep17 shard 1452/1720 loss=0.809193  best=-inf wall=6.652h
  ep17 shard 1453/1720 loss=0.894208  best=-inf wall=6.655h
  ep17 shard 1454/1720 loss=0.869812  best=-inf wall=6.658h
  ep17 shard 1455/1720 loss=0.903379  best=-inf wall=6.663h
  ep17 shard 1456/1720 loss=0.817714  best=-inf wall=6.668h
  ep17 shard 1457/1720 loss=0.881433  best=-inf wall=6.673h
  ep17 shard 1458/1720 loss=0.878418  best=-inf wall=6.678h
  ep17 shard 1459/1720 loss=0.875297  best=-inf wall=6.683h
  ep17 shard 1460/1720 loss=0.833746  best=-inf wall=6.689h
  ep17 shard 1461/1720 loss=0.868935  best=-inf wall=6.694h
  ep17 shard 1462/1720 loss=0.87099  best=-inf wall=6.698h
  saved epoch checkpoint -> experiments/exp028-mlp/ref20/checkpoints/ep17.pt
  ep18 shard 1463/1720 loss=0.872225  best=-inf wall=6.703h
  ep18 shard 1464/1720 loss=0.82671  best=-inf wall=6.708h
  ep18 shard 1465/1720 loss=0.850138  best=-inf wall=6.711h
  ep18 shard 1466/1720 loss=0.839581  best=-inf wall=6.717h
  ep18 shard 1467/1720 loss=0.855495  best=-inf wall=6.722h
  ep18 shard 1468/1720 loss=0.869164  best=-inf wall=6.726h
  ep18 shard 1469/1720 loss=0.904665  best=-inf wall=6.731h
  ep18 shard 1470/1720 loss=0.907873  best=-inf wall=6.736h
  ep18 shard 1471/1720 loss=0.846855  best=-inf wall=6.741h
  ep18 shard 1472/1720 loss=0.932028  best=-inf wall=6.747h
  ep18 shard 1473/1720 loss=0.842669  best=-inf wall=6.752h
  ep18 shard 1474/1720 loss=0.837218  best=-inf wall=6.757h
  ep18 shard 1475/1720 loss=0.821563  best=-inf wall=6.762h
  ep18 shard 1476/1720 loss=0.84086  best=-inf wall=6.765h
  ep18 shard 1477/1720 loss=0.845922  best=-inf wall=6.768h
  ep18 shard 1478/1720 loss=0.872984  best=-inf wall=6.773h
  ep18 shard 1479/1720 loss=0.871483  best=-inf wall=6.776h
  ep18 shard 1480/1720 loss=0.827766  best=-inf wall=6.782h
  ep18 shard 1481/1720 loss=0.902816  best=-inf wall=6.787h
  ep18 shard 1482/1720 loss=0.894967  best=-inf wall=6.791h
  ep18 shard 1483/1720 loss=0.866763  best=-inf wall=6.796h
  ep18 shard 1484/1720 loss=0.829047  best=-inf wall=6.801h
  ep18 shard 1485/1720 loss=0.853014  best=-inf wall=6.802h
  ep18 shard 1486/1720 loss=0.855119  best=-inf wall=6.805h
  ep18 shard 1487/1720 loss=0.840301  best=-inf wall=6.81h
  ep18 shard 1488/1720 loss=0.85707  best=-inf wall=6.815h
  ep18 shard 1489/1720 loss=0.832778  best=-inf wall=6.82h
  ep18 shard 1490/1720 loss=0.881943  best=-inf wall=6.825h
  ep18 shard 1491/1720 loss=0.900328  best=-inf wall=6.83h
  ep18 shard 1492/1720 loss=0.886698  best=-inf wall=6.835h
  ep18 shard 1493/1720 loss=0.874742  best=-inf wall=6.84h
  ep18 shard 1494/1720 loss=0.854681  best=-inf wall=6.845h
  ep18 shard 1495/1720 loss=0.87883  best=-inf wall=6.85h
  ep18 shard 1496/1720 loss=0.850786  best=-inf wall=6.855h
  ep18 shard 1497/1720 loss=0.841258  best=-inf wall=6.86h
  ep18 shard 1498/1720 loss=0.880183  best=-inf wall=6.864h
  ep18 shard 1499/1720 loss=0.852428  best=-inf wall=6.869h
  ep18 shard 1500/1720 loss=0.882299  best=-inf wall=6.872h
  ep18 shard 1501/1720 loss=0.869471  best=-inf wall=6.874h
  ep18 shard 1502/1720 loss=0.82244  best=-inf wall=6.879h
  ep18 shard 1503/1720 loss=0.860518  best=-inf wall=6.884h
  ep18 shard 1504/1720 loss=0.829907  best=-inf wall=6.889h
  ep18 shard 1505/1720 loss=0.862623  best=-inf wall=6.894h
  ep18 shard 1506/1720 loss=0.848512  best=-inf wall=6.898h
  ep18 shard 1507/1720 loss=0.821541  best=-inf wall=6.903h
  ep18 shard 1508/1720 loss=0.84646  best=-inf wall=6.908h
  ep18 shard 1509/1720 loss=0.838751  best=-inf wall=6.911h
  ep18 shard 1510/1720 loss=0.851859  best=-inf wall=6.916h
  ep18 shard 1511/1720 loss=0.877123  best=-inf wall=6.921h
  ep18 shard 1512/1720 loss=0.876012  best=-inf wall=6.926h
  ep18 shard 1513/1720 loss=0.841039  best=-inf wall=6.929h
  ep18 shard 1514/1720 loss=0.935795  best=-inf wall=6.934h
  ep18 shard 1515/1720 loss=0.89715  best=-inf wall=6.939h
  ep18 shard 1516/1720 loss=0.822815  best=-inf wall=6.944h
  ep18 shard 1517/1720 loss=0.880037  best=-inf wall=6.947h
  ep18 shard 1518/1720 loss=0.865988  best=-inf wall=6.952h
  ep18 shard 1519/1720 loss=0.876689  best=-inf wall=6.957h
  ep18 shard 1520/1720 loss=0.846774  best=-inf wall=6.961h
  ep18 shard 1521/1720 loss=0.877837  best=-inf wall=6.966h
  ep18 shard 1522/1720 loss=0.85676  best=-inf wall=6.971h
  ep18 shard 1523/1720 loss=0.839152  best=-inf wall=6.976h
  ep18 shard 1524/1720 loss=0.866577  best=-inf wall=6.979h
  ep18 shard 1525/1720 loss=0.855117  best=-inf wall=6.984h
  ep18 shard 1526/1720 loss=0.829421  best=-inf wall=6.989h
  ep18 shard 1527/1720 loss=0.816979  best=-inf wall=6.994h
  ep18 shard 1528/1720 loss=0.824135  best=-inf wall=6.999h
  ep18 shard 1529/1720 loss=0.843948  best=-inf wall=7.004h
  ep18 shard 1530/1720 loss=0.843191  best=-inf wall=7.009h
  ep18 shard 1531/1720 loss=0.87903  best=-inf wall=7.01h
  ep18 shard 1532/1720 loss=0.845166  best=-inf wall=7.015h
  ep18 shard 1533/1720 loss=0.853415  best=-inf wall=7.02h
  ep18 shard 1534/1720 loss=0.850922  best=-inf wall=7.026h
  ep18 shard 1535/1720 loss=0.863596  best=-inf wall=7.03h
  ep18 shard 1536/1720 loss=0.825373  best=-inf wall=7.035h
  ep18 shard 1537/1720 loss=0.880943  best=-inf wall=7.04h
  ep18 shard 1538/1720 loss=0.874854  best=-inf wall=7.044h
  ep18 shard 1539/1720 loss=0.846376  best=-inf wall=7.049h
  ep18 shard 1540/1720 loss=0.887711  best=-inf wall=7.053h
  ep18 shard 1541/1720 loss=0.859472  best=-inf wall=7.056h
  ep18 shard 1542/1720 loss=0.860565  best=-inf wall=7.06h
  ep18 shard 1543/1720 loss=0.863792  best=-inf wall=7.065h
  ep18 shard 1544/1720 loss=0.881099  best=-inf wall=7.07h
  ep18 shard 1545/1720 loss=0.84809  best=-inf wall=7.075h
  ep18 shard 1546/1720 loss=0.859272  best=-inf wall=7.08h
  ep18 shard 1547/1720 loss=0.857997  best=-inf wall=7.085h
  ep18 shard 1548/1720 loss=0.838075  best=-inf wall=7.09h
  saved epoch checkpoint -> experiments/exp028-mlp/ref20/checkpoints/ep18.pt
  ep19 shard 1549/1720 loss=0.861232  best=-inf wall=7.095h
  ep19 shard 1550/1720 loss=0.849695  best=-inf wall=7.098h
  ep19 shard 1551/1720 loss=0.879273  best=-inf wall=7.103h
  ep19 shard 1552/1720 loss=0.872625  best=-inf wall=7.107h
  ep19 shard 1553/1720 loss=0.83193  best=-inf wall=7.112h
  ep19 shard 1554/1720 loss=0.882697  best=-inf wall=7.114h
  ep19 shard 1555/1720 loss=0.817265  best=-inf wall=7.12h
  ep19 shard 1556/1720 loss=0.869585  best=-inf wall=7.125h
  ep19 shard 1557/1720 loss=0.860076  best=-inf wall=7.13h
  ep19 shard 1558/1720 loss=0.878772  best=-inf wall=7.132h
  ep19 shard 1559/1720 loss=0.846379  best=-inf wall=7.137h
  ep19 shard 1560/1720 loss=0.843534  best=-inf wall=7.142h
  ep19 shard 1561/1720 loss=0.811208  best=-inf wall=7.147h
  ep19 shard 1562/1720 loss=0.862535  best=-inf wall=7.152h
  ep19 shard 1563/1720 loss=0.86419  best=-inf wall=7.156h
  ep19 shard 1564/1720 loss=0.802829  best=-inf wall=7.161h
  ep19 shard 1565/1720 loss=0.839561  best=-inf wall=7.164h
  ep19 shard 1566/1720 loss=0.810596  best=-inf wall=7.168h
  ep19 shard 1567/1720 loss=0.901116  best=-inf wall=7.171h
  ep19 shard 1568/1720 loss=0.851604  best=-inf wall=7.175h
  ep19 shard 1569/1720 loss=0.851588  best=-inf wall=7.18h
  ep19 shard 1570/1720 loss=0.879343  best=-inf wall=7.185h
  ep19 shard 1571/1720 loss=0.891256  best=-inf wall=7.19h
  ep19 shard 1572/1720 loss=0.881061  best=-inf wall=7.195h
  ep19 shard 1573/1720 loss=0.850082  best=-inf wall=7.201h
  ep19 shard 1574/1720 loss=0.844668  best=-inf wall=7.204h
  ep19 shard 1575/1720 loss=0.876976  best=-inf wall=7.209h
  ep19 shard 1576/1720 loss=0.809276  best=-inf wall=7.214h
  ep19 shard 1577/1720 loss=0.825726  best=-inf wall=7.218h
  ep19 shard 1578/1720 loss=0.843498  best=-inf wall=7.224h
  ep19 shard 1579/1720 loss=0.874129  best=-inf wall=7.229h
  ep19 shard 1580/1720 loss=0.822701  best=-inf wall=7.234h
  ep19 shard 1581/1720 loss=0.829022  best=-inf wall=7.239h
  ep19 shard 1582/1720 loss=0.854401  best=-inf wall=7.244h
  ep19 shard 1583/1720 loss=0.865741  best=-inf wall=7.249h
  ep19 shard 1584/1720 loss=0.850691  best=-inf wall=7.254h
  ep19 shard 1585/1720 loss=0.855221  best=-inf wall=7.259h
  ep19 shard 1586/1720 loss=0.819896  best=-inf wall=7.264h
  ep19 shard 1587/1720 loss=0.889895  best=-inf wall=7.269h
  ep19 shard 1588/1720 loss=0.85845  best=-inf wall=7.274h
  ep19 shard 1589/1720 loss=0.898821  best=-inf wall=7.279h
  ep19 shard 1590/1720 loss=0.87907  best=-inf wall=7.28h
  ep19 shard 1591/1720 loss=0.882354  best=-inf wall=7.285h
  ep19 shard 1592/1720 loss=0.843767  best=-inf wall=7.289h
  ep19 shard 1593/1720 loss=0.828531  best=-inf wall=7.292h
  ep19 shard 1594/1720 loss=0.814599  best=-inf wall=7.297h
  ep19 shard 1595/1720 loss=0.882159  best=-inf wall=7.302h
  ep19 shard 1596/1720 loss=0.84904  best=-inf wall=7.305h
  ep19 shard 1597/1720 loss=0.812765  best=-inf wall=7.31h
  ep19 shard 1598/1720 loss=0.816946  best=-inf wall=7.315h
  ep19 shard 1599/1720 loss=0.877035  best=-inf wall=7.319h
  ep19 shard 1600/1720 loss=0.880073  best=-inf wall=7.324h
  ep19 shard 1601/1720 loss=0.839284  best=-inf wall=7.328h
  ep19 shard 1602/1720 loss=0.831083  best=-inf wall=7.333h
  ep19 shard 1603/1720 loss=0.769815  best=-inf wall=7.338h
  ep19 shard 1604/1720 loss=0.842799  best=-inf wall=7.343h
  ep19 shard 1605/1720 loss=0.824823  best=-inf wall=7.347h
  ep19 shard 1606/1720 loss=0.865048  best=-inf wall=7.352h
  ep19 shard 1607/1720 loss=0.785115  best=-inf wall=7.357h
  ep19 shard 1608/1720 loss=0.876247  best=-inf wall=7.362h
  ep19 shard 1609/1720 loss=0.880483  best=-inf wall=7.367h
  ep19 shard 1610/1720 loss=0.830253  best=-inf wall=7.372h
  ep19 shard 1611/1720 loss=0.824871  best=-inf wall=7.377h
  ep19 shard 1612/1720 loss=0.83983  best=-inf wall=7.382h
  ep19 shard 1613/1720 loss=0.874034  best=-inf wall=7.387h
  ep19 shard 1614/1720 loss=0.870854  best=-inf wall=7.393h
  ep19 shard 1615/1720 loss=0.842806  best=-inf wall=7.397h
  ep19 shard 1616/1720 loss=0.835254  best=-inf wall=7.402h
  ep19 shard 1617/1720 loss=0.868297  best=-inf wall=7.407h
  ep19 shard 1618/1720 loss=0.810339  best=-inf wall=7.412h
  ep19 shard 1619/1720 loss=0.862268  best=-inf wall=7.415h
  ep19 shard 1620/1720 loss=0.874363  best=-inf wall=7.42h
  ep19 shard 1621/1720 loss=0.789449  best=-inf wall=7.425h
  ep19 shard 1622/1720 loss=0.847518  best=-inf wall=7.43h
  ep19 shard 1623/1720 loss=0.885559  best=-inf wall=7.435h
  ep19 shard 1624/1720 loss=0.903986  best=-inf wall=7.437h
  ep19 shard 1625/1720 loss=0.840686  best=-inf wall=7.441h
  ep19 shard 1626/1720 loss=0.861789  best=-inf wall=7.447h
  ep19 shard 1627/1720 loss=0.87031  best=-inf wall=7.449h
  ep19 shard 1628/1720 loss=0.837601  best=-inf wall=7.455h
  ep19 shard 1629/1720 loss=0.823518  best=-inf wall=7.46h
  ep19 shard 1630/1720 loss=0.803816  best=-inf wall=7.465h
  ep19 shard 1631/1720 loss=0.870536  best=-inf wall=7.47h
  ep19 shard 1632/1720 loss=0.858059  best=-inf wall=7.473h
  ep19 shard 1633/1720 loss=0.875905  best=-inf wall=7.478h
  ep19 shard 1634/1720 loss=0.844949  best=-inf wall=7.483h
  saved epoch checkpoint -> experiments/exp028-mlp/ref20/checkpoints/ep19.pt
  ep20 shard 1635/1720 loss=0.842455  best=-inf wall=7.486h
  ep20 shard 1636/1720 loss=0.834208  best=-inf wall=7.49h
  ep20 shard 1637/1720 loss=0.820436  best=-inf wall=7.495h
  ep20 shard 1638/1720 loss=0.84441  best=-inf wall=7.5h
  ep20 shard 1639/1720 loss=0.818823  best=-inf wall=7.501h
  ep20 shard 1640/1720 loss=0.853744  best=-inf wall=7.506h
  ep20 shard 1641/1720 loss=0.858372  best=-inf wall=7.511h
  ep20 shard 1642/1720 loss=0.854194  best=-inf wall=7.516h
  ep20 shard 1643/1720 loss=0.862566  best=-inf wall=7.521h
  ep20 shard 1644/1720 loss=0.901218  best=-inf wall=7.526h
  ep20 shard 1645/1720 loss=0.842567  best=-inf wall=7.53h
  ep20 shard 1646/1720 loss=0.86605  best=-inf wall=7.533h
  ep20 shard 1647/1720 loss=0.856508  best=-inf wall=7.538h
  ep20 shard 1648/1720 loss=0.848557  best=-inf wall=7.542h
  ep20 shard 1649/1720 loss=0.848186  best=-inf wall=7.546h
  ep20 shard 1650/1720 loss=0.86335  best=-inf wall=7.551h
  ep20 shard 1651/1720 loss=0.839789  best=-inf wall=7.556h
  ep20 shard 1652/1720 loss=0.868466  best=-inf wall=7.561h
  ep20 shard 1653/1720 loss=0.869063  best=-inf wall=7.566h
  ep20 shard 1654/1720 loss=0.857773  best=-inf wall=7.569h
  ep20 shard 1655/1720 loss=0.834386  best=-inf wall=7.57h
  ep20 shard 1656/1720 loss=0.828054  best=-inf wall=7.573h
  ep20 shard 1657/1720 loss=0.884436  best=-inf wall=7.575h
  ep20 shard 1658/1720 loss=0.809697  best=-inf wall=7.581h
  ep20 shard 1659/1720 loss=0.869736  best=-inf wall=7.586h
  ep20 shard 1660/1720 loss=0.839626  best=-inf wall=7.591h
  ep20 shard 1661/1720 loss=0.843058  best=-inf wall=7.596h
  ep20 shard 1662/1720 loss=0.897104  best=-inf wall=7.601h
  ep20 shard 1663/1720 loss=0.830126  best=-inf wall=7.606h
  ep20 shard 1664/1720 loss=0.850701  best=-inf wall=7.611h
  ep20 shard 1665/1720 loss=0.786332  best=-inf wall=7.616h
  ep20 shard 1666/1720 loss=0.900127  best=-inf wall=7.621h
  ep20 shard 1667/1720 loss=0.826998  best=-inf wall=7.626h
  ep20 shard 1668/1720 loss=0.872221  best=-inf wall=7.631h
  ep20 shard 1669/1720 loss=0.88371  best=-inf wall=7.636h
  ep20 shard 1670/1720 loss=0.888726  best=-inf wall=7.641h
  ep20 shard 1671/1720 loss=0.867327  best=-inf wall=7.646h
  ep20 shard 1672/1720 loss=0.880221  best=-inf wall=7.651h
  ep20 shard 1673/1720 loss=0.833166  best=-inf wall=7.656h
  ep20 shard 1674/1720 loss=0.89017  best=-inf wall=7.661h
  ep20 shard 1675/1720 loss=0.81025  best=-inf wall=7.666h
  ep20 shard 1676/1720 loss=0.84087  best=-inf wall=7.67h
  ep20 shard 1677/1720 loss=0.850941  best=-inf wall=7.675h
  ep20 shard 1678/1720 loss=0.851318  best=-inf wall=7.68h
  ep20 shard 1679/1720 loss=0.82887  best=-inf wall=7.685h
  ep20 shard 1680/1720 loss=0.84433  best=-inf wall=7.689h
  ep20 shard 1681/1720 loss=0.882671  best=-inf wall=7.691h
  ep20 shard 1682/1720 loss=0.83145  best=-inf wall=7.696h
  ep20 shard 1683/1720 loss=0.88426  best=-inf wall=7.701h
  ep20 shard 1684/1720 loss=0.838915  best=-inf wall=7.706h
  ep20 shard 1685/1720 loss=0.858452  best=-inf wall=7.709h
  ep20 shard 1686/1720 loss=0.841254  best=-inf wall=7.712h
  ep20 shard 1687/1720 loss=0.87336  best=-inf wall=7.717h
  ep20 shard 1688/1720 loss=0.840988  best=-inf wall=7.722h
  ep20 shard 1689/1720 loss=0.849986  best=-inf wall=7.727h
  ep20 shard 1690/1720 loss=0.836321  best=-inf wall=7.732h
  ep20 shard 1691/1720 loss=0.857507  best=-inf wall=7.737h
  ep20 shard 1692/1720 loss=0.868876  best=-inf wall=7.742h
  ep20 shard 1693/1720 loss=0.825941  best=-inf wall=7.745h
  ep20 shard 1694/1720 loss=0.874671  best=-inf wall=7.749h
  ep20 shard 1695/1720 loss=0.83296  best=-inf wall=7.754h
  ep20 shard 1696/1720 loss=0.882042  best=-inf wall=7.759h
  ep20 shard 1697/1720 loss=0.88251  best=-inf wall=7.765h
  ep20 shard 1698/1720 loss=0.87476  best=-inf wall=7.77h
  ep20 shard 1699/1720 loss=0.853728  best=-inf wall=7.775h
  ep20 shard 1700/1720 loss=0.900191  best=-inf wall=7.78h
  ep20 shard 1701/1720 loss=0.853722  best=-inf wall=7.785h
  ep20 shard 1702/1720 loss=0.854977  best=-inf wall=7.79h
  ep20 shard 1703/1720 loss=0.817798  best=-inf wall=7.796h
  ep20 shard 1704/1720 loss=0.880315  best=-inf wall=7.8h
  ep20 shard 1705/1720 loss=0.89812  best=-inf wall=7.806h
  ep20 shard 1706/1720 loss=0.880123  best=-inf wall=7.809h
  ep20 shard 1707/1720 loss=0.824766  best=-inf wall=7.815h
  ep20 shard 1708/1720 loss=0.831738  best=-inf wall=7.82h
  ep20 shard 1709/1720 loss=0.896655  best=-inf wall=7.824h
  ep20 shard 1710/1720 loss=0.833649  best=-inf wall=7.829h
  ep20 shard 1711/1720 loss=0.906558  best=-inf wall=7.834h
  ep20 shard 1712/1720 loss=0.840016  best=-inf wall=7.839h
  ep20 shard 1713/1720 loss=0.824585  best=-inf wall=7.842h
  ep20 shard 1714/1720 loss=0.846279  best=-inf wall=7.847h
  ep20 shard 1715/1720 loss=0.819037  best=-inf wall=7.852h
  ep20 shard 1716/1720 loss=0.86534  best=-inf wall=7.857h
  ep20 shard 1717/1720 loss=0.822828  best=-inf wall=7.86h
  ep20 shard 1718/1720 loss=0.853157  best=-inf wall=7.865h
  ep20 shard 1719/1720 loss=0.888815  best=-inf wall=7.87h
  ep20 shard 1720/1720 loss=0.845109 gnubg=0.175 best=+0.175 wall=7.875h
  saved epoch checkpoint -> experiments/exp028-mlp/ref20/checkpoints/ep20.pt

===== ARM DONE (outcomes6) reason=epochs_complete best vs GNUBG-0ply = +0.1750 ppg  -> experiments/exp028-mlp/ref20/checkpoints/best.pt
