[arch] mlp hidden [512, 512, 256, 256] in=201, 0.911M params (0.563M deployable)
exp011 scalar [cpu]: 86 shards x 20 epochs, lr=0.001 holdout_frac=0.0 split_seed=14
  ep1 shard 1/1720 loss=0.003556  best=-inf wall=0.001h
  ep1 shard 2/1720 loss=0.001504  best=-inf wall=0.006h
  ep1 shard 3/1720 loss=0.000817  best=-inf wall=0.011h
  ep1 shard 4/1720 loss=0.000567  best=-inf wall=0.013h
  ep1 shard 5/1720 loss=0.000788  best=-inf wall=0.016h
  ep1 shard 6/1720 loss=0.000588  best=-inf wall=0.018h
  ep1 shard 7/1720 loss=0.000404  best=-inf wall=0.023h
  ep1 shard 8/1720 loss=0.000485  best=-inf wall=0.028h
  ep1 shard 9/1720 loss=0.000392  best=-inf wall=0.033h
  ep1 shard 10/1720 loss=0.00033  best=-inf wall=0.038h
  ep1 shard 11/1720 loss=0.00039  best=-inf wall=0.041h
  ep1 shard 12/1720 loss=0.000298  best=-inf wall=0.046h
  ep1 shard 13/1720 loss=0.000461  best=-inf wall=0.051h
  ep1 shard 14/1720 loss=0.000326  best=-inf wall=0.056h
  ep1 shard 15/1720 loss=0.000254  best=-inf wall=0.061h
  ep1 shard 16/1720 loss=0.000322  best=-inf wall=0.066h
  ep1 shard 17/1720 loss=0.000297  best=-inf wall=0.071h
  ep1 shard 18/1720 loss=0.000362  best=-inf wall=0.076h
  ep1 shard 19/1720 loss=0.000321  best=-inf wall=0.08h
  ep1 shard 20/1720 loss=0.000234  best=-inf wall=0.085h
  ep1 shard 21/1720 loss=0.000184  best=-inf wall=0.09h
  ep1 shard 22/1720 loss=0.000202  best=-inf wall=0.096h
  ep1 shard 23/1720 loss=0.00017  best=-inf wall=0.101h
  ep1 shard 24/1720 loss=0.000199  best=-inf wall=0.106h
  ep1 shard 25/1720 loss=0.000217  best=-inf wall=0.111h
  ep1 shard 26/1720 loss=0.000176  best=-inf wall=0.116h
  ep1 shard 27/1720 loss=0.000312  best=-inf wall=0.12h
  ep1 shard 28/1720 loss=0.000204  best=-inf wall=0.123h
  ep1 shard 29/1720 loss=0.000225  best=-inf wall=0.128h
  ep1 shard 30/1720 loss=0.000161  best=-inf wall=0.132h
  ep1 shard 31/1720 loss=0.000151  best=-inf wall=0.137h
  ep1 shard 32/1720 loss=0.000229  best=-inf wall=0.142h
  ep1 shard 33/1720 loss=0.000178  best=-inf wall=0.144h
  ep1 shard 34/1720 loss=0.000128  best=-inf wall=0.148h
  ep1 shard 35/1720 loss=0.000156  best=-inf wall=0.153h
  ep1 shard 36/1720 loss=0.000197  best=-inf wall=0.157h
  ep1 shard 37/1720 loss=0.00015  best=-inf wall=0.161h
  ep1 shard 38/1720 loss=0.000136  best=-inf wall=0.166h
  ep1 shard 39/1720 loss=0.000175  best=-inf wall=0.171h
  ep1 shard 40/1720 loss=0.000136  best=-inf wall=0.175h
  ep1 shard 41/1720 loss=0.000255  best=-inf wall=0.18h
  ep1 shard 42/1720 loss=0.000191  best=-inf wall=0.185h
  ep1 shard 43/1720 loss=0.00016  best=-inf wall=0.189h
  ep1 shard 44/1720 loss=0.000144  best=-inf wall=0.194h
  ep1 shard 45/1720 loss=0.000135  best=-inf wall=0.199h
  ep1 shard 46/1720 loss=0.000117  best=-inf wall=0.204h
  ep1 shard 47/1720 loss=0.000157  best=-inf wall=0.207h
  ep1 shard 48/1720 loss=0.000153  best=-inf wall=0.212h
  ep1 shard 49/1720 loss=0.000172  best=-inf wall=0.217h
  ep1 shard 50/1720 loss=0.000136  best=-inf wall=0.219h
  ep1 shard 51/1720 loss=0.000145  best=-inf wall=0.224h
  ep1 shard 52/1720 loss=0.000172  best=-inf wall=0.227h
  ep1 shard 53/1720 loss=0.000218  best=-inf wall=0.232h
  ep1 shard 54/1720 loss=0.000129  best=-inf wall=0.237h
  ep1 shard 55/1720 loss=0.000137  best=-inf wall=0.242h
  ep1 shard 56/1720 loss=9.7e-05  best=-inf wall=0.248h
  ep1 shard 57/1720 loss=0.000127  best=-inf wall=0.253h
  ep1 shard 58/1720 loss=0.000178  best=-inf wall=0.258h
  ep1 shard 59/1720 loss=0.00011  best=-inf wall=0.263h
  ep1 shard 60/1720 loss=0.000162  best=-inf wall=0.269h
  ep1 shard 61/1720 loss=0.000167  best=-inf wall=0.274h
  ep1 shard 62/1720 loss=0.000106  best=-inf wall=0.278h
  ep1 shard 63/1720 loss=0.000146  best=-inf wall=0.283h
  ep1 shard 64/1720 loss=9.9e-05  best=-inf wall=0.288h
  ep1 shard 65/1720 loss=0.000111  best=-inf wall=0.291h
  ep1 shard 66/1720 loss=0.000151  best=-inf wall=0.295h
  ep1 shard 67/1720 loss=0.000101  best=-inf wall=0.3h
  ep1 shard 68/1720 loss=0.000107  best=-inf wall=0.305h
  ep1 shard 69/1720 loss=0.000133  best=-inf wall=0.31h
  ep1 shard 70/1720 loss=0.000117  best=-inf wall=0.315h
  ep1 shard 71/1720 loss=8.3e-05  best=-inf wall=0.32h
  ep1 shard 72/1720 loss=9e-05  best=-inf wall=0.325h
  ep1 shard 73/1720 loss=0.00011  best=-inf wall=0.331h
  ep1 shard 74/1720 loss=0.000111  best=-inf wall=0.336h
  ep1 shard 75/1720 loss=0.000118  best=-inf wall=0.34h
  ep1 shard 76/1720 loss=9.5e-05  best=-inf wall=0.345h
  ep1 shard 77/1720 loss=0.000128  best=-inf wall=0.35h
  ep1 shard 78/1720 loss=0.000111  best=-inf wall=0.356h
  ep1 shard 79/1720 loss=0.000113  best=-inf wall=0.359h
  ep1 shard 80/1720 loss=0.000106  best=-inf wall=0.364h
  ep1 shard 81/1720 loss=0.000135  best=-inf wall=0.369h
  ep1 shard 82/1720 loss=0.000162  best=-inf wall=0.374h
  ep1 shard 83/1720 loss=0.000133  best=-inf wall=0.379h
  ep1 shard 84/1720 loss=0.000108  best=-inf wall=0.382h
  ep1 shard 85/1720 loss=9.7e-05  best=-inf wall=0.388h
  ep1 shard 86/1720 loss=9.9e-05  best=-inf wall=0.393h
  saved epoch checkpoint -> experiments/exp028-mlp/scalar20/checkpoints/ep1.pt
  ep2 shard 87/1720 loss=0.000198  best=-inf wall=0.396h
  ep2 shard 88/1720 loss=9e-05  best=-inf wall=0.401h
  ep2 shard 89/1720 loss=8.9e-05  best=-inf wall=0.406h
  ep2 shard 90/1720 loss=0.00014  best=-inf wall=0.407h
  ep2 shard 91/1720 loss=0.00011  best=-inf wall=0.413h
  ep2 shard 92/1720 loss=9.8e-05  best=-inf wall=0.418h
  ep2 shard 93/1720 loss=0.000118  best=-inf wall=0.419h
  ep2 shard 94/1720 loss=0.0001  best=-inf wall=0.422h
  ep2 shard 95/1720 loss=8.9e-05  best=-inf wall=0.428h
  ep2 shard 96/1720 loss=8.7e-05  best=-inf wall=0.433h
  ep2 shard 97/1720 loss=8.2e-05  best=-inf wall=0.438h
  ep2 shard 98/1720 loss=9.5e-05  best=-inf wall=0.444h
  ep2 shard 99/1720 loss=9.3e-05  best=-inf wall=0.449h
  ep2 shard 100/1720 loss=0.000115  best=-inf wall=0.452h
  ep2 shard 101/1720 loss=8e-05  best=-inf wall=0.456h
  ep2 shard 102/1720 loss=9.9e-05  best=-inf wall=0.461h
  ep2 shard 103/1720 loss=8.8e-05  best=-inf wall=0.467h
  ep2 shard 104/1720 loss=8.9e-05  best=-inf wall=0.472h
  ep2 shard 105/1720 loss=8.5e-05  best=-inf wall=0.477h
  ep2 shard 106/1720 loss=0.00016  best=-inf wall=0.482h
  ep2 shard 107/1720 loss=7.4e-05  best=-inf wall=0.487h
  ep2 shard 108/1720 loss=0.000101  best=-inf wall=0.49h
  ep2 shard 109/1720 loss=9.4e-05  best=-inf wall=0.495h
  ep2 shard 110/1720 loss=9.7e-05  best=-inf wall=0.5h
  ep2 shard 111/1720 loss=0.000105  best=-inf wall=0.506h
  ep2 shard 112/1720 loss=8.6e-05  best=-inf wall=0.511h
  ep2 shard 113/1720 loss=0.000131  best=-inf wall=0.516h
  ep2 shard 114/1720 loss=0.000135  best=-inf wall=0.521h
  ep2 shard 115/1720 loss=0.000126  best=-inf wall=0.526h
  ep2 shard 116/1720 loss=8.6e-05  best=-inf wall=0.531h
  ep2 shard 117/1720 loss=9.8e-05  best=-inf wall=0.536h
  ep2 shard 118/1720 loss=9.9e-05  best=-inf wall=0.541h
  ep2 shard 119/1720 loss=8.6e-05  best=-inf wall=0.545h
  ep2 shard 120/1720 loss=0.000118  best=-inf wall=0.551h
  ep2 shard 121/1720 loss=9.2e-05  best=-inf wall=0.555h
  ep2 shard 122/1720 loss=0.000155  best=-inf wall=0.559h
  ep2 shard 123/1720 loss=8.2e-05  best=-inf wall=0.564h
  ep2 shard 124/1720 loss=0.000101  best=-inf wall=0.566h
  ep2 shard 125/1720 loss=8.9e-05  best=-inf wall=0.568h
  ep2 shard 126/1720 loss=0.000114  best=-inf wall=0.574h
  ep2 shard 127/1720 loss=9.4e-05  best=-inf wall=0.579h
  ep2 shard 128/1720 loss=8.3e-05  best=-inf wall=0.584h
  ep2 shard 129/1720 loss=7.4e-05  best=-inf wall=0.589h
  ep2 shard 130/1720 loss=9.9e-05  best=-inf wall=0.594h
  ep2 shard 131/1720 loss=0.000114  best=-inf wall=0.599h
  ep2 shard 132/1720 loss=7.8e-05  best=-inf wall=0.604h
  ep2 shard 133/1720 loss=0.000121  best=-inf wall=0.609h
  ep2 shard 134/1720 loss=0.000117  best=-inf wall=0.615h
  ep2 shard 135/1720 loss=8.4e-05  best=-inf wall=0.62h
  ep2 shard 136/1720 loss=8.8e-05  best=-inf wall=0.625h
  ep2 shard 137/1720 loss=8.8e-05  best=-inf wall=0.628h
  ep2 shard 138/1720 loss=7.6e-05  best=-inf wall=0.632h
  ep2 shard 139/1720 loss=0.000136  best=-inf wall=0.637h
  ep2 shard 140/1720 loss=0.000113  best=-inf wall=0.642h
  ep2 shard 141/1720 loss=0.000112  best=-inf wall=0.647h
  ep2 shard 142/1720 loss=8.8e-05  best=-inf wall=0.652h
  ep2 shard 143/1720 loss=9.9e-05  best=-inf wall=0.655h
  ep2 shard 144/1720 loss=0.000104  best=-inf wall=0.661h
  ep2 shard 145/1720 loss=9.3e-05  best=-inf wall=0.666h
  ep2 shard 146/1720 loss=0.000107  best=-inf wall=0.668h
  ep2 shard 147/1720 loss=0.0001  best=-inf wall=0.674h
  ep2 shard 148/1720 loss=9.4e-05  best=-inf wall=0.679h
  ep2 shard 149/1720 loss=9.5e-05  best=-inf wall=0.684h
  ep2 shard 150/1720 loss=0.000102  best=-inf wall=0.688h
  ep2 shard 151/1720 loss=8.6e-05  best=-inf wall=0.693h
  ep2 shard 152/1720 loss=8.5e-05  best=-inf wall=0.698h
  ep2 shard 153/1720 loss=9.9e-05  best=-inf wall=0.702h
  ep2 shard 154/1720 loss=6.9e-05  best=-inf wall=0.707h
  ep2 shard 155/1720 loss=7e-05  best=-inf wall=0.71h
  ep2 shard 156/1720 loss=8.8e-05  best=-inf wall=0.714h
  ep2 shard 157/1720 loss=7.7e-05  best=-inf wall=0.719h
  ep2 shard 158/1720 loss=7.4e-05  best=-inf wall=0.724h
  ep2 shard 159/1720 loss=8.5e-05  best=-inf wall=0.729h
  ep2 shard 160/1720 loss=7.6e-05  best=-inf wall=0.734h
  ep2 shard 161/1720 loss=9.6e-05  best=-inf wall=0.739h
  ep2 shard 162/1720 loss=7.6e-05  best=-inf wall=0.743h
  ep2 shard 163/1720 loss=0.000103  best=-inf wall=0.746h
  ep2 shard 164/1720 loss=7.6e-05  best=-inf wall=0.752h
  ep2 shard 165/1720 loss=6.7e-05  best=-inf wall=0.757h
  ep2 shard 166/1720 loss=0.00013  best=-inf wall=0.762h
  ep2 shard 167/1720 loss=9e-05  best=-inf wall=0.767h
  ep2 shard 168/1720 loss=8.1e-05  best=-inf wall=0.772h
  ep2 shard 169/1720 loss=8.4e-05  best=-inf wall=0.777h
  ep2 shard 170/1720 loss=8.6e-05  best=-inf wall=0.782h
  ep2 shard 171/1720 loss=8e-05  best=-inf wall=0.787h
  ep2 shard 172/1720 loss=8.5e-05  best=-inf wall=0.792h
  saved epoch checkpoint -> experiments/exp028-mlp/scalar20/checkpoints/ep2.pt
  ep3 shard 173/1720 loss=8.4e-05  best=-inf wall=0.796h
  ep3 shard 174/1720 loss=7.8e-05  best=-inf wall=0.801h
  ep3 shard 175/1720 loss=9.5e-05  best=-inf wall=0.806h
  ep3 shard 176/1720 loss=7.7e-05  best=-inf wall=0.811h
  ep3 shard 177/1720 loss=9.5e-05  best=-inf wall=0.816h
  ep3 shard 178/1720 loss=8.5e-05  best=-inf wall=0.818h
  ep3 shard 179/1720 loss=7.1e-05  best=-inf wall=0.822h
  ep3 shard 180/1720 loss=9.8e-05  best=-inf wall=0.828h
  ep3 shard 181/1720 loss=6.6e-05  best=-inf wall=0.832h
  ep3 shard 182/1720 loss=7.1e-05  best=-inf wall=0.836h
  ep3 shard 183/1720 loss=6.9e-05  best=-inf wall=0.841h
  ep3 shard 184/1720 loss=7.9e-05  best=-inf wall=0.846h
  ep3 shard 185/1720 loss=0.0001  best=-inf wall=0.851h
  ep3 shard 186/1720 loss=5.9e-05  best=-inf wall=0.856h
  ep3 shard 187/1720 loss=7.6e-05  best=-inf wall=0.861h
  ep3 shard 188/1720 loss=8.5e-05  best=-inf wall=0.864h
  ep3 shard 189/1720 loss=8.9e-05  best=-inf wall=0.866h
  ep3 shard 190/1720 loss=7.4e-05  best=-inf wall=0.871h
  ep3 shard 191/1720 loss=8.2e-05  best=-inf wall=0.874h
  ep3 shard 192/1720 loss=8.1e-05  best=-inf wall=0.879h
  ep3 shard 193/1720 loss=0.000112  best=-inf wall=0.884h
  ep3 shard 194/1720 loss=0.000108  best=-inf wall=0.887h
  ep3 shard 195/1720 loss=8.9e-05  best=-inf wall=0.892h
  ep3 shard 196/1720 loss=7.4e-05  best=-inf wall=0.897h
  ep3 shard 197/1720 loss=7e-05  best=-inf wall=0.901h
  ep3 shard 198/1720 loss=0.0001  best=-inf wall=0.906h
  ep3 shard 199/1720 loss=8.7e-05  best=-inf wall=0.911h
  ep3 shard 200/1720 loss=7.7e-05  best=-inf wall=0.916h
  ep3 shard 201/1720 loss=8.1e-05  best=-inf wall=0.92h
  ep3 shard 202/1720 loss=7.6e-05  best=-inf wall=0.925h
  ep3 shard 203/1720 loss=8.8e-05  best=-inf wall=0.929h
  ep3 shard 204/1720 loss=8.2e-05  best=-inf wall=0.934h
  ep3 shard 205/1720 loss=7.6e-05  best=-inf wall=0.939h
  ep3 shard 206/1720 loss=8.5e-05  best=-inf wall=0.944h
  ep3 shard 207/1720 loss=7.9e-05  best=-inf wall=0.949h
  ep3 shard 208/1720 loss=7.1e-05  best=-inf wall=0.954h
  ep3 shard 209/1720 loss=8.6e-05  best=-inf wall=0.959h
  ep3 shard 210/1720 loss=7.7e-05  best=-inf wall=0.964h
  ep3 shard 211/1720 loss=7.9e-05  best=-inf wall=0.969h
  ep3 shard 212/1720 loss=8.4e-05  best=-inf wall=0.974h
  ep3 shard 213/1720 loss=7.2e-05  best=-inf wall=0.979h
  ep3 shard 214/1720 loss=7.2e-05  best=-inf wall=0.984h
  ep3 shard 215/1720 loss=4.6e-05  best=-inf wall=0.99h
  ep3 shard 216/1720 loss=6.9e-05  best=-inf wall=0.993h
  ep3 shard 217/1720 loss=6e-05  best=-inf wall=0.997h
  ep3 shard 218/1720 loss=0.000104  best=-inf wall=1.002h
  ep3 shard 219/1720 loss=6.5e-05  best=-inf wall=1.007h
  ep3 shard 220/1720 loss=9e-05  best=-inf wall=1.012h
  ep3 shard 221/1720 loss=9.1e-05  best=-inf wall=1.017h
  ep3 shard 222/1720 loss=7e-05  best=-inf wall=1.02h
  ep3 shard 223/1720 loss=8.4e-05  best=-inf wall=1.025h
  ep3 shard 224/1720 loss=8.4e-05  best=-inf wall=1.03h
  ep3 shard 225/1720 loss=7.3e-05  best=-inf wall=1.035h
  ep3 shard 226/1720 loss=7e-05  best=-inf wall=1.04h
  ep3 shard 227/1720 loss=6.4e-05  best=-inf wall=1.043h
  ep3 shard 228/1720 loss=7.6e-05  best=-inf wall=1.047h
  ep3 shard 229/1720 loss=7.9e-05  best=-inf wall=1.05h
  ep3 shard 230/1720 loss=8e-05  best=-inf wall=1.056h
  ep3 shard 231/1720 loss=6.6e-05  best=-inf wall=1.061h
  ep3 shard 232/1720 loss=7.1e-05  best=-inf wall=1.065h
  ep3 shard 233/1720 loss=7.9e-05  best=-inf wall=1.07h
  ep3 shard 234/1720 loss=6.6e-05  best=-inf wall=1.075h
  ep3 shard 235/1720 loss=7.2e-05  best=-inf wall=1.08h
  ep3 shard 236/1720 loss=8e-05  best=-inf wall=1.085h
  ep3 shard 237/1720 loss=8.5e-05  best=-inf wall=1.089h
  ep3 shard 238/1720 loss=7e-05  best=-inf wall=1.094h
  ep3 shard 239/1720 loss=7.9e-05  best=-inf wall=1.1h
  ep3 shard 240/1720 loss=7.1e-05  best=-inf wall=1.105h
  ep3 shard 241/1720 loss=6.5e-05  best=-inf wall=1.11h
  ep3 shard 242/1720 loss=9.4e-05  best=-inf wall=1.115h
  ep3 shard 243/1720 loss=7.1e-05  best=-inf wall=1.117h
  ep3 shard 244/1720 loss=7.6e-05  best=-inf wall=1.122h
  ep3 shard 245/1720 loss=6.3e-05  best=-inf wall=1.126h
  ep3 shard 246/1720 loss=7.4e-05  best=-inf wall=1.131h
  ep3 shard 247/1720 loss=6.4e-05  best=-inf wall=1.136h
  ep3 shard 248/1720 loss=7.6e-05  best=-inf wall=1.141h
  ep3 shard 249/1720 loss=6.8e-05  best=-inf wall=1.146h
  ep3 shard 250/1720 loss=7.5e-05  best=-inf wall=1.151h
  ep3 shard 251/1720 loss=6.1e-05  best=-inf wall=1.157h
  ep3 shard 252/1720 loss=7.2e-05  best=-inf wall=1.161h
  ep3 shard 253/1720 loss=7.2e-05  best=-inf wall=1.165h
  ep3 shard 254/1720 loss=8e-05  best=-inf wall=1.168h
  ep3 shard 255/1720 loss=8.9e-05  best=-inf wall=1.171h
  ep3 shard 256/1720 loss=6.3e-05  best=-inf wall=1.176h
  ep3 shard 257/1720 loss=6.5e-05  best=-inf wall=1.18h
  ep3 shard 258/1720 loss=6.8e-05  best=-inf wall=1.182h
  saved epoch checkpoint -> experiments/exp028-mlp/scalar20/checkpoints/ep3.pt
  ep4 shard 259/1720 loss=4.9e-05  best=-inf wall=1.186h
  ep4 shard 260/1720 loss=7.8e-05  best=-inf wall=1.191h
  ep4 shard 261/1720 loss=5e-05  best=-inf wall=1.196h
  ep4 shard 262/1720 loss=6.7e-05  best=-inf wall=1.201h
  ep4 shard 263/1720 loss=6.3e-05  best=-inf wall=1.203h
  ep4 shard 264/1720 loss=8.3e-05  best=-inf wall=1.207h
  ep4 shard 265/1720 loss=6.8e-05  best=-inf wall=1.209h
  ep4 shard 266/1720 loss=5.8e-05  best=-inf wall=1.214h
  ep4 shard 267/1720 loss=6.1e-05  best=-inf wall=1.218h
  ep4 shard 268/1720 loss=7e-05  best=-inf wall=1.221h
  ep4 shard 269/1720 loss=4.9e-05  best=-inf wall=1.226h
  ep4 shard 270/1720 loss=6.3e-05  best=-inf wall=1.231h
  ep4 shard 271/1720 loss=6.2e-05  best=-inf wall=1.236h
  ep4 shard 272/1720 loss=5.7e-05  best=-inf wall=1.241h
  ep4 shard 273/1720 loss=7.1e-05  best=-inf wall=1.246h
  ep4 shard 274/1720 loss=7.2e-05  best=-inf wall=1.251h
  ep4 shard 275/1720 loss=7e-05  best=-inf wall=1.256h
  ep4 shard 276/1720 loss=0.000115  best=-inf wall=1.261h
  ep4 shard 277/1720 loss=9.9e-05  best=-inf wall=1.266h
  ep4 shard 278/1720 loss=5.9e-05  best=-inf wall=1.271h
  ep4 shard 279/1720 loss=6.5e-05  best=-inf wall=1.275h
  ep4 shard 280/1720 loss=8.9e-05  best=-inf wall=1.28h
  ep4 shard 281/1720 loss=5.7e-05  best=-inf wall=1.285h
  ep4 shard 282/1720 loss=8.6e-05  best=-inf wall=1.29h
  ep4 shard 283/1720 loss=6.8e-05  best=-inf wall=1.295h
  ep4 shard 284/1720 loss=6.8e-05  best=-inf wall=1.3h
  ep4 shard 285/1720 loss=6.8e-05  best=-inf wall=1.305h
  ep4 shard 286/1720 loss=6.4e-05  best=-inf wall=1.31h
  ep4 shard 287/1720 loss=7e-05  best=-inf wall=1.313h
  ep4 shard 288/1720 loss=9.8e-05  best=-inf wall=1.318h
  ep4 shard 289/1720 loss=5.8e-05  best=-inf wall=1.323h
  ep4 shard 290/1720 loss=8e-05  best=-inf wall=1.327h
  ep4 shard 291/1720 loss=7.9e-05  best=-inf wall=1.332h
  ep4 shard 292/1720 loss=6.7e-05  best=-inf wall=1.337h
  ep4 shard 293/1720 loss=6.3e-05  best=-inf wall=1.342h
  ep4 shard 294/1720 loss=7.5e-05  best=-inf wall=1.347h
  ep4 shard 295/1720 loss=8.3e-05  best=-inf wall=1.352h
  ep4 shard 296/1720 loss=6.9e-05  best=-inf wall=1.357h
  ep4 shard 297/1720 loss=5.8e-05  best=-inf wall=1.36h
  ep4 shard 298/1720 loss=5.6e-05  best=-inf wall=1.365h
  ep4 shard 299/1720 loss=6.9e-05  best=-inf wall=1.37h
  ep4 shard 300/1720 loss=7.3e-05  best=-inf wall=1.375h
  ep4 shard 301/1720 loss=6.7e-05  best=-inf wall=1.378h
  ep4 shard 302/1720 loss=8.2e-05  best=-inf wall=1.381h
  ep4 shard 303/1720 loss=8e-05  best=-inf wall=1.386h
  ep4 shard 304/1720 loss=7.2e-05  best=-inf wall=1.391h
  ep4 shard 305/1720 loss=6.7e-05  best=-inf wall=1.396h
  ep4 shard 306/1720 loss=0.000114  best=-inf wall=1.401h
  ep4 shard 307/1720 loss=5.9e-05  best=-inf wall=1.406h
  ep4 shard 308/1720 loss=5.3e-05  best=-inf wall=1.411h
  ep4 shard 309/1720 loss=7.4e-05  best=-inf wall=1.416h
  ep4 shard 310/1720 loss=7.6e-05  best=-inf wall=1.421h
  ep4 shard 311/1720 loss=6.5e-05  best=-inf wall=1.426h
  ep4 shard 312/1720 loss=7.1e-05  best=-inf wall=1.431h
  ep4 shard 313/1720 loss=8.4e-05  best=-inf wall=1.435h
  ep4 shard 314/1720 loss=6.9e-05  best=-inf wall=1.44h
  ep4 shard 315/1720 loss=5.6e-05  best=-inf wall=1.445h
  ep4 shard 316/1720 loss=7.6e-05  best=-inf wall=1.45h
  ep4 shard 317/1720 loss=6.6e-05  best=-inf wall=1.455h
  ep4 shard 318/1720 loss=6.5e-05  best=-inf wall=1.46h
  ep4 shard 319/1720 loss=8.5e-05  best=-inf wall=1.465h
  ep4 shard 320/1720 loss=5.2e-05  best=-inf wall=1.47h
  ep4 shard 321/1720 loss=6.7e-05  best=-inf wall=1.471h
  ep4 shard 322/1720 loss=6.5e-05  best=-inf wall=1.475h
  ep4 shard 323/1720 loss=7e-05  best=-inf wall=1.48h
  ep4 shard 324/1720 loss=5.9e-05  best=-inf wall=1.485h
  ep4 shard 325/1720 loss=5.5e-05  best=-inf wall=1.488h
  ep4 shard 326/1720 loss=5.5e-05  best=-inf wall=1.491h
  ep4 shard 327/1720 loss=6.4e-05  best=-inf wall=1.496h
  ep4 shard 328/1720 loss=6.1e-05  best=-inf wall=1.498h
  ep4 shard 329/1720 loss=5.4e-05  best=-inf wall=1.503h
  ep4 shard 330/1720 loss=6.6e-05  best=-inf wall=1.508h
  ep4 shard 331/1720 loss=7e-05  best=-inf wall=1.513h
  ep4 shard 332/1720 loss=4.9e-05  best=-inf wall=1.516h
  ep4 shard 333/1720 loss=7.5e-05  best=-inf wall=1.521h
  ep4 shard 334/1720 loss=7e-05  best=-inf wall=1.526h
  ep4 shard 335/1720 loss=7.2e-05  best=-inf wall=1.531h
  ep4 shard 336/1720 loss=7.1e-05  best=-inf wall=1.536h
  ep4 shard 337/1720 loss=7.1e-05  best=-inf wall=1.54h
  ep4 shard 338/1720 loss=7.7e-05  best=-inf wall=1.544h
  ep4 shard 339/1720 loss=4.9e-05  best=-inf wall=1.548h
  ep4 shard 340/1720 loss=6.9e-05  best=-inf wall=1.553h
  ep4 shard 341/1720 loss=5.8e-05  best=-inf wall=1.556h
  ep4 shard 342/1720 loss=6.3e-05  best=-inf wall=1.561h
  ep4 shard 343/1720 loss=6.5e-05  best=-inf wall=1.567h
  ep4 shard 344/1720 loss=6.4e-05  best=-inf wall=1.572h
  saved epoch checkpoint -> experiments/exp028-mlp/scalar20/checkpoints/ep4.pt
  ep5 shard 345/1720 loss=6.9e-05  best=-inf wall=1.577h
  ep5 shard 346/1720 loss=6.3e-05  best=-inf wall=1.581h
  ep5 shard 347/1720 loss=5.3e-05  best=-inf wall=1.586h
  ep5 shard 348/1720 loss=6.1e-05  best=-inf wall=1.591h
  ep5 shard 349/1720 loss=5.9e-05  best=-inf wall=1.594h
  ep5 shard 350/1720 loss=5e-05  best=-inf wall=1.597h
  ep5 shard 351/1720 loss=5.7e-05  best=-inf wall=1.601h
  ep5 shard 352/1720 loss=5.1e-05  best=-inf wall=1.606h
  ep5 shard 353/1720 loss=7.8e-05  best=-inf wall=1.61h
  ep5 shard 354/1720 loss=5e-05  best=-inf wall=1.615h
  ep5 shard 355/1720 loss=5.7e-05  best=-inf wall=1.62h
  ep5 shard 356/1720 loss=4.4e-05  best=-inf wall=1.625h
  ep5 shard 357/1720 loss=6.6e-05  best=-inf wall=1.63h
  ep5 shard 358/1720 loss=5.3e-05  best=-inf wall=1.635h
  ep5 shard 359/1720 loss=6.8e-05  best=-inf wall=1.637h
  ep5 shard 360/1720 loss=4.9e-05  best=-inf wall=1.643h
  ep5 shard 361/1720 loss=5.9e-05  best=-inf wall=1.648h
  ep5 shard 362/1720 loss=6e-05  best=-inf wall=1.653h
  ep5 shard 363/1720 loss=7.2e-05  best=-inf wall=1.658h
  ep5 shard 364/1720 loss=5.6e-05  best=-inf wall=1.663h
  ep5 shard 365/1720 loss=6.1e-05  best=-inf wall=1.668h
  ep5 shard 366/1720 loss=5.7e-05  best=-inf wall=1.673h
  ep5 shard 367/1720 loss=5.8e-05  best=-inf wall=1.676h
  ep5 shard 368/1720 loss=7.5e-05  best=-inf wall=1.681h
  ep5 shard 369/1720 loss=5.1e-05  best=-inf wall=1.686h
  ep5 shard 370/1720 loss=5.8e-05  best=-inf wall=1.691h
  ep5 shard 371/1720 loss=5.5e-05  best=-inf wall=1.694h
  ep5 shard 372/1720 loss=7.8e-05  best=-inf wall=1.698h
  ep5 shard 373/1720 loss=5.4e-05  best=-inf wall=1.7h
  ep5 shard 374/1720 loss=5.3e-05  best=-inf wall=1.705h
  ep5 shard 375/1720 loss=5.4e-05  best=-inf wall=1.71h
  ep5 shard 376/1720 loss=8e-05  best=-inf wall=1.715h
  ep5 shard 377/1720 loss=7.1e-05  best=-inf wall=1.719h
  ep5 shard 378/1720 loss=5.7e-05  best=-inf wall=1.724h
  ep5 shard 379/1720 loss=5.8e-05  best=-inf wall=1.729h
  ep5 shard 380/1720 loss=8e-05  best=-inf wall=1.734h
  ep5 shard 381/1720 loss=7.4e-05  best=-inf wall=1.739h
  ep5 shard 382/1720 loss=7e-05  best=-inf wall=1.744h
  ep5 shard 383/1720 loss=6e-05  best=-inf wall=1.749h
  ep5 shard 384/1720 loss=7e-05  best=-inf wall=1.753h
  ep5 shard 385/1720 loss=4.8e-05  best=-inf wall=1.758h
  ep5 shard 386/1720 loss=5.1e-05  best=-inf wall=1.763h
  ep5 shard 387/1720 loss=7.2e-05  best=-inf wall=1.768h
  ep5 shard 388/1720 loss=6.4e-05  best=-inf wall=1.773h
  ep5 shard 389/1720 loss=5.6e-05  best=-inf wall=1.774h
  ep5 shard 390/1720 loss=7.6e-05  best=-inf wall=1.778h
  ep5 shard 391/1720 loss=7.4e-05  best=-inf wall=1.783h
  ep5 shard 392/1720 loss=5.8e-05  best=-inf wall=1.788h
  ep5 shard 393/1720 loss=7.4e-05  best=-inf wall=1.793h
  ep5 shard 394/1720 loss=6.2e-05  best=-inf wall=1.797h
  ep5 shard 395/1720 loss=5.5e-05  best=-inf wall=1.802h
  ep5 shard 396/1720 loss=4.4e-05  best=-inf wall=1.807h
  ep5 shard 397/1720 loss=8.5e-05  best=-inf wall=1.812h
  ep5 shard 398/1720 loss=5.4e-05  best=-inf wall=1.817h
  ep5 shard 399/1720 loss=5.5e-05  best=-inf wall=1.822h
  ep5 shard 400/1720 loss=7.6e-05  best=-inf wall=1.827h
  ep5 shard 401/1720 loss=6.7e-05  best=-inf wall=1.832h
  ep5 shard 402/1720 loss=4.8e-05  best=-inf wall=1.836h
  ep5 shard 403/1720 loss=6.2e-05  best=-inf wall=1.841h
  ep5 shard 404/1720 loss=4.4e-05  best=-inf wall=1.846h
  ep5 shard 405/1720 loss=6.3e-05  best=-inf wall=1.849h
  ep5 shard 406/1720 loss=6.9e-05  best=-inf wall=1.854h
  ep5 shard 407/1720 loss=4.3e-05  best=-inf wall=1.86h
  ep5 shard 408/1720 loss=6.6e-05  best=-inf wall=1.865h
  ep5 shard 409/1720 loss=6.5e-05  best=-inf wall=1.87h
  ep5 shard 410/1720 loss=5.2e-05  best=-inf wall=1.875h
  ep5 shard 411/1720 loss=6.3e-05  best=-inf wall=1.879h
  ep5 shard 412/1720 loss=6.3e-05  best=-inf wall=1.882h
  ep5 shard 413/1720 loss=5.8e-05  best=-inf wall=1.887h
  ep5 shard 414/1720 loss=6.5e-05  best=-inf wall=1.89h
  ep5 shard 415/1720 loss=5.3e-05  best=-inf wall=1.895h
  ep5 shard 416/1720 loss=7.1e-05  best=-inf wall=1.9h
  ep5 shard 417/1720 loss=9.2e-05  best=-inf wall=1.905h
  ep5 shard 418/1720 loss=5.8e-05  best=-inf wall=1.91h
  ep5 shard 419/1720 loss=7.5e-05  best=-inf wall=1.915h
  ep5 shard 420/1720 loss=5.7e-05  best=-inf wall=1.917h
  ep5 shard 421/1720 loss=6e-05  best=-inf wall=1.92h
  ep5 shard 422/1720 loss=7.4e-05  best=-inf wall=1.925h
  ep5 shard 423/1720 loss=6.5e-05  best=-inf wall=1.93h
  ep5 shard 424/1720 loss=8.5e-05  best=-inf wall=1.935h
  ep5 shard 425/1720 loss=8.9e-05  best=-inf wall=1.941h
  ep5 shard 426/1720 loss=7.6e-05  best=-inf wall=1.946h
  ep5 shard 427/1720 loss=5.3e-05  best=-inf wall=1.951h
  ep5 shard 428/1720 loss=5e-05  best=-inf wall=1.956h
  ep5 shard 429/1720 loss=6e-05  best=-inf wall=1.961h
  ep5 shard 430/1720 loss=5.1e-05  best=-inf wall=1.965h
  saved epoch checkpoint -> experiments/exp028-mlp/scalar20/checkpoints/ep5.pt
  ep6 shard 431/1720 loss=7.7e-05  best=-inf wall=1.97h
  ep6 shard 432/1720 loss=4.8e-05  best=-inf wall=1.975h
  ep6 shard 433/1720 loss=5.7e-05  best=-inf wall=1.977h
  ep6 shard 434/1720 loss=6.7e-05  best=-inf wall=1.979h
  ep6 shard 435/1720 loss=7.9e-05  best=-inf wall=1.984h
  ep6 shard 436/1720 loss=5.3e-05  best=-inf wall=1.988h
  ep6 shard 437/1720 loss=5.4e-05  best=-inf wall=1.993h
  ep6 shard 438/1720 loss=6.8e-05  best=-inf wall=1.998h
  ep6 shard 439/1720 loss=5.5e-05  best=-inf wall=2.001h
  ep6 shard 440/1720 loss=4.5e-05  best=-inf wall=2.006h
  ep6 shard 441/1720 loss=5.2e-05  best=-inf wall=2.011h
  ep6 shard 442/1720 loss=5.5e-05  best=-inf wall=2.016h
  ep6 shard 443/1720 loss=4.9e-05  best=-inf wall=2.021h
  ep6 shard 444/1720 loss=5e-05  best=-inf wall=2.026h
  ep6 shard 445/1720 loss=8.9e-05  best=-inf wall=2.031h
  ep6 shard 446/1720 loss=6.1e-05  best=-inf wall=2.036h
  ep6 shard 447/1720 loss=6.2e-05  best=-inf wall=2.04h
  ep6 shard 448/1720 loss=5.6e-05  best=-inf wall=2.046h
  ep6 shard 449/1720 loss=6.7e-05  best=-inf wall=2.051h
  ep6 shard 450/1720 loss=6.6e-05  best=-inf wall=2.056h
  ep6 shard 451/1720 loss=5.5e-05  best=-inf wall=2.059h
  ep6 shard 452/1720 loss=4.9e-05  best=-inf wall=2.064h
  ep6 shard 453/1720 loss=6.5e-05  best=-inf wall=2.069h
  ep6 shard 454/1720 loss=6e-05  best=-inf wall=2.074h
  ep6 shard 455/1720 loss=5.7e-05  best=-inf wall=2.079h
  ep6 shard 456/1720 loss=4.4e-05  best=-inf wall=2.084h
  ep6 shard 457/1720 loss=6.2e-05  best=-inf wall=2.089h
  ep6 shard 458/1720 loss=7e-05  best=-inf wall=2.094h
  ep6 shard 459/1720 loss=5e-05  best=-inf wall=2.1h
  ep6 shard 460/1720 loss=5.8e-05  best=-inf wall=2.105h
  ep6 shard 461/1720 loss=7.1e-05  best=-inf wall=2.11h
  ep6 shard 462/1720 loss=6.4e-05  best=-inf wall=2.116h
  ep6 shard 463/1720 loss=5.1e-05  best=-inf wall=2.121h
  ep6 shard 464/1720 loss=4.4e-05  best=-inf wall=2.126h
  ep6 shard 465/1720 loss=4.5e-05  best=-inf wall=2.131h
  ep6 shard 466/1720 loss=6e-05  best=-inf wall=2.136h
  ep6 shard 467/1720 loss=6.2e-05  best=-inf wall=2.139h
  ep6 shard 468/1720 loss=7.8e-05  best=-inf wall=2.144h
  ep6 shard 469/1720 loss=6.4e-05  best=-inf wall=2.15h
  ep6 shard 470/1720 loss=5.4e-05  best=-inf wall=2.155h
  ep6 shard 471/1720 loss=4.7e-05  best=-inf wall=2.158h
  ep6 shard 472/1720 loss=6.8e-05  best=-inf wall=2.163h
  ep6 shard 473/1720 loss=6e-05  best=-inf wall=2.168h
  ep6 shard 474/1720 loss=5.1e-05  best=-inf wall=2.173h
  ep6 shard 475/1720 loss=8e-05  best=-inf wall=2.179h
  ep6 shard 476/1720 loss=8.1e-05  best=-inf wall=2.184h
  ep6 shard 477/1720 loss=6e-05  best=-inf wall=2.189h
  ep6 shard 478/1720 loss=4.9e-05  best=-inf wall=2.194h
  ep6 shard 479/1720 loss=6.4e-05  best=-inf wall=2.199h
  ep6 shard 480/1720 loss=6.8e-05  best=-inf wall=2.204h
  ep6 shard 481/1720 loss=5.6e-05  best=-inf wall=2.209h
  ep6 shard 482/1720 loss=5.3e-05  best=-inf wall=2.212h
  ep6 shard 483/1720 loss=6.7e-05  best=-inf wall=2.216h
  ep6 shard 484/1720 loss=8.4e-05  best=-inf wall=2.221h
  ep6 shard 485/1720 loss=5.4e-05  best=-inf wall=2.226h
  ep6 shard 486/1720 loss=4.8e-05  best=-inf wall=2.231h
  ep6 shard 487/1720 loss=6.7e-05  best=-inf wall=2.235h
  ep6 shard 488/1720 loss=5.3e-05  best=-inf wall=2.241h
  ep6 shard 489/1720 loss=5.3e-05  best=-inf wall=2.246h
  ep6 shard 490/1720 loss=7.1e-05  best=-inf wall=2.251h
  ep6 shard 491/1720 loss=5.7e-05  best=-inf wall=2.256h
  ep6 shard 492/1720 loss=5.7e-05  best=-inf wall=2.261h
  ep6 shard 493/1720 loss=5.6e-05  best=-inf wall=2.266h
  ep6 shard 494/1720 loss=7.2e-05  best=-inf wall=2.27h
  ep6 shard 495/1720 loss=6e-05  best=-inf wall=2.274h
  ep6 shard 496/1720 loss=5.8e-05  best=-inf wall=2.278h
  ep6 shard 497/1720 loss=5.2e-05  best=-inf wall=2.281h
  ep6 shard 498/1720 loss=5.5e-05  best=-inf wall=2.287h
  ep6 shard 499/1720 loss=6.1e-05  best=-inf wall=2.292h
  ep6 shard 500/1720 loss=6.4e-05  best=-inf wall=2.297h
  ep6 shard 501/1720 loss=4.7e-05  best=-inf wall=2.301h
  ep6 shard 502/1720 loss=5.5e-05  best=-inf wall=2.306h
  ep6 shard 503/1720 loss=4.9e-05  best=-inf wall=2.31h
  ep6 shard 504/1720 loss=4.9e-05  best=-inf wall=2.315h
  ep6 shard 505/1720 loss=5.8e-05  best=-inf wall=2.318h
  ep6 shard 506/1720 loss=6.4e-05  best=-inf wall=2.323h
  ep6 shard 507/1720 loss=5.5e-05  best=-inf wall=2.328h
  ep6 shard 508/1720 loss=6e-05  best=-inf wall=2.333h
  ep6 shard 509/1720 loss=5.5e-05  best=-inf wall=2.336h
  ep6 shard 510/1720 loss=6.2e-05  best=-inf wall=2.338h
  ep6 shard 511/1720 loss=5.1e-05  best=-inf wall=2.342h
  ep6 shard 512/1720 loss=5.5e-05  best=-inf wall=2.347h
  ep6 shard 513/1720 loss=6.5e-05  best=-inf wall=2.352h
  ep6 shard 514/1720 loss=5.7e-05  best=-inf wall=2.357h
  ep6 shard 515/1720 loss=6.2e-05  best=-inf wall=2.361h
  ep6 shard 516/1720 loss=6.7e-05  best=-inf wall=2.364h
  saved epoch checkpoint -> experiments/exp028-mlp/scalar20/checkpoints/ep6.pt
  ep7 shard 517/1720 loss=6e-05  best=-inf wall=2.369h
  ep7 shard 518/1720 loss=5.6e-05  best=-inf wall=2.374h
  ep7 shard 519/1720 loss=7.1e-05  best=-inf wall=2.379h
  ep7 shard 520/1720 loss=6.3e-05  best=-inf wall=2.384h
  ep7 shard 521/1720 loss=5.6e-05  best=-inf wall=2.387h
  ep7 shard 522/1720 loss=6.3e-05  best=-inf wall=2.392h
  ep7 shard 523/1720 loss=5.7e-05  best=-inf wall=2.397h
  ep7 shard 524/1720 loss=8.2e-05  best=-inf wall=2.402h
  ep7 shard 525/1720 loss=7e-05  best=-inf wall=2.406h
  ep7 shard 526/1720 loss=4.9e-05  best=-inf wall=2.411h
  ep7 shard 527/1720 loss=6.1e-05  best=-inf wall=2.414h
  ep7 shard 528/1720 loss=5.9e-05  best=-inf wall=2.418h
  ep7 shard 529/1720 loss=5.2e-05  best=-inf wall=2.424h
  ep7 shard 530/1720 loss=5.6e-05  best=-inf wall=2.429h
  ep7 shard 531/1720 loss=6.2e-05  best=-inf wall=2.434h
  ep7 shard 532/1720 loss=7e-05  best=-inf wall=2.438h
  ep7 shard 533/1720 loss=5.5e-05  best=-inf wall=2.443h
  ep7 shard 534/1720 loss=6.1e-05  best=-inf wall=2.446h
  ep7 shard 535/1720 loss=7.6e-05  best=-inf wall=2.451h
  ep7 shard 536/1720 loss=4.4e-05  best=-inf wall=2.456h
  ep7 shard 537/1720 loss=5.3e-05  best=-inf wall=2.46h
  ep7 shard 538/1720 loss=5.7e-05  best=-inf wall=2.464h
  ep7 shard 539/1720 loss=5.4e-05  best=-inf wall=2.468h
  ep7 shard 540/1720 loss=6.2e-05  best=-inf wall=2.471h
  ep7 shard 541/1720 loss=5.8e-05  best=-inf wall=2.476h
  ep7 shard 542/1720 loss=5.2e-05  best=-inf wall=2.481h
  ep7 shard 543/1720 loss=4.8e-05  best=-inf wall=2.483h
  ep7 shard 544/1720 loss=5.3e-05  best=-inf wall=2.488h
  ep7 shard 545/1720 loss=5.3e-05  best=-inf wall=2.493h
  ep7 shard 546/1720 loss=5.6e-05  best=-inf wall=2.498h
  ep7 shard 547/1720 loss=4.7e-05  best=-inf wall=2.503h
  ep7 shard 548/1720 loss=5.2e-05  best=-inf wall=2.507h
  ep7 shard 549/1720 loss=4.6e-05  best=-inf wall=2.512h
  ep7 shard 550/1720 loss=5.6e-05  best=-inf wall=2.517h
  ep7 shard 551/1720 loss=5.7e-05  best=-inf wall=2.522h
  ep7 shard 552/1720 loss=5.9e-05  best=-inf wall=2.525h
  ep7 shard 553/1720 loss=4.6e-05  best=-inf wall=2.531h
  ep7 shard 554/1720 loss=6.9e-05  best=-inf wall=2.536h
  ep7 shard 555/1720 loss=5.9e-05  best=-inf wall=2.54h
  ep7 shard 556/1720 loss=5.7e-05  best=-inf wall=2.545h
  ep7 shard 557/1720 loss=5.7e-05  best=-inf wall=2.55h
  ep7 shard 558/1720 loss=6.8e-05  best=-inf wall=2.553h
  ep7 shard 559/1720 loss=5e-05  best=-inf wall=2.558h
  ep7 shard 560/1720 loss=4.8e-05  best=-inf wall=2.563h
  ep7 shard 561/1720 loss=6.5e-05  best=-inf wall=2.568h
  ep7 shard 562/1720 loss=7.5e-05  best=-inf wall=2.573h
  ep7 shard 563/1720 loss=7.7e-05  best=-inf wall=2.578h
  ep7 shard 564/1720 loss=4.4e-05  best=-inf wall=2.583h
  ep7 shard 565/1720 loss=6.6e-05  best=-inf wall=2.588h
  ep7 shard 566/1720 loss=7e-05  best=-inf wall=2.593h
  ep7 shard 567/1720 loss=5.1e-05  best=-inf wall=2.598h
  ep7 shard 568/1720 loss=6.5e-05  best=-inf wall=2.604h
  ep7 shard 569/1720 loss=6.5e-05  best=-inf wall=2.605h
  ep7 shard 570/1720 loss=5e-05  best=-inf wall=2.61h
  ep7 shard 571/1720 loss=6.1e-05  best=-inf wall=2.615h
  ep7 shard 572/1720 loss=6.3e-05  best=-inf wall=2.62h
  ep7 shard 573/1720 loss=7.4e-05  best=-inf wall=2.625h
  ep7 shard 574/1720 loss=5.9e-05  best=-inf wall=2.627h
  ep7 shard 575/1720 loss=4.1e-05  best=-inf wall=2.632h
  ep7 shard 576/1720 loss=5.2e-05  best=-inf wall=2.635h
  ep7 shard 577/1720 loss=6e-05  best=-inf wall=2.638h
  ep7 shard 578/1720 loss=5.7e-05  best=-inf wall=2.641h
  ep7 shard 579/1720 loss=6.4e-05  best=-inf wall=2.646h
  ep7 shard 580/1720 loss=5.9e-05  best=-inf wall=2.657h
  ep7 shard 581/1720 loss=4.4e-05  best=-inf wall=2.67h
  ep7 shard 582/1720 loss=4.1e-05  best=-inf wall=2.679h
  ep7 shard 583/1720 loss=6.1e-05  best=-inf wall=2.685h
  ep7 shard 584/1720 loss=5.3e-05  best=-inf wall=2.69h
  ep7 shard 585/1720 loss=6.6e-05  best=-inf wall=2.695h
  ep7 shard 586/1720 loss=6.2e-05  best=-inf wall=2.7h
  ep7 shard 587/1720 loss=5.6e-05  best=-inf wall=2.705h
  ep7 shard 588/1720 loss=4.9e-05  best=-inf wall=2.711h
  ep7 shard 589/1720 loss=5.3e-05  best=-inf wall=2.716h
  ep7 shard 590/1720 loss=5.2e-05  best=-inf wall=2.721h
  ep7 shard 591/1720 loss=4.9e-05  best=-inf wall=2.726h
  ep7 shard 592/1720 loss=6e-05  best=-inf wall=2.731h
  ep7 shard 593/1720 loss=7.3e-05  best=-inf wall=2.735h
  ep7 shard 594/1720 loss=6e-05  best=-inf wall=2.74h
  ep7 shard 595/1720 loss=6.3e-05  best=-inf wall=2.745h
  ep7 shard 596/1720 loss=4.7e-05  best=-inf wall=2.75h
  ep7 shard 597/1720 loss=5.1e-05  best=-inf wall=2.755h
  ep7 shard 598/1720 loss=5.3e-05  best=-inf wall=2.761h
  ep7 shard 599/1720 loss=5.9e-05  best=-inf wall=2.765h
  ep7 shard 600/1720 loss=6.5e-05  best=-inf wall=2.77h
  ep7 shard 601/1720 loss=6.6e-05  best=-inf wall=2.775h
  ep7 shard 602/1720 loss=6.1e-05  best=-inf wall=2.78h
  saved epoch checkpoint -> experiments/exp028-mlp/scalar20/checkpoints/ep7.pt
  ep8 shard 603/1720 loss=6.6e-05  best=-inf wall=2.785h
  ep8 shard 604/1720 loss=6.2e-05  best=-inf wall=2.791h
  ep8 shard 605/1720 loss=6.4e-05  best=-inf wall=2.796h
  ep8 shard 606/1720 loss=7.1e-05  best=-inf wall=2.799h
  ep8 shard 607/1720 loss=4.7e-05  best=-inf wall=2.8h
  ep8 shard 608/1720 loss=6.5e-05  best=-inf wall=2.804h
  ep8 shard 609/1720 loss=5e-05  best=-inf wall=2.809h
  ep8 shard 610/1720 loss=6e-05  best=-inf wall=2.812h
  ep8 shard 611/1720 loss=4.1e-05  best=-inf wall=2.817h
  ep8 shard 612/1720 loss=6.2e-05  best=-inf wall=2.823h
  ep8 shard 613/1720 loss=6.3e-05  best=-inf wall=2.826h
  ep8 shard 614/1720 loss=5e-05  best=-inf wall=2.831h
  ep8 shard 615/1720 loss=5.1e-05  best=-inf wall=2.835h
  ep8 shard 616/1720 loss=4.7e-05  best=-inf wall=2.84h
  ep8 shard 617/1720 loss=4.5e-05  best=-inf wall=2.845h
  ep8 shard 618/1720 loss=5.8e-05  best=-inf wall=2.85h
  ep8 shard 619/1720 loss=5.9e-05  best=-inf wall=2.856h
  ep8 shard 620/1720 loss=6.4e-05  best=-inf wall=2.86h
  ep8 shard 621/1720 loss=4.6e-05  best=-inf wall=2.865h
  ep8 shard 622/1720 loss=6.8e-05  best=-inf wall=2.87h
  ep8 shard 623/1720 loss=5.4e-05  best=-inf wall=2.874h
  ep8 shard 624/1720 loss=5.4e-05  best=-inf wall=2.879h
  ep8 shard 625/1720 loss=6.1e-05  best=-inf wall=2.883h
  ep8 shard 626/1720 loss=5.7e-05  best=-inf wall=2.889h
  ep8 shard 627/1720 loss=5.5e-05  best=-inf wall=2.893h
  ep8 shard 628/1720 loss=5.3e-05  best=-inf wall=2.899h
  ep8 shard 629/1720 loss=7.3e-05  best=-inf wall=2.904h
  ep8 shard 630/1720 loss=5.1e-05  best=-inf wall=2.909h
  ep8 shard 631/1720 loss=5.1e-05  best=-inf wall=2.914h
  ep8 shard 632/1720 loss=3.6e-05  best=-inf wall=2.916h
  ep8 shard 633/1720 loss=5.5e-05  best=-inf wall=2.921h
  ep8 shard 634/1720 loss=6.6e-05  best=-inf wall=2.926h
  ep8 shard 635/1720 loss=5.6e-05  best=-inf wall=2.932h
  ep8 shard 636/1720 loss=4e-05  best=-inf wall=2.935h
  ep8 shard 637/1720 loss=5e-05  best=-inf wall=2.938h
  ep8 shard 638/1720 loss=6e-05  best=-inf wall=2.943h
  ep8 shard 639/1720 loss=5e-05  best=-inf wall=2.948h
  ep8 shard 640/1720 loss=5.9e-05  best=-inf wall=2.95h
  ep8 shard 641/1720 loss=4.2e-05  best=-inf wall=2.956h
  ep8 shard 642/1720 loss=5.6e-05  best=-inf wall=2.961h
  ep8 shard 643/1720 loss=6.2e-05  best=-inf wall=2.965h
  ep8 shard 644/1720 loss=5.3e-05  best=-inf wall=2.969h
  ep8 shard 645/1720 loss=6e-05  best=-inf wall=2.972h
  ep8 shard 646/1720 loss=6.7e-05  best=-inf wall=2.977h
  ep8 shard 647/1720 loss=6.2e-05  best=-inf wall=2.982h
  ep8 shard 648/1720 loss=4.5e-05  best=-inf wall=2.988h
  ep8 shard 649/1720 loss=5.6e-05  best=-inf wall=2.993h
  ep8 shard 650/1720 loss=5.4e-05  best=-inf wall=2.998h
  ep8 shard 651/1720 loss=5.4e-05  best=-inf wall=3.003h
  ep8 shard 652/1720 loss=5.3e-05  best=-inf wall=3.009h
  ep8 shard 653/1720 loss=7.4e-05  best=-inf wall=3.014h
  ep8 shard 654/1720 loss=4.5e-05  best=-inf wall=3.015h
  ep8 shard 655/1720 loss=6.1e-05  best=-inf wall=3.02h
  ep8 shard 656/1720 loss=5.4e-05  best=-inf wall=3.026h
  ep8 shard 657/1720 loss=4.6e-05  best=-inf wall=3.031h
  ep8 shard 658/1720 loss=6.9e-05  best=-inf wall=3.036h
  ep8 shard 659/1720 loss=6.3e-05  best=-inf wall=3.041h
  ep8 shard 660/1720 loss=4.9e-05  best=-inf wall=3.044h
  ep8 shard 661/1720 loss=4.9e-05  best=-inf wall=3.049h
  ep8 shard 662/1720 loss=7.6e-05  best=-inf wall=3.054h
  ep8 shard 663/1720 loss=4.9e-05  best=-inf wall=3.057h
  ep8 shard 664/1720 loss=5.7e-05  best=-inf wall=3.062h
  ep8 shard 665/1720 loss=4.8e-05  best=-inf wall=3.067h
  ep8 shard 666/1720 loss=4.8e-05  best=-inf wall=3.072h
  ep8 shard 667/1720 loss=6.3e-05  best=-inf wall=3.077h
  ep8 shard 668/1720 loss=5.7e-05  best=-inf wall=3.082h
  ep8 shard 669/1720 loss=5.1e-05  best=-inf wall=3.086h
  ep8 shard 670/1720 loss=6.1e-05  best=-inf wall=3.09h
  ep8 shard 671/1720 loss=4.4e-05  best=-inf wall=3.096h
  ep8 shard 672/1720 loss=4.6e-05  best=-inf wall=3.101h
  ep8 shard 673/1720 loss=4.1e-05  best=-inf wall=3.106h
  ep8 shard 674/1720 loss=6.9e-05  best=-inf wall=3.11h
  ep8 shard 675/1720 loss=5.9e-05  best=-inf wall=3.115h
  ep8 shard 676/1720 loss=5e-05  best=-inf wall=3.12h
  ep8 shard 677/1720 loss=6.5e-05  best=-inf wall=3.125h
  ep8 shard 678/1720 loss=5e-05  best=-inf wall=3.13h
  ep8 shard 679/1720 loss=6.6e-05  best=-inf wall=3.135h
  ep8 shard 680/1720 loss=5.5e-05  best=-inf wall=3.141h
  ep8 shard 681/1720 loss=5.2e-05  best=-inf wall=3.144h
  ep8 shard 682/1720 loss=5.5e-05  best=-inf wall=3.149h
  ep8 shard 683/1720 loss=3.9e-05  best=-inf wall=3.154h
  ep8 shard 684/1720 loss=5.3e-05  best=-inf wall=3.159h
  ep8 shard 685/1720 loss=4.9e-05  best=-inf wall=3.164h
  ep8 shard 686/1720 loss=4.9e-05  best=-inf wall=3.169h
  ep8 shard 687/1720 loss=4.8e-05  best=-inf wall=3.175h
  ep8 shard 688/1720 loss=5.2e-05  best=-inf wall=3.18h
  saved epoch checkpoint -> experiments/exp028-mlp/scalar20/checkpoints/ep8.pt
  ep9 shard 689/1720 loss=5.6e-05  best=-inf wall=3.185h
  ep9 shard 690/1720 loss=4.2e-05  best=-inf wall=3.19h
  ep9 shard 691/1720 loss=6.2e-05  best=-inf wall=3.194h
  ep9 shard 692/1720 loss=5.5e-05  best=-inf wall=3.199h
  ep9 shard 693/1720 loss=4.5e-05  best=-inf wall=3.204h
  ep9 shard 694/1720 loss=7.2e-05  best=-inf wall=3.206h
  ep9 shard 695/1720 loss=5.5e-05  best=-inf wall=3.211h
  ep9 shard 696/1720 loss=4.4e-05  best=-inf wall=3.216h
  ep9 shard 697/1720 loss=4.9e-05  best=-inf wall=3.221h
  ep9 shard 698/1720 loss=5.5e-05  best=-inf wall=3.226h
  ep9 shard 699/1720 loss=6.1e-05  best=-inf wall=3.232h
  ep9 shard 700/1720 loss=4.5e-05  best=-inf wall=3.236h
  ep9 shard 701/1720 loss=5.8e-05  best=-inf wall=3.241h
  ep9 shard 702/1720 loss=6.1e-05  best=-inf wall=3.245h
  ep9 shard 703/1720 loss=4.9e-05  best=-inf wall=3.25h
  ep9 shard 704/1720 loss=4.3e-05  best=-inf wall=3.254h
  ep9 shard 705/1720 loss=4.9e-05  best=-inf wall=3.257h
  ep9 shard 706/1720 loss=3.9e-05  best=-inf wall=3.262h
  ep9 shard 707/1720 loss=5.6e-05  best=-inf wall=3.267h
  ep9 shard 708/1720 loss=5.6e-05  best=-inf wall=3.271h
  ep9 shard 709/1720 loss=5.1e-05  best=-inf wall=3.275h
  ep9 shard 710/1720 loss=5e-05  best=-inf wall=3.278h
  ep9 shard 711/1720 loss=6.9e-05  best=-inf wall=3.283h
  ep9 shard 712/1720 loss=5.7e-05  best=-inf wall=3.288h
  ep9 shard 713/1720 loss=5.4e-05  best=-inf wall=3.293h
  ep9 shard 714/1720 loss=4.9e-05  best=-inf wall=3.296h
  ep9 shard 715/1720 loss=5.1e-05  best=-inf wall=3.301h
  ep9 shard 716/1720 loss=7.3e-05  best=-inf wall=3.307h
  ep9 shard 717/1720 loss=4.8e-05  best=-inf wall=3.312h
  ep9 shard 718/1720 loss=6.5e-05  best=-inf wall=3.317h
  ep9 shard 719/1720 loss=4.5e-05  best=-inf wall=3.322h
  ep9 shard 720/1720 loss=5.4e-05  best=-inf wall=3.327h
  ep9 shard 721/1720 loss=5.1e-05  best=-inf wall=3.332h
  ep9 shard 722/1720 loss=5.3e-05  best=-inf wall=3.337h
  ep9 shard 723/1720 loss=5.6e-05  best=-inf wall=3.342h
  ep9 shard 724/1720 loss=4.8e-05  best=-inf wall=3.347h
  ep9 shard 725/1720 loss=5.2e-05  best=-inf wall=3.35h
  ep9 shard 726/1720 loss=4.6e-05  best=-inf wall=3.355h
  ep9 shard 727/1720 loss=5.9e-05  best=-inf wall=3.361h
  ep9 shard 728/1720 loss=5.5e-05  best=-inf wall=3.365h
  ep9 shard 729/1720 loss=5.9e-05  best=-inf wall=3.37h
  ep9 shard 730/1720 loss=4.6e-05  best=-inf wall=3.375h
  ep9 shard 731/1720 loss=6e-05  best=-inf wall=3.38h
  ep9 shard 732/1720 loss=4.5e-05  best=-inf wall=3.386h
  ep9 shard 733/1720 loss=3.8e-05  best=-inf wall=3.391h
  ep9 shard 734/1720 loss=7.1e-05  best=-inf wall=3.396h
  ep9 shard 735/1720 loss=5.2e-05  best=-inf wall=3.399h
  ep9 shard 736/1720 loss=6.1e-05  best=-inf wall=3.404h
  ep9 shard 737/1720 loss=4.5e-05  best=-inf wall=3.408h
  ep9 shard 738/1720 loss=4.9e-05  best=-inf wall=3.414h
  ep9 shard 739/1720 loss=5.7e-05  best=-inf wall=3.419h
  ep9 shard 740/1720 loss=4.6e-05  best=-inf wall=3.423h
  ep9 shard 741/1720 loss=4.8e-05  best=-inf wall=3.424h
  ep9 shard 742/1720 loss=5.2e-05  best=-inf wall=3.43h
  ep9 shard 743/1720 loss=4.7e-05  best=-inf wall=3.435h
  ep9 shard 744/1720 loss=5.8e-05  best=-inf wall=3.44h
  ep9 shard 745/1720 loss=7.5e-05  best=-inf wall=3.445h
  ep9 shard 746/1720 loss=5e-05  best=-inf wall=3.45h
  ep9 shard 747/1720 loss=4.8e-05  best=-inf wall=3.453h
  ep9 shard 748/1720 loss=5.8e-05  best=-inf wall=3.458h
  ep9 shard 749/1720 loss=5.5e-05  best=-inf wall=3.463h
  ep9 shard 750/1720 loss=5.7e-05  best=-inf wall=3.468h
  ep9 shard 751/1720 loss=4.2e-05  best=-inf wall=3.471h
  ep9 shard 752/1720 loss=5.2e-05  best=-inf wall=3.476h
  ep9 shard 753/1720 loss=6.2e-05  best=-inf wall=3.481h
  ep9 shard 754/1720 loss=5.1e-05  best=-inf wall=3.484h
  ep9 shard 755/1720 loss=4.9e-05  best=-inf wall=3.489h
  ep9 shard 756/1720 loss=4.8e-05  best=-inf wall=3.495h
  ep9 shard 757/1720 loss=5.2e-05  best=-inf wall=3.499h
  ep9 shard 758/1720 loss=5.1e-05  best=-inf wall=3.505h
  ep9 shard 759/1720 loss=5.3e-05  best=-inf wall=3.51h
  ep9 shard 760/1720 loss=6e-05  best=-inf wall=3.515h
  ep9 shard 761/1720 loss=5.5e-05  best=-inf wall=3.52h
  ep9 shard 762/1720 loss=5.7e-05  best=-inf wall=3.525h
  ep9 shard 763/1720 loss=5.9e-05  best=-inf wall=3.531h
  ep9 shard 764/1720 loss=4.9e-05  best=-inf wall=3.536h
  ep9 shard 765/1720 loss=5.4e-05  best=-inf wall=3.539h
  ep9 shard 766/1720 loss=4.2e-05  best=-inf wall=3.544h
  ep9 shard 767/1720 loss=5.6e-05  best=-inf wall=3.548h
  ep9 shard 768/1720 loss=4.8e-05  best=-inf wall=3.553h
  ep9 shard 769/1720 loss=6.5e-05  best=-inf wall=3.558h
  ep9 shard 770/1720 loss=4.8e-05  best=-inf wall=3.563h
  ep9 shard 771/1720 loss=5.1e-05  best=-inf wall=3.565h
  ep9 shard 772/1720 loss=4.6e-05  best=-inf wall=3.57h
  ep9 shard 773/1720 loss=6.1e-05  best=-inf wall=3.573h
  ep9 shard 774/1720 loss=4.4e-05  best=-inf wall=3.578h
  saved epoch checkpoint -> experiments/exp028-mlp/scalar20/checkpoints/ep9.pt
  ep10 shard 775/1720 loss=4.7e-05  best=-inf wall=3.582h
  ep10 shard 776/1720 loss=4.9e-05  best=-inf wall=3.587h
  ep10 shard 777/1720 loss=4.6e-05  best=-inf wall=3.592h
  ep10 shard 778/1720 loss=6e-05  best=-inf wall=3.598h
  ep10 shard 779/1720 loss=5.3e-05  best=-inf wall=3.601h
  ep10 shard 780/1720 loss=4.1e-05  best=-inf wall=3.606h
  ep10 shard 781/1720 loss=4.5e-05  best=-inf wall=3.611h
  ep10 shard 782/1720 loss=6.5e-05  best=-inf wall=3.616h
  ep10 shard 783/1720 loss=8e-05  best=-inf wall=3.621h
  ep10 shard 784/1720 loss=4.4e-05  best=-inf wall=3.626h
  ep10 shard 785/1720 loss=5.4e-05  best=-inf wall=3.631h
  ep10 shard 786/1720 loss=3.7e-05  best=-inf wall=3.636h
  ep10 shard 787/1720 loss=4.9e-05  best=-inf wall=3.64h
  ep10 shard 788/1720 loss=6.2e-05  best=-inf wall=3.645h
  ep10 shard 789/1720 loss=8.5e-05  best=-inf wall=3.649h
  ep10 shard 790/1720 loss=5.6e-05  best=-inf wall=3.655h
  ep10 shard 791/1720 loss=5.3e-05  best=-inf wall=3.659h
  ep10 shard 792/1720 loss=4.7e-05  best=-inf wall=3.663h
  ep10 shard 793/1720 loss=5.9e-05  best=-inf wall=3.668h
  ep10 shard 794/1720 loss=3.4e-05  best=-inf wall=3.674h
  ep10 shard 795/1720 loss=5.9e-05  best=-inf wall=3.679h
  ep10 shard 796/1720 loss=5.1e-05  best=-inf wall=3.684h
  ep10 shard 797/1720 loss=5.3e-05  best=-inf wall=3.689h
  ep10 shard 798/1720 loss=4.5e-05  best=-inf wall=3.694h
  ep10 shard 799/1720 loss=5e-05  best=-inf wall=3.699h
  ep10 shard 800/1720 loss=5.7e-05  best=-inf wall=3.704h
  ep10 shard 801/1720 loss=4.3e-05  best=-inf wall=3.707h
  ep10 shard 802/1720 loss=5.3e-05  best=-inf wall=3.712h
  ep10 shard 803/1720 loss=5.2e-05  best=-inf wall=3.717h
  ep10 shard 804/1720 loss=5.1e-05  best=-inf wall=3.722h
  ep10 shard 805/1720 loss=5.4e-05  best=-inf wall=3.727h
  ep10 shard 806/1720 loss=6e-05  best=-inf wall=3.732h
  ep10 shard 807/1720 loss=4.6e-05  best=-inf wall=3.737h
  ep10 shard 808/1720 loss=5.3e-05  best=-inf wall=3.74h
  ep10 shard 809/1720 loss=6.6e-05  best=-inf wall=3.745h
  ep10 shard 810/1720 loss=4.4e-05  best=-inf wall=3.75h
  ep10 shard 811/1720 loss=5.4e-05  best=-inf wall=3.756h
  ep10 shard 812/1720 loss=5.3e-05  best=-inf wall=3.761h
  ep10 shard 813/1720 loss=5.4e-05  best=-inf wall=3.764h
  ep10 shard 814/1720 loss=5.1e-05  best=-inf wall=3.769h
  ep10 shard 815/1720 loss=7.8e-05  best=-inf wall=3.774h
  ep10 shard 816/1720 loss=4.8e-05  best=-inf wall=3.778h
  ep10 shard 817/1720 loss=4.8e-05  best=-inf wall=3.781h
  ep10 shard 818/1720 loss=4.5e-05  best=-inf wall=3.786h
  ep10 shard 819/1720 loss=5.9e-05  best=-inf wall=3.791h
  ep10 shard 820/1720 loss=5.8e-05  best=-inf wall=3.796h
  ep10 shard 821/1720 loss=4.8e-05  best=-inf wall=3.799h
  ep10 shard 822/1720 loss=4.7e-05  best=-inf wall=3.801h
  ep10 shard 823/1720 loss=5.5e-05  best=-inf wall=3.804h
  ep10 shard 824/1720 loss=5.2e-05  best=-inf wall=3.809h
  ep10 shard 825/1720 loss=5e-05  best=-inf wall=3.814h
  ep10 shard 826/1720 loss=4.5e-05  best=-inf wall=3.819h
  ep10 shard 827/1720 loss=4.1e-05  best=-inf wall=3.824h
  ep10 shard 828/1720 loss=4.5e-05  best=-inf wall=3.83h
  ep10 shard 829/1720 loss=5.2e-05  best=-inf wall=3.835h
  ep10 shard 830/1720 loss=4.7e-05  best=-inf wall=3.838h
  ep10 shard 831/1720 loss=4.4e-05  best=-inf wall=3.843h
  ep10 shard 832/1720 loss=7.2e-05  best=-inf wall=3.848h
  ep10 shard 833/1720 loss=5.2e-05  best=-inf wall=3.853h
  ep10 shard 834/1720 loss=5.3e-05  best=-inf wall=3.856h
  ep10 shard 835/1720 loss=5.5e-05  best=-inf wall=3.86h
  ep10 shard 836/1720 loss=5.5e-05  best=-inf wall=3.861h
  ep10 shard 837/1720 loss=5.6e-05  best=-inf wall=3.867h
  ep10 shard 838/1720 loss=7.2e-05  best=-inf wall=3.871h
  ep10 shard 839/1720 loss=4.3e-05  best=-inf wall=3.876h
  ep10 shard 840/1720 loss=5.9e-05  best=-inf wall=3.881h
  ep10 shard 841/1720 loss=4.1e-05  best=-inf wall=3.886h
  ep10 shard 842/1720 loss=3.8e-05  best=-inf wall=3.891h
  ep10 shard 843/1720 loss=6e-05  best=-inf wall=3.895h
  ep10 shard 844/1720 loss=6.6e-05  best=-inf wall=3.9h
  ep10 shard 845/1720 loss=4.8e-05  best=-inf wall=3.902h
  ep10 shard 846/1720 loss=6e-05  best=-inf wall=3.907h
  ep10 shard 847/1720 loss=5.2e-05  best=-inf wall=3.912h
  ep10 shard 848/1720 loss=6.3e-05  best=-inf wall=3.917h
  ep10 shard 849/1720 loss=3.7e-05  best=-inf wall=3.923h
  ep10 shard 850/1720 loss=4.7e-05  best=-inf wall=3.928h
  ep10 shard 851/1720 loss=5.3e-05  best=-inf wall=3.933h
  ep10 shard 852/1720 loss=4.9e-05  best=-inf wall=3.938h
  ep10 shard 853/1720 loss=4.9e-05  best=-inf wall=3.944h
  ep10 shard 854/1720 loss=4e-05  best=-inf wall=3.952h
  ep10 shard 855/1720 loss=5.2e-05  best=-inf wall=3.965h
  ep10 shard 856/1720 loss=6e-05  best=-inf wall=3.975h
  ep10 shard 857/1720 loss=5.1e-05  best=-inf wall=3.979h
  ep10 shard 858/1720 loss=4.9e-05  best=-inf wall=3.983h
  ep10 shard 859/1720 loss=4.7e-05  best=-inf wall=3.989h
  ep10 shard 860/1720 loss=6.1e-05  best=-inf wall=3.994h
  saved epoch checkpoint -> experiments/exp028-mlp/scalar20/checkpoints/ep10.pt
  ep11 shard 861/1720 loss=6.3e-05  best=-inf wall=3.999h
  ep11 shard 862/1720 loss=5.9e-05  best=-inf wall=4.004h
  ep11 shard 863/1720 loss=5.4e-05  best=-inf wall=4.009h
  ep11 shard 864/1720 loss=4.4e-05  best=-inf wall=4.013h
  ep11 shard 865/1720 loss=5.9e-05  best=-inf wall=4.017h
  ep11 shard 866/1720 loss=5.3e-05  best=-inf wall=4.023h
  ep11 shard 867/1720 loss=5.6e-05  best=-inf wall=4.028h
  ep11 shard 868/1720 loss=4.8e-05  best=-inf wall=4.033h
  ep11 shard 869/1720 loss=6.5e-05  best=-inf wall=4.036h
  ep11 shard 870/1720 loss=5e-05  best=-inf wall=4.041h
  ep11 shard 871/1720 loss=5.6e-05  best=-inf wall=4.046h
  ep11 shard 872/1720 loss=4.2e-05  best=-inf wall=4.051h
  ep11 shard 873/1720 loss=5.9e-05  best=-inf wall=4.054h
  ep11 shard 874/1720 loss=4.1e-05  best=-inf wall=4.059h
  ep11 shard 875/1720 loss=4.2e-05  best=-inf wall=4.065h
  ep11 shard 876/1720 loss=6.1e-05  best=-inf wall=4.07h
  ep11 shard 877/1720 loss=4.7e-05  best=-inf wall=4.073h
  ep11 shard 878/1720 loss=6.3e-05  best=-inf wall=4.078h
  ep11 shard 879/1720 loss=6.5e-05  best=-inf wall=4.083h
  ep11 shard 880/1720 loss=6.2e-05  best=-inf wall=4.088h
  ep11 shard 881/1720 loss=3.7e-05  best=-inf wall=4.094h
  ep11 shard 882/1720 loss=5.2e-05  best=-inf wall=4.099h
  ep11 shard 883/1720 loss=6.9e-05  best=-inf wall=4.105h
  ep11 shard 884/1720 loss=5.6e-05  best=-inf wall=4.11h
  ep11 shard 885/1720 loss=5.2e-05  best=-inf wall=4.115h
  ep11 shard 886/1720 loss=8.7e-05  best=-inf wall=4.118h
  ep11 shard 887/1720 loss=4.4e-05  best=-inf wall=4.124h
  ep11 shard 888/1720 loss=5e-05  best=-inf wall=4.127h
  ep11 shard 889/1720 loss=4.4e-05  best=-inf wall=4.132h
  ep11 shard 890/1720 loss=4.8e-05  best=-inf wall=4.137h
  ep11 shard 891/1720 loss=4.5e-05  best=-inf wall=4.142h
  ep11 shard 892/1720 loss=4.5e-05  best=-inf wall=4.147h
  ep11 shard 893/1720 loss=5.2e-05  best=-inf wall=4.15h
  ep11 shard 894/1720 loss=3.7e-05  best=-inf wall=4.155h
  ep11 shard 895/1720 loss=5.1e-05  best=-inf wall=4.16h
  ep11 shard 896/1720 loss=5.4e-05  best=-inf wall=4.165h
  ep11 shard 897/1720 loss=5.6e-05  best=-inf wall=4.17h
  ep11 shard 898/1720 loss=5.6e-05  best=-inf wall=4.172h
  ep11 shard 899/1720 loss=4.1e-05  best=-inf wall=4.175h
  ep11 shard 900/1720 loss=6.8e-05  best=-inf wall=4.18h
  ep11 shard 901/1720 loss=4e-05  best=-inf wall=4.185h
  ep11 shard 902/1720 loss=6.3e-05  best=-inf wall=4.19h
  ep11 shard 903/1720 loss=6e-05  best=-inf wall=4.195h
  ep11 shard 904/1720 loss=4.3e-05  best=-inf wall=4.2h
  ep11 shard 905/1720 loss=6.6e-05  best=-inf wall=4.202h
  ep11 shard 906/1720 loss=4.3e-05  best=-inf wall=4.207h
  ep11 shard 907/1720 loss=4.3e-05  best=-inf wall=4.212h
  ep11 shard 908/1720 loss=5.1e-05  best=-inf wall=4.215h
  ep11 shard 909/1720 loss=4.6e-05  best=-inf wall=4.217h
  ep11 shard 910/1720 loss=5e-05  best=-inf wall=4.221h
  ep11 shard 911/1720 loss=4.8e-05  best=-inf wall=4.226h
  ep11 shard 912/1720 loss=5.5e-05  best=-inf wall=4.231h
  ep11 shard 913/1720 loss=5.6e-05  best=-inf wall=4.236h
  ep11 shard 914/1720 loss=5.5e-05  best=-inf wall=4.241h
  ep11 shard 915/1720 loss=5.3e-05  best=-inf wall=4.245h
  ep11 shard 916/1720 loss=6.1e-05  best=-inf wall=4.25h
  ep11 shard 917/1720 loss=5.7e-05  best=-inf wall=4.255h
  ep11 shard 918/1720 loss=3.6e-05  best=-inf wall=4.259h
  ep11 shard 919/1720 loss=4.9e-05  best=-inf wall=4.264h
  ep11 shard 920/1720 loss=4.6e-05  best=-inf wall=4.269h
  ep11 shard 921/1720 loss=4.8e-05  best=-inf wall=4.272h
  ep11 shard 922/1720 loss=4.5e-05  best=-inf wall=4.277h
  ep11 shard 923/1720 loss=5e-05  best=-inf wall=4.283h
  ep11 shard 924/1720 loss=6.7e-05  best=-inf wall=4.288h
  ep11 shard 925/1720 loss=4.8e-05  best=-inf wall=4.293h
  ep11 shard 926/1720 loss=5.2e-05  best=-inf wall=4.298h
  ep11 shard 927/1720 loss=3.8e-05  best=-inf wall=4.303h
  ep11 shard 928/1720 loss=5.3e-05  best=-inf wall=4.308h
  ep11 shard 929/1720 loss=5.3e-05  best=-inf wall=4.313h
  ep11 shard 930/1720 loss=5.6e-05  best=-inf wall=4.318h
  ep11 shard 931/1720 loss=4.6e-05  best=-inf wall=4.324h
  ep11 shard 932/1720 loss=4.1e-05  best=-inf wall=4.329h
  ep11 shard 933/1720 loss=6e-05  best=-inf wall=4.333h
  ep11 shard 934/1720 loss=4.2e-05  best=-inf wall=4.338h
  ep11 shard 935/1720 loss=5e-05  best=-inf wall=4.343h
  ep11 shard 936/1720 loss=3.6e-05  best=-inf wall=4.348h
  ep11 shard 937/1720 loss=6.4e-05  best=-inf wall=4.353h
  ep11 shard 938/1720 loss=4.2e-05  best=-inf wall=4.358h
  ep11 shard 939/1720 loss=3.7e-05  best=-inf wall=4.363h
  ep11 shard 940/1720 loss=4.5e-05  best=-inf wall=4.367h
  ep11 shard 941/1720 loss=5.9e-05  best=-inf wall=4.372h
  ep11 shard 942/1720 loss=5.1e-05  best=-inf wall=4.377h
  ep11 shard 943/1720 loss=4.1e-05  best=-inf wall=4.38h
  ep11 shard 944/1720 loss=5.4e-05  best=-inf wall=4.385h
  ep11 shard 945/1720 loss=5.6e-05  best=-inf wall=4.389h
  ep11 shard 946/1720 loss=5.2e-05  best=-inf wall=4.394h
  saved epoch checkpoint -> experiments/exp028-mlp/scalar20/checkpoints/ep11.pt
  ep12 shard 947/1720 loss=3.5e-05  best=-inf wall=4.399h
  ep12 shard 948/1720 loss=5.6e-05  best=-inf wall=4.404h
  ep12 shard 949/1720 loss=4.4e-05  best=-inf wall=4.409h
  ep12 shard 950/1720 loss=4.4e-05  best=-inf wall=4.415h
  ep12 shard 951/1720 loss=5.6e-05  best=-inf wall=4.419h
  ep12 shard 952/1720 loss=5.7e-05  best=-inf wall=4.422h
  ep12 shard 953/1720 loss=4.7e-05  best=-inf wall=4.427h
  ep12 shard 954/1720 loss=4.3e-05  best=-inf wall=4.428h
  ep12 shard 955/1720 loss=5.5e-05  best=-inf wall=4.434h
  ep12 shard 956/1720 loss=6.4e-05  best=-inf wall=4.439h
  ep12 shard 957/1720 loss=6.3e-05  best=-inf wall=4.444h
  ep12 shard 958/1720 loss=4.4e-05  best=-inf wall=4.449h
  ep12 shard 959/1720 loss=5.4e-05  best=-inf wall=4.455h
  ep12 shard 960/1720 loss=5e-05  best=-inf wall=4.46h
  ep12 shard 961/1720 loss=5e-05  best=-inf wall=4.463h
  ep12 shard 962/1720 loss=5.4e-05  best=-inf wall=4.468h
  ep12 shard 963/1720 loss=4.1e-05  best=-inf wall=4.473h
  ep12 shard 964/1720 loss=5e-05  best=-inf wall=4.478h
  ep12 shard 965/1720 loss=4.2e-05  best=-inf wall=4.483h
  ep12 shard 966/1720 loss=4.2e-05  best=-inf wall=4.488h
  ep12 shard 967/1720 loss=6.3e-05  best=-inf wall=4.493h
  ep12 shard 968/1720 loss=4.1e-05  best=-inf wall=4.498h
  ep12 shard 969/1720 loss=4.9e-05  best=-inf wall=4.502h
  ep12 shard 970/1720 loss=4.8e-05  best=-inf wall=4.507h
  ep12 shard 971/1720 loss=4.7e-05  best=-inf wall=4.512h
  ep12 shard 972/1720 loss=5.1e-05  best=-inf wall=4.517h
  ep12 shard 973/1720 loss=6.1e-05  best=-inf wall=4.52h
  ep12 shard 974/1720 loss=5e-05  best=-inf wall=4.525h
  ep12 shard 975/1720 loss=6.2e-05  best=-inf wall=4.529h
  ep12 shard 976/1720 loss=4.3e-05  best=-inf wall=4.533h
  ep12 shard 977/1720 loss=4.6e-05  best=-inf wall=4.538h
  ep12 shard 978/1720 loss=4.2e-05  best=-inf wall=4.544h
  ep12 shard 979/1720 loss=3.6e-05  best=-inf wall=4.549h
  ep12 shard 980/1720 loss=7.1e-05  best=-inf wall=4.554h
  ep12 shard 981/1720 loss=4.8e-05  best=-inf wall=4.557h
  ep12 shard 982/1720 loss=3.9e-05  best=-inf wall=4.562h
  ep12 shard 983/1720 loss=4.9e-05  best=-inf wall=4.567h
  ep12 shard 984/1720 loss=5.1e-05  best=-inf wall=4.57h
  ep12 shard 985/1720 loss=5.6e-05  best=-inf wall=4.575h
  ep12 shard 986/1720 loss=5.2e-05  best=-inf wall=4.579h
  ep12 shard 987/1720 loss=4.4e-05  best=-inf wall=4.583h
  ep12 shard 988/1720 loss=4.5e-05  best=-inf wall=4.588h
  ep12 shard 989/1720 loss=4.6e-05  best=-inf wall=4.594h
  ep12 shard 990/1720 loss=8.3e-05  best=-inf wall=4.599h
  ep12 shard 991/1720 loss=3.6e-05  best=-inf wall=4.603h
  ep12 shard 992/1720 loss=4e-05  best=-inf wall=4.608h
  ep12 shard 993/1720 loss=4.5e-05  best=-inf wall=4.613h
  ep12 shard 994/1720 loss=6.2e-05  best=-inf wall=4.618h
  ep12 shard 995/1720 loss=3.7e-05  best=-inf wall=4.624h
  ep12 shard 996/1720 loss=4.6e-05  best=-inf wall=4.628h
  ep12 shard 997/1720 loss=4.1e-05  best=-inf wall=4.633h
  ep12 shard 998/1720 loss=5e-05  best=-inf wall=4.635h
  ep12 shard 999/1720 loss=4.7e-05  best=-inf wall=4.64h
  ep12 shard 1000/1720 loss=4.5e-05  best=-inf wall=4.645h
  ep12 shard 1001/1720 loss=5.6e-05  best=-inf wall=4.65h
  ep12 shard 1002/1720 loss=5e-05  best=-inf wall=4.654h
  ep12 shard 1003/1720 loss=4.5e-05  best=-inf wall=4.659h
  ep12 shard 1004/1720 loss=5.6e-05  best=-inf wall=4.665h
  ep12 shard 1005/1720 loss=7.1e-05  best=-inf wall=4.67h
  ep12 shard 1006/1720 loss=4.3e-05  best=-inf wall=4.671h
  ep12 shard 1007/1720 loss=4.3e-05  best=-inf wall=4.675h
  ep12 shard 1008/1720 loss=6.7e-05  best=-inf wall=4.678h
  ep12 shard 1009/1720 loss=5.1e-05  best=-inf wall=4.683h
  ep12 shard 1010/1720 loss=4.6e-05  best=-inf wall=4.686h
  ep12 shard 1011/1720 loss=4.6e-05  best=-inf wall=4.692h
  ep12 shard 1012/1720 loss=5.2e-05  best=-inf wall=4.696h
  ep12 shard 1013/1720 loss=5.1e-05  best=-inf wall=4.702h
  ep12 shard 1014/1720 loss=4.1e-05  best=-inf wall=4.706h
  ep12 shard 1015/1720 loss=5.9e-05  best=-inf wall=4.712h
  ep12 shard 1016/1720 loss=6.9e-05  best=-inf wall=4.717h
  ep12 shard 1017/1720 loss=3.9e-05  best=-inf wall=4.722h
  ep12 shard 1018/1720 loss=7.4e-05  best=-inf wall=4.727h
  ep12 shard 1019/1720 loss=4.9e-05  best=-inf wall=4.732h
  ep12 shard 1020/1720 loss=5.5e-05  best=-inf wall=4.736h
  ep12 shard 1021/1720 loss=4.2e-05  best=-inf wall=4.741h
  ep12 shard 1022/1720 loss=4.3e-05  best=-inf wall=4.746h
  ep12 shard 1023/1720 loss=3.7e-05  best=-inf wall=4.751h
  ep12 shard 1024/1720 loss=5.2e-05  best=-inf wall=4.755h
  ep12 shard 1025/1720 loss=4.1e-05  best=-inf wall=4.76h
  ep12 shard 1026/1720 loss=5.4e-05  best=-inf wall=4.765h
  ep12 shard 1027/1720 loss=3.6e-05  best=-inf wall=4.768h
  ep12 shard 1028/1720 loss=4.7e-05  best=-inf wall=4.773h
  ep12 shard 1029/1720 loss=4.2e-05  best=-inf wall=4.778h
  ep12 shard 1030/1720 loss=4.4e-05  best=-inf wall=4.783h
  ep12 shard 1031/1720 loss=3.7e-05  best=-inf wall=4.786h
  ep12 shard 1032/1720 loss=5.1e-05  best=-inf wall=4.791h
  saved epoch checkpoint -> experiments/exp028-mlp/scalar20/checkpoints/ep12.pt
  ep13 shard 1033/1720 loss=4.6e-05  best=-inf wall=4.795h
  ep13 shard 1034/1720 loss=5.3e-05  best=-inf wall=4.8h
  ep13 shard 1035/1720 loss=3.1e-05  best=-inf wall=4.805h
  ep13 shard 1036/1720 loss=3.8e-05  best=-inf wall=4.809h
  ep13 shard 1037/1720 loss=5e-05  best=-inf wall=4.814h
  ep13 shard 1038/1720 loss=4.8e-05  best=-inf wall=4.819h
  ep13 shard 1039/1720 loss=5.3e-05  best=-inf wall=4.824h
  ep13 shard 1040/1720 loss=6.1e-05  best=-inf wall=4.829h
  ep13 shard 1041/1720 loss=5.6e-05  best=-inf wall=4.834h
  ep13 shard 1042/1720 loss=3.8e-05  best=-inf wall=4.839h
  ep13 shard 1043/1720 loss=4e-05  best=-inf wall=4.844h
  ep13 shard 1044/1720 loss=4.8e-05  best=-inf wall=4.848h
  ep13 shard 1045/1720 loss=4.6e-05  best=-inf wall=4.853h
  ep13 shard 1046/1720 loss=3.9e-05  best=-inf wall=4.858h
  ep13 shard 1047/1720 loss=5.1e-05  best=-inf wall=4.863h
  ep13 shard 1048/1720 loss=4e-05  best=-inf wall=4.868h
  ep13 shard 1049/1720 loss=3.9e-05  best=-inf wall=4.874h
  ep13 shard 1050/1720 loss=5e-05  best=-inf wall=4.877h
  ep13 shard 1051/1720 loss=4.5e-05  best=-inf wall=4.881h
  ep13 shard 1052/1720 loss=4.3e-05  best=-inf wall=4.883h
  ep13 shard 1053/1720 loss=5e-05  best=-inf wall=4.889h
  ep13 shard 1054/1720 loss=4.5e-05  best=-inf wall=4.895h
  ep13 shard 1055/1720 loss=4.7e-05  best=-inf wall=4.9h
  ep13 shard 1056/1720 loss=5.7e-05  best=-inf wall=4.902h
  ep13 shard 1057/1720 loss=6e-05  best=-inf wall=4.907h
  ep13 shard 1058/1720 loss=4.4e-05  best=-inf wall=4.913h
  ep13 shard 1059/1720 loss=3.8e-05  best=-inf wall=4.918h
  ep13 shard 1060/1720 loss=5.4e-05  best=-inf wall=4.923h
  ep13 shard 1061/1720 loss=4.2e-05  best=-inf wall=4.928h
  ep13 shard 1062/1720 loss=5.9e-05  best=-inf wall=4.933h
  ep13 shard 1063/1720 loss=4e-05  best=-inf wall=4.935h
  ep13 shard 1064/1720 loss=3.4e-05  best=-inf wall=4.938h
  ep13 shard 1065/1720 loss=4.6e-05  best=-inf wall=4.942h
  ep13 shard 1066/1720 loss=3.8e-05  best=-inf wall=4.947h
  ep13 shard 1067/1720 loss=5.2e-05  best=-inf wall=4.952h
  ep13 shard 1068/1720 loss=4.6e-05  best=-inf wall=4.957h
  ep13 shard 1069/1720 loss=5.2e-05  best=-inf wall=4.962h
  ep13 shard 1070/1720 loss=4.8e-05  best=-inf wall=4.967h
  ep13 shard 1071/1720 loss=4.5e-05  best=-inf wall=4.972h
  ep13 shard 1072/1720 loss=3.9e-05  best=-inf wall=4.977h
  ep13 shard 1073/1720 loss=4.2e-05  best=-inf wall=4.982h
  ep13 shard 1074/1720 loss=5.2e-05  best=-inf wall=4.987h
  ep13 shard 1075/1720 loss=5.2e-05  best=-inf wall=4.992h
  ep13 shard 1076/1720 loss=4.4e-05  best=-inf wall=4.997h
  ep13 shard 1077/1720 loss=6.3e-05  best=-inf wall=5.002h
  ep13 shard 1078/1720 loss=5.6e-05  best=-inf wall=5.004h
  ep13 shard 1079/1720 loss=5.8e-05  best=-inf wall=5.009h
  ep13 shard 1080/1720 loss=4.8e-05  best=-inf wall=5.014h
  ep13 shard 1081/1720 loss=4.8e-05  best=-inf wall=5.019h
  ep13 shard 1082/1720 loss=5.7e-05  best=-inf wall=5.024h
  ep13 shard 1083/1720 loss=5.4e-05  best=-inf wall=5.029h
  ep13 shard 1084/1720 loss=4.7e-05  best=-inf wall=5.034h
  ep13 shard 1085/1720 loss=4.1e-05  best=-inf wall=5.04h
  ep13 shard 1086/1720 loss=4.2e-05  best=-inf wall=5.045h
  ep13 shard 1087/1720 loss=5.4e-05  best=-inf wall=5.05h
  ep13 shard 1088/1720 loss=5e-05  best=-inf wall=5.053h
  ep13 shard 1089/1720 loss=3.8e-05  best=-inf wall=5.058h
  ep13 shard 1090/1720 loss=6e-05  best=-inf wall=5.063h
  ep13 shard 1091/1720 loss=4.7e-05  best=-inf wall=5.068h
  ep13 shard 1092/1720 loss=5.4e-05  best=-inf wall=5.073h
  ep13 shard 1093/1720 loss=4.8e-05  best=-inf wall=5.076h
  ep13 shard 1094/1720 loss=4.1e-05  best=-inf wall=5.081h
  ep13 shard 1095/1720 loss=4.5e-05  best=-inf wall=5.085h
  ep13 shard 1096/1720 loss=4.9e-05  best=-inf wall=5.09h
  ep13 shard 1097/1720 loss=4.4e-05  best=-inf wall=5.095h
  ep13 shard 1098/1720 loss=5.1e-05  best=-inf wall=5.098h
  ep13 shard 1099/1720 loss=5.5e-05  best=-inf wall=5.104h
  ep13 shard 1100/1720 loss=4.2e-05  best=-inf wall=5.109h
  ep13 shard 1101/1720 loss=4.7e-05  best=-inf wall=5.113h
  ep13 shard 1102/1720 loss=4.1e-05  best=-inf wall=5.118h
  ep13 shard 1103/1720 loss=4.8e-05  best=-inf wall=5.123h
  ep13 shard 1104/1720 loss=4.2e-05  best=-inf wall=5.126h
  ep13 shard 1105/1720 loss=6.6e-05  best=-inf wall=5.131h
  ep13 shard 1106/1720 loss=4.4e-05  best=-inf wall=5.136h
  ep13 shard 1107/1720 loss=5.5e-05  best=-inf wall=5.139h
  ep13 shard 1108/1720 loss=4.3e-05  best=-inf wall=5.143h
  ep13 shard 1109/1720 loss=5.1e-05  best=-inf wall=5.147h
  ep13 shard 1110/1720 loss=4.9e-05  best=-inf wall=5.152h
  ep13 shard 1111/1720 loss=4.6e-05  best=-inf wall=5.155h
  ep13 shard 1112/1720 loss=4.7e-05  best=-inf wall=5.159h
  ep13 shard 1113/1720 loss=4.4e-05  best=-inf wall=5.164h
  ep13 shard 1114/1720 loss=5.1e-05  best=-inf wall=5.17h
  ep13 shard 1115/1720 loss=4.4e-05  best=-inf wall=5.175h
  ep13 shard 1116/1720 loss=5.1e-05  best=-inf wall=5.181h
  ep13 shard 1117/1720 loss=4.8e-05  best=-inf wall=5.185h
  ep13 shard 1118/1720 loss=4.3e-05  best=-inf wall=5.188h
  saved epoch checkpoint -> experiments/exp028-mlp/scalar20/checkpoints/ep13.pt
  ep14 shard 1119/1720 loss=4.7e-05  best=-inf wall=5.193h
  ep14 shard 1120/1720 loss=5.8e-05  best=-inf wall=5.198h
  ep14 shard 1121/1720 loss=5.5e-05  best=-inf wall=5.202h
  ep14 shard 1122/1720 loss=4.8e-05  best=-inf wall=5.207h
  ep14 shard 1123/1720 loss=5.5e-05  best=-inf wall=5.213h
  ep14 shard 1124/1720 loss=5.3e-05  best=-inf wall=5.217h
  ep14 shard 1125/1720 loss=5.6e-05  best=-inf wall=5.222h
  ep14 shard 1126/1720 loss=7e-05  best=-inf wall=5.227h
  ep14 shard 1127/1720 loss=5.5e-05  best=-inf wall=5.232h
  ep14 shard 1128/1720 loss=6.3e-05  best=-inf wall=5.237h
  ep14 shard 1129/1720 loss=4.8e-05  best=-inf wall=5.24h
  ep14 shard 1130/1720 loss=6.2e-05  best=-inf wall=5.245h
  ep14 shard 1131/1720 loss=4.5e-05  best=-inf wall=5.25h
  ep14 shard 1132/1720 loss=4.6e-05  best=-inf wall=5.254h
  ep14 shard 1133/1720 loss=4.2e-05  best=-inf wall=5.259h
  ep14 shard 1134/1720 loss=4.1e-05  best=-inf wall=5.264h
  ep14 shard 1135/1720 loss=4.1e-05  best=-inf wall=5.269h
  ep14 shard 1136/1720 loss=5.2e-05  best=-inf wall=5.272h
  ep14 shard 1137/1720 loss=4.5e-05  best=-inf wall=5.277h
  ep14 shard 1138/1720 loss=6.5e-05  best=-inf wall=5.282h
  ep14 shard 1139/1720 loss=3.7e-05  best=-inf wall=5.288h
  ep14 shard 1140/1720 loss=5.2e-05  best=-inf wall=5.292h
  ep14 shard 1141/1720 loss=5.3e-05  best=-inf wall=5.297h
  ep14 shard 1142/1720 loss=5.2e-05  best=-inf wall=5.302h
  ep14 shard 1143/1720 loss=5.1e-05  best=-inf wall=5.307h
  ep14 shard 1144/1720 loss=4.4e-05  best=-inf wall=5.312h
  ep14 shard 1145/1720 loss=5.2e-05  best=-inf wall=5.317h
  ep14 shard 1146/1720 loss=4.1e-05  best=-inf wall=5.321h
  ep14 shard 1147/1720 loss=4.6e-05  best=-inf wall=5.326h
  ep14 shard 1148/1720 loss=3.9e-05  best=-inf wall=5.331h
  ep14 shard 1149/1720 loss=3.9e-05  best=-inf wall=5.334h
  ep14 shard 1150/1720 loss=4.9e-05  best=-inf wall=5.339h
  ep14 shard 1151/1720 loss=3.9e-05  best=-inf wall=5.344h
  ep14 shard 1152/1720 loss=3.9e-05  best=-inf wall=5.349h
  ep14 shard 1153/1720 loss=4.5e-05  best=-inf wall=5.354h
  ep14 shard 1154/1720 loss=3.9e-05  best=-inf wall=5.359h
  ep14 shard 1155/1720 loss=4.6e-05  best=-inf wall=5.364h
  ep14 shard 1156/1720 loss=4.7e-05  best=-inf wall=5.369h
  ep14 shard 1157/1720 loss=3.7e-05  best=-inf wall=5.374h
  ep14 shard 1158/1720 loss=4.8e-05  best=-inf wall=5.379h
  ep14 shard 1159/1720 loss=5.7e-05  best=-inf wall=5.384h
  ep14 shard 1160/1720 loss=3.9e-05  best=-inf wall=5.386h
  ep14 shard 1161/1720 loss=4.5e-05  best=-inf wall=5.39h
  ep14 shard 1162/1720 loss=4.1e-05  best=-inf wall=5.393h
  ep14 shard 1163/1720 loss=5.5e-05  best=-inf wall=5.397h
  ep14 shard 1164/1720 loss=4.3e-05  best=-inf wall=5.4h
  ep14 shard 1165/1720 loss=5.3e-05  best=-inf wall=5.405h
  ep14 shard 1166/1720 loss=5e-05  best=-inf wall=5.41h
  ep14 shard 1167/1720 loss=5.9e-05  best=-inf wall=5.413h
  ep14 shard 1168/1720 loss=4.8e-05  best=-inf wall=5.418h
  ep14 shard 1169/1720 loss=6e-05  best=-inf wall=5.423h
  ep14 shard 1170/1720 loss=4.7e-05  best=-inf wall=5.426h
  ep14 shard 1171/1720 loss=4.9e-05  best=-inf wall=5.43h
  ep14 shard 1172/1720 loss=6e-05  best=-inf wall=5.435h
  ep14 shard 1173/1720 loss=5e-05  best=-inf wall=5.44h
  ep14 shard 1174/1720 loss=4.1e-05  best=-inf wall=5.445h
  ep14 shard 1175/1720 loss=4.6e-05  best=-inf wall=5.45h
  ep14 shard 1176/1720 loss=4.8e-05  best=-inf wall=5.453h
  ep14 shard 1177/1720 loss=4.9e-05  best=-inf wall=5.457h
  ep14 shard 1178/1720 loss=4.4e-05  best=-inf wall=5.462h
  ep14 shard 1179/1720 loss=4.9e-05  best=-inf wall=5.466h
  ep14 shard 1180/1720 loss=3.4e-05  best=-inf wall=5.467h
  ep14 shard 1181/1720 loss=4.4e-05  best=-inf wall=5.472h
  ep14 shard 1182/1720 loss=3.8e-05  best=-inf wall=5.478h
  ep14 shard 1183/1720 loss=4.4e-05  best=-inf wall=5.483h
  ep14 shard 1184/1720 loss=6.2e-05  best=-inf wall=5.488h
  ep14 shard 1185/1720 loss=4.5e-05  best=-inf wall=5.493h
  ep14 shard 1186/1720 loss=4.5e-05  best=-inf wall=5.498h
  ep14 shard 1187/1720 loss=5.2e-05  best=-inf wall=5.501h
  ep14 shard 1188/1720 loss=5.6e-05  best=-inf wall=5.506h
  ep14 shard 1189/1720 loss=5.2e-05  best=-inf wall=5.511h
  ep14 shard 1190/1720 loss=5e-05  best=-inf wall=5.516h
  ep14 shard 1191/1720 loss=6e-05  best=-inf wall=5.52h
  ep14 shard 1192/1720 loss=5.5e-05  best=-inf wall=5.522h
  ep14 shard 1193/1720 loss=4.7e-05  best=-inf wall=5.527h
  ep14 shard 1194/1720 loss=6.5e-05  best=-inf wall=5.532h
  ep14 shard 1195/1720 loss=5.1e-05  best=-inf wall=5.535h
  ep14 shard 1196/1720 loss=5e-05  best=-inf wall=5.539h
  ep14 shard 1197/1720 loss=6.5e-05  best=-inf wall=5.544h
  ep14 shard 1198/1720 loss=5.8e-05  best=-inf wall=5.549h
  ep14 shard 1199/1720 loss=4.1e-05  best=-inf wall=5.555h
  ep14 shard 1200/1720 loss=4.4e-05  best=-inf wall=5.56h
  ep14 shard 1201/1720 loss=5.8e-05  best=-inf wall=5.565h
  ep14 shard 1202/1720 loss=5.2e-05  best=-inf wall=5.569h
  ep14 shard 1203/1720 loss=3.5e-05  best=-inf wall=5.574h
  ep14 shard 1204/1720 loss=5.6e-05  best=-inf wall=5.579h
  saved epoch checkpoint -> experiments/exp028-mlp/scalar20/checkpoints/ep14.pt
  ep15 shard 1205/1720 loss=5.2e-05  best=-inf wall=5.583h
  ep15 shard 1206/1720 loss=4.6e-05  best=-inf wall=5.588h
  ep15 shard 1207/1720 loss=5.3e-05  best=-inf wall=5.592h
  ep15 shard 1208/1720 loss=5.5e-05  best=-inf wall=5.597h
  ep15 shard 1209/1720 loss=3.9e-05  best=-inf wall=5.603h
  ep15 shard 1210/1720 loss=4.4e-05  best=-inf wall=5.606h
  ep15 shard 1211/1720 loss=4.5e-05  best=-inf wall=5.611h
  ep15 shard 1212/1720 loss=5e-05  best=-inf wall=5.616h
  ep15 shard 1213/1720 loss=4.5e-05  best=-inf wall=5.621h
  ep15 shard 1214/1720 loss=8e-05  best=-inf wall=5.626h
  ep15 shard 1215/1720 loss=5.5e-05  best=-inf wall=5.631h
  ep15 shard 1216/1720 loss=4.5e-05  best=-inf wall=5.636h
  ep15 shard 1217/1720 loss=4.7e-05  best=-inf wall=5.639h
  ep15 shard 1218/1720 loss=4.4e-05  best=-inf wall=5.642h
  ep15 shard 1219/1720 loss=4.8e-05  best=-inf wall=5.647h
  ep15 shard 1220/1720 loss=4.5e-05  best=-inf wall=5.651h
  ep15 shard 1221/1720 loss=4.3e-05  best=-inf wall=5.656h
  ep15 shard 1222/1720 loss=5.5e-05  best=-inf wall=5.661h
  ep15 shard 1223/1720 loss=4.8e-05  best=-inf wall=5.663h
  ep15 shard 1224/1720 loss=4.7e-05  best=-inf wall=5.666h
  ep15 shard 1225/1720 loss=6e-05  best=-inf wall=5.671h
  ep15 shard 1226/1720 loss=4.5e-05  best=-inf wall=5.676h
  ep15 shard 1227/1720 loss=4.5e-05  best=-inf wall=5.681h
  ep15 shard 1228/1720 loss=4.6e-05  best=-inf wall=5.687h
  ep15 shard 1229/1720 loss=3.6e-05  best=-inf wall=5.691h
  ep15 shard 1230/1720 loss=4.3e-05  best=-inf wall=5.696h
  ep15 shard 1231/1720 loss=4.4e-05  best=-inf wall=5.701h
  ep15 shard 1232/1720 loss=5.3e-05  best=-inf wall=5.706h
  ep15 shard 1233/1720 loss=4.3e-05  best=-inf wall=5.709h
  ep15 shard 1234/1720 loss=3.3e-05  best=-inf wall=5.714h
  ep15 shard 1235/1720 loss=5.1e-05  best=-inf wall=5.719h
  ep15 shard 1236/1720 loss=4.9e-05  best=-inf wall=5.724h
  ep15 shard 1237/1720 loss=4.6e-05  best=-inf wall=5.726h
  ep15 shard 1238/1720 loss=4.7e-05  best=-inf wall=5.731h
  ep15 shard 1239/1720 loss=3.8e-05  best=-inf wall=5.736h
  ep15 shard 1240/1720 loss=5.8e-05  best=-inf wall=5.742h
  ep15 shard 1241/1720 loss=7.9e-05  best=-inf wall=5.747h
  ep15 shard 1242/1720 loss=5.1e-05  best=-inf wall=5.752h
  ep15 shard 1243/1720 loss=6.5e-05  best=-inf wall=5.757h
  ep15 shard 1244/1720 loss=5e-05  best=-inf wall=5.761h
  ep15 shard 1245/1720 loss=4e-05  best=-inf wall=5.767h
  ep15 shard 1246/1720 loss=5.3e-05  best=-inf wall=5.772h
  ep15 shard 1247/1720 loss=3.3e-05  best=-inf wall=5.777h
  ep15 shard 1248/1720 loss=7e-05  best=-inf wall=5.78h
  ep15 shard 1249/1720 loss=5.2e-05  best=-inf wall=5.785h
  ep15 shard 1250/1720 loss=4.6e-05  best=-inf wall=5.79h
  ep15 shard 1251/1720 loss=4.6e-05  best=-inf wall=5.795h
  ep15 shard 1252/1720 loss=4.5e-05  best=-inf wall=5.8h
  ep15 shard 1253/1720 loss=4.6e-05  best=-inf wall=5.805h
  ep15 shard 1254/1720 loss=4.5e-05  best=-inf wall=5.81h
  ep15 shard 1255/1720 loss=4.6e-05  best=-inf wall=5.815h
  ep15 shard 1256/1720 loss=5e-05  best=-inf wall=5.82h
  ep15 shard 1257/1720 loss=3.6e-05  best=-inf wall=5.826h
  ep15 shard 1258/1720 loss=3.8e-05  best=-inf wall=5.831h
  ep15 shard 1259/1720 loss=4.6e-05  best=-inf wall=5.834h
  ep15 shard 1260/1720 loss=5.4e-05  best=-inf wall=5.837h
  ep15 shard 1261/1720 loss=6.1e-05  best=-inf wall=5.842h
  ep15 shard 1262/1720 loss=3.7e-05  best=-inf wall=5.847h
  ep15 shard 1263/1720 loss=4.6e-05  best=-inf wall=5.851h
  ep15 shard 1264/1720 loss=4.2e-05  best=-inf wall=5.856h
  ep15 shard 1265/1720 loss=4.5e-05  best=-inf wall=5.861h
  ep15 shard 1266/1720 loss=4.3e-05  best=-inf wall=5.863h
  ep15 shard 1267/1720 loss=4.1e-05  best=-inf wall=5.867h
  ep15 shard 1268/1720 loss=4.3e-05  best=-inf wall=5.87h
  ep15 shard 1269/1720 loss=5.4e-05  best=-inf wall=5.874h
  ep15 shard 1270/1720 loss=4.9e-05  best=-inf wall=5.88h
  ep15 shard 1271/1720 loss=3.7e-05  best=-inf wall=5.884h
  ep15 shard 1272/1720 loss=4.1e-05  best=-inf wall=5.889h
  ep15 shard 1273/1720 loss=4.5e-05  best=-inf wall=5.894h
  ep15 shard 1274/1720 loss=5.1e-05  best=-inf wall=5.899h
  ep15 shard 1275/1720 loss=3.9e-05  best=-inf wall=5.904h
  ep15 shard 1276/1720 loss=5.1e-05  best=-inf wall=5.909h
  ep15 shard 1277/1720 loss=5.1e-05  best=-inf wall=5.914h
  ep15 shard 1278/1720 loss=5.5e-05  best=-inf wall=5.919h
  ep15 shard 1279/1720 loss=5.7e-05  best=-inf wall=5.924h
  ep15 shard 1280/1720 loss=5e-05  best=-inf wall=5.929h
  ep15 shard 1281/1720 loss=5e-05  best=-inf wall=5.933h
  ep15 shard 1282/1720 loss=5e-05  best=-inf wall=5.938h
  ep15 shard 1283/1720 loss=5.6e-05  best=-inf wall=5.942h
  ep15 shard 1284/1720 loss=6.3e-05  best=-inf wall=5.947h
  ep15 shard 1285/1720 loss=4.4e-05  best=-inf wall=5.95h
  ep15 shard 1286/1720 loss=5.2e-05  best=-inf wall=5.955h
  ep15 shard 1287/1720 loss=4.6e-05  best=-inf wall=5.96h
  ep15 shard 1288/1720 loss=4.7e-05  best=-inf wall=5.965h
  ep15 shard 1289/1720 loss=5.8e-05  best=-inf wall=5.97h
  ep15 shard 1290/1720 loss=4.8e-05  best=-inf wall=5.975h
  saved epoch checkpoint -> experiments/exp028-mlp/scalar20/checkpoints/ep15.pt
  ep16 shard 1291/1720 loss=4.4e-05  best=-inf wall=5.978h
  ep16 shard 1292/1720 loss=4.3e-05  best=-inf wall=5.983h
  ep16 shard 1293/1720 loss=3.8e-05  best=-inf wall=5.988h
  ep16 shard 1294/1720 loss=4.2e-05  best=-inf wall=5.992h
  ep16 shard 1295/1720 loss=6e-05  best=-inf wall=5.993h
  ep16 shard 1296/1720 loss=4.4e-05  best=-inf wall=5.999h
  ep16 shard 1297/1720 loss=4.6e-05  best=-inf wall=6.002h
  ep16 shard 1298/1720 loss=4.7e-05  best=-inf wall=6.005h
  ep16 shard 1299/1720 loss=3.8e-05  best=-inf wall=6.01h
  ep16 shard 1300/1720 loss=5e-05  best=-inf wall=6.015h
  ep16 shard 1301/1720 loss=4.9e-05  best=-inf wall=6.02h
  ep16 shard 1302/1720 loss=4.2e-05  best=-inf wall=6.023h
  ep16 shard 1303/1720 loss=4.3e-05  best=-inf wall=6.028h
  ep16 shard 1304/1720 loss=6e-05  best=-inf wall=6.033h
  ep16 shard 1305/1720 loss=5.8e-05  best=-inf wall=6.038h
  ep16 shard 1306/1720 loss=4.1e-05  best=-inf wall=6.044h
  ep16 shard 1307/1720 loss=4.2e-05  best=-inf wall=6.049h
  ep16 shard 1308/1720 loss=5.9e-05  best=-inf wall=6.054h
  ep16 shard 1309/1720 loss=5e-05  best=-inf wall=6.059h
  ep16 shard 1310/1720 loss=5.1e-05  best=-inf wall=6.062h
  ep16 shard 1311/1720 loss=5.5e-05  best=-inf wall=6.067h
  ep16 shard 1312/1720 loss=4.9e-05  best=-inf wall=6.072h
  ep16 shard 1313/1720 loss=4.7e-05  best=-inf wall=6.077h
  ep16 shard 1314/1720 loss=5.4e-05  best=-inf wall=6.081h
  ep16 shard 1315/1720 loss=4e-05  best=-inf wall=6.087h
  ep16 shard 1316/1720 loss=5e-05  best=-inf wall=6.092h
  ep16 shard 1317/1720 loss=3.3e-05  best=-inf wall=6.097h
  ep16 shard 1318/1720 loss=4.2e-05  best=-inf wall=6.102h
  ep16 shard 1319/1720 loss=4.9e-05  best=-inf wall=6.104h
  ep16 shard 1320/1720 loss=4.9e-05  best=-inf wall=6.109h
  ep16 shard 1321/1720 loss=4.8e-05  best=-inf wall=6.113h
  ep16 shard 1322/1720 loss=3.6e-05  best=-inf wall=6.118h
  ep16 shard 1323/1720 loss=7e-05  best=-inf wall=6.123h
  ep16 shard 1324/1720 loss=4.8e-05  best=-inf wall=6.128h
  ep16 shard 1325/1720 loss=4.5e-05  best=-inf wall=6.133h
  ep16 shard 1326/1720 loss=4e-05  best=-inf wall=6.138h
  ep16 shard 1327/1720 loss=4.5e-05  best=-inf wall=6.142h
  ep16 shard 1328/1720 loss=4e-05  best=-inf wall=6.147h
  ep16 shard 1329/1720 loss=5.7e-05  best=-inf wall=6.152h
  ep16 shard 1330/1720 loss=4.1e-05  best=-inf wall=6.157h
  ep16 shard 1331/1720 loss=4.5e-05  best=-inf wall=6.16h
  ep16 shard 1332/1720 loss=5.9e-05  best=-inf wall=6.164h
  ep16 shard 1333/1720 loss=3.4e-05  best=-inf wall=6.167h
  ep16 shard 1334/1720 loss=4.9e-05  best=-inf wall=6.172h
  ep16 shard 1335/1720 loss=4e-05  best=-inf wall=6.176h
  ep16 shard 1336/1720 loss=4.8e-05  best=-inf wall=6.181h
  ep16 shard 1337/1720 loss=4.8e-05  best=-inf wall=6.184h
  ep16 shard 1338/1720 loss=5.9e-05  best=-inf wall=6.189h
  ep16 shard 1339/1720 loss=5.6e-05  best=-inf wall=6.192h
  ep16 shard 1340/1720 loss=4.3e-05  best=-inf wall=6.197h
  ep16 shard 1341/1720 loss=6.4e-05  best=-inf wall=6.202h
  ep16 shard 1342/1720 loss=4.4e-05  best=-inf wall=6.207h
  ep16 shard 1343/1720 loss=4.4e-05  best=-inf wall=6.212h
  ep16 shard 1344/1720 loss=4.7e-05  best=-inf wall=6.217h
  ep16 shard 1345/1720 loss=4.5e-05  best=-inf wall=6.222h
  ep16 shard 1346/1720 loss=4.9e-05  best=-inf wall=6.227h
  ep16 shard 1347/1720 loss=4.3e-05  best=-inf wall=6.231h
  ep16 shard 1348/1720 loss=5.4e-05  best=-inf wall=6.236h
  ep16 shard 1349/1720 loss=3.6e-05  best=-inf wall=6.241h
  ep16 shard 1350/1720 loss=4.6e-05  best=-inf wall=6.246h
  ep16 shard 1351/1720 loss=3.6e-05  best=-inf wall=6.251h
  ep16 shard 1352/1720 loss=4e-05  best=-inf wall=6.254h
  ep16 shard 1353/1720 loss=4.2e-05  best=-inf wall=6.259h
  ep16 shard 1354/1720 loss=4.2e-05  best=-inf wall=6.264h
  ep16 shard 1355/1720 loss=3.7e-05  best=-inf wall=6.269h
  ep16 shard 1356/1720 loss=4.3e-05  best=-inf wall=6.274h
  ep16 shard 1357/1720 loss=4.5e-05  best=-inf wall=6.279h
  ep16 shard 1358/1720 loss=4.7e-05  best=-inf wall=6.284h
  ep16 shard 1359/1720 loss=4.8e-05  best=-inf wall=6.289h
  ep16 shard 1360/1720 loss=4e-05  best=-inf wall=6.294h
  ep16 shard 1361/1720 loss=5.4e-05  best=-inf wall=6.299h
  ep16 shard 1362/1720 loss=5.7e-05  best=-inf wall=6.304h
  ep16 shard 1363/1720 loss=3.9e-05  best=-inf wall=6.306h
  ep16 shard 1364/1720 loss=4.8e-05  best=-inf wall=6.311h
  ep16 shard 1365/1720 loss=4.8e-05  best=-inf wall=6.316h
  ep16 shard 1366/1720 loss=4.9e-05  best=-inf wall=6.321h
  ep16 shard 1367/1720 loss=4.9e-05  best=-inf wall=6.325h
  ep16 shard 1368/1720 loss=4.2e-05  best=-inf wall=6.33h
  ep16 shard 1369/1720 loss=4.3e-05  best=-inf wall=6.334h
  ep16 shard 1370/1720 loss=4.8e-05  best=-inf wall=6.339h
  ep16 shard 1371/1720 loss=6e-05  best=-inf wall=6.344h
  ep16 shard 1372/1720 loss=5.4e-05  best=-inf wall=6.349h
  ep16 shard 1373/1720 loss=4.7e-05  best=-inf wall=6.354h
  ep16 shard 1374/1720 loss=4.2e-05  best=-inf wall=6.359h
  ep16 shard 1375/1720 loss=8.3e-05  best=-inf wall=6.364h
  ep16 shard 1376/1720 loss=3.3e-05  best=-inf wall=6.368h
  saved epoch checkpoint -> experiments/exp028-mlp/scalar20/checkpoints/ep16.pt
  ep17 shard 1377/1720 loss=4.4e-05  best=-inf wall=6.372h
  ep17 shard 1378/1720 loss=4e-05  best=-inf wall=6.376h
  ep17 shard 1379/1720 loss=4.7e-05  best=-inf wall=6.381h
  ep17 shard 1380/1720 loss=4.9e-05  best=-inf wall=6.384h
  ep17 shard 1381/1720 loss=4.4e-05  best=-inf wall=6.385h
  ep17 shard 1382/1720 loss=4.5e-05  best=-inf wall=6.391h
  ep17 shard 1383/1720 loss=5e-05  best=-inf wall=6.396h
  ep17 shard 1384/1720 loss=4.1e-05  best=-inf wall=6.4h
  ep17 shard 1385/1720 loss=4.4e-05  best=-inf wall=6.405h
  ep17 shard 1386/1720 loss=4.8e-05  best=-inf wall=6.408h
  ep17 shard 1387/1720 loss=4.6e-05  best=-inf wall=6.409h
  ep17 shard 1388/1720 loss=5.4e-05  best=-inf wall=6.414h
  ep17 shard 1389/1720 loss=4.5e-05  best=-inf wall=6.419h
  ep17 shard 1390/1720 loss=5.3e-05  best=-inf wall=6.425h
  ep17 shard 1391/1720 loss=5.7e-05  best=-inf wall=6.43h
  ep17 shard 1392/1720 loss=3.6e-05  best=-inf wall=6.434h
  ep17 shard 1393/1720 loss=4.6e-05  best=-inf wall=6.44h
  ep17 shard 1394/1720 loss=3.8e-05  best=-inf wall=6.444h
  ep17 shard 1395/1720 loss=5.1e-05  best=-inf wall=6.449h
  ep17 shard 1396/1720 loss=5.2e-05  best=-inf wall=6.454h
  ep17 shard 1397/1720 loss=5.2e-05  best=-inf wall=6.458h
  ep17 shard 1398/1720 loss=4.5e-05  best=-inf wall=6.461h
  ep17 shard 1399/1720 loss=4.3e-05  best=-inf wall=6.466h
  ep17 shard 1400/1720 loss=3.7e-05  best=-inf wall=6.471h
  ep17 shard 1401/1720 loss=4.5e-05  best=-inf wall=6.476h
  ep17 shard 1402/1720 loss=4.2e-05  best=-inf wall=6.481h
  ep17 shard 1403/1720 loss=3.9e-05  best=-inf wall=6.486h
  ep17 shard 1404/1720 loss=5.4e-05  best=-inf wall=6.487h
  ep17 shard 1405/1720 loss=6.2e-05  best=-inf wall=6.492h
  ep17 shard 1406/1720 loss=5.6e-05  best=-inf wall=6.498h
  ep17 shard 1407/1720 loss=4e-05  best=-inf wall=6.503h
  ep17 shard 1408/1720 loss=5.1e-05  best=-inf wall=6.508h
  ep17 shard 1409/1720 loss=5.4e-05  best=-inf wall=6.511h
  ep17 shard 1410/1720 loss=4.9e-05  best=-inf wall=6.516h
  ep17 shard 1411/1720 loss=3.4e-05  best=-inf wall=6.521h
  ep17 shard 1412/1720 loss=7e-05  best=-inf wall=6.526h
  ep17 shard 1413/1720 loss=4.1e-05  best=-inf wall=6.53h
  ep17 shard 1414/1720 loss=5.4e-05  best=-inf wall=6.534h
  ep17 shard 1415/1720 loss=5.6e-05  best=-inf wall=6.538h
  ep17 shard 1416/1720 loss=4.3e-05  best=-inf wall=6.543h
  ep17 shard 1417/1720 loss=4.1e-05  best=-inf wall=6.548h
  ep17 shard 1418/1720 loss=4.3e-05  best=-inf wall=6.553h
  ep17 shard 1419/1720 loss=4.3e-05  best=-inf wall=6.558h
  ep17 shard 1420/1720 loss=5.7e-05  best=-inf wall=6.563h
  ep17 shard 1421/1720 loss=4.1e-05  best=-inf wall=6.566h
  ep17 shard 1422/1720 loss=4.5e-05  best=-inf wall=6.571h
  ep17 shard 1423/1720 loss=6.3e-05  best=-inf wall=6.576h
  ep17 shard 1424/1720 loss=3.5e-05  best=-inf wall=6.581h
  ep17 shard 1425/1720 loss=5.2e-05  best=-inf wall=6.586h
  ep17 shard 1426/1720 loss=3.8e-05  best=-inf wall=6.591h
  ep17 shard 1427/1720 loss=5.8e-05  best=-inf wall=6.596h
  ep17 shard 1428/1720 loss=4.5e-05  best=-inf wall=6.601h
  ep17 shard 1429/1720 loss=3.8e-05  best=-inf wall=6.606h
  ep17 shard 1430/1720 loss=3.9e-05  best=-inf wall=6.611h
  ep17 shard 1431/1720 loss=4.3e-05  best=-inf wall=6.617h
  ep17 shard 1432/1720 loss=4.7e-05  best=-inf wall=6.62h
  ep17 shard 1433/1720 loss=5.8e-05  best=-inf wall=6.625h
  ep17 shard 1434/1720 loss=4.2e-05  best=-inf wall=6.63h
  ep17 shard 1435/1720 loss=4.2e-05  best=-inf wall=6.635h
  ep17 shard 1436/1720 loss=3.9e-05  best=-inf wall=6.64h
  ep17 shard 1437/1720 loss=5.9e-05  best=-inf wall=6.645h
  ep17 shard 1438/1720 loss=5.9e-05  best=-inf wall=6.65h
  ep17 shard 1439/1720 loss=5.3e-05  best=-inf wall=6.655h
  ep17 shard 1440/1720 loss=5.8e-05  best=-inf wall=6.66h
  ep17 shard 1441/1720 loss=3.7e-05  best=-inf wall=6.665h
  ep17 shard 1442/1720 loss=4.1e-05  best=-inf wall=6.671h
  ep17 shard 1443/1720 loss=4.2e-05  best=-inf wall=6.675h
  ep17 shard 1444/1720 loss=5e-05  best=-inf wall=6.678h
  ep17 shard 1445/1720 loss=4.5e-05  best=-inf wall=6.683h
  ep17 shard 1446/1720 loss=5e-05  best=-inf wall=6.688h
  ep17 shard 1447/1720 loss=3.8e-05  best=-inf wall=6.693h
  ep17 shard 1448/1720 loss=5.6e-05  best=-inf wall=6.698h
  ep17 shard 1449/1720 loss=4.5e-05  best=-inf wall=6.704h
  ep17 shard 1450/1720 loss=3.9e-05  best=-inf wall=6.708h
  ep17 shard 1451/1720 loss=3.7e-05  best=-inf wall=6.713h
  ep17 shard 1452/1720 loss=4.8e-05  best=-inf wall=6.716h
  ep17 shard 1453/1720 loss=5e-05  best=-inf wall=6.719h
  ep17 shard 1454/1720 loss=4.7e-05  best=-inf wall=6.722h
  ep17 shard 1455/1720 loss=4.2e-05  best=-inf wall=6.727h
  ep17 shard 1456/1720 loss=4.1e-05  best=-inf wall=6.732h
  ep17 shard 1457/1720 loss=4.7e-05  best=-inf wall=6.737h
  ep17 shard 1458/1720 loss=3.2e-05  best=-inf wall=6.742h
  ep17 shard 1459/1720 loss=5.7e-05  best=-inf wall=6.747h
  ep17 shard 1460/1720 loss=5.2e-05  best=-inf wall=6.752h
  ep17 shard 1461/1720 loss=4.8e-05  best=-inf wall=6.757h
  ep17 shard 1462/1720 loss=6.5e-05  best=-inf wall=6.762h
  saved epoch checkpoint -> experiments/exp028-mlp/scalar20/checkpoints/ep17.pt
  ep18 shard 1463/1720 loss=3.6e-05  best=-inf wall=6.767h
  ep18 shard 1464/1720 loss=4.8e-05  best=-inf wall=6.772h
  ep18 shard 1465/1720 loss=4.6e-05  best=-inf wall=6.775h
  ep18 shard 1466/1720 loss=4.6e-05  best=-inf wall=6.78h
  ep18 shard 1467/1720 loss=5.4e-05  best=-inf wall=6.786h
  ep18 shard 1468/1720 loss=4.5e-05  best=-inf wall=6.79h
  ep18 shard 1469/1720 loss=9.1e-05  best=-inf wall=6.795h
  ep18 shard 1470/1720 loss=5.1e-05  best=-inf wall=6.8h
  ep18 shard 1471/1720 loss=5.7e-05  best=-inf wall=6.805h
  ep18 shard 1472/1720 loss=5.2e-05  best=-inf wall=6.81h
  ep18 shard 1473/1720 loss=4.3e-05  best=-inf wall=6.816h
  ep18 shard 1474/1720 loss=4.8e-05  best=-inf wall=6.821h
  ep18 shard 1475/1720 loss=4.8e-05  best=-inf wall=6.825h
  ep18 shard 1476/1720 loss=4.5e-05  best=-inf wall=6.828h
  ep18 shard 1477/1720 loss=7.7e-05  best=-inf wall=6.831h
  ep18 shard 1478/1720 loss=4.6e-05  best=-inf wall=6.836h
  ep18 shard 1479/1720 loss=6.4e-05  best=-inf wall=6.84h
  ep18 shard 1480/1720 loss=3.7e-05  best=-inf wall=6.846h
  ep18 shard 1481/1720 loss=4e-05  best=-inf wall=6.851h
  ep18 shard 1482/1720 loss=5.3e-05  best=-inf wall=6.855h
  ep18 shard 1483/1720 loss=4.9e-05  best=-inf wall=6.86h
  ep18 shard 1484/1720 loss=5e-05  best=-inf wall=6.865h
  ep18 shard 1485/1720 loss=7.2e-05  best=-inf wall=6.866h
  ep18 shard 1486/1720 loss=4.4e-05  best=-inf wall=6.869h
  ep18 shard 1487/1720 loss=4.4e-05  best=-inf wall=6.874h
  ep18 shard 1488/1720 loss=5.4e-05  best=-inf wall=6.879h
  ep18 shard 1489/1720 loss=3.3e-05  best=-inf wall=6.884h
  ep18 shard 1490/1720 loss=3.3e-05  best=-inf wall=6.89h
  ep18 shard 1491/1720 loss=5.1e-05  best=-inf wall=6.895h
  ep18 shard 1492/1720 loss=4.7e-05  best=-inf wall=6.9h
  ep18 shard 1493/1720 loss=5.7e-05  best=-inf wall=6.904h
  ep18 shard 1494/1720 loss=4.1e-05  best=-inf wall=6.91h
  ep18 shard 1495/1720 loss=5.1e-05  best=-inf wall=6.915h
  ep18 shard 1496/1720 loss=4e-05  best=-inf wall=6.92h
  ep18 shard 1497/1720 loss=5.4e-05  best=-inf wall=6.925h
  ep18 shard 1498/1720 loss=3.7e-05  best=-inf wall=6.929h
  ep18 shard 1499/1720 loss=3.8e-05  best=-inf wall=6.934h
  ep18 shard 1500/1720 loss=4.5e-05  best=-inf wall=6.937h
  ep18 shard 1501/1720 loss=3.4e-05  best=-inf wall=6.938h
  ep18 shard 1502/1720 loss=4.5e-05  best=-inf wall=6.944h
  ep18 shard 1503/1720 loss=6e-05  best=-inf wall=6.949h
  ep18 shard 1504/1720 loss=4.1e-05  best=-inf wall=6.954h
  ep18 shard 1505/1720 loss=4.4e-05  best=-inf wall=6.959h
  ep18 shard 1506/1720 loss=4.1e-05  best=-inf wall=6.963h
  ep18 shard 1507/1720 loss=3.2e-05  best=-inf wall=6.968h
  ep18 shard 1508/1720 loss=4.2e-05  best=-inf wall=6.973h
  ep18 shard 1509/1720 loss=4.3e-05  best=-inf wall=6.976h
  ep18 shard 1510/1720 loss=4.7e-05  best=-inf wall=6.981h
  ep18 shard 1511/1720 loss=6.5e-05  best=-inf wall=6.985h
  ep18 shard 1512/1720 loss=5.8e-05  best=-inf wall=6.99h
  ep18 shard 1513/1720 loss=3.2e-05  best=-inf wall=6.993h
  ep18 shard 1514/1720 loss=4.8e-05  best=-inf wall=6.999h
  ep18 shard 1515/1720 loss=4.8e-05  best=-inf wall=7.004h
  ep18 shard 1516/1720 loss=3.9e-05  best=-inf wall=7.009h
  ep18 shard 1517/1720 loss=4.7e-05  best=-inf wall=7.011h
  ep18 shard 1518/1720 loss=4.1e-05  best=-inf wall=7.016h
  ep18 shard 1519/1720 loss=6.1e-05  best=-inf wall=7.021h
  ep18 shard 1520/1720 loss=5.1e-05  best=-inf wall=7.025h
  ep18 shard 1521/1720 loss=4.9e-05  best=-inf wall=7.03h
  ep18 shard 1522/1720 loss=4.7e-05  best=-inf wall=7.035h
  ep18 shard 1523/1720 loss=4.3e-05  best=-inf wall=7.04h
  ep18 shard 1524/1720 loss=5.5e-05  best=-inf wall=7.043h
  ep18 shard 1525/1720 loss=5.7e-05  best=-inf wall=7.048h
  ep18 shard 1526/1720 loss=4.2e-05  best=-inf wall=7.053h
  ep18 shard 1527/1720 loss=2.9e-05  best=-inf wall=7.058h
  ep18 shard 1528/1720 loss=4.4e-05  best=-inf wall=7.063h
  ep18 shard 1529/1720 loss=8e-05  best=-inf wall=7.068h
  ep18 shard 1530/1720 loss=4.3e-05  best=-inf wall=7.073h
  ep18 shard 1531/1720 loss=5.3e-05  best=-inf wall=7.075h
  ep18 shard 1532/1720 loss=4.9e-05  best=-inf wall=7.079h
  ep18 shard 1533/1720 loss=4e-05  best=-inf wall=7.085h
  ep18 shard 1534/1720 loss=3.4e-05  best=-inf wall=7.09h
  ep18 shard 1535/1720 loss=4.6e-05  best=-inf wall=7.094h
  ep18 shard 1536/1720 loss=4.4e-05  best=-inf wall=7.099h
  ep18 shard 1537/1720 loss=3.7e-05  best=-inf wall=7.104h
  ep18 shard 1538/1720 loss=4.8e-05  best=-inf wall=7.108h
  ep18 shard 1539/1720 loss=4.2e-05  best=-inf wall=7.113h
  ep18 shard 1540/1720 loss=4.1e-05  best=-inf wall=7.117h
  ep18 shard 1541/1720 loss=5.7e-05  best=-inf wall=7.119h
  ep18 shard 1542/1720 loss=5.2e-05  best=-inf wall=7.123h
  ep18 shard 1543/1720 loss=3.8e-05  best=-inf wall=7.129h
  ep18 shard 1544/1720 loss=4e-05  best=-inf wall=7.134h
  ep18 shard 1545/1720 loss=4.9e-05  best=-inf wall=7.139h
  ep18 shard 1546/1720 loss=4.7e-05  best=-inf wall=7.144h
  ep18 shard 1547/1720 loss=4.5e-05  best=-inf wall=7.149h
  ep18 shard 1548/1720 loss=5.4e-05  best=-inf wall=7.154h
  saved epoch checkpoint -> experiments/exp028-mlp/scalar20/checkpoints/ep18.pt
  ep19 shard 1549/1720 loss=4.4e-05  best=-inf wall=7.159h
  ep19 shard 1550/1720 loss=4.4e-05  best=-inf wall=7.162h
  ep19 shard 1551/1720 loss=4.7e-05  best=-inf wall=7.167h
  ep19 shard 1552/1720 loss=5.6e-05  best=-inf wall=7.171h
  ep19 shard 1553/1720 loss=5.4e-05  best=-inf wall=7.175h
  ep19 shard 1554/1720 loss=4e-05  best=-inf wall=7.178h
  ep19 shard 1555/1720 loss=3.7e-05  best=-inf wall=7.183h
  ep19 shard 1556/1720 loss=3.8e-05  best=-inf wall=7.188h
  ep19 shard 1557/1720 loss=6.9e-05  best=-inf wall=7.193h
  ep19 shard 1558/1720 loss=4.1e-05  best=-inf wall=7.194h
  ep19 shard 1559/1720 loss=5.4e-05  best=-inf wall=7.199h
  ep19 shard 1560/1720 loss=4.4e-05  best=-inf wall=7.204h
  ep19 shard 1561/1720 loss=3.8e-05  best=-inf wall=7.209h
  ep19 shard 1562/1720 loss=5.9e-05  best=-inf wall=7.214h
  ep19 shard 1563/1720 loss=6.5e-05  best=-inf wall=7.218h
  ep19 shard 1564/1720 loss=4.8e-05  best=-inf wall=7.223h
  ep19 shard 1565/1720 loss=3.9e-05  best=-inf wall=7.226h
  ep19 shard 1566/1720 loss=6.7e-05  best=-inf wall=7.23h
  ep19 shard 1567/1720 loss=4.8e-05  best=-inf wall=7.233h
  ep19 shard 1568/1720 loss=3.8e-05  best=-inf wall=7.237h
  ep19 shard 1569/1720 loss=3.2e-05  best=-inf wall=7.242h
  ep19 shard 1570/1720 loss=5e-05  best=-inf wall=7.247h
  ep19 shard 1571/1720 loss=6.3e-05  best=-inf wall=7.252h
  ep19 shard 1572/1720 loss=4.4e-05  best=-inf wall=7.257h
  ep19 shard 1573/1720 loss=3.6e-05  best=-inf wall=7.263h
  ep19 shard 1574/1720 loss=4.2e-05  best=-inf wall=7.266h
  ep19 shard 1575/1720 loss=5.9e-05  best=-inf wall=7.271h
  ep19 shard 1576/1720 loss=3.8e-05  best=-inf wall=7.276h
  ep19 shard 1577/1720 loss=3.5e-05  best=-inf wall=7.281h
  ep19 shard 1578/1720 loss=4.3e-05  best=-inf wall=7.286h
  ep19 shard 1579/1720 loss=4.6e-05  best=-inf wall=7.291h
  ep19 shard 1580/1720 loss=4.5e-05  best=-inf wall=7.296h
  ep19 shard 1581/1720 loss=5.6e-05  best=-inf wall=7.3h
  ep19 shard 1582/1720 loss=3.7e-05  best=-inf wall=7.305h
  ep19 shard 1583/1720 loss=6.2e-05  best=-inf wall=7.31h
  ep19 shard 1584/1720 loss=4.2e-05  best=-inf wall=7.315h
  ep19 shard 1585/1720 loss=4.2e-05  best=-inf wall=7.32h
  ep19 shard 1586/1720 loss=4e-05  best=-inf wall=7.325h
  ep19 shard 1587/1720 loss=4.4e-05  best=-inf wall=7.33h
  ep19 shard 1588/1720 loss=3.6e-05  best=-inf wall=7.335h
  ep19 shard 1589/1720 loss=4.4e-05  best=-inf wall=7.34h
  ep19 shard 1590/1720 loss=5.7e-05  best=-inf wall=7.342h
  ep19 shard 1591/1720 loss=5.2e-05  best=-inf wall=7.346h
  ep19 shard 1592/1720 loss=5.7e-05  best=-inf wall=7.351h
  ep19 shard 1593/1720 loss=4.4e-05  best=-inf wall=7.354h
  ep19 shard 1594/1720 loss=3.4e-05  best=-inf wall=7.359h
  ep19 shard 1595/1720 loss=4.3e-05  best=-inf wall=7.364h
  ep19 shard 1596/1720 loss=4e-05  best=-inf wall=7.366h
  ep19 shard 1597/1720 loss=4.8e-05  best=-inf wall=7.371h
  ep19 shard 1598/1720 loss=5e-05  best=-inf wall=7.376h
  ep19 shard 1599/1720 loss=4.5e-05  best=-inf wall=7.38h
  ep19 shard 1600/1720 loss=4.4e-05  best=-inf wall=7.385h
  ep19 shard 1601/1720 loss=8.5e-05  best=-inf wall=7.389h
  ep19 shard 1602/1720 loss=5.7e-05  best=-inf wall=7.394h
  ep19 shard 1603/1720 loss=4.6e-05  best=-inf wall=7.399h
  ep19 shard 1604/1720 loss=4.5e-05  best=-inf wall=7.404h
  ep19 shard 1605/1720 loss=6.3e-05  best=-inf wall=7.408h
  ep19 shard 1606/1720 loss=4.7e-05  best=-inf wall=7.412h
  ep19 shard 1607/1720 loss=4.1e-05  best=-inf wall=7.417h
  ep19 shard 1608/1720 loss=4.9e-05  best=-inf wall=7.422h
  ep19 shard 1609/1720 loss=4.4e-05  best=-inf wall=7.427h
  ep19 shard 1610/1720 loss=4.6e-05  best=-inf wall=7.432h
  ep19 shard 1611/1720 loss=3.7e-05  best=-inf wall=7.437h
  ep19 shard 1612/1720 loss=6.2e-05  best=-inf wall=7.442h
  ep19 shard 1613/1720 loss=3.9e-05  best=-inf wall=7.448h
  ep19 shard 1614/1720 loss=6.1e-05  best=-inf wall=7.453h
  ep19 shard 1615/1720 loss=4.3e-05  best=-inf wall=7.457h
  ep19 shard 1616/1720 loss=5e-05  best=-inf wall=7.462h
  ep19 shard 1617/1720 loss=4.5e-05  best=-inf wall=7.467h
  ep19 shard 1618/1720 loss=4.2e-05  best=-inf wall=7.473h
  ep19 shard 1619/1720 loss=3.8e-05  best=-inf wall=7.476h
  ep19 shard 1620/1720 loss=4.7e-05  best=-inf wall=7.481h
  ep19 shard 1621/1720 loss=5.2e-05  best=-inf wall=7.486h
  ep19 shard 1622/1720 loss=3.9e-05  best=-inf wall=7.491h
  ep19 shard 1623/1720 loss=4.1e-05  best=-inf wall=7.496h
  ep19 shard 1624/1720 loss=4.7e-05  best=-inf wall=7.497h
  ep19 shard 1625/1720 loss=4.2e-05  best=-inf wall=7.502h
  ep19 shard 1626/1720 loss=3.7e-05  best=-inf wall=7.507h
  ep19 shard 1627/1720 loss=4.6e-05  best=-inf wall=7.51h
  ep19 shard 1628/1720 loss=4.8e-05  best=-inf wall=7.515h
  ep19 shard 1629/1720 loss=4.4e-05  best=-inf wall=7.52h
  ep19 shard 1630/1720 loss=5.4e-05  best=-inf wall=7.525h
  ep19 shard 1631/1720 loss=5.3e-05  best=-inf wall=7.53h
  ep19 shard 1632/1720 loss=5.3e-05  best=-inf wall=7.533h
  ep19 shard 1633/1720 loss=5.4e-05  best=-inf wall=7.538h
  ep19 shard 1634/1720 loss=4e-05  best=-inf wall=7.543h
  saved epoch checkpoint -> experiments/exp028-mlp/scalar20/checkpoints/ep19.pt
  ep20 shard 1635/1720 loss=4.2e-05  best=-inf wall=7.546h
  ep20 shard 1636/1720 loss=5.5e-05  best=-inf wall=7.55h
  ep20 shard 1637/1720 loss=4.5e-05  best=-inf wall=7.555h
  ep20 shard 1638/1720 loss=4e-05  best=-inf wall=7.56h
  ep20 shard 1639/1720 loss=4.1e-05  best=-inf wall=7.562h
  ep20 shard 1640/1720 loss=3.9e-05  best=-inf wall=7.567h
  ep20 shard 1641/1720 loss=4.1e-05  best=-inf wall=7.571h
  ep20 shard 1642/1720 loss=5.4e-05  best=-inf wall=7.577h
  ep20 shard 1643/1720 loss=4.9e-05  best=-inf wall=7.582h
  ep20 shard 1644/1720 loss=4.4e-05  best=-inf wall=7.586h
  ep20 shard 1645/1720 loss=4.9e-05  best=-inf wall=7.591h
  ep20 shard 1646/1720 loss=5.3e-05  best=-inf wall=7.593h
  ep20 shard 1647/1720 loss=4.5e-05  best=-inf wall=7.598h
  ep20 shard 1648/1720 loss=5.6e-05  best=-inf wall=7.602h
  ep20 shard 1649/1720 loss=3.4e-05  best=-inf wall=7.606h
  ep20 shard 1650/1720 loss=3.5e-05  best=-inf wall=7.611h
  ep20 shard 1651/1720 loss=4.6e-05  best=-inf wall=7.616h
  ep20 shard 1652/1720 loss=4.5e-05  best=-inf wall=7.621h
  ep20 shard 1653/1720 loss=4.1e-05  best=-inf wall=7.626h
  ep20 shard 1654/1720 loss=4.8e-05  best=-inf wall=7.628h
  ep20 shard 1655/1720 loss=5e-05  best=-inf wall=7.63h
  ep20 shard 1656/1720 loss=4.5e-05  best=-inf wall=7.632h
  ep20 shard 1657/1720 loss=4e-05  best=-inf wall=7.635h
  ep20 shard 1658/1720 loss=5.2e-05  best=-inf wall=7.641h
  ep20 shard 1659/1720 loss=4.4e-05  best=-inf wall=7.646h
  ep20 shard 1660/1720 loss=4.6e-05  best=-inf wall=7.651h
  ep20 shard 1661/1720 loss=4.9e-05  best=-inf wall=7.656h
  ep20 shard 1662/1720 loss=4.2e-05  best=-inf wall=7.661h
  ep20 shard 1663/1720 loss=4.9e-05  best=-inf wall=7.666h
  ep20 shard 1664/1720 loss=3.9e-05  best=-inf wall=7.671h
  ep20 shard 1665/1720 loss=3.7e-05  best=-inf wall=7.676h
  ep20 shard 1666/1720 loss=4.6e-05  best=-inf wall=7.68h
  ep20 shard 1667/1720 loss=4e-05  best=-inf wall=7.686h
  ep20 shard 1668/1720 loss=4.9e-05  best=-inf wall=7.691h
  ep20 shard 1669/1720 loss=4.2e-05  best=-inf wall=7.696h
  ep20 shard 1670/1720 loss=4.5e-05  best=-inf wall=7.701h
  ep20 shard 1671/1720 loss=3.8e-05  best=-inf wall=7.705h
  ep20 shard 1672/1720 loss=5.1e-05  best=-inf wall=7.71h
  ep20 shard 1673/1720 loss=6.3e-05  best=-inf wall=7.715h
  ep20 shard 1674/1720 loss=4.6e-05  best=-inf wall=7.72h
  ep20 shard 1675/1720 loss=5.1e-05  best=-inf wall=7.725h
  ep20 shard 1676/1720 loss=4.4e-05  best=-inf wall=7.729h
  ep20 shard 1677/1720 loss=3.5e-05  best=-inf wall=7.734h
  ep20 shard 1678/1720 loss=4.6e-05  best=-inf wall=7.739h
  ep20 shard 1679/1720 loss=4.6e-05  best=-inf wall=7.744h
  ep20 shard 1680/1720 loss=3.3e-05  best=-inf wall=7.748h
  ep20 shard 1681/1720 loss=6.2e-05  best=-inf wall=7.75h
  ep20 shard 1682/1720 loss=4e-05  best=-inf wall=7.755h
  ep20 shard 1683/1720 loss=5.7e-05  best=-inf wall=7.759h
  ep20 shard 1684/1720 loss=5.2e-05  best=-inf wall=7.764h
  ep20 shard 1685/1720 loss=4e-05  best=-inf wall=7.767h
  ep20 shard 1686/1720 loss=4.4e-05  best=-inf wall=7.77h
  ep20 shard 1687/1720 loss=4.4e-05  best=-inf wall=7.775h
  ep20 shard 1688/1720 loss=3.2e-05  best=-inf wall=7.781h
  ep20 shard 1689/1720 loss=5.2e-05  best=-inf wall=7.786h
  ep20 shard 1690/1720 loss=3.8e-05  best=-inf wall=7.791h
  ep20 shard 1691/1720 loss=4.9e-05  best=-inf wall=7.796h
  ep20 shard 1692/1720 loss=4.2e-05  best=-inf wall=7.801h
  ep20 shard 1693/1720 loss=3.7e-05  best=-inf wall=7.804h
  ep20 shard 1694/1720 loss=4.2e-05  best=-inf wall=7.807h
  ep20 shard 1695/1720 loss=4.2e-05  best=-inf wall=7.813h
  ep20 shard 1696/1720 loss=5.4e-05  best=-inf wall=7.817h
  ep20 shard 1697/1720 loss=3.5e-05  best=-inf wall=7.823h
  ep20 shard 1698/1720 loss=4.2e-05  best=-inf wall=7.828h
  ep20 shard 1699/1720 loss=3.7e-05  best=-inf wall=7.833h
  ep20 shard 1700/1720 loss=4.7e-05  best=-inf wall=7.838h
  ep20 shard 1701/1720 loss=3.8e-05  best=-inf wall=7.843h
  ep20 shard 1702/1720 loss=5.2e-05  best=-inf wall=7.848h
  ep20 shard 1703/1720 loss=3.7e-05  best=-inf wall=7.853h
  ep20 shard 1704/1720 loss=4.9e-05  best=-inf wall=7.857h
  ep20 shard 1705/1720 loss=5.7e-05  best=-inf wall=7.862h
  ep20 shard 1706/1720 loss=4.6e-05  best=-inf wall=7.866h
  ep20 shard 1707/1720 loss=4.5e-05  best=-inf wall=7.871h
  ep20 shard 1708/1720 loss=3.8e-05  best=-inf wall=7.876h
  ep20 shard 1709/1720 loss=5e-05  best=-inf wall=7.88h
  ep20 shard 1710/1720 loss=4.3e-05  best=-inf wall=7.885h
  ep20 shard 1711/1720 loss=3.9e-05  best=-inf wall=7.89h
  ep20 shard 1712/1720 loss=4.1e-05  best=-inf wall=7.895h
  ep20 shard 1713/1720 loss=4.4e-05  best=-inf wall=7.898h
  ep20 shard 1714/1720 loss=4.6e-05  best=-inf wall=7.903h
  ep20 shard 1715/1720 loss=3.8e-05  best=-inf wall=7.908h
  ep20 shard 1716/1720 loss=5e-05  best=-inf wall=7.913h
  ep20 shard 1717/1720 loss=4.9e-05  best=-inf wall=7.916h
  ep20 shard 1718/1720 loss=5.8e-05  best=-inf wall=7.921h
  ep20 shard 1719/1720 loss=6.5e-05  best=-inf wall=7.926h
  ep20 shard 1720/1720 loss=4.4e-05 gnubg=0.275 best=+0.275 wall=7.931h
  saved epoch checkpoint -> experiments/exp028-mlp/scalar20/checkpoints/ep20.pt

===== ARM DONE (scalar) reason=epochs_complete best vs GNUBG-0ply = +0.2750 ppg  -> experiments/exp028-mlp/scalar20/checkpoints/best.pt
