[arch] mlp hidden [512, 512, 256, 256] in=201, 0.911M params (0.563M deployable)
exp011 scalar [cpu]: 86 shards x 20 epochs, lr=0.001 holdout_frac=0.0 split_seed=14
  ep1 shard 1/1720 loss=0.002693  best=-inf wall=0.001h
  ep1 shard 2/1720 loss=0.001373  best=-inf wall=0.006h
  ep1 shard 3/1720 loss=0.000921  best=-inf wall=0.011h
  ep1 shard 4/1720 loss=0.000813  best=-inf wall=0.014h
  ep1 shard 5/1720 loss=0.000471  best=-inf wall=0.017h
  ep1 shard 6/1720 loss=0.000525  best=-inf wall=0.018h
  ep1 shard 7/1720 loss=0.00039  best=-inf wall=0.023h
  ep1 shard 8/1720 loss=0.000657  best=-inf wall=0.029h
  ep1 shard 9/1720 loss=0.000591  best=-inf wall=0.034h
  ep1 shard 10/1720 loss=0.000521  best=-inf wall=0.039h
  ep1 shard 11/1720 loss=0.000518  best=-inf wall=0.041h
  ep1 shard 12/1720 loss=0.000524  best=-inf wall=0.046h
  ep1 shard 13/1720 loss=0.000508  best=-inf wall=0.051h
  ep1 shard 14/1720 loss=0.000209  best=-inf wall=0.056h
  ep1 shard 15/1720 loss=0.000281  best=-inf wall=0.061h
  ep1 shard 16/1720 loss=0.000269  best=-inf wall=0.066h
  ep1 shard 17/1720 loss=0.000255  best=-inf wall=0.071h
  ep1 shard 18/1720 loss=0.000268  best=-inf wall=0.076h
  ep1 shard 19/1720 loss=0.000246  best=-inf wall=0.08h
  ep1 shard 20/1720 loss=0.000261  best=-inf wall=0.085h
  ep1 shard 21/1720 loss=0.000309  best=-inf wall=0.09h
  ep1 shard 22/1720 loss=0.00023  best=-inf wall=0.095h
  ep1 shard 23/1720 loss=0.000172  best=-inf wall=0.1h
  ep1 shard 24/1720 loss=0.000281  best=-inf wall=0.105h
  ep1 shard 25/1720 loss=0.000204  best=-inf wall=0.11h
  ep1 shard 26/1720 loss=0.000168  best=-inf wall=0.114h
  ep1 shard 27/1720 loss=0.000233  best=-inf wall=0.118h
  ep1 shard 28/1720 loss=0.000161  best=-inf wall=0.121h
  ep1 shard 29/1720 loss=0.000143  best=-inf wall=0.126h
  ep1 shard 30/1720 loss=0.000321  best=-inf wall=0.13h
  ep1 shard 31/1720 loss=0.000207  best=-inf wall=0.135h
  ep1 shard 32/1720 loss=0.000201  best=-inf wall=0.139h
  ep1 shard 33/1720 loss=0.000154  best=-inf wall=0.142h
  ep1 shard 34/1720 loss=0.000169  best=-inf wall=0.146h
  ep1 shard 35/1720 loss=0.000165  best=-inf wall=0.151h
  ep1 shard 36/1720 loss=0.000162  best=-inf wall=0.155h
  ep1 shard 37/1720 loss=0.000261  best=-inf wall=0.158h
  ep1 shard 38/1720 loss=0.000429  best=-inf wall=0.163h
  ep1 shard 39/1720 loss=0.000223  best=-inf wall=0.168h
  ep1 shard 40/1720 loss=0.000174  best=-inf wall=0.173h
  ep1 shard 41/1720 loss=0.00035  best=-inf wall=0.177h
  ep1 shard 42/1720 loss=0.000244  best=-inf wall=0.182h
  ep1 shard 43/1720 loss=0.000152  best=-inf wall=0.187h
  ep1 shard 44/1720 loss=0.000161  best=-inf wall=0.192h
  ep1 shard 45/1720 loss=0.000174  best=-inf wall=0.197h
  ep1 shard 46/1720 loss=0.000188  best=-inf wall=0.202h
  ep1 shard 47/1720 loss=0.000147  best=-inf wall=0.205h
  ep1 shard 48/1720 loss=0.00011  best=-inf wall=0.21h
  ep1 shard 49/1720 loss=0.00015  best=-inf wall=0.214h
  ep1 shard 50/1720 loss=0.000157  best=-inf wall=0.216h
  ep1 shard 51/1720 loss=0.000168  best=-inf wall=0.221h
  ep1 shard 52/1720 loss=0.000163  best=-inf wall=0.224h
  ep1 shard 53/1720 loss=0.00012  best=-inf wall=0.229h
  ep1 shard 54/1720 loss=0.000147  best=-inf wall=0.235h
  ep1 shard 55/1720 loss=0.000102  best=-inf wall=0.239h
  ep1 shard 56/1720 loss=0.000137  best=-inf wall=0.245h
  ep1 shard 57/1720 loss=0.00013  best=-inf wall=0.25h
  ep1 shard 58/1720 loss=0.000149  best=-inf wall=0.255h
  ep1 shard 59/1720 loss=0.000171  best=-inf wall=0.26h
  ep1 shard 60/1720 loss=0.000126  best=-inf wall=0.265h
  ep1 shard 61/1720 loss=9.3e-05  best=-inf wall=0.27h
  ep1 shard 62/1720 loss=0.00013  best=-inf wall=0.274h
  ep1 shard 63/1720 loss=0.00012  best=-inf wall=0.279h
  ep1 shard 64/1720 loss=0.000164  best=-inf wall=0.284h
  ep1 shard 65/1720 loss=0.000123  best=-inf wall=0.287h
  ep1 shard 66/1720 loss=0.000166  best=-inf wall=0.291h
  ep1 shard 67/1720 loss=0.000138  best=-inf wall=0.295h
  ep1 shard 68/1720 loss=0.000124  best=-inf wall=0.301h
  ep1 shard 69/1720 loss=0.000134  best=-inf wall=0.306h
  ep1 shard 70/1720 loss=0.000105  best=-inf wall=0.311h
  ep1 shard 71/1720 loss=0.000143  best=-inf wall=0.316h
  ep1 shard 72/1720 loss=0.000109  best=-inf wall=0.321h
  ep1 shard 73/1720 loss=0.000111  best=-inf wall=0.326h
  ep1 shard 74/1720 loss=0.000141  best=-inf wall=0.331h
  ep1 shard 75/1720 loss=0.000124  best=-inf wall=0.335h
  ep1 shard 76/1720 loss=0.000104  best=-inf wall=0.34h
  ep1 shard 77/1720 loss=0.000125  best=-inf wall=0.345h
  ep1 shard 78/1720 loss=0.000109  best=-inf wall=0.351h
  ep1 shard 79/1720 loss=0.000128  best=-inf wall=0.354h
  ep1 shard 80/1720 loss=0.000109  best=-inf wall=0.359h
  ep1 shard 81/1720 loss=8.9e-05  best=-inf wall=0.364h
  ep1 shard 82/1720 loss=0.000101  best=-inf wall=0.369h
  ep1 shard 83/1720 loss=8.8e-05  best=-inf wall=0.374h
  ep1 shard 84/1720 loss=8.5e-05  best=-inf wall=0.377h
  ep1 shard 85/1720 loss=0.000137  best=-inf wall=0.382h
  ep1 shard 86/1720 loss=0.000116  best=-inf wall=0.387h
  saved epoch checkpoint -> experiments/exp028-mlp/combined20/checkpoints/ep1.pt
  ep2 shard 87/1720 loss=0.000122  best=-inf wall=0.39h
  ep2 shard 88/1720 loss=0.000109  best=-inf wall=0.395h
  ep2 shard 89/1720 loss=0.000113  best=-inf wall=0.399h
  ep2 shard 90/1720 loss=0.000123  best=-inf wall=0.401h
  ep2 shard 91/1720 loss=9.1e-05  best=-inf wall=0.406h
  ep2 shard 92/1720 loss=8.6e-05  best=-inf wall=0.411h
  ep2 shard 93/1720 loss=0.000103  best=-inf wall=0.413h
  ep2 shard 94/1720 loss=0.000115  best=-inf wall=0.416h
  ep2 shard 95/1720 loss=9.4e-05  best=-inf wall=0.421h
  ep2 shard 96/1720 loss=0.000109  best=-inf wall=0.426h
  ep2 shard 97/1720 loss=9.3e-05  best=-inf wall=0.431h
  ep2 shard 98/1720 loss=8.9e-05  best=-inf wall=0.436h
  ep2 shard 99/1720 loss=9.2e-05  best=-inf wall=0.441h
  ep2 shard 100/1720 loss=9.4e-05  best=-inf wall=0.444h
  ep2 shard 101/1720 loss=8.8e-05  best=-inf wall=0.448h
  ep2 shard 102/1720 loss=0.000105  best=-inf wall=0.453h
  ep2 shard 103/1720 loss=8.9e-05  best=-inf wall=0.458h
  ep2 shard 104/1720 loss=0.000118  best=-inf wall=0.463h
  ep2 shard 105/1720 loss=8.9e-05  best=-inf wall=0.468h
  ep2 shard 106/1720 loss=0.000101  best=-inf wall=0.473h
  ep2 shard 107/1720 loss=8.4e-05  best=-inf wall=0.478h
  ep2 shard 108/1720 loss=9.7e-05  best=-inf wall=0.481h
  ep2 shard 109/1720 loss=0.000104  best=-inf wall=0.486h
  ep2 shard 110/1720 loss=0.000101  best=-inf wall=0.491h
  ep2 shard 111/1720 loss=0.000122  best=-inf wall=0.496h
  ep2 shard 112/1720 loss=9.9e-05  best=-inf wall=0.501h
  ep2 shard 113/1720 loss=8.6e-05  best=-inf wall=0.506h
  ep2 shard 114/1720 loss=0.000107  best=-inf wall=0.511h
  ep2 shard 115/1720 loss=9e-05  best=-inf wall=0.516h
  ep2 shard 116/1720 loss=9.5e-05  best=-inf wall=0.521h
  ep2 shard 117/1720 loss=0.000104  best=-inf wall=0.526h
  ep2 shard 118/1720 loss=0.000114  best=-inf wall=0.53h
  ep2 shard 119/1720 loss=0.000111  best=-inf wall=0.534h
  ep2 shard 120/1720 loss=9.4e-05  best=-inf wall=0.54h
  ep2 shard 121/1720 loss=8.5e-05  best=-inf wall=0.544h
  ep2 shard 122/1720 loss=9.6e-05  best=-inf wall=0.548h
  ep2 shard 123/1720 loss=7.9e-05  best=-inf wall=0.553h
  ep2 shard 124/1720 loss=7.2e-05  best=-inf wall=0.554h
  ep2 shard 125/1720 loss=7.8e-05  best=-inf wall=0.557h
  ep2 shard 126/1720 loss=9.9e-05  best=-inf wall=0.562h
  ep2 shard 127/1720 loss=8.9e-05  best=-inf wall=0.567h
  ep2 shard 128/1720 loss=7.6e-05  best=-inf wall=0.572h
  ep2 shard 129/1720 loss=6.8e-05  best=-inf wall=0.576h
  ep2 shard 130/1720 loss=0.0001  best=-inf wall=0.581h
  ep2 shard 131/1720 loss=7.8e-05  best=-inf wall=0.586h
  ep2 shard 132/1720 loss=8.4e-05  best=-inf wall=0.591h
  ep2 shard 133/1720 loss=9.6e-05  best=-inf wall=0.596h
  ep2 shard 134/1720 loss=8.4e-05  best=-inf wall=0.601h
  ep2 shard 135/1720 loss=9e-05  best=-inf wall=0.606h
  ep2 shard 136/1720 loss=9.3e-05  best=-inf wall=0.611h
  ep2 shard 137/1720 loss=0.000113  best=-inf wall=0.614h
  ep2 shard 138/1720 loss=7.6e-05  best=-inf wall=0.618h
  ep2 shard 139/1720 loss=7.8e-05  best=-inf wall=0.623h
  ep2 shard 140/1720 loss=8.5e-05  best=-inf wall=0.628h
  ep2 shard 141/1720 loss=7.2e-05  best=-inf wall=0.633h
  ep2 shard 142/1720 loss=8.5e-05  best=-inf wall=0.638h
  ep2 shard 143/1720 loss=8.4e-05  best=-inf wall=0.641h
  ep2 shard 144/1720 loss=6.2e-05  best=-inf wall=0.646h
  ep2 shard 145/1720 loss=0.0001  best=-inf wall=0.651h
  ep2 shard 146/1720 loss=0.000108  best=-inf wall=0.653h
  ep2 shard 147/1720 loss=6.6e-05  best=-inf wall=0.658h
  ep2 shard 148/1720 loss=0.000116  best=-inf wall=0.664h
  ep2 shard 149/1720 loss=8e-05  best=-inf wall=0.668h
  ep2 shard 150/1720 loss=7.8e-05  best=-inf wall=0.672h
  ep2 shard 151/1720 loss=8e-05  best=-inf wall=0.677h
  ep2 shard 152/1720 loss=8.7e-05  best=-inf wall=0.682h
  ep2 shard 153/1720 loss=0.000109  best=-inf wall=0.686h
  ep2 shard 154/1720 loss=8.5e-05  best=-inf wall=0.691h
  ep2 shard 155/1720 loss=7.6e-05  best=-inf wall=0.694h
  ep2 shard 156/1720 loss=6.8e-05  best=-inf wall=0.698h
  ep2 shard 157/1720 loss=7.9e-05  best=-inf wall=0.703h
  ep2 shard 158/1720 loss=9.2e-05  best=-inf wall=0.708h
  ep2 shard 159/1720 loss=0.000115  best=-inf wall=0.713h
  ep2 shard 160/1720 loss=8.5e-05  best=-inf wall=0.718h
  ep2 shard 161/1720 loss=7.1e-05  best=-inf wall=0.722h
  ep2 shard 162/1720 loss=7.4e-05  best=-inf wall=0.726h
  ep2 shard 163/1720 loss=9.1e-05  best=-inf wall=0.729h
  ep2 shard 164/1720 loss=9.4e-05  best=-inf wall=0.734h
  ep2 shard 165/1720 loss=8.8e-05  best=-inf wall=0.739h
  ep2 shard 166/1720 loss=7.3e-05  best=-inf wall=0.744h
  ep2 shard 167/1720 loss=6.5e-05  best=-inf wall=0.749h
  ep2 shard 168/1720 loss=6e-05  best=-inf wall=0.754h
  ep2 shard 169/1720 loss=7.1e-05  best=-inf wall=0.759h
  ep2 shard 170/1720 loss=9.7e-05  best=-inf wall=0.764h
  ep2 shard 171/1720 loss=5e-05  best=-inf wall=0.769h
  ep2 shard 172/1720 loss=8.7e-05  best=-inf wall=0.774h
  saved epoch checkpoint -> experiments/exp028-mlp/combined20/checkpoints/ep2.pt
  ep3 shard 173/1720 loss=7.8e-05  best=-inf wall=0.778h
  ep3 shard 174/1720 loss=6e-05  best=-inf wall=0.783h
  ep3 shard 175/1720 loss=8e-05  best=-inf wall=0.788h
  ep3 shard 176/1720 loss=6.8e-05  best=-inf wall=0.793h
  ep3 shard 177/1720 loss=9.1e-05  best=-inf wall=0.797h
  ep3 shard 178/1720 loss=7.5e-05  best=-inf wall=0.799h
  ep3 shard 179/1720 loss=6.6e-05  best=-inf wall=0.804h
  ep3 shard 180/1720 loss=6.1e-05  best=-inf wall=0.809h
  ep3 shard 181/1720 loss=8.8e-05  best=-inf wall=0.814h
  ep3 shard 182/1720 loss=5.1e-05  best=-inf wall=0.818h
  ep3 shard 183/1720 loss=8.3e-05  best=-inf wall=0.823h
  ep3 shard 184/1720 loss=8.4e-05  best=-inf wall=0.828h
  ep3 shard 185/1720 loss=6.7e-05  best=-inf wall=0.833h
  ep3 shard 186/1720 loss=8.4e-05  best=-inf wall=0.838h
  ep3 shard 187/1720 loss=7e-05  best=-inf wall=0.843h
  ep3 shard 188/1720 loss=7e-05  best=-inf wall=0.846h
  ep3 shard 189/1720 loss=0.000104  best=-inf wall=0.847h
  ep3 shard 190/1720 loss=9e-05  best=-inf wall=0.852h
  ep3 shard 191/1720 loss=9e-05  best=-inf wall=0.855h
  ep3 shard 192/1720 loss=8.9e-05  best=-inf wall=0.86h
  ep3 shard 193/1720 loss=7.3e-05  best=-inf wall=0.865h
  ep3 shard 194/1720 loss=7.5e-05  best=-inf wall=0.868h
  ep3 shard 195/1720 loss=8.2e-05  best=-inf wall=0.873h
  ep3 shard 196/1720 loss=9.2e-05  best=-inf wall=0.878h
  ep3 shard 197/1720 loss=8.7e-05  best=-inf wall=0.882h
  ep3 shard 198/1720 loss=9.7e-05  best=-inf wall=0.886h
  ep3 shard 199/1720 loss=0.000112  best=-inf wall=0.891h
  ep3 shard 200/1720 loss=7.3e-05  best=-inf wall=0.896h
  ep3 shard 201/1720 loss=9.8e-05  best=-inf wall=0.9h
  ep3 shard 202/1720 loss=6.5e-05  best=-inf wall=0.905h
  ep3 shard 203/1720 loss=6.8e-05  best=-inf wall=0.909h
  ep3 shard 204/1720 loss=5.9e-05  best=-inf wall=0.914h
  ep3 shard 205/1720 loss=7.2e-05  best=-inf wall=0.919h
  ep3 shard 206/1720 loss=6.4e-05  best=-inf wall=0.924h
  ep3 shard 207/1720 loss=7.7e-05  best=-inf wall=0.929h
  ep3 shard 208/1720 loss=8.2e-05  best=-inf wall=0.934h
  ep3 shard 209/1720 loss=7.2e-05  best=-inf wall=0.939h
  ep3 shard 210/1720 loss=7.7e-05  best=-inf wall=0.944h
  ep3 shard 211/1720 loss=6e-05  best=-inf wall=0.949h
  ep3 shard 212/1720 loss=7.5e-05  best=-inf wall=0.954h
  ep3 shard 213/1720 loss=6.4e-05  best=-inf wall=0.959h
  ep3 shard 214/1720 loss=9.6e-05  best=-inf wall=0.964h
  ep3 shard 215/1720 loss=6.2e-05  best=-inf wall=0.969h
  ep3 shard 216/1720 loss=6.6e-05  best=-inf wall=0.972h
  ep3 shard 217/1720 loss=5.4e-05  best=-inf wall=0.977h
  ep3 shard 218/1720 loss=8.7e-05  best=-inf wall=0.982h
  ep3 shard 219/1720 loss=6.8e-05  best=-inf wall=0.987h
  ep3 shard 220/1720 loss=5.9e-05  best=-inf wall=0.992h
  ep3 shard 221/1720 loss=6.9e-05  best=-inf wall=0.996h
  ep3 shard 222/1720 loss=6.5e-05  best=-inf wall=0.999h
  ep3 shard 223/1720 loss=7.7e-05  best=-inf wall=1.004h
  ep3 shard 224/1720 loss=7.9e-05  best=-inf wall=1.009h
  ep3 shard 225/1720 loss=6.8e-05  best=-inf wall=1.014h
  ep3 shard 226/1720 loss=7.1e-05  best=-inf wall=1.019h
  ep3 shard 227/1720 loss=8.9e-05  best=-inf wall=1.022h
  ep3 shard 228/1720 loss=6.2e-05  best=-inf wall=1.026h
  ep3 shard 229/1720 loss=0.000102  best=-inf wall=1.028h
  ep3 shard 230/1720 loss=7.1e-05  best=-inf wall=1.033h
  ep3 shard 231/1720 loss=6.6e-05  best=-inf wall=1.038h
  ep3 shard 232/1720 loss=7e-05  best=-inf wall=1.043h
  ep3 shard 233/1720 loss=7.9e-05  best=-inf wall=1.048h
  ep3 shard 234/1720 loss=8.4e-05  best=-inf wall=1.053h
  ep3 shard 235/1720 loss=8.7e-05  best=-inf wall=1.058h
  ep3 shard 236/1720 loss=7.2e-05  best=-inf wall=1.064h
  ep3 shard 237/1720 loss=7.5e-05  best=-inf wall=1.068h
  ep3 shard 238/1720 loss=5.7e-05  best=-inf wall=1.073h
  ep3 shard 239/1720 loss=9e-05  best=-inf wall=1.078h
  ep3 shard 240/1720 loss=6.1e-05  best=-inf wall=1.084h
  ep3 shard 241/1720 loss=4.7e-05  best=-inf wall=1.089h
  ep3 shard 242/1720 loss=7e-05  best=-inf wall=1.094h
  ep3 shard 243/1720 loss=5.8e-05  best=-inf wall=1.095h
  ep3 shard 244/1720 loss=6.3e-05  best=-inf wall=1.1h
  ep3 shard 245/1720 loss=7.8e-05  best=-inf wall=1.104h
  ep3 shard 246/1720 loss=7.8e-05  best=-inf wall=1.109h
  ep3 shard 247/1720 loss=5.3e-05  best=-inf wall=1.114h
  ep3 shard 248/1720 loss=8.4e-05  best=-inf wall=1.119h
  ep3 shard 249/1720 loss=7e-05  best=-inf wall=1.124h
  ep3 shard 250/1720 loss=7.2e-05  best=-inf wall=1.129h
  ep3 shard 251/1720 loss=7.5e-05  best=-inf wall=1.135h
  ep3 shard 252/1720 loss=6.1e-05  best=-inf wall=1.138h
  ep3 shard 253/1720 loss=6.6e-05  best=-inf wall=1.143h
  ep3 shard 254/1720 loss=7.6e-05  best=-inf wall=1.146h
  ep3 shard 255/1720 loss=6.2e-05  best=-inf wall=1.149h
  ep3 shard 256/1720 loss=7.4e-05  best=-inf wall=1.153h
  ep3 shard 257/1720 loss=0.000103  best=-inf wall=1.157h
  ep3 shard 258/1720 loss=7.1e-05  best=-inf wall=1.16h
  saved epoch checkpoint -> experiments/exp028-mlp/combined20/checkpoints/ep3.pt
  ep4 shard 259/1720 loss=8.2e-05  best=-inf wall=1.163h
  ep4 shard 260/1720 loss=7.4e-05  best=-inf wall=1.169h
  ep4 shard 261/1720 loss=9.8e-05  best=-inf wall=1.173h
  ep4 shard 262/1720 loss=6.2e-05  best=-inf wall=1.178h
  ep4 shard 263/1720 loss=6.1e-05  best=-inf wall=1.181h
  ep4 shard 264/1720 loss=8.9e-05  best=-inf wall=1.185h
  ep4 shard 265/1720 loss=9.2e-05  best=-inf wall=1.186h
  ep4 shard 266/1720 loss=7.3e-05  best=-inf wall=1.191h
  ep4 shard 267/1720 loss=8.6e-05  best=-inf wall=1.195h
  ep4 shard 268/1720 loss=5.8e-05  best=-inf wall=1.198h
  ep4 shard 269/1720 loss=7.4e-05  best=-inf wall=1.203h
  ep4 shard 270/1720 loss=4.7e-05  best=-inf wall=1.208h
  ep4 shard 271/1720 loss=7.3e-05  best=-inf wall=1.213h
  ep4 shard 272/1720 loss=8e-05  best=-inf wall=1.218h
  ep4 shard 273/1720 loss=7.2e-05  best=-inf wall=1.223h
  ep4 shard 274/1720 loss=6.3e-05  best=-inf wall=1.228h
  ep4 shard 275/1720 loss=5.6e-05  best=-inf wall=1.233h
  ep4 shard 276/1720 loss=6.2e-05  best=-inf wall=1.238h
  ep4 shard 277/1720 loss=8.4e-05  best=-inf wall=1.242h
  ep4 shard 278/1720 loss=0.000112  best=-inf wall=1.247h
  ep4 shard 279/1720 loss=6.4e-05  best=-inf wall=1.252h
  ep4 shard 280/1720 loss=6.2e-05  best=-inf wall=1.256h
  ep4 shard 281/1720 loss=8.5e-05  best=-inf wall=1.262h
  ep4 shard 282/1720 loss=6e-05  best=-inf wall=1.266h
  ep4 shard 283/1720 loss=6.7e-05  best=-inf wall=1.272h
  ep4 shard 284/1720 loss=6e-05  best=-inf wall=1.276h
  ep4 shard 285/1720 loss=5.8e-05  best=-inf wall=1.281h
  ep4 shard 286/1720 loss=0.000103  best=-inf wall=1.286h
  ep4 shard 287/1720 loss=6.7e-05  best=-inf wall=1.289h
  ep4 shard 288/1720 loss=5.9e-05  best=-inf wall=1.294h
  ep4 shard 289/1720 loss=5.7e-05  best=-inf wall=1.299h
  ep4 shard 290/1720 loss=4.7e-05  best=-inf wall=1.303h
  ep4 shard 291/1720 loss=6.6e-05  best=-inf wall=1.308h
  ep4 shard 292/1720 loss=5.9e-05  best=-inf wall=1.313h
  ep4 shard 293/1720 loss=6.7e-05  best=-inf wall=1.318h
  ep4 shard 294/1720 loss=6.3e-05  best=-inf wall=1.322h
  ep4 shard 295/1720 loss=4.6e-05  best=-inf wall=1.328h
  ep4 shard 296/1720 loss=7.3e-05  best=-inf wall=1.332h
  ep4 shard 297/1720 loss=5.8e-05  best=-inf wall=1.335h
  ep4 shard 298/1720 loss=5.2e-05  best=-inf wall=1.34h
  ep4 shard 299/1720 loss=6.2e-05  best=-inf wall=1.345h
  ep4 shard 300/1720 loss=6.3e-05  best=-inf wall=1.35h
  ep4 shard 301/1720 loss=6.6e-05  best=-inf wall=1.353h
  ep4 shard 302/1720 loss=4.8e-05  best=-inf wall=1.356h
  ep4 shard 303/1720 loss=6.4e-05  best=-inf wall=1.361h
  ep4 shard 304/1720 loss=6.5e-05  best=-inf wall=1.366h
  ep4 shard 305/1720 loss=5.3e-05  best=-inf wall=1.371h
  ep4 shard 306/1720 loss=5e-05  best=-inf wall=1.376h
  ep4 shard 307/1720 loss=6.1e-05  best=-inf wall=1.381h
  ep4 shard 308/1720 loss=5.9e-05  best=-inf wall=1.386h
  ep4 shard 309/1720 loss=8.1e-05  best=-inf wall=1.391h
  ep4 shard 310/1720 loss=6.4e-05  best=-inf wall=1.396h
  ep4 shard 311/1720 loss=5.6e-05  best=-inf wall=1.401h
  ep4 shard 312/1720 loss=6e-05  best=-inf wall=1.406h
  ep4 shard 313/1720 loss=7e-05  best=-inf wall=1.409h
  ep4 shard 314/1720 loss=5e-05  best=-inf wall=1.415h
  ep4 shard 315/1720 loss=6.7e-05  best=-inf wall=1.419h
  ep4 shard 316/1720 loss=6.3e-05  best=-inf wall=1.424h
  ep4 shard 317/1720 loss=6.1e-05  best=-inf wall=1.429h
  ep4 shard 318/1720 loss=7.3e-05  best=-inf wall=1.434h
  ep4 shard 319/1720 loss=6.8e-05  best=-inf wall=1.439h
  ep4 shard 320/1720 loss=7e-05  best=-inf wall=1.444h
  ep4 shard 321/1720 loss=7.3e-05  best=-inf wall=1.445h
  ep4 shard 322/1720 loss=4.9e-05  best=-inf wall=1.449h
  ep4 shard 323/1720 loss=6.1e-05  best=-inf wall=1.454h
  ep4 shard 324/1720 loss=6.1e-05  best=-inf wall=1.459h
  ep4 shard 325/1720 loss=5.5e-05  best=-inf wall=1.461h
  ep4 shard 326/1720 loss=7e-05  best=-inf wall=1.464h
  ep4 shard 327/1720 loss=6.5e-05  best=-inf wall=1.469h
  ep4 shard 328/1720 loss=7.3e-05  best=-inf wall=1.471h
  ep4 shard 329/1720 loss=5.1e-05  best=-inf wall=1.476h
  ep4 shard 330/1720 loss=7.9e-05  best=-inf wall=1.48h
  ep4 shard 331/1720 loss=6.6e-05  best=-inf wall=1.486h
  ep4 shard 332/1720 loss=6.5e-05  best=-inf wall=1.489h
  ep4 shard 333/1720 loss=6.4e-05  best=-inf wall=1.493h
  ep4 shard 334/1720 loss=6.7e-05  best=-inf wall=1.498h
  ep4 shard 335/1720 loss=7.2e-05  best=-inf wall=1.503h
  ep4 shard 336/1720 loss=5.6e-05  best=-inf wall=1.508h
  ep4 shard 337/1720 loss=6.2e-05  best=-inf wall=1.512h
  ep4 shard 338/1720 loss=4e-05  best=-inf wall=1.516h
  ep4 shard 339/1720 loss=6.9e-05  best=-inf wall=1.52h
  ep4 shard 340/1720 loss=5.1e-05  best=-inf wall=1.525h
  ep4 shard 341/1720 loss=6.8e-05  best=-inf wall=1.528h
  ep4 shard 342/1720 loss=6.1e-05  best=-inf wall=1.533h
  ep4 shard 343/1720 loss=6e-05  best=-inf wall=1.538h
  ep4 shard 344/1720 loss=5e-05  best=-inf wall=1.543h
  saved epoch checkpoint -> experiments/exp028-mlp/combined20/checkpoints/ep4.pt
  ep5 shard 345/1720 loss=6.4e-05  best=-inf wall=1.548h
  ep5 shard 346/1720 loss=7.3e-05  best=-inf wall=1.552h
  ep5 shard 347/1720 loss=8.2e-05  best=-inf wall=1.557h
  ep5 shard 348/1720 loss=7.4e-05  best=-inf wall=1.562h
  ep5 shard 349/1720 loss=6.1e-05  best=-inf wall=1.565h
  ep5 shard 350/1720 loss=5.3e-05  best=-inf wall=1.568h
  ep5 shard 351/1720 loss=6.5e-05  best=-inf wall=1.572h
  ep5 shard 352/1720 loss=5.1e-05  best=-inf wall=1.577h
  ep5 shard 353/1720 loss=5.1e-05  best=-inf wall=1.581h
  ep5 shard 354/1720 loss=5.5e-05  best=-inf wall=1.586h
  ep5 shard 355/1720 loss=4.8e-05  best=-inf wall=1.591h
  ep5 shard 356/1720 loss=4.7e-05  best=-inf wall=1.596h
  ep5 shard 357/1720 loss=7.6e-05  best=-inf wall=1.601h
  ep5 shard 358/1720 loss=5.9e-05  best=-inf wall=1.606h
  ep5 shard 359/1720 loss=4.7e-05  best=-inf wall=1.608h
  ep5 shard 360/1720 loss=7.3e-05  best=-inf wall=1.613h
  ep5 shard 361/1720 loss=5.5e-05  best=-inf wall=1.618h
  ep5 shard 362/1720 loss=6.8e-05  best=-inf wall=1.623h
  ep5 shard 363/1720 loss=5.7e-05  best=-inf wall=1.628h
  ep5 shard 364/1720 loss=6.3e-05  best=-inf wall=1.633h
  ep5 shard 365/1720 loss=5.7e-05  best=-inf wall=1.638h
  ep5 shard 366/1720 loss=5.4e-05  best=-inf wall=1.643h
  ep5 shard 367/1720 loss=6.1e-05  best=-inf wall=1.646h
  ep5 shard 368/1720 loss=4.9e-05  best=-inf wall=1.651h
  ep5 shard 369/1720 loss=6.9e-05  best=-inf wall=1.656h
  ep5 shard 370/1720 loss=5.5e-05  best=-inf wall=1.661h
  ep5 shard 371/1720 loss=6.4e-05  best=-inf wall=1.663h
  ep5 shard 372/1720 loss=6.5e-05  best=-inf wall=1.667h
  ep5 shard 373/1720 loss=5.8e-05  best=-inf wall=1.669h
  ep5 shard 374/1720 loss=6.5e-05  best=-inf wall=1.674h
  ep5 shard 375/1720 loss=5.4e-05  best=-inf wall=1.679h
  ep5 shard 376/1720 loss=7.3e-05  best=-inf wall=1.684h
  ep5 shard 377/1720 loss=6.5e-05  best=-inf wall=1.688h
  ep5 shard 378/1720 loss=5.9e-05  best=-inf wall=1.693h
  ep5 shard 379/1720 loss=4.7e-05  best=-inf wall=1.698h
  ep5 shard 380/1720 loss=4.4e-05  best=-inf wall=1.703h
  ep5 shard 381/1720 loss=4e-05  best=-inf wall=1.708h
  ep5 shard 382/1720 loss=6.9e-05  best=-inf wall=1.713h
  ep5 shard 383/1720 loss=6.2e-05  best=-inf wall=1.717h
  ep5 shard 384/1720 loss=6.6e-05  best=-inf wall=1.722h
  ep5 shard 385/1720 loss=7.1e-05  best=-inf wall=1.727h
  ep5 shard 386/1720 loss=5.9e-05  best=-inf wall=1.731h
  ep5 shard 387/1720 loss=7.2e-05  best=-inf wall=1.736h
  ep5 shard 388/1720 loss=5.8e-05  best=-inf wall=1.741h
  ep5 shard 389/1720 loss=7e-05  best=-inf wall=1.743h
  ep5 shard 390/1720 loss=5.5e-05  best=-inf wall=1.745h
  ep5 shard 391/1720 loss=5.6e-05  best=-inf wall=1.751h
  ep5 shard 392/1720 loss=5e-05  best=-inf wall=1.756h
  ep5 shard 393/1720 loss=5.5e-05  best=-inf wall=1.76h
  ep5 shard 394/1720 loss=5.2e-05  best=-inf wall=1.764h
  ep5 shard 395/1720 loss=7e-05  best=-inf wall=1.769h
  ep5 shard 396/1720 loss=9.6e-05  best=-inf wall=1.774h
  ep5 shard 397/1720 loss=4.2e-05  best=-inf wall=1.779h
  ep5 shard 398/1720 loss=7.1e-05  best=-inf wall=1.783h
  ep5 shard 399/1720 loss=6.2e-05  best=-inf wall=1.788h
  ep5 shard 400/1720 loss=6.4e-05  best=-inf wall=1.793h
  ep5 shard 401/1720 loss=4.6e-05  best=-inf wall=1.798h
  ep5 shard 402/1720 loss=5.4e-05  best=-inf wall=1.802h
  ep5 shard 403/1720 loss=4.9e-05  best=-inf wall=1.807h
  ep5 shard 404/1720 loss=5.8e-05  best=-inf wall=1.812h
  ep5 shard 405/1720 loss=4.9e-05  best=-inf wall=1.815h
  ep5 shard 406/1720 loss=6e-05  best=-inf wall=1.82h
  ep5 shard 407/1720 loss=6.5e-05  best=-inf wall=1.825h
  ep5 shard 408/1720 loss=6.7e-05  best=-inf wall=1.83h
  ep5 shard 409/1720 loss=5.5e-05  best=-inf wall=1.835h
  ep5 shard 410/1720 loss=4.8e-05  best=-inf wall=1.84h
  ep5 shard 411/1720 loss=5.2e-05  best=-inf wall=1.844h
  ep5 shard 412/1720 loss=5.6e-05  best=-inf wall=1.847h
  ep5 shard 413/1720 loss=7.1e-05  best=-inf wall=1.851h
  ep5 shard 414/1720 loss=5.4e-05  best=-inf wall=1.854h
  ep5 shard 415/1720 loss=8.5e-05  best=-inf wall=1.859h
  ep5 shard 416/1720 loss=5.3e-05  best=-inf wall=1.864h
  ep5 shard 417/1720 loss=3.9e-05  best=-inf wall=1.869h
  ep5 shard 418/1720 loss=4.8e-05  best=-inf wall=1.874h
  ep5 shard 419/1720 loss=5.3e-05  best=-inf wall=1.879h
  ep5 shard 420/1720 loss=5.2e-05  best=-inf wall=1.881h
  ep5 shard 421/1720 loss=5e-05  best=-inf wall=1.884h
  ep5 shard 422/1720 loss=6.8e-05  best=-inf wall=1.889h
  ep5 shard 423/1720 loss=4.3e-05  best=-inf wall=1.894h
  ep5 shard 424/1720 loss=5.9e-05  best=-inf wall=1.899h
  ep5 shard 425/1720 loss=6.6e-05  best=-inf wall=1.904h
  ep5 shard 426/1720 loss=4.7e-05  best=-inf wall=1.908h
  ep5 shard 427/1720 loss=4.8e-05  best=-inf wall=1.914h
  ep5 shard 428/1720 loss=6.4e-05  best=-inf wall=1.919h
  ep5 shard 429/1720 loss=5.3e-05  best=-inf wall=1.923h
  ep5 shard 430/1720 loss=6.2e-05  best=-inf wall=1.927h
  saved epoch checkpoint -> experiments/exp028-mlp/combined20/checkpoints/ep5.pt
  ep6 shard 431/1720 loss=5.6e-05  best=-inf wall=1.932h
  ep6 shard 432/1720 loss=5e-05  best=-inf wall=1.937h
  ep6 shard 433/1720 loss=4.7e-05  best=-inf wall=1.939h
  ep6 shard 434/1720 loss=6.2e-05  best=-inf wall=1.941h
  ep6 shard 435/1720 loss=5.5e-05  best=-inf wall=1.946h
  ep6 shard 436/1720 loss=5e-05  best=-inf wall=1.95h
  ep6 shard 437/1720 loss=4.7e-05  best=-inf wall=1.955h
  ep6 shard 438/1720 loss=5.7e-05  best=-inf wall=1.959h
  ep6 shard 439/1720 loss=5.8e-05  best=-inf wall=1.962h
  ep6 shard 440/1720 loss=4.6e-05  best=-inf wall=1.967h
  ep6 shard 441/1720 loss=7.4e-05  best=-inf wall=1.972h
  ep6 shard 442/1720 loss=4.7e-05  best=-inf wall=1.977h
  ep6 shard 443/1720 loss=5e-05  best=-inf wall=1.982h
  ep6 shard 444/1720 loss=6.4e-05  best=-inf wall=1.986h
  ep6 shard 445/1720 loss=5.2e-05  best=-inf wall=1.991h
  ep6 shard 446/1720 loss=4.9e-05  best=-inf wall=1.996h
  ep6 shard 447/1720 loss=5.8e-05  best=-inf wall=2.0h
  ep6 shard 448/1720 loss=5.1e-05  best=-inf wall=2.005h
  ep6 shard 449/1720 loss=6.9e-05  best=-inf wall=2.01h
  ep6 shard 450/1720 loss=5.7e-05  best=-inf wall=2.015h
  ep6 shard 451/1720 loss=5.4e-05  best=-inf wall=2.018h
  ep6 shard 452/1720 loss=4.3e-05  best=-inf wall=2.022h
  ep6 shard 453/1720 loss=5.5e-05  best=-inf wall=2.027h
  ep6 shard 454/1720 loss=4.8e-05  best=-inf wall=2.032h
  ep6 shard 455/1720 loss=5.9e-05  best=-inf wall=2.037h
  ep6 shard 456/1720 loss=4.5e-05  best=-inf wall=2.042h
  ep6 shard 457/1720 loss=5.2e-05  best=-inf wall=2.047h
  ep6 shard 458/1720 loss=6.1e-05  best=-inf wall=2.052h
  ep6 shard 459/1720 loss=5e-05  best=-inf wall=2.057h
  ep6 shard 460/1720 loss=5e-05  best=-inf wall=2.062h
  ep6 shard 461/1720 loss=4.1e-05  best=-inf wall=2.067h
  ep6 shard 462/1720 loss=5.9e-05  best=-inf wall=2.073h
  ep6 shard 463/1720 loss=6.5e-05  best=-inf wall=2.077h
  ep6 shard 464/1720 loss=6.2e-05  best=-inf wall=2.082h
  ep6 shard 465/1720 loss=7.6e-05  best=-inf wall=2.087h
  ep6 shard 466/1720 loss=5.3e-05  best=-inf wall=2.092h
  ep6 shard 467/1720 loss=6e-05  best=-inf wall=2.095h
  ep6 shard 468/1720 loss=5e-05  best=-inf wall=2.1h
  ep6 shard 469/1720 loss=5e-05  best=-inf wall=2.105h
  ep6 shard 470/1720 loss=7.9e-05  best=-inf wall=2.11h
  ep6 shard 471/1720 loss=4.8e-05  best=-inf wall=2.113h
  ep6 shard 472/1720 loss=4.9e-05  best=-inf wall=2.118h
  ep6 shard 473/1720 loss=4.5e-05  best=-inf wall=2.123h
  ep6 shard 474/1720 loss=5.3e-05  best=-inf wall=2.128h
  ep6 shard 475/1720 loss=5.5e-05  best=-inf wall=2.133h
  ep6 shard 476/1720 loss=5.9e-05  best=-inf wall=2.138h
  ep6 shard 477/1720 loss=4.4e-05  best=-inf wall=2.143h
  ep6 shard 478/1720 loss=8.2e-05  best=-inf wall=2.148h
  ep6 shard 479/1720 loss=4.9e-05  best=-inf wall=2.153h
  ep6 shard 480/1720 loss=5.5e-05  best=-inf wall=2.158h
  ep6 shard 481/1720 loss=7e-05  best=-inf wall=2.162h
  ep6 shard 482/1720 loss=4.2e-05  best=-inf wall=2.164h
  ep6 shard 483/1720 loss=6.6e-05  best=-inf wall=2.168h
  ep6 shard 484/1720 loss=5.7e-05  best=-inf wall=2.174h
  ep6 shard 485/1720 loss=3.6e-05  best=-inf wall=2.178h
  ep6 shard 486/1720 loss=5.9e-05  best=-inf wall=2.183h
  ep6 shard 487/1720 loss=5.5e-05  best=-inf wall=2.187h
  ep6 shard 488/1720 loss=5.5e-05  best=-inf wall=2.192h
  ep6 shard 489/1720 loss=5.1e-05  best=-inf wall=2.197h
  ep6 shard 490/1720 loss=5.8e-05  best=-inf wall=2.202h
  ep6 shard 491/1720 loss=6.8e-05  best=-inf wall=2.207h
  ep6 shard 492/1720 loss=4.6e-05  best=-inf wall=2.212h
  ep6 shard 493/1720 loss=4e-05  best=-inf wall=2.217h
  ep6 shard 494/1720 loss=5.4e-05  best=-inf wall=2.221h
  ep6 shard 495/1720 loss=5.2e-05  best=-inf wall=2.224h
  ep6 shard 496/1720 loss=4.2e-05  best=-inf wall=2.229h
  ep6 shard 497/1720 loss=4.8e-05  best=-inf wall=2.231h
  ep6 shard 498/1720 loss=5.4e-05  best=-inf wall=2.236h
  ep6 shard 499/1720 loss=6.5e-05  best=-inf wall=2.241h
  ep6 shard 500/1720 loss=3.8e-05  best=-inf wall=2.246h
  ep6 shard 501/1720 loss=4.8e-05  best=-inf wall=2.25h
  ep6 shard 502/1720 loss=6e-05  best=-inf wall=2.255h
  ep6 shard 503/1720 loss=5.8e-05  best=-inf wall=2.259h
  ep6 shard 504/1720 loss=5.4e-05  best=-inf wall=2.264h
  ep6 shard 505/1720 loss=5.3e-05  best=-inf wall=2.266h
  ep6 shard 506/1720 loss=5.2e-05  best=-inf wall=2.271h
  ep6 shard 507/1720 loss=4.5e-05  best=-inf wall=2.276h
  ep6 shard 508/1720 loss=6.5e-05  best=-inf wall=2.281h
  ep6 shard 509/1720 loss=6.2e-05  best=-inf wall=2.284h
  ep6 shard 510/1720 loss=5.8e-05  best=-inf wall=2.285h
  ep6 shard 511/1720 loss=4.9e-05  best=-inf wall=2.29h
  ep6 shard 512/1720 loss=4.6e-05  best=-inf wall=2.294h
  ep6 shard 513/1720 loss=6e-05  best=-inf wall=2.3h
  ep6 shard 514/1720 loss=5.7e-05  best=-inf wall=2.304h
  ep6 shard 515/1720 loss=6.5e-05  best=-inf wall=2.308h
  ep6 shard 516/1720 loss=4.6e-05  best=-inf wall=2.311h
  saved epoch checkpoint -> experiments/exp028-mlp/combined20/checkpoints/ep6.pt
  ep7 shard 517/1720 loss=5.5e-05  best=-inf wall=2.316h
  ep7 shard 518/1720 loss=3.8e-05  best=-inf wall=2.32h
  ep7 shard 519/1720 loss=5.1e-05  best=-inf wall=2.325h
  ep7 shard 520/1720 loss=3.6e-05  best=-inf wall=2.33h
  ep7 shard 521/1720 loss=6.3e-05  best=-inf wall=2.332h
  ep7 shard 522/1720 loss=4.5e-05  best=-inf wall=2.337h
  ep7 shard 523/1720 loss=5.8e-05  best=-inf wall=2.342h
  ep7 shard 524/1720 loss=5.8e-05  best=-inf wall=2.347h
  ep7 shard 525/1720 loss=4.6e-05  best=-inf wall=2.351h
  ep7 shard 526/1720 loss=4.3e-05  best=-inf wall=2.356h
  ep7 shard 527/1720 loss=4.3e-05  best=-inf wall=2.359h
  ep7 shard 528/1720 loss=4.5e-05  best=-inf wall=2.363h
  ep7 shard 529/1720 loss=4.7e-05  best=-inf wall=2.368h
  ep7 shard 530/1720 loss=4.1e-05  best=-inf wall=2.373h
  ep7 shard 531/1720 loss=5.9e-05  best=-inf wall=2.378h
  ep7 shard 532/1720 loss=5.1e-05  best=-inf wall=2.382h
  ep7 shard 533/1720 loss=4.9e-05  best=-inf wall=2.387h
  ep7 shard 534/1720 loss=4.7e-05  best=-inf wall=2.389h
  ep7 shard 535/1720 loss=5.2e-05  best=-inf wall=2.394h
  ep7 shard 536/1720 loss=5.3e-05  best=-inf wall=2.399h
  ep7 shard 537/1720 loss=5.2e-05  best=-inf wall=2.403h
  ep7 shard 538/1720 loss=5.9e-05  best=-inf wall=2.406h
  ep7 shard 539/1720 loss=6.5e-05  best=-inf wall=2.41h
  ep7 shard 540/1720 loss=5.6e-05  best=-inf wall=2.413h
  ep7 shard 541/1720 loss=5.4e-05  best=-inf wall=2.418h
  ep7 shard 542/1720 loss=6.4e-05  best=-inf wall=2.423h
  ep7 shard 543/1720 loss=3.8e-05  best=-inf wall=2.425h
  ep7 shard 544/1720 loss=4.6e-05  best=-inf wall=2.429h
  ep7 shard 545/1720 loss=3.6e-05  best=-inf wall=2.435h
  ep7 shard 546/1720 loss=3.9e-05  best=-inf wall=2.439h
  ep7 shard 547/1720 loss=4.7e-05  best=-inf wall=2.444h
  ep7 shard 548/1720 loss=6.7e-05  best=-inf wall=2.448h
  ep7 shard 549/1720 loss=5.2e-05  best=-inf wall=2.453h
  ep7 shard 550/1720 loss=4.1e-05  best=-inf wall=2.458h
  ep7 shard 551/1720 loss=5.1e-05  best=-inf wall=2.462h
  ep7 shard 552/1720 loss=4.8e-05  best=-inf wall=2.465h
  ep7 shard 553/1720 loss=6.6e-05  best=-inf wall=2.47h
  ep7 shard 554/1720 loss=5.7e-05  best=-inf wall=2.475h
  ep7 shard 555/1720 loss=5.3e-05  best=-inf wall=2.479h
  ep7 shard 556/1720 loss=4.2e-05  best=-inf wall=2.484h
  ep7 shard 557/1720 loss=5.7e-05  best=-inf wall=2.489h
  ep7 shard 558/1720 loss=6e-05  best=-inf wall=2.492h
  ep7 shard 559/1720 loss=5.7e-05  best=-inf wall=2.497h
  ep7 shard 560/1720 loss=6e-05  best=-inf wall=2.501h
  ep7 shard 561/1720 loss=5.3e-05  best=-inf wall=2.506h
  ep7 shard 562/1720 loss=6e-05  best=-inf wall=2.511h
  ep7 shard 563/1720 loss=5.6e-05  best=-inf wall=2.516h
  ep7 shard 564/1720 loss=4.6e-05  best=-inf wall=2.52h
  ep7 shard 565/1720 loss=6.1e-05  best=-inf wall=2.526h
  ep7 shard 566/1720 loss=6.3e-05  best=-inf wall=2.53h
  ep7 shard 567/1720 loss=5.3e-05  best=-inf wall=2.535h
  ep7 shard 568/1720 loss=5.6e-05  best=-inf wall=2.54h
  ep7 shard 569/1720 loss=6.5e-05  best=-inf wall=2.542h
  ep7 shard 570/1720 loss=5.7e-05  best=-inf wall=2.547h
  ep7 shard 571/1720 loss=5.3e-05  best=-inf wall=2.552h
  ep7 shard 572/1720 loss=5.2e-05  best=-inf wall=2.557h
  ep7 shard 573/1720 loss=5.1e-05  best=-inf wall=2.562h
  ep7 shard 574/1720 loss=5.8e-05  best=-inf wall=2.563h
  ep7 shard 575/1720 loss=6.3e-05  best=-inf wall=2.568h
  ep7 shard 576/1720 loss=4.4e-05  best=-inf wall=2.571h
  ep7 shard 577/1720 loss=4.6e-05  best=-inf wall=2.574h
  ep7 shard 578/1720 loss=4.6e-05  best=-inf wall=2.576h
  ep7 shard 579/1720 loss=5.5e-05  best=-inf wall=2.581h
  ep7 shard 580/1720 loss=5.4e-05  best=-inf wall=2.586h
  ep7 shard 581/1720 loss=5.6e-05  best=-inf wall=2.591h
  ep7 shard 582/1720 loss=4.3e-05  best=-inf wall=2.596h
  ep7 shard 583/1720 loss=4.7e-05  best=-inf wall=2.602h
  ep7 shard 584/1720 loss=4.5e-05  best=-inf wall=2.607h
  ep7 shard 585/1720 loss=4.6e-05  best=-inf wall=2.612h
  ep7 shard 586/1720 loss=6.8e-05  best=-inf wall=2.617h
  ep7 shard 587/1720 loss=4.2e-05  best=-inf wall=2.622h
  ep7 shard 588/1720 loss=4.7e-05  best=-inf wall=2.627h
  ep7 shard 589/1720 loss=6.2e-05  best=-inf wall=2.632h
  ep7 shard 590/1720 loss=4.3e-05  best=-inf wall=2.636h
  ep7 shard 591/1720 loss=5.2e-05  best=-inf wall=2.641h
  ep7 shard 592/1720 loss=4.9e-05  best=-inf wall=2.646h
  ep7 shard 593/1720 loss=4.9e-05  best=-inf wall=2.65h
  ep7 shard 594/1720 loss=4.5e-05  best=-inf wall=2.655h
  ep7 shard 595/1720 loss=5.2e-05  best=-inf wall=2.66h
  ep7 shard 596/1720 loss=5.8e-05  best=-inf wall=2.665h
  ep7 shard 597/1720 loss=5.1e-05  best=-inf wall=2.67h
  ep7 shard 598/1720 loss=4.2e-05  best=-inf wall=2.675h
  ep7 shard 599/1720 loss=5.1e-05  best=-inf wall=2.678h
  ep7 shard 600/1720 loss=7.7e-05  best=-inf wall=2.684h
  ep7 shard 601/1720 loss=5.9e-05  best=-inf wall=2.689h
  ep7 shard 602/1720 loss=5.9e-05  best=-inf wall=2.693h
  saved epoch checkpoint -> experiments/exp028-mlp/combined20/checkpoints/ep7.pt
  ep8 shard 603/1720 loss=5.3e-05  best=-inf wall=2.698h
  ep8 shard 604/1720 loss=4e-05  best=-inf wall=2.703h
  ep8 shard 605/1720 loss=5.1e-05  best=-inf wall=2.708h
  ep8 shard 606/1720 loss=4.9e-05  best=-inf wall=2.711h
  ep8 shard 607/1720 loss=4.1e-05  best=-inf wall=2.712h
  ep8 shard 608/1720 loss=6e-05  best=-inf wall=2.716h
  ep8 shard 609/1720 loss=4.9e-05  best=-inf wall=2.721h
  ep8 shard 610/1720 loss=5.8e-05  best=-inf wall=2.724h
  ep8 shard 611/1720 loss=5.2e-05  best=-inf wall=2.729h
  ep8 shard 612/1720 loss=4.7e-05  best=-inf wall=2.734h
  ep8 shard 613/1720 loss=5.2e-05  best=-inf wall=2.737h
  ep8 shard 614/1720 loss=3.6e-05  best=-inf wall=2.742h
  ep8 shard 615/1720 loss=4.7e-05  best=-inf wall=2.746h
  ep8 shard 616/1720 loss=4.6e-05  best=-inf wall=2.751h
  ep8 shard 617/1720 loss=5.9e-05  best=-inf wall=2.756h
  ep8 shard 618/1720 loss=5.5e-05  best=-inf wall=2.761h
  ep8 shard 619/1720 loss=5.7e-05  best=-inf wall=2.766h
  ep8 shard 620/1720 loss=4.7e-05  best=-inf wall=2.77h
  ep8 shard 621/1720 loss=6.1e-05  best=-inf wall=2.775h
  ep8 shard 622/1720 loss=6.6e-05  best=-inf wall=2.779h
  ep8 shard 623/1720 loss=5.6e-05  best=-inf wall=2.783h
  ep8 shard 624/1720 loss=4.6e-05  best=-inf wall=2.788h
  ep8 shard 625/1720 loss=4.2e-05  best=-inf wall=2.792h
  ep8 shard 626/1720 loss=5.9e-05  best=-inf wall=2.797h
  ep8 shard 627/1720 loss=4.2e-05  best=-inf wall=2.802h
  ep8 shard 628/1720 loss=4.4e-05  best=-inf wall=2.807h
  ep8 shard 629/1720 loss=4.9e-05  best=-inf wall=2.812h
  ep8 shard 630/1720 loss=4.6e-05  best=-inf wall=2.817h
  ep8 shard 631/1720 loss=4.6e-05  best=-inf wall=2.822h
  ep8 shard 632/1720 loss=4.8e-05  best=-inf wall=2.824h
  ep8 shard 633/1720 loss=4.2e-05  best=-inf wall=2.828h
  ep8 shard 634/1720 loss=4.2e-05  best=-inf wall=2.833h
  ep8 shard 635/1720 loss=4.1e-05  best=-inf wall=2.838h
  ep8 shard 636/1720 loss=4.4e-05  best=-inf wall=2.841h
  ep8 shard 637/1720 loss=6e-05  best=-inf wall=2.844h
  ep8 shard 638/1720 loss=4.4e-05  best=-inf wall=2.849h
  ep8 shard 639/1720 loss=6.4e-05  best=-inf wall=2.854h
  ep8 shard 640/1720 loss=3.7e-05  best=-inf wall=2.856h
  ep8 shard 641/1720 loss=5.5e-05  best=-inf wall=2.861h
  ep8 shard 642/1720 loss=4.7e-05  best=-inf wall=2.866h
  ep8 shard 643/1720 loss=5.3e-05  best=-inf wall=2.87h
  ep8 shard 644/1720 loss=5.8e-05  best=-inf wall=2.874h
  ep8 shard 645/1720 loss=5.6e-05  best=-inf wall=2.877h
  ep8 shard 646/1720 loss=4.9e-05  best=-inf wall=2.882h
  ep8 shard 647/1720 loss=4.3e-05  best=-inf wall=2.887h
  ep8 shard 648/1720 loss=4.3e-05  best=-inf wall=2.892h
  ep8 shard 649/1720 loss=5.5e-05  best=-inf wall=2.897h
  ep8 shard 650/1720 loss=3.9e-05  best=-inf wall=2.902h
  ep8 shard 651/1720 loss=5e-05  best=-inf wall=2.907h
  ep8 shard 652/1720 loss=4.8e-05  best=-inf wall=2.912h
  ep8 shard 653/1720 loss=5.5e-05  best=-inf wall=2.917h
  ep8 shard 654/1720 loss=3.5e-05  best=-inf wall=2.919h
  ep8 shard 655/1720 loss=6.6e-05  best=-inf wall=2.924h
  ep8 shard 656/1720 loss=4.9e-05  best=-inf wall=2.929h
  ep8 shard 657/1720 loss=4.5e-05  best=-inf wall=2.934h
  ep8 shard 658/1720 loss=5.4e-05  best=-inf wall=2.938h
  ep8 shard 659/1720 loss=6.4e-05  best=-inf wall=2.943h
  ep8 shard 660/1720 loss=4.1e-05  best=-inf wall=2.946h
  ep8 shard 661/1720 loss=4.2e-05  best=-inf wall=2.951h
  ep8 shard 662/1720 loss=3.6e-05  best=-inf wall=2.956h
  ep8 shard 663/1720 loss=4.9e-05  best=-inf wall=2.959h
  ep8 shard 664/1720 loss=5.1e-05  best=-inf wall=2.964h
  ep8 shard 665/1720 loss=6e-05  best=-inf wall=2.969h
  ep8 shard 666/1720 loss=4.9e-05  best=-inf wall=2.973h
  ep8 shard 667/1720 loss=4.5e-05  best=-inf wall=2.978h
  ep8 shard 668/1720 loss=4.8e-05  best=-inf wall=2.983h
  ep8 shard 669/1720 loss=5.2e-05  best=-inf wall=2.987h
  ep8 shard 670/1720 loss=3.9e-05  best=-inf wall=2.991h
  ep8 shard 671/1720 loss=5e-05  best=-inf wall=2.996h
  ep8 shard 672/1720 loss=4.6e-05  best=-inf wall=3.001h
  ep8 shard 673/1720 loss=4.2e-05  best=-inf wall=3.006h
  ep8 shard 674/1720 loss=4.4e-05  best=-inf wall=3.01h
  ep8 shard 675/1720 loss=5.6e-05  best=-inf wall=3.015h
  ep8 shard 676/1720 loss=4.4e-05  best=-inf wall=3.019h
  ep8 shard 677/1720 loss=5.8e-05  best=-inf wall=3.024h
  ep8 shard 678/1720 loss=5.4e-05  best=-inf wall=3.029h
  ep8 shard 679/1720 loss=4.9e-05  best=-inf wall=3.034h
  ep8 shard 680/1720 loss=4.1e-05  best=-inf wall=3.039h
  ep8 shard 681/1720 loss=5.5e-05  best=-inf wall=3.042h
  ep8 shard 682/1720 loss=4.8e-05  best=-inf wall=3.047h
  ep8 shard 683/1720 loss=4.2e-05  best=-inf wall=3.052h
  ep8 shard 684/1720 loss=5.6e-05  best=-inf wall=3.057h
  ep8 shard 685/1720 loss=4.9e-05  best=-inf wall=3.062h
  ep8 shard 686/1720 loss=4.4e-05  best=-inf wall=3.067h
  ep8 shard 687/1720 loss=4.5e-05  best=-inf wall=3.072h
  ep8 shard 688/1720 loss=4.6e-05  best=-inf wall=3.077h
  saved epoch checkpoint -> experiments/exp028-mlp/combined20/checkpoints/ep8.pt
  ep9 shard 689/1720 loss=4.3e-05  best=-inf wall=3.082h
  ep9 shard 690/1720 loss=3.9e-05  best=-inf wall=3.087h
  ep9 shard 691/1720 loss=4.7e-05  best=-inf wall=3.091h
  ep9 shard 692/1720 loss=4.1e-05  best=-inf wall=3.096h
  ep9 shard 693/1720 loss=4.1e-05  best=-inf wall=3.101h
  ep9 shard 694/1720 loss=6.1e-05  best=-inf wall=3.102h
  ep9 shard 695/1720 loss=5.4e-05  best=-inf wall=3.107h
  ep9 shard 696/1720 loss=6.2e-05  best=-inf wall=3.112h
  ep9 shard 697/1720 loss=4.5e-05  best=-inf wall=3.117h
  ep9 shard 698/1720 loss=4.5e-05  best=-inf wall=3.122h
  ep9 shard 699/1720 loss=4.3e-05  best=-inf wall=3.127h
  ep9 shard 700/1720 loss=4.8e-05  best=-inf wall=3.131h
  ep9 shard 701/1720 loss=6.2e-05  best=-inf wall=3.136h
  ep9 shard 702/1720 loss=4.5e-05  best=-inf wall=3.14h
  ep9 shard 703/1720 loss=3.3e-05  best=-inf wall=3.144h
  ep9 shard 704/1720 loss=4.7e-05  best=-inf wall=3.148h
  ep9 shard 705/1720 loss=4.8e-05  best=-inf wall=3.151h
  ep9 shard 706/1720 loss=4.5e-05  best=-inf wall=3.156h
  ep9 shard 707/1720 loss=4.9e-05  best=-inf wall=3.16h
  ep9 shard 708/1720 loss=4.7e-05  best=-inf wall=3.165h
  ep9 shard 709/1720 loss=4e-05  best=-inf wall=3.168h
  ep9 shard 710/1720 loss=4e-05  best=-inf wall=3.171h
  ep9 shard 711/1720 loss=4.6e-05  best=-inf wall=3.176h
  ep9 shard 712/1720 loss=5.4e-05  best=-inf wall=3.181h
  ep9 shard 713/1720 loss=4e-05  best=-inf wall=3.186h
  ep9 shard 714/1720 loss=5.7e-05  best=-inf wall=3.189h
  ep9 shard 715/1720 loss=3.9e-05  best=-inf wall=3.194h
  ep9 shard 716/1720 loss=4.9e-05  best=-inf wall=3.199h
  ep9 shard 717/1720 loss=4.4e-05  best=-inf wall=3.204h
  ep9 shard 718/1720 loss=5.6e-05  best=-inf wall=3.209h
  ep9 shard 719/1720 loss=4.4e-05  best=-inf wall=3.214h
  ep9 shard 720/1720 loss=3.5e-05  best=-inf wall=3.219h
  ep9 shard 721/1720 loss=5.1e-05  best=-inf wall=3.224h
  ep9 shard 722/1720 loss=3.2e-05  best=-inf wall=3.229h
  ep9 shard 723/1720 loss=4.9e-05  best=-inf wall=3.234h
  ep9 shard 724/1720 loss=3.6e-05  best=-inf wall=3.239h
  ep9 shard 725/1720 loss=4e-05  best=-inf wall=3.242h
  ep9 shard 726/1720 loss=4.5e-05  best=-inf wall=3.247h
  ep9 shard 727/1720 loss=6.7e-05  best=-inf wall=3.252h
  ep9 shard 728/1720 loss=6.9e-05  best=-inf wall=3.256h
  ep9 shard 729/1720 loss=4.5e-05  best=-inf wall=3.261h
  ep9 shard 730/1720 loss=4.6e-05  best=-inf wall=3.265h
  ep9 shard 731/1720 loss=4.9e-05  best=-inf wall=3.27h
  ep9 shard 732/1720 loss=5.8e-05  best=-inf wall=3.275h
  ep9 shard 733/1720 loss=3e-05  best=-inf wall=3.281h
  ep9 shard 734/1720 loss=5e-05  best=-inf wall=3.286h
  ep9 shard 735/1720 loss=4.6e-05  best=-inf wall=3.288h
  ep9 shard 736/1720 loss=4.3e-05  best=-inf wall=3.293h
  ep9 shard 737/1720 loss=5.6e-05  best=-inf wall=3.297h
  ep9 shard 738/1720 loss=4.2e-05  best=-inf wall=3.302h
  ep9 shard 739/1720 loss=4.4e-05  best=-inf wall=3.307h
  ep9 shard 740/1720 loss=4.8e-05  best=-inf wall=3.311h
  ep9 shard 741/1720 loss=4.9e-05  best=-inf wall=3.313h
  ep9 shard 742/1720 loss=5.1e-05  best=-inf wall=3.318h
  ep9 shard 743/1720 loss=4.7e-05  best=-inf wall=3.323h
  ep9 shard 744/1720 loss=4.1e-05  best=-inf wall=3.328h
  ep9 shard 745/1720 loss=4.9e-05  best=-inf wall=3.332h
  ep9 shard 746/1720 loss=4.3e-05  best=-inf wall=3.337h
  ep9 shard 747/1720 loss=4e-05  best=-inf wall=3.34h
  ep9 shard 748/1720 loss=3.9e-05  best=-inf wall=3.345h
  ep9 shard 749/1720 loss=4.2e-05  best=-inf wall=3.35h
  ep9 shard 750/1720 loss=4.5e-05  best=-inf wall=3.355h
  ep9 shard 751/1720 loss=5.1e-05  best=-inf wall=3.358h
  ep9 shard 752/1720 loss=6.9e-05  best=-inf wall=3.363h
  ep9 shard 753/1720 loss=4.9e-05  best=-inf wall=3.368h
  ep9 shard 754/1720 loss=5e-05  best=-inf wall=3.371h
  ep9 shard 755/1720 loss=3.7e-05  best=-inf wall=3.375h
  ep9 shard 756/1720 loss=3.7e-05  best=-inf wall=3.38h
  ep9 shard 757/1720 loss=4.8e-05  best=-inf wall=3.385h
  ep9 shard 758/1720 loss=5.1e-05  best=-inf wall=3.39h
  ep9 shard 759/1720 loss=6.1e-05  best=-inf wall=3.395h
  ep9 shard 760/1720 loss=5.5e-05  best=-inf wall=3.4h
  ep9 shard 761/1720 loss=5.1e-05  best=-inf wall=3.404h
  ep9 shard 762/1720 loss=4.7e-05  best=-inf wall=3.41h
  ep9 shard 763/1720 loss=4.9e-05  best=-inf wall=3.415h
  ep9 shard 764/1720 loss=5.7e-05  best=-inf wall=3.42h
  ep9 shard 765/1720 loss=4.7e-05  best=-inf wall=3.423h
  ep9 shard 766/1720 loss=4.4e-05  best=-inf wall=3.428h
  ep9 shard 767/1720 loss=4e-05  best=-inf wall=3.432h
  ep9 shard 768/1720 loss=4e-05  best=-inf wall=3.436h
  ep9 shard 769/1720 loss=3.8e-05  best=-inf wall=3.441h
  ep9 shard 770/1720 loss=3.9e-05  best=-inf wall=3.446h
  ep9 shard 771/1720 loss=4.2e-05  best=-inf wall=3.448h
  ep9 shard 772/1720 loss=4.3e-05  best=-inf wall=3.453h
  ep9 shard 773/1720 loss=4.5e-05  best=-inf wall=3.455h
  ep9 shard 774/1720 loss=4.7e-05  best=-inf wall=3.46h
  saved epoch checkpoint -> experiments/exp028-mlp/combined20/checkpoints/ep9.pt
  ep10 shard 775/1720 loss=5.4e-05  best=-inf wall=3.464h
  ep10 shard 776/1720 loss=4.3e-05  best=-inf wall=3.469h
  ep10 shard 777/1720 loss=5.5e-05  best=-inf wall=3.474h
  ep10 shard 778/1720 loss=5.6e-05  best=-inf wall=3.479h
  ep10 shard 779/1720 loss=4.6e-05  best=-inf wall=3.482h
  ep10 shard 780/1720 loss=4.9e-05  best=-inf wall=3.487h
  ep10 shard 781/1720 loss=4e-05  best=-inf wall=3.492h
  ep10 shard 782/1720 loss=3.3e-05  best=-inf wall=3.497h
  ep10 shard 783/1720 loss=4.8e-05  best=-inf wall=3.502h
  ep10 shard 784/1720 loss=3.5e-05  best=-inf wall=3.507h
  ep10 shard 785/1720 loss=4.5e-05  best=-inf wall=3.512h
  ep10 shard 786/1720 loss=4.1e-05  best=-inf wall=3.517h
  ep10 shard 787/1720 loss=5.5e-05  best=-inf wall=3.521h
  ep10 shard 788/1720 loss=4.2e-05  best=-inf wall=3.526h
  ep10 shard 789/1720 loss=5e-05  best=-inf wall=3.529h
  ep10 shard 790/1720 loss=4e-05  best=-inf wall=3.534h
  ep10 shard 791/1720 loss=4.3e-05  best=-inf wall=3.538h
  ep10 shard 792/1720 loss=4.9e-05  best=-inf wall=3.543h
  ep10 shard 793/1720 loss=5.5e-05  best=-inf wall=3.548h
  ep10 shard 794/1720 loss=3.4e-05  best=-inf wall=3.553h
  ep10 shard 795/1720 loss=3.8e-05  best=-inf wall=3.558h
  ep10 shard 796/1720 loss=5.1e-05  best=-inf wall=3.563h
  ep10 shard 797/1720 loss=4.7e-05  best=-inf wall=3.568h
  ep10 shard 798/1720 loss=4.5e-05  best=-inf wall=3.573h
  ep10 shard 799/1720 loss=5.4e-05  best=-inf wall=3.577h
  ep10 shard 800/1720 loss=4.4e-05  best=-inf wall=3.582h
  ep10 shard 801/1720 loss=3.3e-05  best=-inf wall=3.585h
  ep10 shard 802/1720 loss=4e-05  best=-inf wall=3.59h
  ep10 shard 803/1720 loss=4.6e-05  best=-inf wall=3.595h
  ep10 shard 804/1720 loss=4.7e-05  best=-inf wall=3.6h
  ep10 shard 805/1720 loss=3.6e-05  best=-inf wall=3.605h
  ep10 shard 806/1720 loss=4.3e-05  best=-inf wall=3.609h
  ep10 shard 807/1720 loss=4.6e-05  best=-inf wall=3.614h
  ep10 shard 808/1720 loss=4.3e-05  best=-inf wall=3.617h
  ep10 shard 809/1720 loss=3.8e-05  best=-inf wall=3.622h
  ep10 shard 810/1720 loss=4.1e-05  best=-inf wall=3.627h
  ep10 shard 811/1720 loss=4.3e-05  best=-inf wall=3.632h
  ep10 shard 812/1720 loss=4.7e-05  best=-inf wall=3.637h
  ep10 shard 813/1720 loss=4.6e-05  best=-inf wall=3.64h
  ep10 shard 814/1720 loss=4.8e-05  best=-inf wall=3.645h
  ep10 shard 815/1720 loss=0.000103  best=-inf wall=3.65h
  ep10 shard 816/1720 loss=5e-05  best=-inf wall=3.654h
  ep10 shard 817/1720 loss=5.6e-05  best=-inf wall=3.656h
  ep10 shard 818/1720 loss=4e-05  best=-inf wall=3.661h
  ep10 shard 819/1720 loss=4.1e-05  best=-inf wall=3.666h
  ep10 shard 820/1720 loss=4.4e-05  best=-inf wall=3.671h
  ep10 shard 821/1720 loss=4.1e-05  best=-inf wall=3.674h
  ep10 shard 822/1720 loss=4.7e-05  best=-inf wall=3.676h
  ep10 shard 823/1720 loss=4.7e-05  best=-inf wall=3.678h
  ep10 shard 824/1720 loss=4.4e-05  best=-inf wall=3.684h
  ep10 shard 825/1720 loss=5.6e-05  best=-inf wall=3.688h
  ep10 shard 826/1720 loss=7e-05  best=-inf wall=3.693h
  ep10 shard 827/1720 loss=6.9e-05  best=-inf wall=3.698h
  ep10 shard 828/1720 loss=4.8e-05  best=-inf wall=3.704h
  ep10 shard 829/1720 loss=4.9e-05  best=-inf wall=3.708h
  ep10 shard 830/1720 loss=4.1e-05  best=-inf wall=3.711h
  ep10 shard 831/1720 loss=4.6e-05  best=-inf wall=3.716h
  ep10 shard 832/1720 loss=3.9e-05  best=-inf wall=3.721h
  ep10 shard 833/1720 loss=3.3e-05  best=-inf wall=3.726h
  ep10 shard 834/1720 loss=4.1e-05  best=-inf wall=3.729h
  ep10 shard 835/1720 loss=5e-05  best=-inf wall=3.733h
  ep10 shard 836/1720 loss=4.2e-05  best=-inf wall=3.734h
  ep10 shard 837/1720 loss=4.2e-05  best=-inf wall=3.739h
  ep10 shard 838/1720 loss=4.4e-05  best=-inf wall=3.743h
  ep10 shard 839/1720 loss=4e-05  best=-inf wall=3.748h
  ep10 shard 840/1720 loss=4.1e-05  best=-inf wall=3.753h
  ep10 shard 841/1720 loss=4.8e-05  best=-inf wall=3.758h
  ep10 shard 842/1720 loss=4.4e-05  best=-inf wall=3.762h
  ep10 shard 843/1720 loss=4.8e-05  best=-inf wall=3.766h
  ep10 shard 844/1720 loss=4.1e-05  best=-inf wall=3.771h
  ep10 shard 845/1720 loss=4.7e-05  best=-inf wall=3.772h
  ep10 shard 846/1720 loss=3.3e-05  best=-inf wall=3.778h
  ep10 shard 847/1720 loss=3.8e-05  best=-inf wall=3.783h
  ep10 shard 848/1720 loss=4.1e-05  best=-inf wall=3.788h
  ep10 shard 849/1720 loss=4.2e-05  best=-inf wall=3.793h
  ep10 shard 850/1720 loss=0.000149  best=-inf wall=3.798h
  ep10 shard 851/1720 loss=5.3e-05  best=-inf wall=3.803h
  ep10 shard 852/1720 loss=3.9e-05  best=-inf wall=3.808h
  ep10 shard 853/1720 loss=5.2e-05  best=-inf wall=3.812h
  ep10 shard 854/1720 loss=3.9e-05  best=-inf wall=3.817h
  ep10 shard 855/1720 loss=4.2e-05  best=-inf wall=3.822h
  ep10 shard 856/1720 loss=4.1e-05  best=-inf wall=3.827h
  ep10 shard 857/1720 loss=4.8e-05  best=-inf wall=3.83h
  ep10 shard 858/1720 loss=4.4e-05  best=-inf wall=3.833h
  ep10 shard 859/1720 loss=5.3e-05  best=-inf wall=3.838h
  ep10 shard 860/1720 loss=4.3e-05  best=-inf wall=3.843h
  saved epoch checkpoint -> experiments/exp028-mlp/combined20/checkpoints/ep10.pt
  ep11 shard 861/1720 loss=3.7e-05  best=-inf wall=3.848h
  ep11 shard 862/1720 loss=3.6e-05  best=-inf wall=3.853h
  ep11 shard 863/1720 loss=4.2e-05  best=-inf wall=3.858h
  ep11 shard 864/1720 loss=5.7e-05  best=-inf wall=3.862h
  ep11 shard 865/1720 loss=5.2e-05  best=-inf wall=3.866h
  ep11 shard 866/1720 loss=3.7e-05  best=-inf wall=3.871h
  ep11 shard 867/1720 loss=3.3e-05  best=-inf wall=3.876h
  ep11 shard 868/1720 loss=4.4e-05  best=-inf wall=3.881h
  ep11 shard 869/1720 loss=4.3e-05  best=-inf wall=3.883h
  ep11 shard 870/1720 loss=4.6e-05  best=-inf wall=3.888h
  ep11 shard 871/1720 loss=5.2e-05  best=-inf wall=3.893h
  ep11 shard 872/1720 loss=3.3e-05  best=-inf wall=3.898h
  ep11 shard 873/1720 loss=5e-05  best=-inf wall=3.901h
  ep11 shard 874/1720 loss=4.9e-05  best=-inf wall=3.906h
  ep11 shard 875/1720 loss=6.1e-05  best=-inf wall=3.911h
  ep11 shard 876/1720 loss=3.8e-05  best=-inf wall=3.916h
  ep11 shard 877/1720 loss=4.7e-05  best=-inf wall=3.919h
  ep11 shard 878/1720 loss=4e-05  best=-inf wall=3.924h
  ep11 shard 879/1720 loss=5e-05  best=-inf wall=3.929h
  ep11 shard 880/1720 loss=3.8e-05  best=-inf wall=3.934h
  ep11 shard 881/1720 loss=3.4e-05  best=-inf wall=3.939h
  ep11 shard 882/1720 loss=4e-05  best=-inf wall=3.944h
  ep11 shard 883/1720 loss=4.4e-05  best=-inf wall=3.949h
  ep11 shard 884/1720 loss=3.7e-05  best=-inf wall=3.954h
  ep11 shard 885/1720 loss=4.3e-05  best=-inf wall=3.959h
  ep11 shard 886/1720 loss=4e-05  best=-inf wall=3.962h
  ep11 shard 887/1720 loss=3.8e-05  best=-inf wall=3.967h
  ep11 shard 888/1720 loss=3.9e-05  best=-inf wall=3.97h
  ep11 shard 889/1720 loss=0.000128  best=-inf wall=3.975h
  ep11 shard 890/1720 loss=5.7e-05  best=-inf wall=3.98h
  ep11 shard 891/1720 loss=4.6e-05  best=-inf wall=3.984h
  ep11 shard 892/1720 loss=4.1e-05  best=-inf wall=3.989h
  ep11 shard 893/1720 loss=6.1e-05  best=-inf wall=3.992h
  ep11 shard 894/1720 loss=4e-05  best=-inf wall=3.997h
  ep11 shard 895/1720 loss=3.6e-05  best=-inf wall=4.002h
  ep11 shard 896/1720 loss=4e-05  best=-inf wall=4.007h
  ep11 shard 897/1720 loss=3.6e-05  best=-inf wall=4.012h
  ep11 shard 898/1720 loss=5.3e-05  best=-inf wall=4.013h
  ep11 shard 899/1720 loss=4e-05  best=-inf wall=4.016h
  ep11 shard 900/1720 loss=5.1e-05  best=-inf wall=4.021h
  ep11 shard 901/1720 loss=4.4e-05  best=-inf wall=4.026h
  ep11 shard 902/1720 loss=5.5e-05  best=-inf wall=4.031h
  ep11 shard 903/1720 loss=3.6e-05  best=-inf wall=4.035h
  ep11 shard 904/1720 loss=4e-05  best=-inf wall=4.04h
  ep11 shard 905/1720 loss=4.3e-05  best=-inf wall=4.042h
  ep11 shard 906/1720 loss=3.7e-05  best=-inf wall=4.047h
  ep11 shard 907/1720 loss=3.9e-05  best=-inf wall=4.052h
  ep11 shard 908/1720 loss=4.3e-05  best=-inf wall=4.055h
  ep11 shard 909/1720 loss=3.9e-05  best=-inf wall=4.056h
  ep11 shard 910/1720 loss=4.3e-05  best=-inf wall=4.06h
  ep11 shard 911/1720 loss=3.6e-05  best=-inf wall=4.065h
  ep11 shard 912/1720 loss=5.4e-05  best=-inf wall=4.07h
  ep11 shard 913/1720 loss=4.9e-05  best=-inf wall=4.075h
  ep11 shard 914/1720 loss=3.5e-05  best=-inf wall=4.079h
  ep11 shard 915/1720 loss=4.4e-05  best=-inf wall=4.083h
  ep11 shard 916/1720 loss=4.6e-05  best=-inf wall=4.088h
  ep11 shard 917/1720 loss=4.1e-05  best=-inf wall=4.093h
  ep11 shard 918/1720 loss=4.1e-05  best=-inf wall=4.097h
  ep11 shard 919/1720 loss=4.6e-05  best=-inf wall=4.102h
  ep11 shard 920/1720 loss=4.6e-05  best=-inf wall=4.107h
  ep11 shard 921/1720 loss=3.8e-05  best=-inf wall=4.11h
  ep11 shard 922/1720 loss=3.9e-05  best=-inf wall=4.115h
  ep11 shard 923/1720 loss=3.8e-05  best=-inf wall=4.12h
  ep11 shard 924/1720 loss=3.8e-05  best=-inf wall=4.125h
  ep11 shard 925/1720 loss=4.4e-05  best=-inf wall=4.129h
  ep11 shard 926/1720 loss=5.9e-05  best=-inf wall=4.134h
  ep11 shard 927/1720 loss=3.7e-05  best=-inf wall=4.139h
  ep11 shard 928/1720 loss=4.1e-05  best=-inf wall=4.144h
  ep11 shard 929/1720 loss=5.4e-05  best=-inf wall=4.149h
  ep11 shard 930/1720 loss=3.4e-05  best=-inf wall=4.154h
  ep11 shard 931/1720 loss=4.4e-05  best=-inf wall=4.159h
  ep11 shard 932/1720 loss=4e-05  best=-inf wall=4.164h
  ep11 shard 933/1720 loss=4.5e-05  best=-inf wall=4.168h
  ep11 shard 934/1720 loss=4.6e-05  best=-inf wall=4.173h
  ep11 shard 935/1720 loss=4.1e-05  best=-inf wall=4.178h
  ep11 shard 936/1720 loss=5.2e-05  best=-inf wall=4.183h
  ep11 shard 937/1720 loss=3.2e-05  best=-inf wall=4.187h
  ep11 shard 938/1720 loss=3.4e-05  best=-inf wall=4.192h
  ep11 shard 939/1720 loss=3.9e-05  best=-inf wall=4.197h
  ep11 shard 940/1720 loss=4.6e-05  best=-inf wall=4.201h
  ep11 shard 941/1720 loss=4e-05  best=-inf wall=4.206h
  ep11 shard 942/1720 loss=5.2e-05  best=-inf wall=4.21h
  ep11 shard 943/1720 loss=4.9e-05  best=-inf wall=4.213h
  ep11 shard 944/1720 loss=3.8e-05  best=-inf wall=4.218h
  ep11 shard 945/1720 loss=4.4e-05  best=-inf wall=4.222h
  ep11 shard 946/1720 loss=3.6e-05  best=-inf wall=4.227h
  saved epoch checkpoint -> experiments/exp028-mlp/combined20/checkpoints/ep11.pt
  ep12 shard 947/1720 loss=4.1e-05  best=-inf wall=4.232h
  ep12 shard 948/1720 loss=4.5e-05  best=-inf wall=4.237h
  ep12 shard 949/1720 loss=4e-05  best=-inf wall=4.242h
  ep12 shard 950/1720 loss=4.3e-05  best=-inf wall=4.247h
  ep12 shard 951/1720 loss=3.8e-05  best=-inf wall=4.25h
  ep12 shard 952/1720 loss=4.6e-05  best=-inf wall=4.253h
  ep12 shard 953/1720 loss=3.6e-05  best=-inf wall=4.258h
  ep12 shard 954/1720 loss=3.5e-05  best=-inf wall=4.26h
  ep12 shard 955/1720 loss=4.4e-05  best=-inf wall=4.265h
  ep12 shard 956/1720 loss=3.6e-05  best=-inf wall=4.27h
  ep12 shard 957/1720 loss=3.4e-05  best=-inf wall=4.275h
  ep12 shard 958/1720 loss=3.8e-05  best=-inf wall=4.28h
  ep12 shard 959/1720 loss=4.1e-05  best=-inf wall=4.285h
  ep12 shard 960/1720 loss=3.9e-05  best=-inf wall=4.29h
  ep12 shard 961/1720 loss=4e-05  best=-inf wall=4.293h
  ep12 shard 962/1720 loss=4e-05  best=-inf wall=4.298h
  ep12 shard 963/1720 loss=4e-05  best=-inf wall=4.303h
  ep12 shard 964/1720 loss=3.2e-05  best=-inf wall=4.308h
  ep12 shard 965/1720 loss=4e-05  best=-inf wall=4.313h
  ep12 shard 966/1720 loss=3.7e-05  best=-inf wall=4.317h
  ep12 shard 967/1720 loss=3.2e-05  best=-inf wall=4.323h
  ep12 shard 968/1720 loss=4.1e-05  best=-inf wall=4.327h
  ep12 shard 969/1720 loss=3.9e-05  best=-inf wall=4.331h
  ep12 shard 970/1720 loss=4.1e-05  best=-inf wall=4.336h
  ep12 shard 971/1720 loss=4.1e-05  best=-inf wall=4.341h
  ep12 shard 972/1720 loss=3.7e-05  best=-inf wall=4.346h
  ep12 shard 973/1720 loss=4.6e-05  best=-inf wall=4.349h
  ep12 shard 974/1720 loss=4.9e-05  best=-inf wall=4.354h
  ep12 shard 975/1720 loss=3.5e-05  best=-inf wall=4.357h
  ep12 shard 976/1720 loss=3.7e-05  best=-inf wall=4.361h
  ep12 shard 977/1720 loss=4.2e-05  best=-inf wall=4.366h
  ep12 shard 978/1720 loss=3.6e-05  best=-inf wall=4.371h
  ep12 shard 979/1720 loss=4.3e-05  best=-inf wall=4.376h
  ep12 shard 980/1720 loss=4.6e-05  best=-inf wall=4.381h
  ep12 shard 981/1720 loss=3.5e-05  best=-inf wall=4.384h
  ep12 shard 982/1720 loss=3.2e-05  best=-inf wall=4.389h
  ep12 shard 983/1720 loss=5.2e-05  best=-inf wall=4.394h
  ep12 shard 984/1720 loss=3.9e-05  best=-inf wall=4.397h
  ep12 shard 985/1720 loss=3.1e-05  best=-inf wall=4.402h
  ep12 shard 986/1720 loss=3.7e-05  best=-inf wall=4.406h
  ep12 shard 987/1720 loss=3.8e-05  best=-inf wall=4.41h
  ep12 shard 988/1720 loss=3.8e-05  best=-inf wall=4.414h
  ep12 shard 989/1720 loss=4.7e-05  best=-inf wall=4.42h
  ep12 shard 990/1720 loss=3.5e-05  best=-inf wall=4.425h
  ep12 shard 991/1720 loss=6.2e-05  best=-inf wall=4.429h
  ep12 shard 992/1720 loss=3.2e-05  best=-inf wall=4.433h
  ep12 shard 993/1720 loss=3.8e-05  best=-inf wall=4.438h
  ep12 shard 994/1720 loss=4.5e-05  best=-inf wall=4.443h
  ep12 shard 995/1720 loss=4.3e-05  best=-inf wall=4.448h
  ep12 shard 996/1720 loss=4e-05  best=-inf wall=4.453h
  ep12 shard 997/1720 loss=4.3e-05  best=-inf wall=4.457h
  ep12 shard 998/1720 loss=3.5e-05  best=-inf wall=4.459h
  ep12 shard 999/1720 loss=3.2e-05  best=-inf wall=4.464h
  ep12 shard 1000/1720 loss=4.2e-05  best=-inf wall=4.469h
  ep12 shard 1001/1720 loss=3.9e-05  best=-inf wall=4.474h
  ep12 shard 1002/1720 loss=4.3e-05  best=-inf wall=4.478h
  ep12 shard 1003/1720 loss=3.7e-05  best=-inf wall=4.483h
  ep12 shard 1004/1720 loss=3.6e-05  best=-inf wall=4.488h
  ep12 shard 1005/1720 loss=5e-05  best=-inf wall=4.493h
  ep12 shard 1006/1720 loss=6.1e-05  best=-inf wall=4.494h
  ep12 shard 1007/1720 loss=3.8e-05  best=-inf wall=4.498h
  ep12 shard 1008/1720 loss=4.1e-05  best=-inf wall=4.501h
  ep12 shard 1009/1720 loss=4.9e-05  best=-inf wall=4.506h
  ep12 shard 1010/1720 loss=4.5e-05  best=-inf wall=4.509h
  ep12 shard 1011/1720 loss=3.2e-05  best=-inf wall=4.514h
  ep12 shard 1012/1720 loss=4.2e-05  best=-inf wall=4.519h
  ep12 shard 1013/1720 loss=3e-05  best=-inf wall=4.524h
  ep12 shard 1014/1720 loss=5e-05  best=-inf wall=4.529h
  ep12 shard 1015/1720 loss=3.9e-05  best=-inf wall=4.533h
  ep12 shard 1016/1720 loss=4.3e-05  best=-inf wall=4.538h
  ep12 shard 1017/1720 loss=3.9e-05  best=-inf wall=4.543h
  ep12 shard 1018/1720 loss=4.2e-05  best=-inf wall=4.548h
  ep12 shard 1019/1720 loss=3.3e-05  best=-inf wall=4.553h
  ep12 shard 1020/1720 loss=3.4e-05  best=-inf wall=4.557h
  ep12 shard 1021/1720 loss=3.7e-05  best=-inf wall=4.562h
  ep12 shard 1022/1720 loss=4.2e-05  best=-inf wall=4.567h
  ep12 shard 1023/1720 loss=5.4e-05  best=-inf wall=4.572h
  ep12 shard 1024/1720 loss=4.1e-05  best=-inf wall=4.576h
  ep12 shard 1025/1720 loss=4.9e-05  best=-inf wall=4.581h
  ep12 shard 1026/1720 loss=4.5e-05  best=-inf wall=4.586h
  ep12 shard 1027/1720 loss=3.4e-05  best=-inf wall=4.588h
  ep12 shard 1028/1720 loss=4.6e-05  best=-inf wall=4.593h
  ep12 shard 1029/1720 loss=3.7e-05  best=-inf wall=4.598h
  ep12 shard 1030/1720 loss=3.9e-05  best=-inf wall=4.603h
  ep12 shard 1031/1720 loss=4.2e-05  best=-inf wall=4.606h
  ep12 shard 1032/1720 loss=3.4e-05  best=-inf wall=4.61h
  saved epoch checkpoint -> experiments/exp028-mlp/combined20/checkpoints/ep12.pt
  ep13 shard 1033/1720 loss=3.8e-05  best=-inf wall=4.614h
  ep13 shard 1034/1720 loss=5.3e-05  best=-inf wall=4.619h
  ep13 shard 1035/1720 loss=4.4e-05  best=-inf wall=4.624h
  ep13 shard 1036/1720 loss=3.4e-05  best=-inf wall=4.628h
  ep13 shard 1037/1720 loss=3.4e-05  best=-inf wall=4.633h
  ep13 shard 1038/1720 loss=4.4e-05  best=-inf wall=4.638h
  ep13 shard 1039/1720 loss=3.8e-05  best=-inf wall=4.643h
  ep13 shard 1040/1720 loss=4.3e-05  best=-inf wall=4.648h
  ep13 shard 1041/1720 loss=3.3e-05  best=-inf wall=4.653h
  ep13 shard 1042/1720 loss=3.6e-05  best=-inf wall=4.658h
  ep13 shard 1043/1720 loss=3.8e-05  best=-inf wall=4.663h
  ep13 shard 1044/1720 loss=3.1e-05  best=-inf wall=4.667h
  ep13 shard 1045/1720 loss=4.5e-05  best=-inf wall=4.672h
  ep13 shard 1046/1720 loss=4e-05  best=-inf wall=4.677h
  ep13 shard 1047/1720 loss=3.3e-05  best=-inf wall=4.682h
  ep13 shard 1048/1720 loss=4e-05  best=-inf wall=4.687h
  ep13 shard 1049/1720 loss=4.5e-05  best=-inf wall=4.692h
  ep13 shard 1050/1720 loss=4.1e-05  best=-inf wall=4.695h
  ep13 shard 1051/1720 loss=4.1e-05  best=-inf wall=4.698h
  ep13 shard 1052/1720 loss=4.1e-05  best=-inf wall=4.701h
  ep13 shard 1053/1720 loss=5.3e-05  best=-inf wall=4.706h
  ep13 shard 1054/1720 loss=2.8e-05  best=-inf wall=4.71h
  ep13 shard 1055/1720 loss=4.4e-05  best=-inf wall=4.715h
  ep13 shard 1056/1720 loss=6.8e-05  best=-inf wall=4.717h
  ep13 shard 1057/1720 loss=4.3e-05  best=-inf wall=4.722h
  ep13 shard 1058/1720 loss=2.5e-05  best=-inf wall=4.727h
  ep13 shard 1059/1720 loss=3.8e-05  best=-inf wall=4.732h
  ep13 shard 1060/1720 loss=4.4e-05  best=-inf wall=4.737h
  ep13 shard 1061/1720 loss=4.5e-05  best=-inf wall=4.742h
  ep13 shard 1062/1720 loss=3.4e-05  best=-inf wall=4.747h
  ep13 shard 1063/1720 loss=4.1e-05  best=-inf wall=4.749h
  ep13 shard 1064/1720 loss=4.2e-05  best=-inf wall=4.751h
  ep13 shard 1065/1720 loss=3e-05  best=-inf wall=4.755h
  ep13 shard 1066/1720 loss=3.8e-05  best=-inf wall=4.76h
  ep13 shard 1067/1720 loss=3.8e-05  best=-inf wall=4.765h
  ep13 shard 1068/1720 loss=3.7e-05  best=-inf wall=4.77h
  ep13 shard 1069/1720 loss=3.8e-05  best=-inf wall=4.775h
  ep13 shard 1070/1720 loss=4.1e-05  best=-inf wall=4.78h
  ep13 shard 1071/1720 loss=3.3e-05  best=-inf wall=4.784h
  ep13 shard 1072/1720 loss=4.4e-05  best=-inf wall=4.789h
  ep13 shard 1073/1720 loss=4.5e-05  best=-inf wall=4.794h
  ep13 shard 1074/1720 loss=4.6e-05  best=-inf wall=4.799h
  ep13 shard 1075/1720 loss=3.2e-05  best=-inf wall=4.804h
  ep13 shard 1076/1720 loss=3e-05  best=-inf wall=4.809h
  ep13 shard 1077/1720 loss=3.8e-05  best=-inf wall=4.814h
  ep13 shard 1078/1720 loss=4.1e-05  best=-inf wall=4.816h
  ep13 shard 1079/1720 loss=6.7e-05  best=-inf wall=4.821h
  ep13 shard 1080/1720 loss=3.2e-05  best=-inf wall=4.826h
  ep13 shard 1081/1720 loss=4.5e-05  best=-inf wall=4.831h
  ep13 shard 1082/1720 loss=3.2e-05  best=-inf wall=4.836h
  ep13 shard 1083/1720 loss=3.2e-05  best=-inf wall=4.841h
  ep13 shard 1084/1720 loss=3e-05  best=-inf wall=4.846h
  ep13 shard 1085/1720 loss=3.5e-05  best=-inf wall=4.85h
  ep13 shard 1086/1720 loss=3e-05  best=-inf wall=4.856h
  ep13 shard 1087/1720 loss=2.7e-05  best=-inf wall=4.86h
  ep13 shard 1088/1720 loss=4e-05  best=-inf wall=4.863h
  ep13 shard 1089/1720 loss=2.9e-05  best=-inf wall=4.868h
  ep13 shard 1090/1720 loss=3.3e-05  best=-inf wall=4.873h
  ep13 shard 1091/1720 loss=4.3e-05  best=-inf wall=4.878h
  ep13 shard 1092/1720 loss=4.6e-05  best=-inf wall=4.883h
  ep13 shard 1093/1720 loss=3.8e-05  best=-inf wall=4.886h
  ep13 shard 1094/1720 loss=2.8e-05  best=-inf wall=4.891h
  ep13 shard 1095/1720 loss=3e-05  best=-inf wall=4.895h
  ep13 shard 1096/1720 loss=4.5e-05  best=-inf wall=4.9h
  ep13 shard 1097/1720 loss=3.2e-05  best=-inf wall=4.905h
  ep13 shard 1098/1720 loss=3.9e-05  best=-inf wall=4.908h
  ep13 shard 1099/1720 loss=4.1e-05  best=-inf wall=4.913h
  ep13 shard 1100/1720 loss=3.1e-05  best=-inf wall=4.918h
  ep13 shard 1101/1720 loss=3.4e-05  best=-inf wall=4.922h
  ep13 shard 1102/1720 loss=3.4e-05  best=-inf wall=4.927h
  ep13 shard 1103/1720 loss=4.4e-05  best=-inf wall=4.931h
  ep13 shard 1104/1720 loss=4.9e-05  best=-inf wall=4.934h
  ep13 shard 1105/1720 loss=3.4e-05  best=-inf wall=4.939h
  ep13 shard 1106/1720 loss=4e-05  best=-inf wall=4.944h
  ep13 shard 1107/1720 loss=3.5e-05  best=-inf wall=4.947h
  ep13 shard 1108/1720 loss=6.6e-05  best=-inf wall=4.952h
  ep13 shard 1109/1720 loss=3.5e-05  best=-inf wall=4.955h
  ep13 shard 1110/1720 loss=3.8e-05  best=-inf wall=4.96h
  ep13 shard 1111/1720 loss=4e-05  best=-inf wall=4.963h
  ep13 shard 1112/1720 loss=3.3e-05  best=-inf wall=4.967h
  ep13 shard 1113/1720 loss=5.3e-05  best=-inf wall=4.972h
  ep13 shard 1114/1720 loss=3.4e-05  best=-inf wall=4.977h
  ep13 shard 1115/1720 loss=3.4e-05  best=-inf wall=4.982h
  ep13 shard 1116/1720 loss=5.8e-05  best=-inf wall=4.987h
  ep13 shard 1117/1720 loss=4.5e-05  best=-inf wall=4.991h
  ep13 shard 1118/1720 loss=3.8e-05  best=-inf wall=4.994h
  saved epoch checkpoint -> experiments/exp028-mlp/combined20/checkpoints/ep13.pt
  ep14 shard 1119/1720 loss=3.9e-05  best=-inf wall=4.999h
  ep14 shard 1120/1720 loss=3.9e-05  best=-inf wall=5.003h
  ep14 shard 1121/1720 loss=4.4e-05  best=-inf wall=5.008h
  ep14 shard 1122/1720 loss=3.1e-05  best=-inf wall=5.013h
  ep14 shard 1123/1720 loss=4.7e-05  best=-inf wall=5.018h
  ep14 shard 1124/1720 loss=4.9e-05  best=-inf wall=5.023h
  ep14 shard 1125/1720 loss=2.6e-05  best=-inf wall=5.028h
  ep14 shard 1126/1720 loss=3.7e-05  best=-inf wall=5.032h
  ep14 shard 1127/1720 loss=4.4e-05  best=-inf wall=5.037h
  ep14 shard 1128/1720 loss=4.2e-05  best=-inf wall=5.042h
  ep14 shard 1129/1720 loss=4.4e-05  best=-inf wall=5.045h
  ep14 shard 1130/1720 loss=4.2e-05  best=-inf wall=5.05h
  ep14 shard 1131/1720 loss=3.1e-05  best=-inf wall=5.055h
  ep14 shard 1132/1720 loss=3.3e-05  best=-inf wall=5.059h
  ep14 shard 1133/1720 loss=4.1e-05  best=-inf wall=5.064h
  ep14 shard 1134/1720 loss=3.4e-05  best=-inf wall=5.069h
  ep14 shard 1135/1720 loss=3.6e-05  best=-inf wall=5.074h
  ep14 shard 1136/1720 loss=3.7e-05  best=-inf wall=5.076h
  ep14 shard 1137/1720 loss=3.6e-05  best=-inf wall=5.081h
  ep14 shard 1138/1720 loss=3.1e-05  best=-inf wall=5.086h
  ep14 shard 1139/1720 loss=3.5e-05  best=-inf wall=5.091h
  ep14 shard 1140/1720 loss=3.3e-05  best=-inf wall=5.095h
  ep14 shard 1141/1720 loss=3.9e-05  best=-inf wall=5.1h
  ep14 shard 1142/1720 loss=3.6e-05  best=-inf wall=5.105h
  ep14 shard 1143/1720 loss=3.5e-05  best=-inf wall=5.11h
  ep14 shard 1144/1720 loss=3.9e-05  best=-inf wall=5.115h
  ep14 shard 1145/1720 loss=3.6e-05  best=-inf wall=5.12h
  ep14 shard 1146/1720 loss=4.2e-05  best=-inf wall=5.124h
  ep14 shard 1147/1720 loss=5.3e-05  best=-inf wall=5.129h
  ep14 shard 1148/1720 loss=3.9e-05  best=-inf wall=5.134h
  ep14 shard 1149/1720 loss=3.5e-05  best=-inf wall=5.137h
  ep14 shard 1150/1720 loss=3.4e-05  best=-inf wall=5.141h
  ep14 shard 1151/1720 loss=3.3e-05  best=-inf wall=5.147h
  ep14 shard 1152/1720 loss=4.4e-05  best=-inf wall=5.151h
  ep14 shard 1153/1720 loss=4.3e-05  best=-inf wall=5.156h
  ep14 shard 1154/1720 loss=3.9e-05  best=-inf wall=5.161h
  ep14 shard 1155/1720 loss=5.8e-05  best=-inf wall=5.166h
  ep14 shard 1156/1720 loss=4.2e-05  best=-inf wall=5.171h
  ep14 shard 1157/1720 loss=4.8e-05  best=-inf wall=5.176h
  ep14 shard 1158/1720 loss=3.9e-05  best=-inf wall=5.181h
  ep14 shard 1159/1720 loss=4.6e-05  best=-inf wall=5.186h
  ep14 shard 1160/1720 loss=3.5e-05  best=-inf wall=5.187h
  ep14 shard 1161/1720 loss=3.5e-05  best=-inf wall=5.192h
  ep14 shard 1162/1720 loss=3.7e-05  best=-inf wall=5.195h
  ep14 shard 1163/1720 loss=3.3e-05  best=-inf wall=5.199h
  ep14 shard 1164/1720 loss=3.5e-05  best=-inf wall=5.202h
  ep14 shard 1165/1720 loss=3.6e-05  best=-inf wall=5.207h
  ep14 shard 1166/1720 loss=3.5e-05  best=-inf wall=5.212h
  ep14 shard 1167/1720 loss=2.7e-05  best=-inf wall=5.214h
  ep14 shard 1168/1720 loss=3.2e-05  best=-inf wall=5.219h
  ep14 shard 1169/1720 loss=3.8e-05  best=-inf wall=5.224h
  ep14 shard 1170/1720 loss=3.5e-05  best=-inf wall=5.227h
  ep14 shard 1171/1720 loss=3.8e-05  best=-inf wall=5.231h
  ep14 shard 1172/1720 loss=3.4e-05  best=-inf wall=5.236h
  ep14 shard 1173/1720 loss=4.4e-05  best=-inf wall=5.241h
  ep14 shard 1174/1720 loss=4.5e-05  best=-inf wall=5.246h
  ep14 shard 1175/1720 loss=4e-05  best=-inf wall=5.25h
  ep14 shard 1176/1720 loss=4.4e-05  best=-inf wall=5.254h
  ep14 shard 1177/1720 loss=3.7e-05  best=-inf wall=5.257h
  ep14 shard 1178/1720 loss=3.7e-05  best=-inf wall=5.262h
  ep14 shard 1179/1720 loss=3e-05  best=-inf wall=5.266h
  ep14 shard 1180/1720 loss=3.7e-05  best=-inf wall=5.268h
  ep14 shard 1181/1720 loss=3.9e-05  best=-inf wall=5.273h
  ep14 shard 1182/1720 loss=4.2e-05  best=-inf wall=5.278h
  ep14 shard 1183/1720 loss=2.8e-05  best=-inf wall=5.283h
  ep14 shard 1184/1720 loss=4.2e-05  best=-inf wall=5.288h
  ep14 shard 1185/1720 loss=3.8e-05  best=-inf wall=5.293h
  ep14 shard 1186/1720 loss=6.9e-05  best=-inf wall=5.298h
  ep14 shard 1187/1720 loss=4e-05  best=-inf wall=5.3h
  ep14 shard 1188/1720 loss=3.3e-05  best=-inf wall=5.305h
  ep14 shard 1189/1720 loss=3.7e-05  best=-inf wall=5.31h
  ep14 shard 1190/1720 loss=2.9e-05  best=-inf wall=5.315h
  ep14 shard 1191/1720 loss=4.5e-05  best=-inf wall=5.319h
  ep14 shard 1192/1720 loss=3.4e-05  best=-inf wall=5.321h
  ep14 shard 1193/1720 loss=4.3e-05  best=-inf wall=5.326h
  ep14 shard 1194/1720 loss=4.9e-05  best=-inf wall=5.331h
  ep14 shard 1195/1720 loss=3.5e-05  best=-inf wall=5.334h
  ep14 shard 1196/1720 loss=3.8e-05  best=-inf wall=5.338h
  ep14 shard 1197/1720 loss=4.3e-05  best=-inf wall=5.343h
  ep14 shard 1198/1720 loss=3.5e-05  best=-inf wall=5.348h
  ep14 shard 1199/1720 loss=3.8e-05  best=-inf wall=5.353h
  ep14 shard 1200/1720 loss=3.8e-05  best=-inf wall=5.358h
  ep14 shard 1201/1720 loss=2.8e-05  best=-inf wall=5.362h
  ep14 shard 1202/1720 loss=3.8e-05  best=-inf wall=5.367h
  ep14 shard 1203/1720 loss=4.1e-05  best=-inf wall=5.372h
  ep14 shard 1204/1720 loss=4.4e-05  best=-inf wall=5.377h
  saved epoch checkpoint -> experiments/exp028-mlp/combined20/checkpoints/ep14.pt
  ep15 shard 1205/1720 loss=3.4e-05  best=-inf wall=5.381h
  ep15 shard 1206/1720 loss=2.6e-05  best=-inf wall=5.386h
  ep15 shard 1207/1720 loss=4.5e-05  best=-inf wall=5.39h
  ep15 shard 1208/1720 loss=4.5e-05  best=-inf wall=5.395h
  ep15 shard 1209/1720 loss=3.6e-05  best=-inf wall=5.4h
  ep15 shard 1210/1720 loss=3.7e-05  best=-inf wall=5.403h
  ep15 shard 1211/1720 loss=3.2e-05  best=-inf wall=5.408h
  ep15 shard 1212/1720 loss=3.1e-05  best=-inf wall=5.413h
  ep15 shard 1213/1720 loss=4e-05  best=-inf wall=5.418h
  ep15 shard 1214/1720 loss=4.1e-05  best=-inf wall=5.423h
  ep15 shard 1215/1720 loss=3.6e-05  best=-inf wall=5.428h
  ep15 shard 1216/1720 loss=4.3e-05  best=-inf wall=5.433h
  ep15 shard 1217/1720 loss=4.1e-05  best=-inf wall=5.436h
  ep15 shard 1218/1720 loss=3.8e-05  best=-inf wall=5.438h
  ep15 shard 1219/1720 loss=3.5e-05  best=-inf wall=5.443h
  ep15 shard 1220/1720 loss=3.4e-05  best=-inf wall=5.447h
  ep15 shard 1221/1720 loss=4.8e-05  best=-inf wall=5.452h
  ep15 shard 1222/1720 loss=3.5e-05  best=-inf wall=5.457h
  ep15 shard 1223/1720 loss=3.2e-05  best=-inf wall=5.458h
  ep15 shard 1224/1720 loss=4.3e-05  best=-inf wall=5.461h
  ep15 shard 1225/1720 loss=3.2e-05  best=-inf wall=5.466h
  ep15 shard 1226/1720 loss=3.2e-05  best=-inf wall=5.471h
  ep15 shard 1227/1720 loss=3.4e-05  best=-inf wall=5.476h
  ep15 shard 1228/1720 loss=3.9e-05  best=-inf wall=5.481h
  ep15 shard 1229/1720 loss=2.9e-05  best=-inf wall=5.485h
  ep15 shard 1230/1720 loss=3.6e-05  best=-inf wall=5.49h
  ep15 shard 1231/1720 loss=3e-05  best=-inf wall=5.495h
  ep15 shard 1232/1720 loss=3.4e-05  best=-inf wall=5.5h
  ep15 shard 1233/1720 loss=3.3e-05  best=-inf wall=5.502h
  ep15 shard 1234/1720 loss=4.1e-05  best=-inf wall=5.508h
  ep15 shard 1235/1720 loss=3e-05  best=-inf wall=5.512h
  ep15 shard 1236/1720 loss=3.1e-05  best=-inf wall=5.517h
  ep15 shard 1237/1720 loss=3.9e-05  best=-inf wall=5.519h
  ep15 shard 1238/1720 loss=3e-05  best=-inf wall=5.524h
  ep15 shard 1239/1720 loss=4.2e-05  best=-inf wall=5.529h
  ep15 shard 1240/1720 loss=3.2e-05  best=-inf wall=5.534h
  ep15 shard 1241/1720 loss=3.3e-05  best=-inf wall=5.539h
  ep15 shard 1242/1720 loss=3.5e-05  best=-inf wall=5.544h
  ep15 shard 1243/1720 loss=3.7e-05  best=-inf wall=5.549h
  ep15 shard 1244/1720 loss=3.3e-05  best=-inf wall=5.554h
  ep15 shard 1245/1720 loss=3.7e-05  best=-inf wall=5.559h
  ep15 shard 1246/1720 loss=3.2e-05  best=-inf wall=5.564h
  ep15 shard 1247/1720 loss=3.1e-05  best=-inf wall=5.569h
  ep15 shard 1248/1720 loss=4.3e-05  best=-inf wall=5.572h
  ep15 shard 1249/1720 loss=3.5e-05  best=-inf wall=5.577h
  ep15 shard 1250/1720 loss=3.9e-05  best=-inf wall=5.582h
  ep15 shard 1251/1720 loss=3.5e-05  best=-inf wall=5.587h
  ep15 shard 1252/1720 loss=3.9e-05  best=-inf wall=5.592h
  ep15 shard 1253/1720 loss=5e-05  best=-inf wall=5.597h
  ep15 shard 1254/1720 loss=3.4e-05  best=-inf wall=5.601h
  ep15 shard 1255/1720 loss=2.6e-05  best=-inf wall=5.606h
  ep15 shard 1256/1720 loss=4.1e-05  best=-inf wall=5.611h
  ep15 shard 1257/1720 loss=5e-05  best=-inf wall=5.616h
  ep15 shard 1258/1720 loss=3.3e-05  best=-inf wall=5.622h
  ep15 shard 1259/1720 loss=4.3e-05  best=-inf wall=5.624h
  ep15 shard 1260/1720 loss=3.6e-05  best=-inf wall=5.627h
  ep15 shard 1261/1720 loss=4e-05  best=-inf wall=5.632h
  ep15 shard 1262/1720 loss=3.6e-05  best=-inf wall=5.637h
  ep15 shard 1263/1720 loss=3.8e-05  best=-inf wall=5.641h
  ep15 shard 1264/1720 loss=3.1e-05  best=-inf wall=5.646h
  ep15 shard 1265/1720 loss=3.4e-05  best=-inf wall=5.651h
  ep15 shard 1266/1720 loss=2.6e-05  best=-inf wall=5.652h
  ep15 shard 1267/1720 loss=3.1e-05  best=-inf wall=5.656h
  ep15 shard 1268/1720 loss=3.5e-05  best=-inf wall=5.659h
  ep15 shard 1269/1720 loss=4.5e-05  best=-inf wall=5.664h
  ep15 shard 1270/1720 loss=4.7e-05  best=-inf wall=5.669h
  ep15 shard 1271/1720 loss=4e-05  best=-inf wall=5.673h
  ep15 shard 1272/1720 loss=5.3e-05  best=-inf wall=5.678h
  ep15 shard 1273/1720 loss=2.8e-05  best=-inf wall=5.683h
  ep15 shard 1274/1720 loss=2.5e-05  best=-inf wall=5.688h
  ep15 shard 1275/1720 loss=2.4e-05  best=-inf wall=5.693h
  ep15 shard 1276/1720 loss=2.9e-05  best=-inf wall=5.698h
  ep15 shard 1277/1720 loss=3.3e-05  best=-inf wall=5.703h
  ep15 shard 1278/1720 loss=3.1e-05  best=-inf wall=5.708h
  ep15 shard 1279/1720 loss=5.6e-05  best=-inf wall=5.713h
  ep15 shard 1280/1720 loss=3.2e-05  best=-inf wall=5.717h
  ep15 shard 1281/1720 loss=3.7e-05  best=-inf wall=5.721h
  ep15 shard 1282/1720 loss=4e-05  best=-inf wall=5.726h
  ep15 shard 1283/1720 loss=4.7e-05  best=-inf wall=5.73h
  ep15 shard 1284/1720 loss=5.6e-05  best=-inf wall=5.735h
  ep15 shard 1285/1720 loss=3.5e-05  best=-inf wall=5.738h
  ep15 shard 1286/1720 loss=3.7e-05  best=-inf wall=5.742h
  ep15 shard 1287/1720 loss=3.8e-05  best=-inf wall=5.747h
  ep15 shard 1288/1720 loss=3.1e-05  best=-inf wall=5.752h
  ep15 shard 1289/1720 loss=4.2e-05  best=-inf wall=5.757h
  ep15 shard 1290/1720 loss=3.6e-05  best=-inf wall=5.762h
  saved epoch checkpoint -> experiments/exp028-mlp/combined20/checkpoints/ep15.pt
  ep16 shard 1291/1720 loss=3.6e-05  best=-inf wall=5.764h
  ep16 shard 1292/1720 loss=3.2e-05  best=-inf wall=5.769h
  ep16 shard 1293/1720 loss=3.2e-05  best=-inf wall=5.775h
  ep16 shard 1294/1720 loss=3.8e-05  best=-inf wall=5.779h
  ep16 shard 1295/1720 loss=3.8e-05  best=-inf wall=5.78h
  ep16 shard 1296/1720 loss=3.4e-05  best=-inf wall=5.785h
  ep16 shard 1297/1720 loss=3.4e-05  best=-inf wall=5.788h
  ep16 shard 1298/1720 loss=3.3e-05  best=-inf wall=5.791h
  ep16 shard 1299/1720 loss=4.2e-05  best=-inf wall=5.796h
  ep16 shard 1300/1720 loss=2.3e-05  best=-inf wall=5.801h
  ep16 shard 1301/1720 loss=3.3e-05  best=-inf wall=5.806h
  ep16 shard 1302/1720 loss=2.7e-05  best=-inf wall=5.809h
  ep16 shard 1303/1720 loss=3.3e-05  best=-inf wall=5.814h
  ep16 shard 1304/1720 loss=4e-05  best=-inf wall=5.818h
  ep16 shard 1305/1720 loss=3.9e-05  best=-inf wall=5.823h
  ep16 shard 1306/1720 loss=5.4e-05  best=-inf wall=5.828h
  ep16 shard 1307/1720 loss=3.3e-05  best=-inf wall=5.833h
  ep16 shard 1308/1720 loss=4.3e-05  best=-inf wall=5.838h
  ep16 shard 1309/1720 loss=3.1e-05  best=-inf wall=5.843h
  ep16 shard 1310/1720 loss=3.8e-05  best=-inf wall=5.846h
  ep16 shard 1311/1720 loss=3e-05  best=-inf wall=5.851h
  ep16 shard 1312/1720 loss=3.7e-05  best=-inf wall=5.856h
  ep16 shard 1313/1720 loss=3.5e-05  best=-inf wall=5.861h
  ep16 shard 1314/1720 loss=3.2e-05  best=-inf wall=5.865h
  ep16 shard 1315/1720 loss=3.7e-05  best=-inf wall=5.87h
  ep16 shard 1316/1720 loss=4.2e-05  best=-inf wall=5.875h
  ep16 shard 1317/1720 loss=3.3e-05  best=-inf wall=5.88h
  ep16 shard 1318/1720 loss=3.2e-05  best=-inf wall=5.885h
  ep16 shard 1319/1720 loss=4.7e-05  best=-inf wall=5.887h
  ep16 shard 1320/1720 loss=3e-05  best=-inf wall=5.892h
  ep16 shard 1321/1720 loss=3.6e-05  best=-inf wall=5.895h
  ep16 shard 1322/1720 loss=3e-05  best=-inf wall=5.9h
  ep16 shard 1323/1720 loss=3.4e-05  best=-inf wall=5.905h
  ep16 shard 1324/1720 loss=3.1e-05  best=-inf wall=5.91h
  ep16 shard 1325/1720 loss=2.9e-05  best=-inf wall=5.915h
  ep16 shard 1326/1720 loss=4.3e-05  best=-inf wall=5.92h
  ep16 shard 1327/1720 loss=4.9e-05  best=-inf wall=5.924h
  ep16 shard 1328/1720 loss=3.5e-05  best=-inf wall=5.929h
  ep16 shard 1329/1720 loss=3.7e-05  best=-inf wall=5.934h
  ep16 shard 1330/1720 loss=2.6e-05  best=-inf wall=5.939h
  ep16 shard 1331/1720 loss=3.7e-05  best=-inf wall=5.941h
  ep16 shard 1332/1720 loss=4.1e-05  best=-inf wall=5.946h
  ep16 shard 1333/1720 loss=2.7e-05  best=-inf wall=5.949h
  ep16 shard 1334/1720 loss=4.1e-05  best=-inf wall=5.954h
  ep16 shard 1335/1720 loss=3.7e-05  best=-inf wall=5.958h
  ep16 shard 1336/1720 loss=3e-05  best=-inf wall=5.962h
  ep16 shard 1337/1720 loss=3.1e-05  best=-inf wall=5.965h
  ep16 shard 1338/1720 loss=4e-05  best=-inf wall=5.97h
  ep16 shard 1339/1720 loss=3e-05  best=-inf wall=5.973h
  ep16 shard 1340/1720 loss=4.5e-05  best=-inf wall=5.978h
  ep16 shard 1341/1720 loss=3.3e-05  best=-inf wall=5.983h
  ep16 shard 1342/1720 loss=4.2e-05  best=-inf wall=5.987h
  ep16 shard 1343/1720 loss=4.1e-05  best=-inf wall=5.992h
  ep16 shard 1344/1720 loss=4.2e-05  best=-inf wall=5.997h
  ep16 shard 1345/1720 loss=3.9e-05  best=-inf wall=6.002h
  ep16 shard 1346/1720 loss=2.9e-05  best=-inf wall=6.007h
  ep16 shard 1347/1720 loss=3.7e-05  best=-inf wall=6.011h
  ep16 shard 1348/1720 loss=4.5e-05  best=-inf wall=6.015h
  ep16 shard 1349/1720 loss=3.6e-05  best=-inf wall=6.02h
  ep16 shard 1350/1720 loss=4e-05  best=-inf wall=6.025h
  ep16 shard 1351/1720 loss=2.8e-05  best=-inf wall=6.03h
  ep16 shard 1352/1720 loss=3.4e-05  best=-inf wall=6.033h
  ep16 shard 1353/1720 loss=3.8e-05  best=-inf wall=6.038h
  ep16 shard 1354/1720 loss=3.4e-05  best=-inf wall=6.043h
  ep16 shard 1355/1720 loss=4.5e-05  best=-inf wall=6.048h
  ep16 shard 1356/1720 loss=3.1e-05  best=-inf wall=6.053h
  ep16 shard 1357/1720 loss=3.6e-05  best=-inf wall=6.058h
  ep16 shard 1358/1720 loss=3.3e-05  best=-inf wall=6.063h
  ep16 shard 1359/1720 loss=3.6e-05  best=-inf wall=6.067h
  ep16 shard 1360/1720 loss=3.6e-05  best=-inf wall=6.072h
  ep16 shard 1361/1720 loss=4.2e-05  best=-inf wall=6.077h
  ep16 shard 1362/1720 loss=3.1e-05  best=-inf wall=6.082h
  ep16 shard 1363/1720 loss=4.3e-05  best=-inf wall=6.084h
  ep16 shard 1364/1720 loss=2.5e-05  best=-inf wall=6.089h
  ep16 shard 1365/1720 loss=3.1e-05  best=-inf wall=6.094h
  ep16 shard 1366/1720 loss=3.7e-05  best=-inf wall=6.099h
  ep16 shard 1367/1720 loss=4.2e-05  best=-inf wall=6.103h
  ep16 shard 1368/1720 loss=3.3e-05  best=-inf wall=6.108h
  ep16 shard 1369/1720 loss=3.4e-05  best=-inf wall=6.112h
  ep16 shard 1370/1720 loss=4.1e-05  best=-inf wall=6.116h
  ep16 shard 1371/1720 loss=3.2e-05  best=-inf wall=6.121h
  ep16 shard 1372/1720 loss=3.3e-05  best=-inf wall=6.126h
  ep16 shard 1373/1720 loss=3.9e-05  best=-inf wall=6.131h
  ep16 shard 1374/1720 loss=4e-05  best=-inf wall=6.136h
  ep16 shard 1375/1720 loss=2.9e-05  best=-inf wall=6.141h
  ep16 shard 1376/1720 loss=3.2e-05  best=-inf wall=6.145h
  saved epoch checkpoint -> experiments/exp028-mlp/combined20/checkpoints/ep16.pt
  ep17 shard 1377/1720 loss=3.9e-05  best=-inf wall=6.149h
  ep17 shard 1378/1720 loss=2.8e-05  best=-inf wall=6.153h
  ep17 shard 1379/1720 loss=3.9e-05  best=-inf wall=6.158h
  ep17 shard 1380/1720 loss=4e-05  best=-inf wall=6.16h
  ep17 shard 1381/1720 loss=3.3e-05  best=-inf wall=6.162h
  ep17 shard 1382/1720 loss=3.4e-05  best=-inf wall=6.167h
  ep17 shard 1383/1720 loss=3.6e-05  best=-inf wall=6.171h
  ep17 shard 1384/1720 loss=3e-05  best=-inf wall=6.176h
  ep17 shard 1385/1720 loss=3.5e-05  best=-inf wall=6.181h
  ep17 shard 1386/1720 loss=3.2e-05  best=-inf wall=6.184h
  ep17 shard 1387/1720 loss=3.1e-05  best=-inf wall=6.185h
  ep17 shard 1388/1720 loss=2.7e-05  best=-inf wall=6.19h
  ep17 shard 1389/1720 loss=3.1e-05  best=-inf wall=6.195h
  ep17 shard 1390/1720 loss=4.7e-05  best=-inf wall=6.2h
  ep17 shard 1391/1720 loss=3e-05  best=-inf wall=6.205h
  ep17 shard 1392/1720 loss=4.9e-05  best=-inf wall=6.21h
  ep17 shard 1393/1720 loss=4.2e-05  best=-inf wall=6.215h
  ep17 shard 1394/1720 loss=3.3e-05  best=-inf wall=6.22h
  ep17 shard 1395/1720 loss=3.7e-05  best=-inf wall=6.224h
  ep17 shard 1396/1720 loss=3.8e-05  best=-inf wall=6.229h
  ep17 shard 1397/1720 loss=2.9e-05  best=-inf wall=6.233h
  ep17 shard 1398/1720 loss=3.6e-05  best=-inf wall=6.236h
  ep17 shard 1399/1720 loss=2.6e-05  best=-inf wall=6.241h
  ep17 shard 1400/1720 loss=4.2e-05  best=-inf wall=6.246h
  ep17 shard 1401/1720 loss=4.1e-05  best=-inf wall=6.251h
  ep17 shard 1402/1720 loss=4.9e-05  best=-inf wall=6.256h
  ep17 shard 1403/1720 loss=4.5e-05  best=-inf wall=6.261h
  ep17 shard 1404/1720 loss=4.5e-05  best=-inf wall=6.262h
  ep17 shard 1405/1720 loss=4.1e-05  best=-inf wall=6.267h
  ep17 shard 1406/1720 loss=4.1e-05  best=-inf wall=6.272h
  ep17 shard 1407/1720 loss=3.5e-05  best=-inf wall=6.277h
  ep17 shard 1408/1720 loss=3.6e-05  best=-inf wall=6.282h
  ep17 shard 1409/1720 loss=4.7e-05  best=-inf wall=6.285h
  ep17 shard 1410/1720 loss=3.6e-05  best=-inf wall=6.29h
  ep17 shard 1411/1720 loss=3.3e-05  best=-inf wall=6.294h
  ep17 shard 1412/1720 loss=3.3e-05  best=-inf wall=6.299h
  ep17 shard 1413/1720 loss=3.5e-05  best=-inf wall=6.303h
  ep17 shard 1414/1720 loss=4.2e-05  best=-inf wall=6.307h
  ep17 shard 1415/1720 loss=3.7e-05  best=-inf wall=6.311h
  ep17 shard 1416/1720 loss=2.9e-05  best=-inf wall=6.316h
  ep17 shard 1417/1720 loss=3.8e-05  best=-inf wall=6.321h
  ep17 shard 1418/1720 loss=4.1e-05  best=-inf wall=6.325h
  ep17 shard 1419/1720 loss=3.3e-05  best=-inf wall=6.33h
  ep17 shard 1420/1720 loss=3.9e-05  best=-inf wall=6.335h
  ep17 shard 1421/1720 loss=2.6e-05  best=-inf wall=6.338h
  ep17 shard 1422/1720 loss=3.3e-05  best=-inf wall=6.342h
  ep17 shard 1423/1720 loss=3.7e-05  best=-inf wall=6.347h
  ep17 shard 1424/1720 loss=3.1e-05  best=-inf wall=6.353h
  ep17 shard 1425/1720 loss=3e-05  best=-inf wall=6.357h
  ep17 shard 1426/1720 loss=3.7e-05  best=-inf wall=6.362h
  ep17 shard 1427/1720 loss=3.1e-05  best=-inf wall=6.367h
  ep17 shard 1428/1720 loss=3.6e-05  best=-inf wall=6.372h
  ep17 shard 1429/1720 loss=3.9e-05  best=-inf wall=6.377h
  ep17 shard 1430/1720 loss=3.2e-05  best=-inf wall=6.382h
  ep17 shard 1431/1720 loss=2.5e-05  best=-inf wall=6.387h
  ep17 shard 1432/1720 loss=3.6e-05  best=-inf wall=6.39h
  ep17 shard 1433/1720 loss=2.9e-05  best=-inf wall=6.395h
  ep17 shard 1434/1720 loss=3.1e-05  best=-inf wall=6.4h
  ep17 shard 1435/1720 loss=2.6e-05  best=-inf wall=6.405h
  ep17 shard 1436/1720 loss=3.8e-05  best=-inf wall=6.41h
  ep17 shard 1437/1720 loss=3.3e-05  best=-inf wall=6.415h
  ep17 shard 1438/1720 loss=3e-05  best=-inf wall=6.419h
  ep17 shard 1439/1720 loss=2.4e-05  best=-inf wall=6.424h
  ep17 shard 1440/1720 loss=2.6e-05  best=-inf wall=6.43h
  ep17 shard 1441/1720 loss=4.2e-05  best=-inf wall=6.435h
  ep17 shard 1442/1720 loss=5.6e-05  best=-inf wall=6.44h
  ep17 shard 1443/1720 loss=3.5e-05  best=-inf wall=6.443h
  ep17 shard 1444/1720 loss=3.5e-05  best=-inf wall=6.446h
  ep17 shard 1445/1720 loss=3.8e-05  best=-inf wall=6.451h
  ep17 shard 1446/1720 loss=2.9e-05  best=-inf wall=6.456h
  ep17 shard 1447/1720 loss=2.9e-05  best=-inf wall=6.461h
  ep17 shard 1448/1720 loss=3.3e-05  best=-inf wall=6.466h
  ep17 shard 1449/1720 loss=3e-05  best=-inf wall=6.472h
  ep17 shard 1450/1720 loss=3e-05  best=-inf wall=6.476h
  ep17 shard 1451/1720 loss=3e-05  best=-inf wall=6.481h
  ep17 shard 1452/1720 loss=3.4e-05  best=-inf wall=6.484h
  ep17 shard 1453/1720 loss=2.7e-05  best=-inf wall=6.486h
  ep17 shard 1454/1720 loss=3.3e-05  best=-inf wall=6.489h
  ep17 shard 1455/1720 loss=2.9e-05  best=-inf wall=6.494h
  ep17 shard 1456/1720 loss=4.3e-05  best=-inf wall=6.499h
  ep17 shard 1457/1720 loss=4e-05  best=-inf wall=6.504h
  ep17 shard 1458/1720 loss=2.7e-05  best=-inf wall=6.509h
  ep17 shard 1459/1720 loss=3.6e-05  best=-inf wall=6.514h
  ep17 shard 1460/1720 loss=3.1e-05  best=-inf wall=6.519h
  ep17 shard 1461/1720 loss=4.6e-05  best=-inf wall=6.524h
  ep17 shard 1462/1720 loss=3.4e-05  best=-inf wall=6.529h
  saved epoch checkpoint -> experiments/exp028-mlp/combined20/checkpoints/ep17.pt
  ep18 shard 1463/1720 loss=3e-05  best=-inf wall=6.534h
  ep18 shard 1464/1720 loss=4e-05  best=-inf wall=6.539h
  ep18 shard 1465/1720 loss=4.4e-05  best=-inf wall=6.542h
  ep18 shard 1466/1720 loss=3.6e-05  best=-inf wall=6.547h
  ep18 shard 1467/1720 loss=2.8e-05  best=-inf wall=6.552h
  ep18 shard 1468/1720 loss=3.6e-05  best=-inf wall=6.556h
  ep18 shard 1469/1720 loss=3.5e-05  best=-inf wall=6.561h
  ep18 shard 1470/1720 loss=3.3e-05  best=-inf wall=6.566h
  ep18 shard 1471/1720 loss=3.7e-05  best=-inf wall=6.571h
  ep18 shard 1472/1720 loss=2.9e-05  best=-inf wall=6.576h
  ep18 shard 1473/1720 loss=2.5e-05  best=-inf wall=6.581h
  ep18 shard 1474/1720 loss=3.1e-05  best=-inf wall=6.586h
  ep18 shard 1475/1720 loss=2.6e-05  best=-inf wall=6.591h
  ep18 shard 1476/1720 loss=3.3e-05  best=-inf wall=6.593h
  ep18 shard 1477/1720 loss=3.6e-05  best=-inf wall=6.596h
  ep18 shard 1478/1720 loss=3.7e-05  best=-inf wall=6.601h
  ep18 shard 1479/1720 loss=2.8e-05  best=-inf wall=6.605h
  ep18 shard 1480/1720 loss=4e-05  best=-inf wall=6.61h
  ep18 shard 1481/1720 loss=3e-05  best=-inf wall=6.615h
  ep18 shard 1482/1720 loss=3.9e-05  best=-inf wall=6.62h
  ep18 shard 1483/1720 loss=3.8e-05  best=-inf wall=6.624h
  ep18 shard 1484/1720 loss=3.3e-05  best=-inf wall=6.629h
  ep18 shard 1485/1720 loss=3e-05  best=-inf wall=6.63h
  ep18 shard 1486/1720 loss=2.8e-05  best=-inf wall=6.633h
  ep18 shard 1487/1720 loss=2.7e-05  best=-inf wall=6.638h
  ep18 shard 1488/1720 loss=3e-05  best=-inf wall=6.643h
  ep18 shard 1489/1720 loss=3.6e-05  best=-inf wall=6.648h
  ep18 shard 1490/1720 loss=3.7e-05  best=-inf wall=6.653h
  ep18 shard 1491/1720 loss=3.6e-05  best=-inf wall=6.658h
  ep18 shard 1492/1720 loss=2.4e-05  best=-inf wall=6.663h
  ep18 shard 1493/1720 loss=3.6e-05  best=-inf wall=6.667h
  ep18 shard 1494/1720 loss=3.2e-05  best=-inf wall=6.672h
  ep18 shard 1495/1720 loss=3.4e-05  best=-inf wall=6.677h
  ep18 shard 1496/1720 loss=4.4e-05  best=-inf wall=6.682h
  ep18 shard 1497/1720 loss=2.8e-05  best=-inf wall=6.687h
  ep18 shard 1498/1720 loss=3.1e-05  best=-inf wall=6.691h
  ep18 shard 1499/1720 loss=3.1e-05  best=-inf wall=6.696h
  ep18 shard 1500/1720 loss=2.6e-05  best=-inf wall=6.699h
  ep18 shard 1501/1720 loss=3.4e-05  best=-inf wall=6.701h
  ep18 shard 1502/1720 loss=3.3e-05  best=-inf wall=6.706h
  ep18 shard 1503/1720 loss=3e-05  best=-inf wall=6.711h
  ep18 shard 1504/1720 loss=3.8e-05  best=-inf wall=6.716h
  ep18 shard 1505/1720 loss=3.2e-05  best=-inf wall=6.721h
  ep18 shard 1506/1720 loss=4.2e-05  best=-inf wall=6.725h
  ep18 shard 1507/1720 loss=3.9e-05  best=-inf wall=6.73h
  ep18 shard 1508/1720 loss=3.7e-05  best=-inf wall=6.734h
  ep18 shard 1509/1720 loss=3.2e-05  best=-inf wall=6.737h
  ep18 shard 1510/1720 loss=4.3e-05  best=-inf wall=6.742h
  ep18 shard 1511/1720 loss=3.8e-05  best=-inf wall=6.746h
  ep18 shard 1512/1720 loss=4.3e-05  best=-inf wall=6.751h
  ep18 shard 1513/1720 loss=3.5e-05  best=-inf wall=6.754h
  ep18 shard 1514/1720 loss=3.2e-05  best=-inf wall=6.759h
  ep18 shard 1515/1720 loss=3.6e-05  best=-inf wall=6.764h
  ep18 shard 1516/1720 loss=2.7e-05  best=-inf wall=6.769h
  ep18 shard 1517/1720 loss=3.7e-05  best=-inf wall=6.772h
  ep18 shard 1518/1720 loss=2.7e-05  best=-inf wall=6.776h
  ep18 shard 1519/1720 loss=3.7e-05  best=-inf wall=6.782h
  ep18 shard 1520/1720 loss=4.1e-05  best=-inf wall=6.785h
  ep18 shard 1521/1720 loss=4.3e-05  best=-inf wall=6.791h
  ep18 shard 1522/1720 loss=3.8e-05  best=-inf wall=6.796h
  ep18 shard 1523/1720 loss=3.7e-05  best=-inf wall=6.8h
  ep18 shard 1524/1720 loss=3.9e-05  best=-inf wall=6.803h
  ep18 shard 1525/1720 loss=2.6e-05  best=-inf wall=6.808h
  ep18 shard 1526/1720 loss=3.3e-05  best=-inf wall=6.813h
  ep18 shard 1527/1720 loss=3.3e-05  best=-inf wall=6.818h
  ep18 shard 1528/1720 loss=3.5e-05  best=-inf wall=6.823h
  ep18 shard 1529/1720 loss=2.8e-05  best=-inf wall=6.828h
  ep18 shard 1530/1720 loss=3.6e-05  best=-inf wall=6.833h
  ep18 shard 1531/1720 loss=3.2e-05  best=-inf wall=6.834h
  ep18 shard 1532/1720 loss=3.1e-05  best=-inf wall=6.839h
  ep18 shard 1533/1720 loss=3.3e-05  best=-inf wall=6.844h
  ep18 shard 1534/1720 loss=3.6e-05  best=-inf wall=6.849h
  ep18 shard 1535/1720 loss=4.3e-05  best=-inf wall=6.853h
  ep18 shard 1536/1720 loss=3.3e-05  best=-inf wall=6.858h
  ep18 shard 1537/1720 loss=4e-05  best=-inf wall=6.863h
  ep18 shard 1538/1720 loss=3.1e-05  best=-inf wall=6.867h
  ep18 shard 1539/1720 loss=3e-05  best=-inf wall=6.872h
  ep18 shard 1540/1720 loss=3.1e-05  best=-inf wall=6.876h
  ep18 shard 1541/1720 loss=3.3e-05  best=-inf wall=6.878h
  ep18 shard 1542/1720 loss=4.4e-05  best=-inf wall=6.882h
  ep18 shard 1543/1720 loss=2.8e-05  best=-inf wall=6.887h
  ep18 shard 1544/1720 loss=2.9e-05  best=-inf wall=6.892h
  ep18 shard 1545/1720 loss=3.4e-05  best=-inf wall=6.897h
  ep18 shard 1546/1720 loss=2.5e-05  best=-inf wall=6.902h
  ep18 shard 1547/1720 loss=2.7e-05  best=-inf wall=6.907h
  ep18 shard 1548/1720 loss=3.7e-05  best=-inf wall=6.912h
  saved epoch checkpoint -> experiments/exp028-mlp/combined20/checkpoints/ep18.pt
  ep19 shard 1549/1720 loss=2.4e-05  best=-inf wall=6.917h
  ep19 shard 1550/1720 loss=3.4e-05  best=-inf wall=6.92h
  ep19 shard 1551/1720 loss=3.3e-05  best=-inf wall=6.925h
  ep19 shard 1552/1720 loss=5.2e-05  best=-inf wall=6.929h
  ep19 shard 1553/1720 loss=3.9e-05  best=-inf wall=6.933h
  ep19 shard 1554/1720 loss=3.8e-05  best=-inf wall=6.935h
  ep19 shard 1555/1720 loss=3.1e-05  best=-inf wall=6.941h
  ep19 shard 1556/1720 loss=4.2e-05  best=-inf wall=6.946h
  ep19 shard 1557/1720 loss=3.3e-05  best=-inf wall=6.95h
  ep19 shard 1558/1720 loss=4.6e-05  best=-inf wall=6.952h
  ep19 shard 1559/1720 loss=3.7e-05  best=-inf wall=6.957h
  ep19 shard 1560/1720 loss=2.7e-05  best=-inf wall=6.962h
  ep19 shard 1561/1720 loss=3.9e-05  best=-inf wall=6.967h
  ep19 shard 1562/1720 loss=3.7e-05  best=-inf wall=6.972h
  ep19 shard 1563/1720 loss=3.7e-05  best=-inf wall=6.976h
  ep19 shard 1564/1720 loss=3.3e-05  best=-inf wall=6.98h
  ep19 shard 1565/1720 loss=3.3e-05  best=-inf wall=6.983h
  ep19 shard 1566/1720 loss=3.4e-05  best=-inf wall=6.987h
  ep19 shard 1567/1720 loss=3.2e-05  best=-inf wall=6.99h
  ep19 shard 1568/1720 loss=3.6e-05  best=-inf wall=6.994h
  ep19 shard 1569/1720 loss=3.3e-05  best=-inf wall=6.999h
  ep19 shard 1570/1720 loss=3.7e-05  best=-inf wall=7.004h
  ep19 shard 1571/1720 loss=3.1e-05  best=-inf wall=7.009h
  ep19 shard 1572/1720 loss=3.5e-05  best=-inf wall=7.014h
  ep19 shard 1573/1720 loss=3.3e-05  best=-inf wall=7.019h
  ep19 shard 1574/1720 loss=3.5e-05  best=-inf wall=7.022h
  ep19 shard 1575/1720 loss=3.9e-05  best=-inf wall=7.027h
  ep19 shard 1576/1720 loss=3e-05  best=-inf wall=7.032h
  ep19 shard 1577/1720 loss=4.1e-05  best=-inf wall=7.037h
  ep19 shard 1578/1720 loss=4.3e-05  best=-inf wall=7.042h
  ep19 shard 1579/1720 loss=3.3e-05  best=-inf wall=7.047h
  ep19 shard 1580/1720 loss=4.8e-05  best=-inf wall=7.052h
  ep19 shard 1581/1720 loss=3.7e-05  best=-inf wall=7.057h
  ep19 shard 1582/1720 loss=4.8e-05  best=-inf wall=7.062h
  ep19 shard 1583/1720 loss=3.3e-05  best=-inf wall=7.067h
  ep19 shard 1584/1720 loss=3.7e-05  best=-inf wall=7.072h
  ep19 shard 1585/1720 loss=3.5e-05  best=-inf wall=7.076h
  ep19 shard 1586/1720 loss=3.1e-05  best=-inf wall=7.081h
  ep19 shard 1587/1720 loss=3e-05  best=-inf wall=7.086h
  ep19 shard 1588/1720 loss=3.4e-05  best=-inf wall=7.091h
  ep19 shard 1589/1720 loss=3.6e-05  best=-inf wall=7.096h
  ep19 shard 1590/1720 loss=3.2e-05  best=-inf wall=7.098h
  ep19 shard 1591/1720 loss=5.6e-05  best=-inf wall=7.102h
  ep19 shard 1592/1720 loss=3e-05  best=-inf wall=7.106h
  ep19 shard 1593/1720 loss=4e-05  best=-inf wall=7.109h
  ep19 shard 1594/1720 loss=3e-05  best=-inf wall=7.114h
  ep19 shard 1595/1720 loss=3e-05  best=-inf wall=7.119h
  ep19 shard 1596/1720 loss=3.1e-05  best=-inf wall=7.121h
  ep19 shard 1597/1720 loss=3.6e-05  best=-inf wall=7.126h
  ep19 shard 1598/1720 loss=4.1e-05  best=-inf wall=7.131h
  ep19 shard 1599/1720 loss=4.1e-05  best=-inf wall=7.135h
  ep19 shard 1600/1720 loss=2.9e-05  best=-inf wall=7.14h
  ep19 shard 1601/1720 loss=2.6e-05  best=-inf wall=7.144h
  ep19 shard 1602/1720 loss=2.8e-05  best=-inf wall=7.149h
  ep19 shard 1603/1720 loss=2.3e-05  best=-inf wall=7.153h
  ep19 shard 1604/1720 loss=3.7e-05  best=-inf wall=7.158h
  ep19 shard 1605/1720 loss=3.9e-05  best=-inf wall=7.162h
  ep19 shard 1606/1720 loss=2.8e-05  best=-inf wall=7.167h
  ep19 shard 1607/1720 loss=2.9e-05  best=-inf wall=7.172h
  ep19 shard 1608/1720 loss=3.6e-05  best=-inf wall=7.177h
  ep19 shard 1609/1720 loss=3.3e-05  best=-inf wall=7.182h
  ep19 shard 1610/1720 loss=2.6e-05  best=-inf wall=7.187h
  ep19 shard 1611/1720 loss=3.9e-05  best=-inf wall=7.191h
  ep19 shard 1612/1720 loss=4.2e-05  best=-inf wall=7.197h
  ep19 shard 1613/1720 loss=3.3e-05  best=-inf wall=7.202h
  ep19 shard 1614/1720 loss=3.4e-05  best=-inf wall=7.207h
  ep19 shard 1615/1720 loss=2.8e-05  best=-inf wall=7.211h
  ep19 shard 1616/1720 loss=3.3e-05  best=-inf wall=7.216h
  ep19 shard 1617/1720 loss=2.9e-05  best=-inf wall=7.221h
  ep19 shard 1618/1720 loss=3.8e-05  best=-inf wall=7.226h
  ep19 shard 1619/1720 loss=3.8e-05  best=-inf wall=7.229h
  ep19 shard 1620/1720 loss=3e-05  best=-inf wall=7.234h
  ep19 shard 1621/1720 loss=3.5e-05  best=-inf wall=7.239h
  ep19 shard 1622/1720 loss=3.4e-05  best=-inf wall=7.244h
  ep19 shard 1623/1720 loss=4.6e-05  best=-inf wall=7.249h
  ep19 shard 1624/1720 loss=3.2e-05  best=-inf wall=7.25h
  ep19 shard 1625/1720 loss=3.8e-05  best=-inf wall=7.255h
  ep19 shard 1626/1720 loss=3.9e-05  best=-inf wall=7.26h
  ep19 shard 1627/1720 loss=3e-05  best=-inf wall=7.263h
  ep19 shard 1628/1720 loss=5e-05  best=-inf wall=7.268h
  ep19 shard 1629/1720 loss=2.4e-05  best=-inf wall=7.273h
  ep19 shard 1630/1720 loss=2.8e-05  best=-inf wall=7.278h
  ep19 shard 1631/1720 loss=3.5e-05  best=-inf wall=7.283h
  ep19 shard 1632/1720 loss=4e-05  best=-inf wall=7.286h
  ep19 shard 1633/1720 loss=3e-05  best=-inf wall=7.291h
  ep19 shard 1634/1720 loss=4.5e-05  best=-inf wall=7.295h
  saved epoch checkpoint -> experiments/exp028-mlp/combined20/checkpoints/ep19.pt
  ep20 shard 1635/1720 loss=2.9e-05  best=-inf wall=7.298h
  ep20 shard 1636/1720 loss=3.2e-05  best=-inf wall=7.302h
  ep20 shard 1637/1720 loss=3.6e-05  best=-inf wall=7.307h
  ep20 shard 1638/1720 loss=3.3e-05  best=-inf wall=7.312h
  ep20 shard 1639/1720 loss=3.7e-05  best=-inf wall=7.313h
  ep20 shard 1640/1720 loss=3.3e-05  best=-inf wall=7.318h
  ep20 shard 1641/1720 loss=3.9e-05  best=-inf wall=7.323h
  ep20 shard 1642/1720 loss=3.6e-05  best=-inf wall=7.328h
  ep20 shard 1643/1720 loss=2.8e-05  best=-inf wall=7.333h
  ep20 shard 1644/1720 loss=3.7e-05  best=-inf wall=7.338h
  ep20 shard 1645/1720 loss=3.2e-05  best=-inf wall=7.342h
  ep20 shard 1646/1720 loss=3.1e-05  best=-inf wall=7.345h
  ep20 shard 1647/1720 loss=3e-05  best=-inf wall=7.35h
  ep20 shard 1648/1720 loss=3.9e-05  best=-inf wall=7.354h
  ep20 shard 1649/1720 loss=3e-05  best=-inf wall=7.358h
  ep20 shard 1650/1720 loss=3.6e-05  best=-inf wall=7.362h
  ep20 shard 1651/1720 loss=2.5e-05  best=-inf wall=7.367h
  ep20 shard 1652/1720 loss=3.3e-05  best=-inf wall=7.372h
  ep20 shard 1653/1720 loss=2.6e-05  best=-inf wall=7.377h
  ep20 shard 1654/1720 loss=2.8e-05  best=-inf wall=7.38h
  ep20 shard 1655/1720 loss=3.7e-05  best=-inf wall=7.381h
  ep20 shard 1656/1720 loss=4.2e-05  best=-inf wall=7.384h
  ep20 shard 1657/1720 loss=2.8e-05  best=-inf wall=7.387h
  ep20 shard 1658/1720 loss=3.3e-05  best=-inf wall=7.392h
  ep20 shard 1659/1720 loss=3.1e-05  best=-inf wall=7.397h
  ep20 shard 1660/1720 loss=3.3e-05  best=-inf wall=7.402h
  ep20 shard 1661/1720 loss=4.4e-05  best=-inf wall=7.407h
  ep20 shard 1662/1720 loss=3.4e-05  best=-inf wall=7.412h
  ep20 shard 1663/1720 loss=3.4e-05  best=-inf wall=7.416h
  ep20 shard 1664/1720 loss=3e-05  best=-inf wall=7.421h
  ep20 shard 1665/1720 loss=2.9e-05  best=-inf wall=7.426h
  ep20 shard 1666/1720 loss=3.9e-05  best=-inf wall=7.431h
  ep20 shard 1667/1720 loss=2.8e-05  best=-inf wall=7.436h
  ep20 shard 1668/1720 loss=4.2e-05  best=-inf wall=7.441h
  ep20 shard 1669/1720 loss=2.9e-05  best=-inf wall=7.446h
  ep20 shard 1670/1720 loss=3.8e-05  best=-inf wall=7.451h
  ep20 shard 1671/1720 loss=2.3e-05  best=-inf wall=7.455h
  ep20 shard 1672/1720 loss=3.1e-05  best=-inf wall=7.46h
  ep20 shard 1673/1720 loss=3e-05  best=-inf wall=7.465h
  ep20 shard 1674/1720 loss=2.9e-05  best=-inf wall=7.469h
  ep20 shard 1675/1720 loss=3.2e-05  best=-inf wall=7.475h
  ep20 shard 1676/1720 loss=2.9e-05  best=-inf wall=7.478h
  ep20 shard 1677/1720 loss=3.3e-05  best=-inf wall=7.483h
  ep20 shard 1678/1720 loss=3.3e-05  best=-inf wall=7.488h
  ep20 shard 1679/1720 loss=3.5e-05  best=-inf wall=7.493h
  ep20 shard 1680/1720 loss=3.8e-05  best=-inf wall=7.497h
  ep20 shard 1681/1720 loss=2.9e-05  best=-inf wall=7.499h
  ep20 shard 1682/1720 loss=2.5e-05  best=-inf wall=7.504h
  ep20 shard 1683/1720 loss=3.2e-05  best=-inf wall=7.508h
  ep20 shard 1684/1720 loss=4.1e-05  best=-inf wall=7.513h
  ep20 shard 1685/1720 loss=3.3e-05  best=-inf wall=7.516h
  ep20 shard 1686/1720 loss=4.6e-05  best=-inf wall=7.519h
  ep20 shard 1687/1720 loss=3.3e-05  best=-inf wall=7.524h
  ep20 shard 1688/1720 loss=3.9e-05  best=-inf wall=7.529h
  ep20 shard 1689/1720 loss=3.2e-05  best=-inf wall=7.534h
  ep20 shard 1690/1720 loss=3e-05  best=-inf wall=7.539h
  ep20 shard 1691/1720 loss=2.9e-05  best=-inf wall=7.544h
  ep20 shard 1692/1720 loss=3.8e-05  best=-inf wall=7.549h
  ep20 shard 1693/1720 loss=2.6e-05  best=-inf wall=7.552h
  ep20 shard 1694/1720 loss=3.6e-05  best=-inf wall=7.556h
  ep20 shard 1695/1720 loss=3.4e-05  best=-inf wall=7.561h
  ep20 shard 1696/1720 loss=4.2e-05  best=-inf wall=7.565h
  ep20 shard 1697/1720 loss=3.4e-05  best=-inf wall=7.571h
  ep20 shard 1698/1720 loss=4.1e-05  best=-inf wall=7.576h
  ep20 shard 1699/1720 loss=3e-05  best=-inf wall=7.581h
  ep20 shard 1700/1720 loss=3.3e-05  best=-inf wall=7.586h
  ep20 shard 1701/1720 loss=3.5e-05  best=-inf wall=7.59h
  ep20 shard 1702/1720 loss=3.1e-05  best=-inf wall=7.595h
  ep20 shard 1703/1720 loss=2.7e-05  best=-inf wall=7.6h
  ep20 shard 1704/1720 loss=3.1e-05  best=-inf wall=7.605h
  ep20 shard 1705/1720 loss=4.1e-05  best=-inf wall=7.61h
  ep20 shard 1706/1720 loss=3e-05  best=-inf wall=7.614h
  ep20 shard 1707/1720 loss=2.6e-05  best=-inf wall=7.619h
  ep20 shard 1708/1720 loss=2.6e-05  best=-inf wall=7.624h
  ep20 shard 1709/1720 loss=3e-05  best=-inf wall=7.628h
  ep20 shard 1710/1720 loss=3.3e-05  best=-inf wall=7.633h
  ep20 shard 1711/1720 loss=3.8e-05  best=-inf wall=7.638h
  ep20 shard 1712/1720 loss=3.3e-05  best=-inf wall=7.643h
  ep20 shard 1713/1720 loss=3.2e-05  best=-inf wall=7.645h
  ep20 shard 1714/1720 loss=3e-05  best=-inf wall=7.65h
  ep20 shard 1715/1720 loss=2.8e-05  best=-inf wall=7.655h
  ep20 shard 1716/1720 loss=3.3e-05  best=-inf wall=7.66h
  ep20 shard 1717/1720 loss=3.3e-05  best=-inf wall=7.663h
  ep20 shard 1718/1720 loss=2.7e-05  best=-inf wall=7.668h
  ep20 shard 1719/1720 loss=2.8e-05  best=-inf wall=7.673h
  ep20 shard 1720/1720 loss=4e-05 gnubg=0.125 best=+0.125 wall=7.678h
  saved epoch checkpoint -> experiments/exp028-mlp/combined20/checkpoints/ep20.pt

===== ARM DONE (scalar) reason=epochs_complete best vs GNUBG-0ply = +0.1250 ppg  -> experiments/exp028-mlp/combined20/checkpoints/best.pt
